{
"type": "FeatureCollection",
"name": "siret3_r007_c004__labels",
"crs": { "type": "name", "properties": { "name": "urn:ogc:def:crs:EPSG::32635" } },
"features": [
{ "type": "Feature", "properties": { "label": "vineyard", "row_structure": null }, "geometry": { "type": "Polygon", "coordinates": [ [ [ 629198.734021859942004, 5220863.975000000558794 ], [ 629198.80004240362905, 5220863.999881482683122 ], [ 629199.124885047553107, 5220863.999885046854615 ], [ 629199.138514570542611, 5220863.865775845013559 ], [ 629199.299884074134752, 5220863.724904863163829 ], [ 629199.31271352362819, 5220863.647906892932951 ], [ 629199.374883639859036, 5220863.599913701415062 ], [ 629199.391099605243653, 5220863.428037725389004 ], [ 629199.44988248613663, 5220863.349937189370394 ], [ 629199.449884074158035, 5220863.225095137953758 ], [ 629199.35011495242361, 5220863.200114953331649 ], [ 629199.345062219072133, 5220863.315056912600994 ], [ 629199.288409344153479, 5220863.429046758450568 ], [ 629199.200117514003068, 5220863.500062813051045 ], [ 629199.179244691971689, 5220863.57451637648046 ], [ 629199.027611408266239, 5220863.74611996486783 ], [ 629198.924790861667134, 5220863.746119968593121 ], [ 629198.881700721103698, 5220863.695011366158724 ], [ 629198.874885047553107, 5220863.600114953704178 ], [ 629198.800114952493459, 5220863.600114953704178 ], [ 629198.792387953377329, 5220863.838268344290555 ], [ 629198.747139673796482, 5220863.888192127458751 ], [ 629198.675062811817043, 5220863.900117515586317 ], [ 629198.625, 5220863.997545138001442 ], [ 629198.734021859942004, 5220863.975000000558794 ] ] ] } },
{ "type": "Feature", "properties": { "label": "vineyard", "row_structure": null }, "geometry": { "type": "Polygon", "coordinates": [ [ [ 629196.812572214985266, 5220863.242287027649581 ], [ 629196.800000000046566, 5220863.261268215253949 ], [ 629196.800000000046566, 5220863.436034692451358 ], [ 629196.801582269719802, 5220863.299231171607971 ], [ 629196.874833664158359, 5220863.199895243160427 ], [ 629196.874829912674613, 5220863.125076592899859 ], [ 629196.800000000046566, 5220862.975425339303911 ], [ 629196.800000000046566, 5220863.030686927028 ], [ 629196.812572214985266, 5220863.242287027649581 ] ] ] } },
{ "type": "Feature", "properties": { "label": "vineyard", "row_structure": null }, "geometry": { "type": "Polygon", "coordinates": [ [ [ 629245.674885047599673, 5220863.999885046854615 ], [ 629245.674883639905602, 5220863.92508629988879 ], [ 629245.618132952949964, 5220863.8857232471928 ], [ 629245.599885047529824, 5220863.825114953331649 ], [ 629245.475062811630778, 5220863.825117515400052 ], [ 629245.408682609093376, 5220863.889221888966858 ], [ 629245.325062811840326, 5220863.900117515586317 ], [ 629245.300114952493459, 5220863.999885046854615 ], [ 629245.674885047599673, 5220863.999885046854615 ] ] ] } },
{ "type": "Feature", "properties": { "label": "vineyard", "row_structure": null }, "geometry": { "type": "Polygon", "coordinates": [ [ [ 629245.775062811793759, 5220863.399882485158741 ], [ 629245.874937188229524, 5220863.399882485158741 ], [ 629245.924882486113347, 5220863.349937189370394 ], [ 629245.911196271772496, 5220863.194422707892954 ], [ 629245.93698070757091, 5220863.132173579186201 ], [ 629246.041317390976474, 5220863.060778112150729 ], [ 629246.17493718827609, 5220863.024882485158741 ], [ 629246.249882486066781, 5220862.949937188066542 ], [ 629246.250438778311945, 5220862.62712019495666 ], [ 629246.324881805456243, 5220862.499951042234898 ], [ 629246.324881483567879, 5220862.350042405538261 ], [ 629246.274881805409677, 5220862.17504895851016 ], [ 629246.199937188415788, 5220862.075117515400052 ], [ 629246.125062811770476, 5220862.075117515400052 ], [ 629246.000117513933219, 5220862.17506281286478 ], [ 629245.99506221874617, 5220862.265056914649904 ], [ 629245.891278326744214, 5220862.49986628536135 ], [ 629245.750117513933219, 5220862.700062811374664 ], [ 629245.750117513933219, 5220862.799937189556658 ], [ 629245.885226650279947, 5220863.106107898056507 ], [ 629245.750117150135338, 5220863.275070217438042 ], [ 629245.775062811793759, 5220863.399882485158741 ] ] ] } },
{ "type": "Feature", "properties": { "label": "vineyard", "row_structure": null }, "geometry": { "type": "Polygon", "coordinates": [ [ [ 629199.400076019694097, 5220863.224832499399781 ], [ 629199.674839297542349, 5220863.124919326044619 ], [ 629199.727669991087168, 5220862.722429388202727 ], [ 629200.124420771375299, 5220862.025840336456895 ], [ 629200.099918937077746, 5220861.975153578445315 ], [ 629199.725158377084881, 5220861.900158377364278 ], [ 629199.69633695948869, 5220862.328081068582833 ], [ 629199.550155314384028, 5220862.500137515366077 ], [ 629199.520940903690644, 5220862.578974338248372 ], [ 629199.38173776504118, 5220862.718182339332998 ], [ 629199.200158155057579, 5220862.750160951167345 ], [ 629199.174999999930151, 5220863.047063060104847 ], [ 629199.400076019694097, 5220863.224832499399781 ] ] ] } },
{ "type": "Feature", "properties": { "label": "vineyard", "row_structure": null }, "geometry": { "type": "Polygon", "coordinates": [ [ [ 629204.400117513956502, 5220863.174937189556658 ], [ 629204.450062811840326, 5220863.224882485345006 ], [ 629204.674904862651601, 5220863.199884072877467 ], [ 629204.700000000069849, 5220863.002454861998558 ], [ 629204.656859456561506, 5220862.91296418197453 ], [ 629204.663463648641482, 5220862.845910655334592 ], [ 629204.729564555338584, 5220862.791663034819067 ], [ 629204.849904862581752, 5220862.79988407343626 ], [ 629204.943008014699444, 5220862.608252130448818 ], [ 629205.049884074134752, 5220862.524904862977564 ], [ 629205.049884074134752, 5220862.475095137953758 ], [ 629204.749951041652821, 5220862.350118195638061 ], [ 629204.675095137441531, 5220862.350115927867591 ], [ 629204.617051029461436, 5220862.485111813060939 ], [ 629204.500071076327004, 5220862.550106371752918 ], [ 629204.425118194543757, 5220862.650048958137631 ], [ 629204.497795277740806, 5220862.845095524564385 ], [ 629204.5, 5220862.984021860174835 ], [ 629204.457957236329094, 5220863.087206413969398 ], [ 629204.400115925818682, 5220863.125095138326287 ], [ 629204.400117513956502, 5220863.174937189556658 ] ] ] } },
{ "type": "Feature", "properties": { "label": "vineyard", "row_structure": null }, "geometry": { "type": "Polygon", "coordinates": [ [ [ 629242.860932860523462, 5220863.2203329205513 ], [ 629242.875114952446893, 5220863.299885047599673 ], [ 629243.474937188206241, 5220863.324882484972477 ], [ 629243.549881805549376, 5220863.199951042421162 ], [ 629243.549885047599673, 5220863.125114953145385 ], [ 629243.429289321880788, 5220863.09571067802608 ], [ 629243.399882486090064, 5220863.0000628111884 ], [ 629243.318132952786982, 5220862.935723246075213 ], [ 629243.249904862605035, 5220862.800115928053856 ], [ 629243.100062811747193, 5220862.800117515958846 ], [ 629243.000114952446893, 5220862.850114953704178 ], [ 629243.000114952446893, 5220862.924885047599673 ], [ 629243.083682609023526, 5220862.935778112150729 ], [ 629243.136485429480672, 5220862.990775845013559 ], [ 629243.150116766802967, 5220863.074921978637576 ], [ 629243.210693416418508, 5220863.151382809504867 ], [ 629243.192140730679967, 5220863.236799195408821 ], [ 629243.123556598555297, 5220863.27449528966099 ], [ 629242.936731656780466, 5220863.267387953586876 ], [ 629242.882612046669237, 5220863.213268344290555 ], [ 629242.874885047553107, 5220863.100114953704178 ], [ 629242.800114952493459, 5220863.100114953704178 ], [ 629242.800595064647496, 5220863.175084984861314 ], [ 629242.860932860523462, 5220863.2203329205513 ] ] ] } },
{ "type": "Feature", "properties": { "label": "vineyard", "row_structure": null }, "geometry": { "type": "Polygon", "coordinates": [ [ [ 629209.899904862628318, 5220863.999884072691202 ], [ 629210.24988180550281, 5220863.149951042607427 ], [ 629210.258200560230762, 5220863.032043777406216 ], [ 629210.324883639928885, 5220862.974913701415062 ], [ 629210.29993718827609, 5220862.875117515213788 ], [ 629210.225062811630778, 5220862.875117515213788 ], [ 629210.181867047096603, 5220862.985723246820271 ], [ 629210.125116360140964, 5220863.025086299516261 ], [ 629210.124447292066179, 5220863.194521198049188 ], [ 629210.092051028041169, 5220863.260111814364791 ], [ 629209.900106372311711, 5220863.325071074999869 ], [ 629209.72511495242361, 5220863.999885046854615 ], [ 629209.899904862628318, 5220863.999884072691202 ] ] ] } },
{ "type": "Feature", "properties": { "label": "vineyard", "row_structure": null }, "geometry": { "type": "Polygon", "coordinates": [ [ [ 629201.177454879041761, 5220864.0 ], [ 629201.824885047622956, 5220863.999885046854615 ], [ 629201.86584450234659, 5220863.795982852578163 ], [ 629201.999900698079728, 5220863.724900699220598 ], [ 629202.09426349028945, 5220863.506972920149565 ], [ 629202.299881805549376, 5220863.299951042979956 ], [ 629202.250552707933821, 5220863.119521198794246 ], [ 629202.249885047553107, 5220862.950114953331649 ], [ 629202.025062811793759, 5220862.875117515213788 ], [ 629201.966833409504034, 5220862.934604517184198 ], [ 629201.900114952353761, 5220862.950114953331649 ], [ 629201.837131719570607, 5220863.042850608937442 ], [ 629201.675104645546526, 5220863.050115460529923 ], [ 629201.599968541762792, 5220863.135927307419479 ], [ 629201.450114952516742, 5220863.125114953145385 ], [ 629201.44127832679078, 5220863.224866284988821 ], [ 629201.25011819449719, 5220863.625048957765102 ], [ 629201.248033720185049, 5220863.761014152318239 ], [ 629201.150118194520473, 5220863.875048957765102 ], [ 629201.150117513956502, 5220863.974937189370394 ], [ 629201.177454879041761, 5220864.0 ] ] ] } },
{ "type": "Feature", "properties": { "label": "vineyard", "row_structure": null }, "geometry": { "type": "Polygon", "coordinates": [ [ [ 629209.649876368930563, 5220862.399840394034982 ], [ 629209.700223965803161, 5220862.354475002735853 ], [ 629210.241734706796706, 5220862.44677294883877 ], [ 629210.275956331286579, 5220862.5253900680691 ], [ 629210.400077123078518, 5220862.59983535669744 ], [ 629210.474840973503888, 5220862.599840973503888 ], [ 629210.47852447826881, 5220862.49197125993669 ], [ 629210.799821836058982, 5220861.799937959760427 ], [ 629210.799841892905533, 5220861.600075989030302 ], [ 629210.749849614570849, 5220861.450161657296121 ], [ 629210.67515902640298, 5220861.45015902724117 ], [ 629210.625153545406647, 5220861.675075151026249 ], [ 629210.673304320778698, 5220862.051687365397811 ], [ 629210.458541259751655, 5220862.452527482062578 ], [ 629210.272861244040541, 5220862.449225919321179 ], [ 629209.714601716725156, 5220862.276262215338647 ], [ 629209.700194356264547, 5220862.174534262157977 ], [ 629209.748904285370372, 5220861.850066771730781 ], [ 629209.700490996008739, 5220861.899303667247295 ], [ 629209.574808749835938, 5220862.200822570361197 ], [ 629209.525000000023283, 5220862.397054241970181 ], [ 629209.649876368930563, 5220862.399840394034982 ] ] ] } },
{ "type": "Feature", "properties": { "label": "vineyard", "row_structure": null }, "geometry": { "type": "Polygon", "coordinates": [ [ [ 629201.925167982117273, 5220862.649861577898264 ], [ 629202.023282615235075, 5220862.754946728236973 ], [ 629202.02517070423346, 5220862.874913609586656 ], [ 629202.175062042777427, 5220862.949821822345257 ], [ 629202.249913623905741, 5220862.949829317629337 ], [ 629202.374826040002517, 5220862.799918575212359 ], [ 629202.398589143296704, 5220862.454448819160461 ], [ 629202.52749863488134, 5220862.383394346572459 ], [ 629202.673904285416938, 5220862.399933229200542 ], [ 629202.674840396037325, 5220862.375123631209135 ], [ 629202.623035432188772, 5220862.350024088285863 ], [ 629202.463718352257274, 5220862.367639534175396 ], [ 629202.374913609586656, 5220862.250170705839992 ], [ 629202.32510007172823, 5220862.250168921425939 ], [ 629202.175096637802199, 5220862.325164448469877 ], [ 629202.049664648598991, 5220862.474633974023163 ], [ 629201.925160619546659, 5220862.550142307765782 ], [ 629201.925167982117273, 5220862.649861577898264 ] ] ] } },
{ "type": "Feature", "properties": { "label": "vineyard", "row_structure": null }, "geometry": { "type": "Polygon", "coordinates": [ [ [ 629197.025058796163648, 5220862.5009073484689 ], [ 629197.199851201963611, 5220862.499842392280698 ], [ 629197.249817934818566, 5220862.324919058009982 ], [ 629197.249840395990759, 5220862.2001236313954 ], [ 629197.199937245924957, 5220862.175170810893178 ], [ 629196.948995128273964, 5220862.148803553543985 ], [ 629196.924841671483591, 5220862.075080903246999 ], [ 629196.875086389482021, 5220862.050170707516372 ], [ 629196.850159026449546, 5220862.149840973317623 ], [ 629197.114927212707698, 5220862.173361429944634 ], [ 629197.14483995072078, 5220862.222415829077363 ], [ 629197.01254771114327, 5220862.49556530546397 ], [ 629196.800000000046566, 5220862.554609606042504 ], [ 629196.800000000046566, 5220862.6041493518278 ], [ 629197.025058796163648, 5220862.5009073484689 ] ] ] } },
{ "type": "Feature", "properties": { "label": "vineyard", "row_structure": null }, "geometry": { "type": "Polygon", "coordinates": [ [ [ 629206.975057321949862, 5220863.274882930330932 ], [ 629207.147552486974746, 5220863.275000000372529 ], [ 629207.199884836794809, 5220863.249903738498688 ], [ 629207.210785002098419, 5220863.091306068003178 ], [ 629207.399890671717003, 5220862.874940594658256 ], [ 629207.424883437692188, 5220862.725067698396742 ], [ 629207.37675239960663, 5220862.65715891122818 ], [ 629207.377201986033469, 5220862.520110202021897 ], [ 629207.426827182876877, 5220862.368320343084633 ], [ 629207.54988571931608, 5220862.324885719455779 ], [ 629207.554043624084443, 5220862.096850862726569 ], [ 629207.649885719176382, 5220862.024885719642043 ], [ 629207.62494267791044, 5220861.900117069482803 ], [ 629207.550114280660637, 5220861.900114280171692 ], [ 629207.538902733591385, 5220862.020785411819816 ], [ 629207.45011428068392, 5220862.075114279985428 ], [ 629207.436501875868998, 5220862.159193952567875 ], [ 629207.35011707060039, 5220862.250057321973145 ], [ 629207.34305181808304, 5220862.350144570693374 ], [ 629207.275117070763372, 5220862.425057320855558 ], [ 629207.238902733661234, 5220862.645785411819816 ], [ 629207.150114280870184, 5220862.700114279985428 ], [ 629207.062288830522448, 5220862.977092008106411 ], [ 629206.975117070483975, 5220863.05005732178688 ], [ 629206.950117070577107, 5220863.249942678026855 ], [ 629206.975057321949862, 5220863.274882930330932 ] ] ] } },
{ "type": "Feature", "properties": { "label": "vineyard", "row_structure": null }, "geometry": { "type": "Polygon", "coordinates": [ [ [ 629199.799447979894467, 5220861.480487179011106 ], [ 629199.775114280870184, 5220861.749885719269514 ], [ 629199.890036367927678, 5220861.75493168272078 ], [ 629199.988520813174546, 5220861.817411866039038 ], [ 629200.025898356339894, 5220861.873442868702114 ], [ 629200.025114280870184, 5220861.974885719828308 ], [ 629200.124885719153099, 5220861.999885719269514 ], [ 629200.124884711229242, 5220861.925093702040613 ], [ 629200.051962250727229, 5220861.860999641939998 ], [ 629200.053191888495348, 5220861.788709341548383 ], [ 629200.167349180555902, 5220861.639990863390267 ], [ 629200.29988571931608, 5220861.624885719269514 ], [ 629200.228878398891538, 5220861.552612376399338 ], [ 629200.217649720725603, 5220861.476890622638166 ], [ 629200.319240294978954, 5220861.282006531022489 ], [ 629200.400000000023283, 5220861.197552488185465 ], [ 629200.39988292939961, 5220860.975057321600616 ], [ 629200.274398145964369, 5220860.893755020573735 ], [ 629200.249884998309426, 5220860.800099563784897 ], [ 629200.174900436657481, 5220860.72511500120163 ], [ 629200.07511428068392, 5220860.725114280357957 ], [ 629200.009152521728538, 5220860.904021782800555 ], [ 629199.900107726338319, 5220860.97506579104811 ], [ 629199.816289035486989, 5220861.224840484559536 ], [ 629199.750117405084893, 5220861.325050493702292 ], [ 629199.750117070623673, 5220861.399942679330707 ], [ 629199.799447979894467, 5220861.480487179011106 ] ], [ [ 629200.198850239394233, 5220860.99360887054354 ], [ 629200.238138165324926, 5220861.059335921891034 ], [ 629200.218452360713854, 5220861.135090080089867 ], [ 629200.148792610270903, 5220861.174470968544483 ], [ 629200.070208289776929, 5220861.158653263933957 ], [ 629200.025732553447597, 5220861.087081972509623 ], [ 629200.051742072333582, 5220861.006931828334928 ], [ 629200.125470016035251, 5220860.974857101216912 ], [ 629200.198850239394233, 5220860.99360887054354 ] ] ] } },
{ "type": "Feature", "properties": { "label": "vineyard", "row_structure": null }, "geometry": { "type": "Polygon", "coordinates": [ [ [ 629237.37620111531578, 5220862.15074376668781 ], [ 629237.575074502150528, 5220862.299835305660963 ], [ 629237.624876170186326, 5220862.299841097556055 ], [ 629237.744604230858386, 5220861.923514482565224 ], [ 629237.82487617037259, 5220861.899841097183526 ], [ 629237.99984162254259, 5220861.525158376432955 ], [ 629237.950158377061598, 5220861.525158377364278 ], [ 629237.947163057513535, 5220861.605250884778798 ], [ 629237.851742797065526, 5220861.787926932796836 ], [ 629237.750158377340995, 5220861.800158376805484 ], [ 629237.747850763029419, 5220861.906509179621935 ], [ 629237.638907714630477, 5220862.188197577372193 ], [ 629237.481979620992206, 5220862.129570871591568 ], [ 629237.42484705906827, 5220862.000121649354696 ], [ 629237.324913720716722, 5220861.925167839974165 ], [ 629237.197063059662469, 5220861.899999999441206 ], [ 629237.150000000023283, 5220861.922063056379557 ], [ 629237.37620111531578, 5220862.15074376668781 ] ] ] } },
{ "type": "Feature", "properties": { "label": "vineyard", "row_structure": null }, "geometry": { "type": "Polygon", "coordinates": [ [ [ 629197.200978173525073, 5220862.199927453882992 ], [ 629197.29988130601123, 5220862.19983091391623 ], [ 629197.424846002366394, 5220862.074913469143212 ], [ 629197.449946458684281, 5220861.997565603815019 ], [ 629197.270195567747578, 5220861.785874155350029 ], [ 629197.449964084429666, 5220861.627422762103379 ], [ 629197.600415165885352, 5220861.398842988535762 ], [ 629197.676243468886241, 5220861.148034187965095 ], [ 629197.799842657055706, 5220860.924909396097064 ], [ 629197.774895102833398, 5220860.850153286010027 ], [ 629197.650133044458926, 5220860.800155768170953 ], [ 629197.536433067871258, 5220860.895998493768275 ], [ 629197.255716890329495, 5220860.829873941838741 ], [ 629197.225726952427067, 5220860.798557345755398 ], [ 629197.224840973503888, 5220860.70015902724117 ], [ 629197.151014631963335, 5220860.700070755556226 ], [ 629196.950168136390857, 5220860.900138527154922 ], [ 629196.950170704280026, 5220860.974913609214127 ], [ 629197.055387484841049, 5220861.02351653855294 ], [ 629197.141239146352746, 5220861.274849691428244 ], [ 629197.075156957027502, 5220861.35012817569077 ], [ 629197.075168127659708, 5220861.4248614795506 ], [ 629197.198168964008801, 5220861.548936762847006 ], [ 629197.241136044962332, 5220861.682166779413819 ], [ 629196.958558518788777, 5220861.845779957249761 ], [ 629196.875159026472829, 5220861.850159027613699 ], [ 629196.875, 5220862.047054241411388 ], [ 629197.200978173525073, 5220862.199927453882992 ] ] ] } },
{ "type": "Feature", "properties": { "label": "vineyard", "row_structure": null }, "geometry": { "type": "Polygon", "coordinates": [ [ [ 629237.672987745609134, 5220860.77811109367758 ], [ 629237.725867581553757, 5220861.15069392696023 ], [ 629237.774896799935959, 5220861.174838731996715 ], [ 629237.890851556672715, 5220861.112337669357657 ], [ 629238.100898471660912, 5220861.275387509725988 ], [ 629238.24984162254259, 5220861.349841623567045 ], [ 629238.224840034614317, 5220861.000141642056406 ], [ 629238.102905620704405, 5220860.911136237904429 ], [ 629238.125382291967981, 5220860.678336319513619 ], [ 629238.15584863780532, 5220860.650766949169338 ], [ 629238.249871612060815, 5220860.649832256138325 ], [ 629238.499873528024182, 5220860.524845812469721 ], [ 629238.574829997494817, 5220860.374935722909868 ], [ 629238.574823422706686, 5220860.250080786645412 ], [ 629238.448974532075226, 5220859.999627926386893 ], [ 629237.974887140910141, 5220859.850155082531273 ], [ 629237.825075414730236, 5220859.850157896988094 ], [ 629237.725170009187423, 5220859.975064277648926 ], [ 629237.722634656820446, 5220860.104121607728302 ], [ 629237.525161837344058, 5220860.574888018891215 ], [ 629237.672987745609134, 5220860.77811109367758 ] ] ] } },
{ "type": "Feature", "properties": { "label": "vineyard", "row_structure": null }, "geometry": { "type": "Polygon", "coordinates": [ [ [ 629243.374900698079728, 5220862.299900699406862 ], [ 629243.512951432843693, 5220862.081895064562559 ], [ 629243.674884074134752, 5220862.024904862977564 ], [ 629243.757948970538564, 5220861.864888187497854 ], [ 629243.924884074134752, 5220861.724904863163829 ], [ 629243.949881805572659, 5220861.575048957951367 ], [ 629243.849928923649713, 5220861.350106371566653 ], [ 629243.60011495242361, 5220861.250114953145385 ], [ 629243.59179943986237, 5220861.392956223338842 ], [ 629243.475118194473907, 5220861.525048958137631 ], [ 629243.468035412603058, 5220861.695391993038356 ], [ 629243.350118194473907, 5220861.825048957951367 ], [ 629243.336574248969555, 5220861.964452229440212 ], [ 629243.200117514003068, 5220862.100062812678516 ], [ 629243.200114952516742, 5220862.374885046854615 ], [ 629243.374900698079728, 5220862.299900699406862 ] ] ] } },
{ "type": "Feature", "properties": { "label": "vineyard", "row_structure": null }, "geometry": { "type": "Polygon", "coordinates": [ [ [ 629246.39988504757639, 5220861.924885047599673 ], [ 629246.410778112127446, 5220861.84131739102304 ], [ 629246.49988180550281, 5220861.724951042793691 ], [ 629246.508721673279069, 5220861.375133715569973 ], [ 629246.699884541332722, 5220861.199895353987813 ], [ 629246.774881805526093, 5220861.049951042979956 ], [ 629246.724937188206241, 5220860.950117515400052 ], [ 629246.650078020524234, 5220860.950116767548025 ], [ 629246.519083506893367, 5220861.079953728243709 ], [ 629246.400117513956502, 5220861.1250628111884 ], [ 629246.398196386988275, 5220861.518906867131591 ], [ 629246.365549285197631, 5220861.575520139187574 ], [ 629246.300114952493459, 5220861.600114953704178 ], [ 629246.25011819449719, 5220861.725048958323896 ], [ 629246.250117513933219, 5220861.849937189370394 ], [ 629246.39988504757639, 5220861.924885047599673 ] ] ] } },
{ "type": "Feature", "properties": { "label": "vineyard", "row_structure": null }, "geometry": { "type": "Polygon", "coordinates": [ [ [ 629243.874853370478377, 5220861.374838406220078 ], [ 629244.074834867031313, 5220860.999920004047453 ], [ 629244.078617734368891, 5220860.871810003183782 ], [ 629244.399830285925418, 5220860.324916006065905 ], [ 629244.399840358295478, 5220860.200117863714695 ], [ 629244.074937267461792, 5220859.975170753896236 ], [ 629244.000159026472829, 5220859.975159027613699 ], [ 629243.999240100616589, 5220860.231821496970952 ], [ 629243.92482261848636, 5220860.376242199912667 ], [ 629243.89921075955499, 5220860.577194170095026 ], [ 629243.804260782431811, 5220860.886488324031234 ], [ 629243.600169929093681, 5220861.050101581029594 ], [ 629243.599999999976717, 5220861.247054241597652 ], [ 629243.874853370478377, 5220861.374838406220078 ] ] ] } },
{ "type": "Feature", "properties": { "label": "vineyard", "row_structure": null }, "geometry": { "type": "Polygon", "coordinates": [ [ [ 629204.525057321996428, 5220862.249882929958403 ], [ 629204.654021783149801, 5220862.265847478061914 ], [ 629204.700115208979696, 5220862.349904671311378 ], [ 629204.800050495192409, 5220862.399882595986128 ], [ 629205.050050494959578, 5220862.499882595613599 ], [ 629205.09988923498895, 5220862.474936962127686 ], [ 629205.199882595101371, 5220862.274949504993856 ], [ 629205.215405243914574, 5220862.15815339051187 ], [ 629205.324942678329535, 5220862.099882930517197 ], [ 629205.374882085714489, 5220861.99995990190655 ], [ 629205.334859213558957, 5220861.600414943881333 ], [ 629205.393401560606435, 5220861.554087549448013 ], [ 629205.599884836701676, 5220861.524903737939894 ], [ 629205.599882085691206, 5220861.400040098465979 ], [ 629205.550000000046566, 5220861.25901999976486 ], [ 629205.55493167869281, 5220861.159963645040989 ], [ 629205.599882929353043, 5220861.099942677654326 ], [ 629205.599884790950455, 5220860.975095328874886 ], [ 629205.374949505086988, 5220860.875117404386401 ], [ 629205.250095329829492, 5220860.875115209259093 ], [ 629205.150117070646957, 5220861.000057321041822 ], [ 629205.118548363330774, 5220861.101108804345131 ], [ 629204.925095329992473, 5220861.200115208514035 ], [ 629204.875117070623673, 5220861.275057322345674 ], [ 629204.897798013989814, 5220861.554889798164368 ], [ 629204.862288830452599, 5220861.702092008665204 ], [ 629204.800115614081733, 5220861.750087057240307 ], [ 629204.790559214889072, 5220861.871014905162156 ], [ 629204.550097735715099, 5220862.000105617567897 ], [ 629204.47511707060039, 5220862.125057321973145 ], [ 629204.475117070483975, 5220862.19994267821312 ], [ 629204.525057321996428, 5220862.249882929958403 ] ] ] } },
{ "type": "Feature", "properties": { "label": "vineyard", "row_structure": null }, "geometry": { "type": "Polygon", "coordinates": [ [ [ 629202.60011495242361, 5220860.624885046854615 ], [ 629202.711480827187188, 5220860.639864480122924 ], [ 629202.825071076513268, 5220860.774893629364669 ], [ 629203.050048958393745, 5220860.874881804920733 ], [ 629203.174885047599673, 5220860.899885047227144 ], [ 629203.204289321904071, 5220860.804289322346449 ], [ 629203.299885047599673, 5220860.774885047227144 ], [ 629203.299882486113347, 5220860.600062812678516 ], [ 629203.201751262880862, 5220860.457155206240714 ], [ 629203.199885047622956, 5220860.150114953517914 ], [ 629203.117907453794032, 5220860.134297255426645 ], [ 629203.074913702090271, 5220860.075116361491382 ], [ 629202.900062811793759, 5220860.075117515400052 ], [ 629202.875117513933219, 5220860.100062812678516 ], [ 629202.875117513933219, 5220860.199937188066542 ], [ 629202.949561221757904, 5220860.302120194770396 ], [ 629202.920710678212345, 5220860.445710678584874 ], [ 629202.60011495242361, 5220860.525114953517914 ], [ 629202.60011495242361, 5220860.624885046854615 ] ] ] } },
{ "type": "Feature", "properties": { "label": "vineyard", "row_structure": null }, "geometry": { "type": "Polygon", "coordinates": [ [ [ 629202.325115925981663, 5220862.249904862605035 ], [ 629202.377454878995195, 5220862.275000000372529 ], [ 629202.512131719617173, 5220862.257149392738938 ], [ 629202.575115925981663, 5220862.349904863163829 ], [ 629202.699885047622956, 5220862.399885047227144 ], [ 629202.774881483521312, 5220862.074957595206797 ], [ 629202.804640929331072, 5220861.566592521965504 ], [ 629202.974882486043498, 5220861.424937187694013 ], [ 629202.974117561476305, 5220861.148376815021038 ], [ 629203.124893627944402, 5220861.024928924627602 ], [ 629203.150000000023283, 5220860.972545138560236 ], [ 629203.124937188229524, 5220860.875117515213788 ], [ 629202.874951042118482, 5220860.775118196383119 ], [ 629202.825070216320455, 5220860.77511715143919 ], [ 629202.74977018206846, 5220860.830395024269819 ], [ 629202.575114952516742, 5220860.825114953331649 ], [ 629202.56627832679078, 5220861.099866284988821 ], [ 629202.521996580297127, 5220861.172666032798588 ], [ 629202.425062811817043, 5220861.200117515400052 ], [ 629202.350117513909936, 5220861.30006281286478 ], [ 629202.375116360140964, 5220861.474913701415062 ], [ 629202.431867047096603, 5220861.514276754111052 ], [ 629202.496074064285494, 5220861.658732908777893 ], [ 629202.5, 5220861.809021859429777 ], [ 629202.463192126480862, 5220862.097139674238861 ], [ 629202.41326834319625, 5220862.142387953586876 ], [ 629202.325114952516742, 5220862.150114953517914 ], [ 629202.325115925981663, 5220862.249904862605035 ] ] ] } },
{ "type": "Feature", "properties": { "label": "vineyard", "row_structure": null }, "geometry": { "type": "Polygon", "coordinates": [ [ [ 629200.525076598511077, 5220860.624829893000424 ], [ 629200.599913623882458, 5220860.624829317443073 ], [ 629200.674829318188131, 5220860.549913628026843 ], [ 629200.678033656789921, 5220860.426457921974361 ], [ 629200.799830583622679, 5220860.274864077568054 ], [ 629200.800895099411719, 5220860.150452799163759 ], [ 629200.874492528382689, 5220859.926094651222229 ], [ 629201.024826377164572, 5220859.599911157973111 ], [ 629201.024841356207617, 5220859.425143461674452 ], [ 629200.824871264165267, 5220859.325167526490986 ], [ 629200.70014345983509, 5220859.325158645398915 ], [ 629200.600064087193459, 5220859.526150337420404 ], [ 629200.624520911136642, 5220859.870856036432087 ], [ 629200.60002408712171, 5220859.951964556239545 ], [ 629200.624937112559564, 5220860.200434155762196 ], [ 629200.6078588119708, 5220860.392446608282626 ], [ 629200.427502973820083, 5220860.514570134691894 ], [ 629200.30008639045991, 5220860.400170706212521 ], [ 629200.275000000023283, 5220860.497054241597652 ], [ 629200.525076598511077, 5220860.624829893000424 ] ] ] } },
{ "type": "Feature", "properties": { "label": "vineyard", "row_structure": null }, "geometry": { "type": "Polygon", "coordinates": [ [ [ 629208.3250780205708, 5220860.399883233010769 ], [ 629208.449885047622956, 5220860.399885047227144 ], [ 629208.474882486043498, 5220860.150062812492251 ], [ 629208.350062811630778, 5220860.125117515213788 ], [ 629208.225115925888531, 5220860.200095137581229 ], [ 629208.228134648641571, 5220860.325661013834178 ], [ 629208.3250780205708, 5220860.399883233010769 ] ] ] } },
{ "type": "Feature", "properties": { "label": "vineyard", "row_structure": null }, "geometry": { "type": "Polygon", "coordinates": [ [ [ 629241.42515326209832, 5220859.699895131401718 ], [ 629241.725129241938703, 5220859.89983796607703 ], [ 629241.849067384027876, 5220859.911780710332096 ], [ 629241.94830746226944, 5220860.146148745901883 ], [ 629241.950169116607867, 5220860.249881284311414 ], [ 629242.025118716526777, 5220860.324830882251263 ], [ 629242.074876373284496, 5220860.324840400367975 ], [ 629242.124932662933134, 5220860.223915815353394 ], [ 629242.086680115316994, 5220860.106559563428164 ], [ 629242.268026541685686, 5220859.8155218353495 ], [ 629242.324876368860714, 5220859.799840394407511 ], [ 629242.349840973503888, 5220859.70015902724117 ], [ 629242.275159026496112, 5220859.70015902724117 ], [ 629242.27076464437414, 5220859.806541138328612 ], [ 629242.079334328882396, 5220860.112554778344929 ], [ 629241.985788706690073, 5220860.12209112662822 ], [ 629241.801647740765475, 5220859.770143244415522 ], [ 629241.802969626965933, 5220859.47615996748209 ], [ 629242.010198413860053, 5220859.15456969011575 ], [ 629242.295767516014166, 5220859.199388456530869 ], [ 629242.475086390390061, 5220859.324829294346273 ], [ 629242.549876368953846, 5220859.324840393848717 ], [ 629242.674840973573737, 5220859.000159027054906 ], [ 629242.324236476910301, 5220859.046781970188022 ], [ 629242.080070460913703, 5220858.876479417085648 ], [ 629242.049840388935991, 5220858.725123620592058 ], [ 629241.725048178690486, 5220858.600159506313503 ], [ 629241.650128628243692, 5220858.625154544599354 ], [ 629241.375155231216922, 5220859.200095277279615 ], [ 629241.42515326209832, 5220859.699895131401718 ] ] ] } },
{ "type": "Feature", "properties": { "label": "vineyard", "row_structure": null }, "geometry": { "type": "Polygon", "coordinates": [ [ [ 629205.313268343219534, 5220860.432612047530711 ], [ 629205.373078528093174, 5220860.505490968003869 ], [ 629205.325117514003068, 5220860.625062813051045 ], [ 629205.300114952493459, 5220860.874885046854615 ], [ 629205.599885047529824, 5220860.974885047413409 ], [ 629205.589945892686956, 5220860.648892380297184 ], [ 629205.724881805363111, 5220860.524951042607427 ], [ 629205.724882849841379, 5220860.400070217438042 ], [ 629205.678925935761072, 5220860.34126709215343 ], [ 629205.674883233266883, 5220860.250078021548688 ], [ 629205.499928923556581, 5220860.075106371194124 ], [ 629205.375114952446893, 5220860.050114953890443 ], [ 629205.36390483553987, 5220860.170781331136823 ], [ 629205.275114952470176, 5220860.225114953704178 ], [ 629205.259604516206309, 5220860.291833410970867 ], [ 629205.200117514003068, 5220860.350062812678516 ], [ 629205.200114952516742, 5220860.424885047599673 ], [ 629205.313268343219534, 5220860.432612047530711 ] ] ] } },
{ "type": "Feature", "properties": { "label": "vineyard", "row_structure": null }, "geometry": { "type": "Polygon", "coordinates": [ [ [ 629197.425114952493459, 5220860.549885047599673 ], [ 629197.563439328456298, 5220860.57269895542413 ], [ 629197.598078528069891, 5220860.630490968003869 ], [ 629197.6001167667564, 5220860.749921979382634 ], [ 629197.67507107637357, 5220860.824893629178405 ], [ 629197.824885047622956, 5220860.874885046854615 ], [ 629197.804937781300396, 5220860.559943086467683 ], [ 629197.999882486066781, 5220860.274937188252807 ], [ 629198.011807873495854, 5220860.052860326133668 ], [ 629198.124904862605035, 5220859.999884072691202 ], [ 629198.199881805456243, 5220859.874951042234898 ], [ 629198.204937780974433, 5220859.784943087957799 ], [ 629198.299884074134752, 5220859.550095138140023 ], [ 629198.124951041652821, 5220859.475118195638061 ], [ 629197.817774522583932, 5220859.522962186485529 ], [ 629197.761206311872229, 5220859.474293420091271 ], [ 629197.749882486066781, 5220859.3750628111884 ], [ 629197.650062811793759, 5220859.350117515772581 ], [ 629197.575114952516742, 5220859.524885048158467 ], [ 629197.74231987411622, 5220859.547566919587553 ], [ 629197.774081634124741, 5220859.60698898602277 ], [ 629197.763904835563153, 5220859.695781330578029 ], [ 629197.617406767793, 5220859.77188184671104 ], [ 629197.475095137371682, 5220859.700115927495062 ], [ 629197.400118194520473, 5220859.850048958323896 ], [ 629197.425114952493459, 5220860.549885047599673 ] ] ] } },
{ "type": "Feature", "properties": { "label": "vineyard", "row_structure": null }, "geometry": { "type": "Polygon", "coordinates": [ [ [ 629238.250159026472829, 5220858.724840973503888 ], [ 629238.785348673001863, 5220859.065480682067573 ], [ 629238.82628649182152, 5220859.139496432617307 ], [ 629238.832539287046529, 5220859.432992722839117 ], [ 629238.400151752284728, 5220859.475159774534404 ], [ 629238.349999999976717, 5220859.677945760078728 ], [ 629238.40014525433071, 5220859.874842569231987 ], [ 629238.474903801688924, 5220859.874834504909813 ], [ 629238.748871361487545, 5220859.775274368934333 ], [ 629239.124867057660595, 5220859.599842597730458 ], [ 629239.399829247733578, 5220859.074937266297638 ], [ 629239.399840400903486, 5220858.92512362729758 ], [ 629239.125133626745082, 5220858.825165322981775 ], [ 629238.885614047176205, 5220858.992861935868859 ], [ 629238.250159026472829, 5220858.70015902724117 ], [ 629238.250159026472829, 5220858.724840973503888 ] ] ] } },
{ "type": "Feature", "properties": { "label": "vineyard", "row_structure": null }, "geometry": { "type": "Polygon", "coordinates": [ [ [ 629208.550169992842712, 5220859.324935727752745 ], [ 629208.600030952016823, 5220859.440924040041864 ], [ 629208.757742549292743, 5220859.41363974660635 ], [ 629208.818427182966843, 5220859.497937721200287 ], [ 629208.798061070265248, 5220859.633435638621449 ], [ 629208.600168178440072, 5220859.64987687766552 ], [ 629208.700075419037603, 5220859.749842097982764 ], [ 629208.79985028016381, 5220859.749838999472558 ], [ 629208.849830290302634, 5220859.525071119889617 ], [ 629208.669168727239594, 5220859.225534833967686 ], [ 629208.807256300933659, 5220859.130855239927769 ], [ 629208.895671204896644, 5220859.174549040384591 ], [ 629208.925157510791905, 5220859.249841538257897 ], [ 629208.999876170419157, 5220859.249841095879674 ], [ 629209.024927192716859, 5220859.100961031392217 ], [ 629208.981116864248179, 5220858.997682604007423 ], [ 629209.055365144624375, 5220858.840977369807661 ], [ 629209.143544162390754, 5220858.734135236591101 ], [ 629209.199841622961685, 5220858.724841622635722 ], [ 629209.199841096997261, 5220858.600123829208314 ], [ 629209.12515837745741, 5220858.575158376246691 ], [ 629209.111191732226871, 5220858.620655401609838 ], [ 629208.980725168832578, 5220858.696543236263096 ], [ 629208.87515837745741, 5220858.700158376246691 ], [ 629208.895591415348463, 5220858.916844972409308 ], [ 629208.800159711507149, 5220859.000138390809298 ], [ 629208.793648854945786, 5220859.112050715833902 ], [ 629208.550157903693616, 5220859.225075417198241 ], [ 629208.550169992842712, 5220859.324935727752745 ] ] ] } },
{ "type": "Feature", "properties": { "label": "vineyard", "row_structure": null }, "geometry": { "type": "Polygon", "coordinates": [ [ [ 629244.199885047622956, 5220860.049885047599673 ], [ 629244.22681054926943, 5220859.96833591721952 ], [ 629244.363519171602093, 5220859.864864480681717 ], [ 629244.5249575964408, 5220859.849881483241916 ], [ 629244.624893627711572, 5220859.799928925931454 ], [ 629244.656943713198416, 5220859.649864498525858 ], [ 629244.724881805363111, 5220859.549951042979956 ], [ 629244.699885047622956, 5220859.150114953517914 ], [ 629244.47511495242361, 5220859.075114953331649 ], [ 629244.443056286894716, 5220859.2751355022192 ], [ 629244.325117514003068, 5220859.450062813237309 ], [ 629244.316347972606309, 5220859.655708962120116 ], [ 629244.253434073412791, 5220859.714596625417471 ], [ 629244.025106372078881, 5220859.800071076489985 ], [ 629244.000114952446893, 5220859.974885047413409 ], [ 629244.199885047622956, 5220860.049885047599673 ] ] ] } },
{ "type": "Feature", "properties": { "label": "vineyard", "row_structure": null }, "geometry": { "type": "Polygon", "coordinates": [ [ [ 629246.925117150181904, 5220859.949929783120751 ], [ 629246.974561221664771, 5220860.027120195329189 ], [ 629246.950114952516742, 5220860.19988504704088 ], [ 629247.199885047622956, 5220860.224885047413409 ], [ 629247.211095164529979, 5220860.104218670167029 ], [ 629247.299885047599673, 5220860.049885047599673 ], [ 629247.299882486113347, 5220859.850062812678516 ], [ 629247.250579208834097, 5220859.792755504138768 ], [ 629247.24397501652129, 5220859.725701976567507 ], [ 629247.303003419772722, 5220859.62733396794647 ], [ 629247.374885047553107, 5220859.599885047413409 ], [ 629247.354080048040487, 5220859.372826950624585 ], [ 629247.449881805572659, 5220859.224951042793691 ], [ 629247.474885047529824, 5220858.975114953704178 ], [ 629247.325062811840326, 5220858.975117515772581 ], [ 629247.275117513956502, 5220859.025062812492251 ], [ 629247.24506221874617, 5220859.315056914463639 ], [ 629247.184155497699976, 5220859.479017147794366 ], [ 629247.10011495242361, 5220859.525114953517914 ], [ 629247.135601292829961, 5220859.714613900519907 ], [ 629247.036764731048606, 5220859.853645521216094 ], [ 629246.925114952493459, 5220859.875114953145385 ], [ 629246.925117150181904, 5220859.949929783120751 ] ] ] } },
{ "type": "Feature", "properties": { "label": "vineyard", "row_structure": null }, "geometry": { "type": "Polygon", "coordinates": [ [ [ 629205.99992197973188, 5220860.049883233383298 ], [ 629206.049883233266883, 5220859.999921979382634 ], [ 629206.076921471976675, 5220859.655490967445076 ], [ 629206.127860326319933, 5220859.586807873100042 ], [ 629206.223883282160386, 5220859.585995052941144 ], [ 629206.300062811817043, 5220859.674882485531271 ], [ 629206.499884074088186, 5220859.649904862977564 ], [ 629206.499882486066781, 5220859.525062812492251 ], [ 629206.307149391970597, 5220859.387131719850004 ], [ 629206.27488504757639, 5220859.150114953517914 ], [ 629206.085179953253828, 5220859.053834643214941 ], [ 629205.999937188229524, 5220858.950117515400052 ], [ 629205.925114952493459, 5220858.950114953331649 ], [ 629205.875117150135338, 5220859.050070217810571 ], [ 629205.875114952446893, 5220859.149885047227144 ], [ 629205.983146961196326, 5220859.194442976266146 ], [ 629206.056024985387921, 5220859.424298018217087 ], [ 629205.953434073366225, 5220859.539596625603735 ], [ 629205.825114952516742, 5220859.550114953890443 ], [ 629205.798248737119138, 5220859.857155206613243 ], [ 629205.725117513909936, 5220859.950062811374664 ], [ 629205.72511495242361, 5220860.049885047599673 ], [ 629205.99992197973188, 5220860.049883233383298 ] ] ] } },
{ "type": "Feature", "properties": { "label": "vineyard", "row_structure": null }, "geometry": { "type": "Polygon", "coordinates": [ [ [ 629200.774913702276535, 5220859.024883639067411 ], [ 629200.85472339426633, 5220858.959079761989415 ], [ 629201.007060952833854, 5220858.987294552847743 ], [ 629201.058794166543521, 5220859.068255607038736 ], [ 629201.025115925935097, 5220859.249904862605035 ], [ 629201.149951042141765, 5220859.274881804361939 ], [ 629201.224881805363111, 5220859.199951042421162 ], [ 629201.254289321834221, 5220859.02928932197392 ], [ 629201.424893627758138, 5220858.974928925745189 ], [ 629201.49988180550281, 5220858.799951042979956 ], [ 629201.499884074088186, 5220858.700095137581229 ], [ 629201.406457257224247, 5220858.651110983453691 ], [ 629201.349928923649713, 5220858.550106371752918 ], [ 629201.175095137441531, 5220858.500115927308798 ], [ 629201.112286476418376, 5220858.652093107812107 ], [ 629201.025106372078881, 5220858.72507107630372 ], [ 629200.978557877941057, 5220858.815846666693687 ], [ 629200.85011495242361, 5220858.850114953704178 ], [ 629200.811764730955474, 5220858.928645521402359 ], [ 629200.725095137371682, 5220858.950115927495062 ], [ 629200.700114952516742, 5220859.024885047227144 ], [ 629200.774913702276535, 5220859.024883639067411 ] ] ] } },
{ "type": "Feature", "properties": { "label": "vineyard", "row_structure": null }, "geometry": { "type": "Polygon", "coordinates": [ [ [ 629203.275042403605767, 5220859.949881482869387 ], [ 629203.424904862651601, 5220859.949884072877467 ], [ 629203.483200560207479, 5220859.657043777406216 ], [ 629203.549883639905602, 5220859.599913701415062 ], [ 629203.619263491476886, 5220859.431972919031978 ], [ 629203.688716005533934, 5220859.378787859342992 ], [ 629203.824885047622956, 5220859.374885046854615 ], [ 629203.874881483498029, 5220859.199957595206797 ], [ 629203.877204722259194, 5220859.045095523819327 ], [ 629203.924881805549376, 5220858.949951042421162 ], [ 629203.899928923579864, 5220858.87510637100786 ], [ 629203.575114952516742, 5220858.750114953145385 ], [ 629203.56228647637181, 5220858.827093107625842 ], [ 629203.500116360140964, 5220858.875086299143732 ], [ 629203.486485429457389, 5220859.009224155917764 ], [ 629203.400099301943555, 5220859.07509930152446 ], [ 629203.359155497746542, 5220859.204017147421837 ], [ 629203.275114952470176, 5220859.250114953145385 ], [ 629203.225117513909936, 5220859.350062812678516 ], [ 629203.196074064238928, 5220859.616267092525959 ], [ 629203.075118194683455, 5220859.825048957951367 ], [ 629203.075114952516742, 5220859.899885047227144 ], [ 629203.275042403605767, 5220859.949881482869387 ] ] ] } },
{ "type": "Feature", "properties": { "label": "vineyard", "row_structure": null }, "geometry": { "type": "Polygon", "coordinates": [ [ [ 629242.000057940022089, 5220858.724842919036746 ], [ 629242.07484097359702, 5220858.724840973503888 ], [ 629242.0870700199157, 5220858.523263504728675 ], [ 629242.26969016622752, 5220858.427838674746454 ], [ 629242.3546782664489, 5220858.42594701051712 ], [ 629242.688632553443313, 5220858.506630978547037 ], [ 629242.700170704280026, 5220858.799913609400392 ], [ 629242.774876368930563, 5220858.824840393848717 ], [ 629243.024840400903486, 5220858.225123627111316 ], [ 629242.850159026449546, 5220858.150159027427435 ], [ 629242.874345717020333, 5220858.409577997401357 ], [ 629242.790163965430111, 5220858.473047762177885 ], [ 629242.682653826079331, 5220858.495990250259638 ], [ 629242.374013004242443, 5220858.427098934538662 ], [ 629242.325681148446165, 5220858.325861475430429 ], [ 629242.24425737792626, 5220858.302927295677364 ], [ 629242.107974424026906, 5220857.945452588610351 ], [ 629242.124840395990759, 5220857.8251236313954 ], [ 629242.050086385454051, 5220857.800170697271824 ], [ 629241.975159026449546, 5220857.949840973131359 ], [ 629242.036681011551991, 5220857.969419009052217 ], [ 629242.246011308510788, 5220858.318591240793467 ], [ 629242.248377611045726, 5220858.383094036951661 ], [ 629242.033113949233666, 5220858.496397697366774 ], [ 629241.925062734633684, 5220858.500170753337443 ], [ 629241.775976124801673, 5220858.574664792045951 ], [ 629241.775000000023283, 5220858.622054241597652 ], [ 629242.000057940022089, 5220858.724842919036746 ] ] ] } },
{ "type": "Feature", "properties": { "label": "vineyard", "row_structure": null }, "geometry": { "type": "Polygon", "coordinates": [ [ [ 629209.150057322112843, 5220858.599882930517197 ], [ 629209.199912942363881, 5220858.599884386174381 ], [ 629209.247907991637476, 5220858.537711169570684 ], [ 629209.39988292939961, 5220858.499942678026855 ], [ 629209.403928475570865, 5220858.358726401813328 ], [ 629209.524882085854188, 5220858.074959902092814 ], [ 629209.547698954702355, 5220857.761560671962798 ], [ 629209.625, 5220857.725000000558794 ], [ 629209.824896918027662, 5220857.749885170720518 ], [ 629209.87488340830896, 5220857.674932900816202 ], [ 629209.849999999976717, 5220857.265979999676347 ], [ 629209.89988292939961, 5220857.174942678771913 ], [ 629209.89988292939961, 5220857.075057321228087 ], [ 629209.774949504993856, 5220856.975117404013872 ], [ 629209.600114280707203, 5220857.000114280730486 ], [ 629209.612441990408115, 5220857.214643764309585 ], [ 629209.586501874960959, 5220857.309193953871727 ], [ 629209.525117070646957, 5220857.375057321041822 ], [ 629209.520052592037246, 5220857.596382040530443 ], [ 629209.455676947254688, 5220857.66636243276298 ], [ 629209.300117070437409, 5220857.70005732215941 ], [ 629209.297798014013097, 5220857.87988979741931 ], [ 629209.25, 5220858.002447512932122 ], [ 629209.274560936260968, 5220858.222880554385483 ], [ 629209.225116562331095, 5220858.300067698583007 ], [ 629209.257613506400958, 5220858.466712883673608 ], [ 629209.215586056699976, 5220858.532463817857206 ], [ 629209.125114280846901, 5220858.550114280544221 ], [ 629209.150057322112843, 5220858.599882930517197 ] ] ] } },
{ "type": "Feature", "properties": { "label": "vineyard", "row_structure": null }, "geometry": { "type": "Polygon", "coordinates": [ [ [ 629247.525159026496112, 5220858.899840973317623 ], [ 629247.599866955191828, 5220858.899844232946634 ], [ 629247.69995226257015, 5220858.797602783888578 ], [ 629247.55307296756655, 5220858.763011110015213 ], [ 629247.539081474882551, 5220858.709179717116058 ], [ 629247.699955043499358, 5220858.577434522099793 ], [ 629247.6988569740206, 5220858.485075251199305 ], [ 629247.846681622439064, 5220858.378472019918263 ], [ 629247.99983835616149, 5220858.349849631078541 ], [ 629247.877485918579623, 5220858.315251252613962 ], [ 629247.853849338716827, 5220858.280584228225052 ], [ 629247.934462160454132, 5220858.178461596369743 ], [ 629247.99984137120191, 5220858.175143445841968 ], [ 629247.898901336244307, 5220858.125066626816988 ], [ 629247.700159767759033, 5220858.150151744484901 ], [ 629247.700159026542678, 5220858.224840973503888 ], [ 629247.836940663051791, 5220858.323925131931901 ], [ 629247.845132596441545, 5220858.370381262153387 ], [ 629247.678318377584219, 5220858.496527980081737 ], [ 629247.575086378841661, 5220858.50017069093883 ], [ 629247.500169929116964, 5220858.5751015804708 ], [ 629247.525159026496112, 5220858.899840973317623 ] ] ] } },
{ "type": "Feature", "properties": { "label": "vineyard", "row_structure": null }, "geometry": { "type": "Polygon", "coordinates": [ [ [ 629235.875158548238687, 5220857.824874138459563 ], [ 629235.975095199421048, 5220857.899835622869432 ], [ 629236.077015436836518, 5220857.900631590746343 ], [ 629236.437799587030895, 5220858.004225035198033 ], [ 629236.475159026449546, 5220858.424840973690152 ], [ 629236.499876373214647, 5220858.424840400926769 ], [ 629237.174418234382756, 5220857.100878213532269 ], [ 629237.174841371248476, 5220857.050143445841968 ], [ 629236.800145254353993, 5220856.900157431140542 ], [ 629236.626026226324029, 5220857.32086171861738 ], [ 629236.475156460306607, 5220857.425138493068516 ], [ 629236.475156949250959, 5220857.524871832691133 ], [ 629236.569684030953795, 5220857.611315560527146 ], [ 629236.446614742279053, 5220857.971276117488742 ], [ 629236.106749297003262, 5220857.756992639042437 ], [ 629236.024856545729563, 5220857.600158640183508 ], [ 629235.950081425486133, 5220857.600173961371183 ], [ 629235.875102021265775, 5220857.650144117884338 ], [ 629235.850073882727884, 5220857.74904905539006 ], [ 629235.875158548238687, 5220857.824874138459563 ] ] ] } },
{ "type": "Feature", "properties": { "label": "vineyard", "row_structure": null }, "geometry": { "type": "Polygon", "coordinates": [ [ [ 629244.699929783353582, 5220859.149882849305868 ], [ 629244.838716005557217, 5220859.078787859529257 ], [ 629245.074937188299373, 5220859.074882484972477 ], [ 629245.149900698103011, 5220859.024900699034333 ], [ 629245.175000000046566, 5220858.972545138560236 ], [ 629245.150000000023283, 5220858.834021859802306 ], [ 629245.174881805549376, 5220858.500048957765102 ], [ 629245.125552707933821, 5220858.394521198235452 ], [ 629245.124884074088186, 5220858.150095137767494 ], [ 629245.04993718827609, 5220858.100117515772581 ], [ 629244.875117513933219, 5220858.200062811374664 ], [ 629244.860932860989124, 5220858.379667080007493 ], [ 629244.700117514003068, 5220858.525062812492251 ], [ 629244.70011851657182, 5220858.649957595393062 ], [ 629244.770919952308759, 5220858.822826952673495 ], [ 629244.757775162695907, 5220858.888910274021327 ], [ 629244.66220641345717, 5220859.007957236841321 ], [ 629244.525062811793759, 5220859.050117515958846 ], [ 629244.500114952446893, 5220859.099885047413409 ], [ 629244.699929783353582, 5220859.149882849305868 ] ] ] } },
{ "type": "Feature", "properties": { "label": "vineyard", "row_structure": null }, "geometry": { "type": "Polygon", "coordinates": [ [ [ 629242.224918626481667, 5220857.83292308729142 ], [ 629242.350057321949862, 5220857.949882930144668 ], [ 629242.449885719339363, 5220857.949885719455779 ], [ 629242.483710969332606, 5220857.750159503892064 ], [ 629242.639278382994235, 5220857.518129627220333 ], [ 629242.772779731196351, 5220857.454089365899563 ], [ 629242.924942677957006, 5220857.474882930517197 ], [ 629242.995110204676166, 5220857.427201986312866 ], [ 629243.205324121401645, 5220857.412633553147316 ], [ 629243.278522948501632, 5220857.492301487363875 ], [ 629243.26246762345545, 5220857.587015888653696 ], [ 629243.203927247202955, 5220857.622998477891088 ], [ 629243.100114280707203, 5220857.625114280730486 ], [ 629243.09238795330748, 5220857.713268343359232 ], [ 629243.047139673726633, 5220857.763192126527429 ], [ 629242.900114280870184, 5220857.775114280171692 ], [ 629242.900117070646957, 5220857.874942678958178 ], [ 629242.970122071914375, 5220857.949143012054265 ], [ 629242.982613507425413, 5220858.016712877899408 ], [ 629242.85011707060039, 5220858.149942678399384 ], [ 629242.975050496286713, 5220858.224882596172392 ], [ 629243.04990467056632, 5220858.224884791299701 ], [ 629243.124882594915107, 5220858.049949506297708 ], [ 629243.076752400025725, 5220857.932158913463354 ], [ 629243.082612046739087, 5220857.811731656081975 ], [ 629243.136731656850316, 5220857.757612046785653 ], [ 629243.27488292939961, 5220857.724942678585649 ], [ 629243.295708120218478, 5220857.531517346389592 ], [ 629243.374902347219177, 5220857.474894052371383 ], [ 629243.424882595078088, 5220857.374949505552649 ], [ 629243.409221784793772, 5220857.278803199529648 ], [ 629243.474884613300674, 5220857.199908297508955 ], [ 629243.474883408285677, 5220857.050067098811269 ], [ 629243.424894382129423, 5220856.975097734481096 ], [ 629243.050114280660637, 5220856.825114279985428 ], [ 629243.050114280660637, 5220856.899885719642043 ], [ 629243.158693932578899, 5220856.910785002633929 ], [ 629243.22509626194369, 5220856.999884836375713 ], [ 629243.303641551290639, 5220857.038230214267969 ], [ 629243.327372891828418, 5220857.213585363700986 ], [ 629243.290354951401241, 5220857.278416726738214 ], [ 629243.150144570623524, 5220857.343051818199456 ], [ 629242.98496364033781, 5220857.345068319700658 ], [ 629242.908710969379172, 5220857.274840496480465 ], [ 629242.849883724702522, 5220856.975073557347059 ], [ 629242.760780528304167, 5220856.89354208484292 ], [ 629242.724885719129816, 5220856.800114280544221 ], [ 629242.525095329619944, 5220856.725115208886564 ], [ 629242.400117405108176, 5220857.000050494447351 ], [ 629242.429504771949723, 5220857.134887964464724 ], [ 629242.350115056149662, 5220857.200098448432982 ], [ 629242.387395253754221, 5220857.405263279564679 ], [ 629242.28535303263925, 5220857.593373281881213 ], [ 629242.217408870346844, 5220857.621879442594945 ], [ 629242.125095329596661, 5220857.600115208886564 ], [ 629242.050117070437409, 5220857.79994267784059 ], [ 629242.224918626481667, 5220857.83292308729142 ] ] ] } },
{ "type": "Feature", "properties": { "label": "vineyard", "row_structure": null }, "geometry": { "type": "Polygon", "coordinates": [ [ [ 629198.106867047259584, 5220858.489276754669845 ], [ 629198.125, 5220858.546703112311661 ], [ 629198.12006221874617, 5220858.66505691409111 ], [ 629198.075117514003068, 5220858.725062812678516 ], [ 629198.050118516548537, 5220859.050042405724525 ], [ 629198.050117150181904, 5220859.199929783120751 ], [ 629198.099561221664771, 5220859.277120195329189 ], [ 629198.075115925981663, 5220859.474904863163829 ], [ 629198.299904862651601, 5220859.54988407343626 ], [ 629198.374882486066781, 5220859.449937188066542 ], [ 629198.456964587676339, 5220859.179608007892966 ], [ 629198.524884074111469, 5220859.124904861673713 ], [ 629198.512598770437762, 5220858.869744488969445 ], [ 629198.674882486113347, 5220858.699937188066542 ], [ 629198.738514570519328, 5220858.46577584464103 ], [ 629198.789654888212681, 5220858.405292294919491 ], [ 629198.874904862605035, 5220858.374884072691202 ], [ 629198.949884074158035, 5220858.200095137581229 ], [ 629198.897545121028088, 5220858.175000000745058 ], [ 629198.747674151323736, 5220858.198310549370944 ], [ 629198.6429074537009, 5220858.159297255799174 ], [ 629198.599913701997139, 5220858.100116361863911 ], [ 629198.35011495242361, 5220858.075114953331649 ], [ 629198.313439328456298, 5220858.177301045507193 ], [ 629198.225086297956295, 5220858.200116361491382 ], [ 629198.100106372032315, 5220858.300071076489985 ], [ 629198.050116360187531, 5220858.449913701042533 ], [ 629198.106867047259584, 5220858.489276754669845 ] ] ] } },
{ "type": "Feature", "properties": { "label": "vineyard", "row_structure": null }, "geometry": { "type": "Polygon", "coordinates": [ [ [ 629206.290543044218794, 5220858.674474446102977 ], [ 629206.323196039651521, 5220858.731091330759227 ], [ 629206.318051819805987, 5220858.800144565291703 ], [ 629206.275116562377661, 5220858.850067698396742 ], [ 629206.275114280870184, 5220858.949885719455779 ], [ 629206.377301045344211, 5220858.986560671590269 ], [ 629206.400114280870184, 5220859.099885719828308 ], [ 629206.474900436587632, 5220859.099884998984635 ], [ 629206.549901801045053, 5220859.02489623054862 ], [ 629206.599882085807621, 5220858.899959901347756 ], [ 629206.602333614137024, 5220858.651062349788845 ], [ 629206.706244981149212, 5220858.524398144334555 ], [ 629206.799889234942384, 5220858.474936963059008 ], [ 629206.868129622540437, 5220858.33927839063108 ], [ 629206.924884386011399, 5220858.299912941642106 ], [ 629206.874885719153099, 5220857.925114280544221 ], [ 629206.82511428068392, 5220857.925114280544221 ], [ 629206.77213967370335, 5220858.038192126899958 ], [ 629206.650040099280886, 5220858.050117913633585 ], [ 629206.500117070740089, 5220858.125057321041822 ], [ 629206.461501874960959, 5220858.309193953871727 ], [ 629206.32409576990176, 5220858.492155170068145 ], [ 629206.225117070483975, 5220858.55005732178688 ], [ 629206.225114280823618, 5220858.649885719642043 ], [ 629206.290543044218794, 5220858.674474446102977 ] ] ] } },
{ "type": "Feature", "properties": { "label": "vineyard", "row_structure": null }, "geometry": { "type": "Polygon", "coordinates": [ [ [ 629239.125145003199577, 5220858.824867230840027 ], [ 629239.399913609609939, 5220858.924829294905066 ], [ 629239.649826039909385, 5220858.549918576143682 ], [ 629239.459915152750909, 5220858.772132115438581 ], [ 629239.237449044594541, 5220858.850456102751195 ], [ 629239.055872990866192, 5220858.690042268484831 ], [ 629239.000056073418818, 5220858.430594529956579 ], [ 629239.299170703976415, 5220857.993867526762187 ], [ 629239.602553106378764, 5220858.053296437487006 ], [ 629239.649957681307569, 5220858.127303899265826 ], [ 629239.649826377164572, 5220857.800088843330741 ], [ 629239.522231741226278, 5220857.669877260923386 ], [ 629239.399848422850482, 5220857.450132369063795 ], [ 629239.349937245831825, 5220857.425170810893178 ], [ 629239.325159026542678, 5220857.425159027799964 ], [ 629239.274283624254167, 5220857.999782510101795 ], [ 629239.000152094173245, 5220858.40008166898042 ], [ 629238.95007055287715, 5220858.623981273733079 ], [ 629239.125145003199577, 5220858.824867230840027 ] ] ] } },
{ "type": "Feature", "properties": { "label": "vineyard", "row_structure": null }, "geometry": { "type": "Polygon", "coordinates": [ [ [ 629201.125114952446893, 5220858.049885047599673 ], [ 629201.190549285151064, 5220858.074479862116277 ], [ 629201.224548075580969, 5220858.140503650531173 ], [ 629201.216278327279724, 5220858.224866283126175 ], [ 629201.150117513956502, 5220858.30006281286478 ], [ 629201.17511592595838, 5220858.499904862605035 ], [ 629201.350048958323896, 5220858.574881805106997 ], [ 629201.45440203952603, 5220858.509635462425649 ], [ 629201.599885047529824, 5220858.549885047599673 ], [ 629201.631943713175133, 5220858.399864498525858 ], [ 629201.724881483474746, 5220858.224957595579326 ], [ 629201.708843293366954, 5220858.103811011649668 ], [ 629201.82488248613663, 5220857.974937189370394 ], [ 629201.824885047622956, 5220857.925114953890443 ], [ 629201.562173256417736, 5220857.905480748973787 ], [ 629201.479937781230547, 5220857.79005691409111 ], [ 629201.479546654620208, 5220857.666892730630934 ], [ 629201.569276265450753, 5220857.596867052838206 ], [ 629201.637206411920488, 5220857.617042763158679 ], [ 629201.675095137674361, 5220857.67488407343626 ], [ 629201.774928923579864, 5220857.649893629364669 ], [ 629201.811095164506696, 5220857.504218669608235 ], [ 629201.899884074111469, 5220857.425095138140023 ], [ 629201.625114952446893, 5220857.325114953331649 ], [ 629201.588439328479581, 5220857.427301045507193 ], [ 629201.47511495242361, 5220857.450114953331649 ], [ 629201.463904835516587, 5220857.570781330578029 ], [ 629201.350117513909936, 5220857.650062812492251 ], [ 629201.275116766802967, 5220857.775078021921217 ], [ 629201.252301045344211, 5220857.888439329341054 ], [ 629201.125114952446893, 5220857.925114953890443 ], [ 629201.125114952446893, 5220858.049885047599673 ] ] ] } },
{ "type": "Feature", "properties": { "label": "vineyard", "row_structure": null }, "geometry": { "type": "Polygon", "coordinates": [ [ [ 629203.754028467810713, 5220858.004305966198444 ], [ 629203.82451847277116, 5220858.090198285877705 ], [ 629203.808146961266175, 5220858.255557024851441 ], [ 629203.650115925935097, 5220858.325095137581229 ], [ 629203.641799439908937, 5220858.442956223152578 ], [ 629203.575116360210814, 5220858.500086299143732 ], [ 629203.575117514003068, 5220858.749937187880278 ], [ 629203.924885047599673, 5220858.899885047227144 ], [ 629203.904042848735116, 5220858.746853506192565 ], [ 629203.999885047553107, 5220858.674885047599673 ], [ 629204.010778112104163, 5220858.566317390650511 ], [ 629204.099882486043498, 5220858.474937187507749 ], [ 629204.111095164436847, 5220858.354218670167029 ], [ 629204.199885047622956, 5220858.299885047599673 ], [ 629204.274402567301877, 5220858.131242985837162 ], [ 629204.399882486090064, 5220858.049937189556658 ], [ 629204.402204722282477, 5220857.945095524191856 ], [ 629204.450000000069849, 5220857.847545138560236 ], [ 629204.39988504757639, 5220857.625114953145385 ], [ 629204.174929783330299, 5220857.52511715143919 ], [ 629204.100062811630778, 5220857.525117515586317 ], [ 629203.936895099235699, 5220857.734200067818165 ], [ 629203.750114952446893, 5220857.750114953145385 ], [ 629203.713439328479581, 5220857.877301045693457 ], [ 629203.550095137441531, 5220857.900115927681327 ], [ 629203.525114952470176, 5220857.999885046854615 ], [ 629203.754028467810713, 5220858.004305966198444 ] ] ] } },
{ "type": "Feature", "properties": { "label": "vineyard", "row_structure": null }, "geometry": { "type": "Polygon", "coordinates": [ [ [ 629198.795543810003437, 5220857.462632126174867 ], [ 629198.821006815414876, 5220857.626111827790737 ], [ 629198.772152699297294, 5220857.823569966480136 ], [ 629198.675165860448033, 5220857.950133923441172 ], [ 629198.675159026519395, 5220858.024840973317623 ], [ 629198.750879865256138, 5220858.031653556972742 ], [ 629198.850152678904124, 5220858.174872478470206 ], [ 629198.949843705515377, 5220858.199837065301836 ], [ 629198.999952040845528, 5220857.922701363451779 ], [ 629198.963682221248746, 5220857.975528405047953 ], [ 629198.827672662679106, 5220858.027362863533199 ], [ 629198.767888068105094, 5220857.899320343509316 ], [ 629198.827259857906029, 5220857.669833362102509 ], [ 629198.99996014055796, 5220857.565943785943091 ], [ 629199.074840396060608, 5220857.3251236313954 ], [ 629199.00013355538249, 5220857.300171380862594 ], [ 629198.784377290518023, 5220857.443773023784161 ], [ 629198.591837160405703, 5220857.376624919474125 ], [ 629198.57484097359702, 5220857.275159027427435 ], [ 629198.551113714696839, 5220857.275065887719393 ], [ 629198.525159026496112, 5220857.374840972945094 ], [ 629198.795543810003437, 5220857.462632126174867 ] ] ] } },
{ "type": "Feature", "properties": { "label": "vineyard", "row_structure": null }, "geometry": { "type": "Polygon", "coordinates": [ [ [ 629206.600159026449546, 5220857.199840973131359 ], [ 629206.678988959291019, 5220857.209465003572404 ], [ 629206.847122186445631, 5220857.423948604613543 ], [ 629206.841037215199322, 5220857.504021554253995 ], [ 629206.675158328609541, 5220857.625080903060734 ], [ 629206.675159026519395, 5220857.699840973131359 ], [ 629206.760243678931147, 5220857.712319281883538 ], [ 629206.82515960407909, 5220857.924876369535923 ], [ 629206.899854695075192, 5220857.949839621782303 ], [ 629206.996702278847806, 5220857.8317825589329 ], [ 629207.149840400903486, 5220857.774876373820007 ], [ 629207.12672238657251, 5220857.529957155697048 ], [ 629207.219345733174123, 5220857.431741216219962 ], [ 629207.29984643496573, 5220857.424841669388115 ], [ 629207.349951939308085, 5220857.198523433879018 ], [ 629207.297638986259699, 5220857.324492675252259 ], [ 629207.171864956733771, 5220857.435623559169471 ], [ 629207.023003189242445, 5220857.343374251388013 ], [ 629207.001851137494668, 5220857.196663066744804 ], [ 629207.076130265719257, 5220857.052904340438545 ], [ 629207.177454946795478, 5220856.947549073025584 ], [ 629207.349829318467528, 5220856.975086376070976 ], [ 629207.299913625582121, 5220856.925170683301985 ], [ 629207.199121477315202, 5220856.925582130439579 ], [ 629207.052288776962087, 5220857.045289278961718 ], [ 629206.975159026449546, 5220857.050159027799964 ], [ 629206.973241814528592, 5220857.14987963065505 ], [ 629206.942241220851429, 5220857.177489978261292 ], [ 629206.71054095972795, 5220857.196167479269207 ], [ 629206.674840973573737, 5220857.125159027054906 ], [ 629206.600159026449546, 5220857.125159027054906 ], [ 629206.600159026449546, 5220857.199840973131359 ] ] ] } },
{ "type": "Feature", "properties": { "label": "vineyard", "row_structure": null }, "geometry": { "type": "Polygon", "coordinates": [ [ [ 629236.62515837745741, 5220856.424841623753309 ], [ 629236.699841622961685, 5220856.424841622821987 ], [ 629236.704577143071219, 5220856.34579710662365 ], [ 629236.805280219996348, 5220856.209338891319931 ], [ 629237.093611164251342, 5220856.309362925589085 ], [ 629237.046498429728672, 5220856.70875433459878 ], [ 629236.951689380803145, 5220856.866494351066649 ], [ 629236.80015837715473, 5220856.875158376991749 ], [ 629236.800158898578957, 5220856.899876177310944 ], [ 629237.001396943232976, 5220857.000331369228661 ], [ 629237.198943831725046, 5220857.049931853078306 ], [ 629237.600172686623409, 5220856.324356407858431 ], [ 629237.674829997471534, 5220856.174935722723603 ], [ 629237.674932855996303, 5220856.101076656021178 ], [ 629237.52543859439902, 5220855.850886040367186 ], [ 629237.424924585269764, 5220855.750157897360623 ], [ 629237.32507541985251, 5220855.750157902948558 ], [ 629237.266251790919341, 5220855.822841131128371 ], [ 629237.222675306140445, 5220855.82776709087193 ], [ 629237.034603323671035, 5220855.681411250494421 ], [ 629237.024842096259817, 5220855.525075417943299 ], [ 629236.950149704236537, 5220855.500160986557603 ], [ 629236.924999999930151, 5220855.577936942689121 ], [ 629236.950077969580889, 5220855.674836526624858 ], [ 629237.03030887641944, 5220855.681278363801539 ], [ 629237.249995805905201, 5220855.852386446669698 ], [ 629237.29766722524073, 5220855.808408550918102 ], [ 629237.468787882127799, 5220855.798349359072745 ], [ 629237.619116095243953, 5220856.069899708032608 ], [ 629237.631751383771189, 5220856.250316957011819 ], [ 629237.511247281450778, 5220856.390490349382162 ], [ 629237.47840567829553, 5220856.535633431747556 ], [ 629237.244965653517283, 5220856.953514971770346 ], [ 629237.136396337999031, 5220856.997987174428999 ], [ 629237.096779143903404, 5220856.977365536615252 ], [ 629237.057970476220362, 5220856.854298264719546 ], [ 629237.066458127927035, 5220856.603609079495072 ], [ 629237.110744357923977, 5220856.462721265852451 ], [ 629237.118814823916182, 5220856.275616284459829 ], [ 629237.231243121786974, 5220856.161525467410684 ], [ 629237.249952230136842, 5220856.10342893563211 ], [ 629237.070721517666243, 5220856.289817417040467 ], [ 629236.813891338999383, 5220856.199249152094126 ], [ 629236.749857223010622, 5220856.000157972797751 ], [ 629236.700123824877664, 5220856.000158898532391 ], [ 629236.600170002668165, 5220856.200064275413752 ], [ 629236.62515837745741, 5220856.424841623753309 ] ] ] } },
{ "type": "Feature", "properties": { "label": "vineyard", "row_structure": null }, "geometry": { "type": "Polygon", "coordinates": [ [ [ 629204.153645521379076, 5220857.313235268928111 ], [ 629204.175114952493459, 5220857.399885047227144 ], [ 629204.315265771700069, 5220857.407084438018501 ], [ 629204.375086297979578, 5220857.474883639253676 ], [ 629204.499885047669522, 5220857.474885047413409 ], [ 629204.525904887355864, 5220857.407844103872776 ], [ 629204.599885047529824, 5220857.374885046854615 ], [ 629204.58915376313962, 5220857.137691141106188 ], [ 629204.674882486113347, 5220857.024937188252807 ], [ 629204.724885047529824, 5220856.675114953890443 ], [ 629204.626116717932746, 5220856.664004947990179 ], [ 629204.574913702090271, 5220856.600116361863911 ], [ 629204.425062811817043, 5220856.600117515772581 ], [ 629204.381867047282867, 5220856.710723245516419 ], [ 629204.300117513979785, 5220856.775062812492251 ], [ 629204.287286476348527, 5220856.8770931083709 ], [ 629204.225116360117681, 5220856.92508629988879 ], [ 629204.227897204458714, 5220857.119856708683074 ], [ 629204.075115925981663, 5220857.200095137581229 ], [ 629204.075114952516742, 5220857.274885047227144 ], [ 629204.153645521379076, 5220857.313235268928111 ] ] ] } },
{ "type": "Feature", "properties": { "label": "vineyard", "row_structure": null }, "geometry": { "type": "Polygon", "coordinates": [ [ [ 629234.132137669599615, 5220856.549430679529905 ], [ 629234.620184085215442, 5220856.502196141518652 ], [ 629234.770462811691687, 5220856.627432982437313 ], [ 629234.775158328586258, 5220856.799919097684324 ], [ 629234.800086389528587, 5220856.82482929341495 ], [ 629235.024852040107362, 5220856.824840298853815 ], [ 629235.124823782476597, 5220856.54987027682364 ], [ 629235.149829311296344, 5220856.225086379796267 ], [ 629235.049913622788154, 5220856.12517069093883 ], [ 629234.975081426557153, 5220856.12517396081239 ], [ 629234.70014391944278, 5220856.300146491266787 ], [ 629234.625163983553648, 5220856.400103487074375 ], [ 629234.603897347347811, 5220856.496604284271598 ], [ 629234.075159026542678, 5220856.550159027799964 ], [ 629234.075000000069849, 5220856.597054242156446 ], [ 629234.132137669599615, 5220856.549430679529905 ] ] ] } },
{ "type": "Feature", "properties": { "label": "vineyard", "row_structure": null }, "geometry": { "type": "Polygon", "coordinates": [ [ [ 629245.32494267844595, 5220857.824882930144668 ], [ 629245.3999009312829, 5220857.774899697862566 ], [ 629245.435785002075136, 5220857.641306067816913 ], [ 629245.574895640835166, 5220857.474920787848532 ], [ 629245.674882085877471, 5220857.274959902279079 ], [ 629245.64108259382192, 5220857.122880611568689 ], [ 629245.75, 5220856.947552487254143 ], [ 629245.749882595031522, 5220856.850050495006144 ], [ 629245.677508321357891, 5220856.699811833910644 ], [ 629245.774882929516025, 5220856.57494267821312 ], [ 629245.77488292939961, 5220856.525057321414351 ], [ 629245.624949503922835, 5220856.450117403641343 ], [ 629245.425057321670465, 5220856.525117069482803 ], [ 629245.350117404945195, 5220856.625050494447351 ], [ 629245.300117070553824, 5220856.899942679330707 ], [ 629245.394209960475564, 5220856.964718572795391 ], [ 629245.412851964472793, 5220857.03890622779727 ], [ 629245.367020599311218, 5220857.13513293210417 ], [ 629245.275114829419181, 5220857.200103081762791 ], [ 629245.306258055148646, 5220857.35217032302171 ], [ 629245.280759704997763, 5220857.442993468604982 ], [ 629245.200115163228475, 5220857.500096261501312 ], [ 629245.20011428068392, 5220857.799885720014572 ], [ 629245.32494267844595, 5220857.824882930144668 ] ] ] } },
{ "type": "Feature", "properties": { "label": "vineyard", "row_structure": null }, "geometry": { "type": "Polygon", "coordinates": [ [ [ 629245.625115925911814, 5220856.474904863163829 ], [ 629245.799885047599673, 5220856.524885047227144 ], [ 629245.829289321904071, 5220856.429289322346449 ], [ 629245.924885047599673, 5220856.399885047227144 ], [ 629246.010744407190941, 5220856.13149522524327 ], [ 629246.099893628037535, 5220856.049928924068809 ], [ 629246.157948970561847, 5220855.939888187684119 ], [ 629246.274882486090064, 5220855.849937189370394 ], [ 629246.329937780974433, 5220855.634943088516593 ], [ 629246.399882486090064, 5220855.524937188252807 ], [ 629246.324904862674884, 5220855.200115927495062 ], [ 629246.100062811630778, 5220855.200117515400052 ], [ 629246.000117513933219, 5220855.275062812492251 ], [ 629245.987286476418376, 5220855.427093108184636 ], [ 629245.850117513909936, 5220855.575062811374664 ], [ 629245.928176264162175, 5220855.716311009600759 ], [ 629245.928176267887466, 5220855.783688980154693 ], [ 629245.800117513979785, 5220855.900062812492251 ], [ 629245.750117150135338, 5220856.000070217065513 ], [ 629245.741278326720931, 5220856.12486628536135 ], [ 629245.600117513909936, 5220856.275062812492251 ], [ 629245.625115925911814, 5220856.474904863163829 ] ] ] } },
{ "type": "Feature", "properties": { "label": "vineyard", "row_structure": null }, "geometry": { "type": "Polygon", "coordinates": [ [ [ 629231.88413639832288, 5220856.039599121548235 ], [ 629232.093418876524083, 5220856.267956013791263 ], [ 629232.100158377201296, 5220856.324841623194516 ], [ 629232.524924581171945, 5220856.2998420977965 ], [ 629232.549231873825192, 5220856.27559373434633 ], [ 629232.500344032654539, 5220855.997835485264659 ], [ 629232.524731629644521, 5220855.728710287250578 ], [ 629232.574933319003321, 5220855.623913891613483 ], [ 629232.574844182468951, 5220855.150137834250927 ], [ 629232.424867096706294, 5220855.050170770846307 ], [ 629232.27507542015519, 5220855.050157901830971 ], [ 629232.25015790364705, 5220855.075075419619679 ], [ 629232.249887517420575, 5220855.397840906865895 ], [ 629232.200170011725277, 5220855.649935720488429 ], [ 629232.30395907885395, 5220855.76023699901998 ], [ 629232.396988447173499, 5220855.997134712524712 ], [ 629232.310431241290644, 5220856.197753058746457 ], [ 629232.266846362967044, 5220856.209004513919353 ], [ 629231.894196108565666, 5220856.031465299427509 ], [ 629231.874842891469598, 5220855.925091654062271 ], [ 629231.824908345239237, 5220855.875157108530402 ], [ 629231.72512382955756, 5220855.875158903189003 ], [ 629231.650177429080941, 5220856.050063583999872 ], [ 629231.650000000023283, 5220856.122063056565821 ], [ 629231.88413639832288, 5220856.039599121548235 ] ] ] } },
{ "type": "Feature", "properties": { "label": "vineyard", "row_structure": null }, "geometry": { "type": "Polygon", "coordinates": [ [ [ 629239.725071794586256, 5220857.599843599833548 ], [ 629239.849866888020188, 5220857.574853797443211 ], [ 629239.95017736882437, 5220857.474025506526232 ], [ 629239.97492611722555, 5220857.399049055762589 ], [ 629239.961635683313943, 5220857.28349123056978 ], [ 629240.120475930860266, 5220857.061078866943717 ], [ 629240.199913625023328, 5220857.049829318188131 ], [ 629240.24984675750602, 5220856.999895143322647 ], [ 629240.299829247756861, 5220856.899937266483903 ], [ 629240.274829799192958, 5220856.700065141543746 ], [ 629240.129687113570981, 5220856.392919450066984 ], [ 629240.224840973503888, 5220856.175159027799964 ], [ 629240.115739150205627, 5220856.163284272886813 ], [ 629239.931741216219962, 5220855.97819940559566 ], [ 629239.924840973573737, 5220855.900159027427435 ], [ 629239.825159026542678, 5220855.900159027427435 ], [ 629239.825159026542678, 5220855.974840973503888 ], [ 629239.934503960190341, 5220855.991839801892638 ], [ 629240.096658125286922, 5220856.221635003574193 ], [ 629240.09678379597608, 5220856.325763092376292 ], [ 629239.826224210904911, 5220856.698329108767211 ], [ 629239.475170704186894, 5220856.900086390785873 ], [ 629239.474109566770494, 5220857.122354050166905 ], [ 629239.349999999976717, 5220857.447054241783917 ], [ 629239.725071794586256, 5220857.599843599833548 ] ] ] } },
{ "type": "Feature", "properties": { "label": "vineyard", "row_structure": null }, "geometry": { "type": "Polygon", "coordinates": [ [ [ 629243.088569405139424, 5220856.107116776518524 ], [ 629243.268408652860671, 5220856.129964033141732 ], [ 629243.396181345684454, 5220856.359625301323831 ], [ 629243.341114621027373, 5220856.520729118958116 ], [ 629243.380861983983777, 5220856.778043400496244 ], [ 629243.211684617446736, 5220856.876791730523109 ], [ 629243.165341793210246, 5220856.863801752217114 ], [ 629243.036744185374118, 5220856.597043325193226 ], [ 629242.97504890547134, 5220856.547619616612792 ], [ 629243.049434247077443, 5220856.6751874005422 ], [ 629243.07515960407909, 5220856.849876369349658 ], [ 629243.300057942164131, 5220856.949842918664217 ], [ 629243.373904285370372, 5220856.949933229014277 ], [ 629243.375872573931701, 5220856.813876565545797 ], [ 629243.423838878516108, 5220856.739927053451538 ], [ 629243.649913609609939, 5220856.799829294905066 ], [ 629243.74984291405417, 5220856.599942059256136 ], [ 629243.799615978496149, 5220856.353835413232446 ], [ 629243.924467050470412, 5220856.175780466757715 ], [ 629244.04982989851851, 5220855.849923403002322 ], [ 629244.049840973573737, 5220855.800159027799964 ], [ 629243.936724641709588, 5220855.775504061952233 ], [ 629243.903198977466673, 5220855.523935043253005 ], [ 629244.027326943119988, 5220855.397173969075084 ], [ 629244.174913609633222, 5220855.524829294532537 ], [ 629244.199829295859672, 5220855.425086391158402 ], [ 629244.073894466622733, 5220855.350066289305687 ], [ 629244.025133523973636, 5220855.350171318277717 ], [ 629243.878877128008753, 5220855.441862078383565 ], [ 629243.73925929388497, 5220855.396837675943971 ], [ 629243.649829303612933, 5220855.175086384639144 ], [ 629243.57493726129178, 5220855.125170765444636 ], [ 629243.500104754115455, 5220855.125166337937117 ], [ 629243.393387007992715, 5220855.199823151342571 ], [ 629243.175148599199019, 5220855.175163360312581 ], [ 629243.025073908735067, 5220855.550950418226421 ], [ 629243.123282615211792, 5220855.679946728050709 ], [ 629243.124335011350922, 5220855.849296092055738 ], [ 629243.075487591209821, 5220856.022962738759816 ], [ 629242.975047831539996, 5220856.17739699408412 ], [ 629243.088569405139424, 5220856.107116776518524 ] ] ] } },
{ "type": "Feature", "properties": { "label": "vineyard", "row_structure": null }, "geometry": { "type": "Polygon", "coordinates": [ [ [ 629201.625115209026262, 5220857.324904670938849 ], [ 629201.725050495238975, 5220857.374882595613599 ], [ 629201.850050496286713, 5220857.424882596358657 ], [ 629201.974884836701676, 5220857.399903737939894 ], [ 629201.995768331340514, 5220857.300468996167183 ], [ 629202.124900931492448, 5220857.224899696186185 ], [ 629202.174882595078088, 5220857.124949505552649 ], [ 629202.231948181986809, 5220856.924855429679155 ], [ 629202.27488343778532, 5220856.874932301230729 ], [ 629202.286097266362049, 5220856.679214587435126 ], [ 629202.399882595054805, 5220856.574949505738914 ], [ 629202.424884791020304, 5220856.475095328874886 ], [ 629202.339216851745732, 5220856.432706604711711 ], [ 629202.302071206155233, 5220856.373547255061567 ], [ 629202.324882929446176, 5220856.100057320669293 ], [ 629202.099942678003572, 5220855.850117069669068 ], [ 629201.950117070577107, 5220855.950057321228087 ], [ 629201.95011428068392, 5220856.024885719642043 ], [ 629202.145710678072646, 5220856.054289322346449 ], [ 629202.174518472631462, 5220856.115198286250234 ], [ 629202.170694033498876, 5220856.254028467461467 ], [ 629202.122139673680067, 5220856.313192126341164 ], [ 629202.000115163275041, 5220856.350096262060106 ], [ 629201.96078313596081, 5220856.457706614397466 ], [ 629201.850114280707203, 5220856.500114280730486 ], [ 629201.850116275250912, 5220856.574926441535354 ], [ 629201.920068321283907, 5220856.659963645040989 ], [ 629201.952313059475273, 5220856.86100562568754 ], [ 629201.888630962581374, 5220856.920515396632254 ], [ 629201.650057321996428, 5220856.925117069855332 ], [ 629201.625117070623673, 5220856.95005732215941 ], [ 629201.600117914145812, 5220857.249959900975227 ], [ 629201.625115209026262, 5220857.324904670938849 ] ] ] } },
{ "type": "Feature", "properties": { "label": "vineyard", "row_structure": null }, "geometry": { "type": "Polygon", "coordinates": [ [ [ 629199.045919952215627, 5220857.022826951928437 ], [ 629199.000117513933219, 5220857.299937189556658 ], [ 629199.072545121074654, 5220857.325000000186265 ], [ 629199.199885047622956, 5220857.299885047599673 ], [ 629199.299881805549376, 5220857.149951042607427 ], [ 629199.275552707957104, 5220856.905478802509606 ], [ 629199.358200560207479, 5220856.60704377759248 ], [ 629199.424883639905602, 5220856.549913701601326 ], [ 629199.478003419819288, 5220856.402333967387676 ], [ 629199.599904862581752, 5220856.374884072691202 ], [ 629199.628925935830921, 5220856.208732908591628 ], [ 629199.674882849911228, 5220856.149929783307016 ], [ 629199.674882486113347, 5220856.0000628111884 ], [ 629199.615395483793691, 5220855.941833411343396 ], [ 629199.599885047529824, 5220855.875114953145385 ], [ 629199.373589720227756, 5220855.785772858187556 ], [ 629199.29993718827609, 5220855.675117515958846 ], [ 629199.225117513909936, 5220855.700062811374664 ], [ 629199.216278327279724, 5220855.79986628331244 ], [ 629199.12511819449719, 5220855.950048957951367 ], [ 629199.12563177512493, 5220856.093786132521927 ], [ 629199.075117150321603, 5220856.15007021650672 ], [ 629199.106947181280702, 5220856.610662155784667 ], [ 629199.043221088708378, 5220856.670488121919334 ], [ 629198.925114952493459, 5220856.675114953890443 ], [ 629198.926114677684382, 5220856.751300762407482 ], [ 629199.045919952215627, 5220857.022826951928437 ] ] ] } },
{ "type": "Feature", "properties": { "label": "vineyard", "row_structure": null }, "geometry": { "type": "Polygon", "coordinates": [ [ [ 629240.500667462009005, 5220855.510605348274112 ], [ 629240.525157903786749, 5220855.774924582801759 ], [ 629240.550075419130735, 5220855.7998420977965 ], [ 629240.799840938299894, 5220855.774844921194017 ], [ 629240.799841622821987, 5220855.675158376805484 ], [ 629240.642376269912347, 5220855.653384258970618 ], [ 629240.629453404340893, 5220855.474505640566349 ], [ 629240.821384151582606, 5220855.302853835746646 ], [ 629240.989029432763346, 5220855.208120583556592 ], [ 629241.198041318217292, 5220855.249976057559252 ], [ 629241.299846590380184, 5220855.199856823310256 ], [ 629241.324926586472429, 5220854.875948650762439 ], [ 629241.274868344073184, 5220854.750129504129291 ], [ 629241.0499300675001, 5220854.625160268507898 ], [ 629240.976095247897319, 5220854.625066233798862 ], [ 629240.870252213906497, 5220854.795567038469017 ], [ 629240.650097124977037, 5220854.800169464200735 ], [ 629240.550157897057943, 5220854.900075414218009 ], [ 629240.549257472041063, 5220855.172681104391813 ], [ 629240.425157897407189, 5220855.375075412914157 ], [ 629240.42515673302114, 5220855.449881128035486 ], [ 629240.500667462009005, 5220855.510605348274112 ] ] ] } },
{ "type": "Feature", "properties": { "label": "vineyard", "row_structure": null }, "geometry": { "type": "Polygon", "coordinates": [ [ [ 629196.820755307911895, 5220855.700483625754714 ], [ 629196.999884074088186, 5220855.5749048627913 ], [ 629196.999882486066781, 5220855.350062812678516 ], [ 629196.949937188299373, 5220855.300117515958846 ], [ 629196.800000000046566, 5220855.290006835013628 ], [ 629196.800000000046566, 5220855.824199849739671 ], [ 629196.820755307911895, 5220855.700483625754714 ] ] ] } },
{ "type": "Feature", "properties": { "label": "vineyard", "row_structure": null }, "geometry": { "type": "Polygon", "coordinates": [ [ [ 629237.775117513956502, 5220855.374937187880278 ], [ 629237.825071076513268, 5220855.424893629737198 ], [ 629237.877454878995195, 5220855.450000000186265 ], [ 629237.999884074088186, 5220855.424904863350093 ], [ 629237.974885047529824, 5220855.250114953145385 ], [ 629237.800062811817043, 5220855.250117515213788 ], [ 629237.775117513956502, 5220855.374937187880278 ] ] ] } },
{ "type": "Feature", "properties": { "label": "vineyard", "row_structure": null }, "geometry": { "type": "Polygon", "coordinates": [ [ [ 629243.625062057282776, 5220855.174821778200567 ], [ 629243.999360518762842, 5220855.270652521401644 ], [ 629244.025159599259496, 5220855.349876374006271 ], [ 629244.224876368767582, 5220855.424840394407511 ], [ 629244.574662978760898, 5220854.575497856363654 ], [ 629244.599840973503888, 5220854.45015902724117 ], [ 629244.324530229554512, 5220854.474821892566979 ], [ 629244.064774490892887, 5220854.420507848262787 ], [ 629244.050627712975256, 5220854.322935244999826 ], [ 629244.124829303589649, 5220854.025086384266615 ], [ 629244.000138509320095, 5220853.975168112665415 ], [ 629243.852553657954559, 5220854.12153953127563 ], [ 629243.725159026333131, 5220854.150159028358757 ], [ 629243.750157436239533, 5220854.499881321564317 ], [ 629243.828008958138525, 5220854.557716060429811 ], [ 629243.925155237084255, 5220854.799840601161122 ], [ 629244.073499790858477, 5220854.803268346935511 ], [ 629244.261020221048966, 5220854.963714709505439 ], [ 629244.227855364209972, 5220855.139764779247344 ], [ 629244.018582772347145, 5220855.272408727556467 ], [ 629243.671974945813417, 5220855.177721106447279 ], [ 629243.624913609586656, 5220855.075170706026256 ], [ 629243.550062752678059, 5220855.075170811265707 ], [ 629243.5, 5220855.122054241597652 ], [ 629243.625062057282776, 5220855.174821778200567 ] ] ] } },
{ "type": "Feature", "properties": { "label": "vineyard", "row_structure": null }, "geometry": { "type": "Polygon", "coordinates": [ [ [ 629235.100095137371682, 5220855.599884073249996 ], [ 629235.17409511259757, 5220855.63284410443157 ], [ 629235.200115925981663, 5220855.6999048627913 ], [ 629235.324957596487366, 5220855.724881483241916 ], [ 629235.424882486113347, 5220855.674937189556658 ], [ 629235.463425749680027, 5220855.535547773353755 ], [ 629235.599882486043498, 5220855.424937187694013 ], [ 629235.649881483521312, 5220855.274957595393062 ], [ 629235.600438778288662, 5220855.102120194584131 ], [ 629235.69988248613663, 5220854.974937189370394 ], [ 629235.749881483498029, 5220854.824957595206797 ], [ 629235.775000000023283, 5220854.572545138187706 ], [ 629235.749928923672996, 5220854.475106371566653 ], [ 629235.649951041676104, 5220854.425118195824325 ], [ 629235.575062811840326, 5220854.425117515958846 ], [ 629235.400117513956502, 5220854.55006281286478 ], [ 629235.365113920532167, 5220854.749626635573804 ], [ 629235.275095137418248, 5220854.800115928053856 ], [ 629235.200117514003068, 5220854.900062812492251 ], [ 629235.251585128367878, 5220855.0424067620188 ], [ 629235.175118516548537, 5220855.200042405165732 ], [ 629235.181014513131231, 5220855.306377498432994 ], [ 629235.050117513979785, 5220855.450062811374664 ], [ 629235.100095137371682, 5220855.599884073249996 ] ] ] } },
{ "type": "Feature", "properties": { "label": "vineyard", "row_structure": null }, "geometry": { "type": "Polygon", "coordinates": [ [ [ 629235.325086390483193, 5220854.049829294905066 ], [ 629235.445018336293288, 5220854.03836577758193 ], [ 629235.607777501107194, 5220854.144812605343759 ], [ 629235.575163357891142, 5220854.424851400777698 ], [ 629235.799849612871185, 5220854.499838341958821 ], [ 629235.972033623489551, 5220854.080688027665019 ], [ 629236.199247126234695, 5220853.751220439560711 ], [ 629236.22484040085692, 5220853.600123627111316 ], [ 629236.052945770672522, 5220853.525000000372529 ], [ 629235.775131761329249, 5220853.600160064175725 ], [ 629235.725170752266422, 5220853.700062734074891 ], [ 629235.721964628319256, 5220853.823541799560189 ], [ 629235.607832244248129, 5220853.96312921307981 ], [ 629235.300159026519395, 5220853.925159027799964 ], [ 629235.325086390483193, 5220854.049829294905066 ] ] ] } },
{ "type": "Feature", "properties": { "label": "vineyard", "row_structure": null }, "geometry": { "type": "Polygon", "coordinates": [ [ [ 629244.101084180641919, 5220854.024932662025094 ], [ 629244.617971531813964, 5220854.028061953373253 ], [ 629244.650159026496112, 5220854.099840973503888 ], [ 629244.774846692336723, 5220854.074895095080137 ], [ 629244.824841234949417, 5220853.949948135763407 ], [ 629244.799913609633222, 5220853.875170705839992 ], [ 629244.700150385499001, 5220853.875161657109857 ], [ 629244.624995707767084, 5220854.024763530120254 ], [ 629244.157031390815973, 5220854.021935250610113 ], [ 629244.102850844850764, 5220853.924848454073071 ], [ 629244.249328415375203, 5220853.417101683095098 ], [ 629244.400802192394622, 5220853.327012843452394 ], [ 629244.524937267415226, 5220853.324829246848822 ], [ 629244.624870272586122, 5220853.27486935723573 ], [ 629244.699841234949417, 5220853.099948136135936 ], [ 629244.674895094125532, 5220853.050153306685388 ], [ 629244.400159026496112, 5220852.95015902724117 ], [ 629244.394968484062701, 5220853.086267775855958 ], [ 629244.22515858814586, 5220853.250134972855449 ], [ 629244.244365955586545, 5220853.418821232393384 ], [ 629244.104630402987823, 5220853.899901972152293 ], [ 629244.000159026472829, 5220853.925159027799964 ], [ 629244.0, 5220853.972054242156446 ], [ 629244.101084180641919, 5220854.024932662025094 ] ] ] } },
{ "type": "Feature", "properties": { "label": "vineyard", "row_structure": null }, "geometry": { "type": "Polygon", "coordinates": [ [ [ 629232.725063037476502, 5220854.549889235757291 ], [ 629232.875040098908357, 5220854.624882086180151 ], [ 629232.999896917957813, 5220854.624885170720518 ], [ 629233.039646974997595, 5220854.556626711972058 ], [ 629233.124885719269514, 5220854.524885719642043 ], [ 629233.149882085854188, 5220854.250040099024773 ], [ 629233.056948181940243, 5220854.100144570693374 ], [ 629233.02488292939961, 5220853.900057321414351 ], [ 629232.974942678003572, 5220853.850117069669068 ], [ 629232.750114280846901, 5220853.825114279985428 ], [ 629232.74180097039789, 5220853.942955791950226 ], [ 629232.675115614081733, 5220854.000087057240307 ], [ 629232.69944797991775, 5220854.219512821175158 ], [ 629232.650117404991761, 5220854.449949505738914 ], [ 629232.725063037476502, 5220854.549889235757291 ] ] ] } },
{ "type": "Feature", "properties": { "label": "vineyard", "row_structure": null }, "geometry": { "type": "Polygon", "coordinates": [ [ [ 629238.099928923649713, 5220854.62489362899214 ], [ 629238.209133087657392, 5220854.529174356721342 ], [ 629238.399921979522333, 5220854.524883233010769 ], [ 629238.474882486043498, 5220854.449937188066542 ], [ 629238.474883639835753, 5220854.350086299702525 ], [ 629238.402071597636677, 5220854.273546036332846 ], [ 629238.404042848735116, 5220854.071853505447507 ], [ 629238.499885047553107, 5220853.999885046854615 ], [ 629238.574479862232693, 5220853.809450714848936 ], [ 629238.674885047599673, 5220853.774885047227144 ], [ 629238.674885047599673, 5220853.700114953331649 ], [ 629238.572698954725638, 5220853.66343932878226 ], [ 629238.549882486113347, 5220853.55006281286478 ], [ 629238.499937188229524, 5220853.500117515213788 ], [ 629238.300710184848867, 5220853.500530988909304 ], [ 629238.224937188206241, 5220853.350117515772581 ], [ 629238.125117513933219, 5220853.3750628111884 ], [ 629238.125114952446893, 5220853.44988504704088 ], [ 629238.228217902360484, 5220853.473747278563678 ], [ 629238.262572805746458, 5220853.56374754011631 ], [ 629238.200118194683455, 5220853.725048958323896 ], [ 629238.216156707261689, 5220853.896188988350332 ], [ 629238.075117514003068, 5220854.100062812678516 ], [ 629238.072952168644406, 5220854.262251471169293 ], [ 629238.00011819449719, 5220854.375048957765102 ], [ 629238.000114952446893, 5220854.649885047227144 ], [ 629238.099928923649713, 5220854.62489362899214 ] ] ] } },
{ "type": "Feature", "properties": { "label": "vineyard", "row_structure": null }, "geometry": { "type": "Polygon", "coordinates": [ [ [ 629246.300118194660172, 5220854.249951042234898 ], [ 629246.352214538375847, 5220854.360326950438321 ], [ 629246.350117513909936, 5220854.574937188066542 ], [ 629246.400062811793759, 5220854.624882484786212 ], [ 629246.624937188229524, 5220854.624882484786212 ], [ 629246.774937188252807, 5220854.549882485531271 ], [ 629246.849883233197033, 5220854.474921979941428 ], [ 629246.899881483521312, 5220854.324957595206797 ], [ 629246.906943713198416, 5220854.174864497967064 ], [ 629246.999883233220316, 5220854.074921979568899 ], [ 629247.024881483521312, 5220853.999957595020533 ], [ 629247.050000000046566, 5220853.602454862557352 ], [ 629247.018643083283678, 5220853.48499608784914 ], [ 629247.099882486043498, 5220853.374937187880278 ], [ 629247.074937188415788, 5220853.250117515213788 ], [ 629246.975117513909936, 5220853.325062811374664 ], [ 629246.975605786661617, 5220853.423042965121567 ], [ 629246.940327942720614, 5220853.478435631841421 ], [ 629246.700062811840326, 5220853.525117515586317 ], [ 629246.625117150135338, 5220853.625070217065513 ], [ 629246.650000000023283, 5220853.884021859616041 ], [ 629246.609192250994965, 5220853.973633267916739 ], [ 629246.540003901347518, 5220854.006356918253005 ], [ 629246.375095137394965, 5220853.975115927867591 ], [ 629246.300118194543757, 5220854.150048958137631 ], [ 629246.300118194660172, 5220854.249951042234898 ] ] ] } },
{ "type": "Feature", "properties": { "label": "vineyard", "row_structure": null }, "geometry": { "type": "Polygon", "coordinates": [ [ [ 629238.201113660703413, 5220852.849934110417962 ], [ 629238.345512085827067, 5220852.833091142587364 ], [ 629238.831535984878428, 5220853.02119243144989 ], [ 629238.875159026472829, 5220853.374840972945094 ], [ 629239.024852622998878, 5220853.374837730079889 ], [ 629239.174829247756861, 5220853.049937266856432 ], [ 629239.103688308852725, 5220852.839611632749438 ], [ 629239.221369618317112, 5220852.495158116333187 ], [ 629239.299840973573737, 5220852.474840973503888 ], [ 629239.299829190364107, 5220852.375062754377723 ], [ 629239.274876368930563, 5220852.325159606523812 ], [ 629239.200159026542678, 5220852.32515902724117 ], [ 629239.218160068267025, 5220852.49455248657614 ], [ 629239.101575880427845, 5220852.833063868805766 ], [ 629238.975141055532731, 5220852.850162756629288 ], [ 629238.829004198079929, 5220853.016091898083687 ], [ 629238.328171195345931, 5220852.810711517930031 ], [ 629238.327147032949142, 5220852.670804078690708 ], [ 629238.466657443670556, 5220852.373004455119371 ], [ 629238.549876368953846, 5220852.349840394221246 ], [ 629238.574829190387391, 5220852.299937246367335 ], [ 629238.57484097359702, 5220852.225159027613699 ], [ 629238.475159026449546, 5220852.225159027613699 ], [ 629238.471481956075877, 5220852.355669105425477 ], [ 629238.309519869391806, 5220852.633337751962245 ], [ 629238.250123626785353, 5220852.650159600190818 ], [ 629238.175000000046566, 5220852.822054241783917 ], [ 629238.201113660703413, 5220852.849934110417962 ] ] ] } },
{ "type": "Feature", "properties": { "label": "vineyard", "row_structure": null }, "geometry": { "type": "Polygon", "coordinates": [ [ [ 629240.950106372009031, 5220853.724928923882544 ], [ 629241.04205102880951, 5220853.789888186380267 ], [ 629241.074338078033179, 5220853.851768962107599 ], [ 629241.06627832679078, 5220853.924866285175085 ], [ 629241.000117513933219, 5220854.024937188252807 ], [ 629241.125048958347179, 5220854.124881804920733 ], [ 629241.324937188415788, 5220854.099882485345006 ], [ 629241.424884074134752, 5220853.999904861673713 ], [ 629241.429937781300396, 5220853.909943086095154 ], [ 629241.482948970515281, 5220853.814888187684119 ], [ 629241.67493718827609, 5220853.749882484786212 ], [ 629241.749882486066781, 5220853.674937189556658 ], [ 629241.824881805572659, 5220853.424951042979956 ], [ 629241.800552707980387, 5220853.155478802509606 ], [ 629241.849882486043498, 5220852.975062812678516 ], [ 629241.772545121028088, 5220852.925000000745058 ], [ 629241.650048958370462, 5220852.925118195824325 ], [ 629241.543212754535489, 5220852.974576742388308 ], [ 629241.325062811840326, 5220852.950117515400052 ], [ 629241.200117514003068, 5220853.125062813051045 ], [ 629241.197945058345795, 5220853.253598469309509 ], [ 629241.050117513979785, 5220853.350062812678516 ], [ 629241.041278326767497, 5220853.49986628536135 ], [ 629240.92511592595838, 5220853.600095137953758 ], [ 629240.950106372009031, 5220853.724928923882544 ] ] ] } },
{ "type": "Feature", "properties": { "label": "vineyard", "row_structure": null }, "geometry": { "type": "Polygon", "coordinates": [ [ [ 629244.350115208886564, 5220852.92490467056632 ], [ 629244.40244751307182, 5220852.950000000186265 ], [ 629244.42488571931608, 5220852.949885719455779 ], [ 629244.460780531051569, 5220852.83145791105926 ], [ 629244.566419675480574, 5220852.737551175989211 ], [ 629244.667408870300278, 5220852.703120557591319 ], [ 629244.768548363586888, 5220852.748891197144985 ], [ 629244.799480850691907, 5220852.811523539945483 ], [ 629244.787288830499165, 5220852.87709200847894 ], [ 629244.625117070623673, 5220853.025057322345674 ], [ 629244.675050495192409, 5220853.074882595799863 ], [ 629244.749942678026855, 5220853.074882930144668 ], [ 629244.825159498373978, 5220853.008710971102118 ], [ 629244.899885719292797, 5220852.999885719269514 ], [ 629244.900610266951844, 5220852.825800995342433 ], [ 629244.948106429656036, 5220852.754695109091699 ], [ 629245.17488571931608, 5220852.774885719642043 ], [ 629245.174882929422893, 5220852.700057321228087 ], [ 629245.104466136894189, 5220852.613804542459548 ], [ 629245.11100786307361, 5220852.546704772859812 ], [ 629245.168129628174938, 5220852.439278381876647 ], [ 629245.224884385825135, 5220852.399912942200899 ], [ 629245.221525564556941, 5220852.315567316487432 ], [ 629245.291853038826957, 5220852.169442975893617 ], [ 629245.34597153228242, 5220852.129305966198444 ], [ 629245.44994267844595, 5220852.124882929958403 ], [ 629245.524882595054805, 5220851.974949506111443 ], [ 629245.524885719292797, 5220851.925114280544221 ], [ 629245.399855429423042, 5220851.91805181838572 ], [ 629245.315405243891291, 5220851.84184660948813 ], [ 629245.29988571931608, 5220851.625114280730486 ], [ 629245.149855429423042, 5220851.593051818199456 ], [ 629245.074942678329535, 5220851.525117069482803 ], [ 629244.94994267844595, 5220851.475117069669068 ], [ 629244.807044208981097, 5220851.466800970956683 ], [ 629244.725095329456963, 5220851.400115208700299 ], [ 629244.475117404945195, 5220852.000050494447351 ], [ 629244.612448831088841, 5220852.141419688239694 ], [ 629244.623686962411739, 5220852.237983639352024 ], [ 629244.553491618251428, 5220852.301541942171752 ], [ 629244.447552486904897, 5220852.274999999441206 ], [ 629244.350115163251758, 5220852.30009626224637 ], [ 629244.300117404898629, 5220852.425050494261086 ], [ 629244.30110115010757, 5220852.726284328848124 ], [ 629244.350115208886564, 5220852.92490467056632 ] ] ] } },
{ "type": "Feature", "properties": { "label": "vineyard", "row_structure": null }, "geometry": { "type": "Polygon", "coordinates": [ [ [ 629230.95580227219034, 5220852.731312249787152 ], [ 629230.875159026472829, 5220852.874840972945094 ], [ 629231.074836277985014, 5220852.749878764152527 ], [ 629230.790282226866111, 5220852.454067509621382 ], [ 629230.924841234926134, 5220852.149948135949671 ], [ 629230.974840973503888, 5220851.800159027799964 ], [ 629230.925086376140825, 5220851.800170683301985 ], [ 629230.875154007226229, 5220851.850086533464491 ], [ 629230.700159026542678, 5220852.474840973503888 ], [ 629230.95580227219034, 5220852.731312249787152 ] ] ] } },
{ "type": "Feature", "properties": { "label": "vineyard", "row_structure": null }, "geometry": { "type": "Polygon", "coordinates": [ [ [ 629236.000117513933219, 5220853.474937189370394 ], [ 629236.075071076513268, 5220853.549893629737198 ], [ 629236.199904862674884, 5220853.599884073249996 ], [ 629236.249882486066781, 5220853.524937188252807 ], [ 629236.262713523698039, 5220853.322906892746687 ], [ 629236.374884074088186, 5220853.249904862605035 ], [ 629236.374882486066781, 5220853.1250628111884 ], [ 629236.32555270800367, 5220853.044521198607981 ], [ 629236.335778112057596, 5220852.84131739102304 ], [ 629236.546264557749964, 5220852.610347825102508 ], [ 629236.699937188415788, 5220852.599882485345006 ], [ 629236.749882486066781, 5220852.549937189556658 ], [ 629236.749884074088186, 5220852.475095137953758 ], [ 629236.625483625335619, 5220852.429244693368673 ], [ 629236.52492892369628, 5220852.300106371752918 ], [ 629236.275114952470176, 5220852.200114953331649 ], [ 629236.26511392055545, 5220852.349626635201275 ], [ 629236.175095137441531, 5220852.400115927681327 ], [ 629236.025117513956502, 5220852.6250628111884 ], [ 629236.063401832594536, 5220852.80490677524358 ], [ 629236.047795277787372, 5220852.979904476553202 ], [ 629236.000117513933219, 5220853.05006281286478 ], [ 629236.000117513933219, 5220853.474937189370394 ] ] ] } },
{ "type": "Feature", "properties": { "label": "vineyard", "row_structure": null }, "geometry": { "type": "Polygon", "coordinates": [ [ [ 629232.975096262176521, 5220853.049884838052094 ], [ 629233.090036360779777, 5220853.054931680671871 ], [ 629233.257002854254097, 5220853.152892471291125 ], [ 629233.270855910493992, 5220853.246212720870972 ], [ 629233.200117070577107, 5220853.325057321228087 ], [ 629233.200115208979696, 5220853.524904671125114 ], [ 629233.289219468948431, 5220853.58145791105926 ], [ 629233.375096261966974, 5220853.774884836748242 ], [ 629233.474942678003572, 5220853.774882930330932 ], [ 629233.549883724772371, 5220853.699926441535354 ], [ 629233.574882085900754, 5220853.474959901534021 ], [ 629233.546821267344058, 5220853.320076713338494 ], [ 629233.599999999976717, 5220853.052447512745857 ], [ 629233.554931681137532, 5220852.990036362782121 ], [ 629233.555429578991607, 5220852.907739877700806 ], [ 629233.649855431984179, 5220852.806948181241751 ], [ 629233.824904670007527, 5220852.799884791485965 ], [ 629233.849882594891824, 5220852.575050494633615 ], [ 629233.774942678050138, 5220852.475117069669068 ], [ 629233.548442864790559, 5220852.47589835524559 ], [ 629233.47490629774984, 5220852.400115287862718 ], [ 629233.400050496100448, 5220852.400117403827608 ], [ 629233.325110765057616, 5220852.450063036754727 ], [ 629233.218755018897355, 5220852.650601855479181 ], [ 629233.050115163321607, 5220852.725096261128783 ], [ 629233.012448828201741, 5220852.833580317907035 ], [ 629232.925117070553824, 5220852.925057320855558 ], [ 629232.975096262176521, 5220853.049884838052094 ] ] ] } },
{ "type": "Feature", "properties": { "label": "vineyard", "row_structure": null }, "geometry": { "type": "Polygon", "coordinates": [ [ [ 629236.549840973573737, 5220852.324840973131359 ], [ 629236.549829318304546, 5220852.225086375139654 ], [ 629236.423312637838535, 5220852.098252137191594 ], [ 629236.417513894150034, 5220852.05709318164736 ], [ 629236.524114296305925, 5220851.93148912768811 ], [ 629236.624937265412882, 5220851.924829247407615 ], [ 629236.724228576989844, 5220851.875243846327066 ], [ 629237.024839386693202, 5220851.67485769931227 ], [ 629236.999846306978725, 5220851.500083293765783 ], [ 629236.899913625326008, 5220851.400170682929456 ], [ 629236.650104868225753, 5220851.425153261981905 ], [ 629236.400707242079079, 5220851.699369359761477 ], [ 629236.400170681881718, 5220851.799913628026843 ], [ 629236.446064791292883, 5220851.863529965281487 ], [ 629236.403711109887809, 5220852.04777764622122 ], [ 629236.274318850599229, 5220852.075861476361752 ], [ 629236.25, 5220852.197054241783917 ], [ 629236.549840973573737, 5220852.324840973131359 ] ] ] } },
{ "type": "Feature", "properties": { "label": "vineyard", "row_structure": null }, "geometry": { "type": "Polygon", "coordinates": [ [ [ 629222.525075416895561, 5220852.199842098169029 ], [ 629222.599844369688071, 5220852.199837721884251 ], [ 629222.748993559507653, 5220851.677630291320384 ], [ 629222.999594401568174, 5220851.225822852924466 ], [ 629222.999842102755792, 5220851.150075415149331 ], [ 629222.949924586107954, 5220851.100157896988094 ], [ 629222.900148473330773, 5220851.125093948096037 ], [ 629222.750173553475179, 5220851.35007594153285 ], [ 629222.723301601596177, 5220851.603301110677421 ], [ 629222.475066676503047, 5220852.123913801275194 ], [ 629222.525075416895561, 5220852.199842098169029 ] ] ] } },
{ "type": "Feature", "properties": { "label": "vineyard", "row_structure": null }, "geometry": { "type": "Polygon", "coordinates": [ [ [ 629247.025117070646957, 5220853.024942679330707 ], [ 629247.075057321926579, 5220853.074882930144668 ], [ 629247.249942678026855, 5220853.074882930144668 ], [ 629247.39988292939961, 5220852.924942678771913 ], [ 629247.474882929353043, 5220852.774942679330707 ], [ 629247.439965750440024, 5220852.473827502690256 ], [ 629247.49736855039373, 5220852.407965796999633 ], [ 629247.599885719246231, 5220852.399885719642043 ], [ 629247.600439063855447, 5220852.07711944449693 ], [ 629247.64988343778532, 5220851.999932301230729 ], [ 629247.649884998449124, 5220851.925099563784897 ], [ 629247.549942677957006, 5220851.825117069296539 ], [ 629247.325057322042994, 5220851.825117069296539 ], [ 629247.275117070646957, 5220851.875057321041822 ], [ 629247.25, 5220852.072552487254143 ], [ 629247.299999999930151, 5220852.45902 ], [ 629247.250117914169095, 5220852.600040098652244 ], [ 629247.24824760039337, 5220852.732158911414444 ], [ 629247.169795185909607, 5220852.851735755801201 ], [ 629247.025115163414739, 5220852.92509626224637 ], [ 629247.025117070646957, 5220853.024942679330707 ] ] ] } },
{ "type": "Feature", "properties": { "label": "vineyard", "row_structure": null }, "geometry": { "type": "Polygon", "coordinates": [ [ [ 629217.347022753790952, 5220851.853672625496984 ], [ 629217.325159026542678, 5220852.099840973503888 ], [ 629217.374913615291007, 5220852.099829303100705 ], [ 629217.424247125745751, 5220852.026220440864563 ], [ 629217.457004243507981, 5220851.81837304495275 ], [ 629217.658586074016057, 5220851.758415230549872 ], [ 629217.774840973550454, 5220851.849840973503888 ], [ 629217.723886338761076, 5220851.725065890699625 ], [ 629217.420871525071561, 5220851.816698369570076 ], [ 629217.226715789875016, 5220851.676137843169272 ], [ 629217.153457712731324, 5220851.572384763509035 ], [ 629217.234550024964847, 5220851.233687149360776 ], [ 629217.399866457795724, 5220851.22482864651829 ], [ 629217.550619465531781, 5220851.128560360521078 ], [ 629217.699843705515377, 5220851.1498370654881 ], [ 629217.724833935848437, 5220851.000140440650284 ], [ 629217.5748684364371, 5220850.875155729241669 ], [ 629217.549664812744595, 5220850.875976217910647 ], [ 629217.504962449311279, 5220851.003685316070914 ], [ 629217.200170704280026, 5220851.100086390972137 ], [ 629217.220990247558802, 5220851.242346175014973 ], [ 629217.125159746734425, 5220851.575151714496315 ], [ 629217.347022753790952, 5220851.853672625496984 ] ] ] } },
{ "type": "Feature", "properties": { "label": "vineyard", "row_structure": null }, "geometry": { "type": "Polygon", "coordinates": [ [ [ 629245.033903852570802, 5220851.125647732988 ], [ 629245.175950344302692, 5220851.174926087260246 ], [ 629245.287161601241678, 5220851.154165050014853 ], [ 629245.396973008755594, 5220851.200484645552933 ], [ 629245.446825318969786, 5220851.285603888332844 ], [ 629245.447230600286275, 5220851.479159303940833 ], [ 629245.337292739772238, 5220851.598894237540662 ], [ 629245.224307991797104, 5220851.597049372270703 ], [ 629245.000159026472829, 5220851.475159027613699 ], [ 629245.025086390436627, 5220851.524829294532537 ], [ 629245.450117751257494, 5220851.69983378611505 ], [ 629245.524899913230911, 5220851.699831048958004 ], [ 629245.674841361586004, 5220851.624856545589864 ], [ 629245.674832017975859, 5220851.525138422846794 ], [ 629245.576717384858057, 5220851.420053272508085 ], [ 629245.551669357228093, 5220851.212083546444774 ], [ 629245.687080535572022, 5220851.128968383185565 ], [ 629245.750151713960804, 5220851.199840253219008 ], [ 629245.799840973573737, 5220851.199840973131359 ], [ 629245.799829247756861, 5220851.125062733888626 ], [ 629245.674913625349291, 5220850.950170682743192 ], [ 629245.433692526188679, 5220850.925572947598994 ], [ 629245.35329984058626, 5220850.829601099714637 ], [ 629245.327760131331161, 5220850.756969552487135 ], [ 629245.374831283697858, 5220850.624919188208878 ], [ 629245.374840395990759, 5220850.500123631209135 ], [ 629245.200048179947771, 5220850.47515947278589 ], [ 629245.075155321275815, 5220850.550088406540453 ], [ 629245.00015708594583, 5220850.725057941861451 ], [ 629244.976220781216398, 5220850.936842728406191 ], [ 629244.875153997680172, 5220851.025086531415582 ], [ 629244.850159026449546, 5220851.124840972945094 ], [ 629245.033903852570802, 5220851.125647732988 ] ] ] } },
{ "type": "Feature", "properties": { "label": "vineyard", "row_structure": null }, "geometry": { "type": "Polygon", "coordinates": [ [ [ 629230.99989535450004, 5220851.824884540401399 ], [ 629231.08325213228818, 5220851.718008013442159 ], [ 629231.187308886903338, 5220851.689153768122196 ], [ 629231.350062811630778, 5220851.849882485345006 ], [ 629231.399904862628318, 5220851.849884073249996 ], [ 629231.49988180550281, 5220851.674951042979956 ], [ 629231.474253965774551, 5220851.50604335963726 ], [ 629231.649882849887945, 5220851.324929783120751 ], [ 629231.724881805363111, 5220850.850048958323896 ], [ 629231.60443919908721, 5220850.684911241754889 ], [ 629231.649882486090064, 5220850.574937188066542 ], [ 629231.6498832332436, 5220850.475078022107482 ], [ 629231.499937188229524, 5220850.350117515772581 ], [ 629231.425078020547517, 5220850.350116767920554 ], [ 629231.375116766779684, 5220850.400078021921217 ], [ 629231.400117513956502, 5220850.624937187880278 ], [ 629231.482026339042932, 5220850.702930075116456 ], [ 629231.501585127902217, 5220850.767406772822142 ], [ 629231.275117513956502, 5220851.05006281286478 ], [ 629231.294454218703322, 5220851.491113758645952 ], [ 629231.240608450607397, 5220851.542778486385942 ], [ 629231.125078020151705, 5220851.550116768106818 ], [ 629230.950106372241862, 5220851.725071075372398 ], [ 629230.92511592595838, 5220851.799904863350093 ], [ 629230.99989535450004, 5220851.824884540401399 ] ] ] } },
{ "type": "Feature", "properties": { "label": "vineyard", "row_structure": null }, "geometry": { "type": "Polygon", "coordinates": [ [ [ 629241.55007107637357, 5220852.24989362899214 ], [ 629241.707092546508648, 5220852.315702745690942 ], [ 629241.775062811793759, 5220852.399882485158741 ], [ 629242.074885047622956, 5220852.399885047227144 ], [ 629242.102204722235911, 5220852.120095524005592 ], [ 629242.138425749843009, 5220852.035547772422433 ], [ 629242.228444687905721, 5220851.96599739510566 ], [ 629242.374937188229524, 5220851.974882485345006 ], [ 629242.474881483474746, 5220851.799957595765591 ], [ 629242.474884302006103, 5220851.600099777802825 ], [ 629242.409332142095082, 5220851.560771062970161 ], [ 629242.389773349859752, 5220851.496294364333153 ], [ 629242.415557783795521, 5220851.4340452356264 ], [ 629242.499882486066781, 5220851.374937187880278 ], [ 629242.474900698056445, 5220851.150099301710725 ], [ 629242.300048958393745, 5220851.100118195638061 ], [ 629242.214673049282283, 5220851.137439938262105 ], [ 629242.125062811770476, 5220851.125117515213788 ], [ 629242.0750861071283, 5220851.175086105242372 ], [ 629242.050118194543757, 5220851.224951042793691 ], [ 629242.14115670742467, 5220851.378811013884842 ], [ 629242.132775159669109, 5220851.463910279795527 ], [ 629242.06148082728032, 5220851.535135520622134 ], [ 629241.900115458760411, 5220851.600104646757245 ], [ 629241.845781330484897, 5220851.68890483584255 ], [ 629241.625062811770476, 5220851.700117515400052 ], [ 629241.600106372032315, 5220851.72507107630372 ], [ 629241.575000000069849, 5220851.777454862371087 ], [ 629241.597163122729398, 5220852.002554826438427 ], [ 629241.50011819449719, 5220852.125048957765102 ], [ 629241.55007107637357, 5220852.24989362899214 ] ] ] } },
{ "type": "Feature", "properties": { "label": "vineyard", "row_structure": null }, "geometry": { "type": "Polygon", "coordinates": [ [ [ 629223.321550086373463, 5220849.978005264885724 ], [ 629223.371891460497864, 5220850.067438527010381 ], [ 629223.278087168815546, 5220850.292871988378465 ], [ 629223.200156683451496, 5220850.350119802169502 ], [ 629223.194491889211349, 5220850.479614928364754 ], [ 629222.87515790364705, 5220850.900075419805944 ], [ 629222.92515464394819, 5220851.099920630455017 ], [ 629222.974862377857789, 5220851.124837444163859 ], [ 629223.250371980597265, 5220850.848974716849625 ], [ 629223.299841789994389, 5220850.724950431846082 ], [ 629223.302014114917256, 5220850.525794603861868 ], [ 629223.474248238489963, 5220850.226218401454389 ], [ 629223.499841096461751, 5220850.100045870989561 ], [ 629223.424924582010135, 5220849.950157900340855 ], [ 629223.337363708647899, 5220849.974784874357283 ], [ 629222.960859649931081, 5220849.972572446800768 ], [ 629222.924841622938402, 5220849.900158377364278 ], [ 629222.876958647742867, 5220849.9000239437446 ], [ 629222.850158377084881, 5220849.974841622635722 ], [ 629223.321550086373463, 5220849.978005264885724 ] ] ] } },
{ "type": "Feature", "properties": { "label": "vineyard", "row_structure": null }, "geometry": { "type": "Polygon", "coordinates": [ [ [ 629237.125134205329232, 5220851.09983308147639 ], [ 629237.199852705467492, 5220851.099840956740081 ], [ 629237.30013730970677, 5220850.823879958130419 ], [ 629237.475890297908336, 5220850.097439366392791 ], [ 629237.526297677424736, 5220849.973484589718282 ], [ 629237.724833099055104, 5220849.724865806289017 ], [ 629237.724841622752137, 5220849.600158377550542 ], [ 629237.150118872988969, 5220849.600156731903553 ], [ 629237.100162861985154, 5220849.675073721446097 ], [ 629237.075023943209089, 5220850.098041329532862 ], [ 629237.123281305655837, 5220850.259336048737168 ], [ 629237.051366691943258, 5220850.666635226458311 ], [ 629237.000157897244208, 5220850.72507541347295 ], [ 629237.0, 5220850.997063056565821 ], [ 629237.125134205329232, 5220851.09983308147639 ] ] ] } },
{ "type": "Feature", "properties": { "label": "vineyard", "row_structure": null }, "geometry": { "type": "Polygon", "coordinates": [ [ [ 629247.800096112070605, 5220851.399842418730259 ], [ 629247.89987637323793, 5220851.39984040055424 ], [ 629247.999839004478417, 5220851.174916892312467 ], [ 629247.954911667387933, 5220851.179794518277049 ], [ 629247.887428349582478, 5220851.115754971280694 ], [ 629247.902209326857701, 5220851.056928773410618 ], [ 629247.999952462036163, 5220851.0273675955832 ], [ 629247.898679573321715, 5220850.813110330142081 ], [ 629247.9998396220617, 5220850.69985469430685 ], [ 629247.999840973527171, 5220850.625159027054906 ], [ 629247.925159026519395, 5220850.625159027054906 ], [ 629247.921532073174603, 5220850.731205143034458 ], [ 629247.775170681881718, 5220850.875086372718215 ], [ 629247.775170696433634, 5220850.949913616292179 ], [ 629247.874426444177516, 5220851.06909341365099 ], [ 629247.860625509289093, 5220851.168365985155106 ], [ 629247.775123631116003, 5220851.200159606523812 ], [ 629247.750582131906413, 5220851.249121470376849 ], [ 629247.75, 5220851.347054242156446 ], [ 629247.800096112070605, 5220851.399842418730259 ] ] ] } },
{ "type": "Feature", "properties": { "label": "vineyard", "row_structure": null }, "geometry": { "type": "Polygon", "coordinates": [ [ [ 629233.840036360779777, 5220851.529931680299342 ], [ 629233.905759704997763, 5220851.582006530836225 ], [ 629233.925117404898629, 5220851.84994950518012 ], [ 629233.975057322066277, 5220851.924882930703461 ], [ 629234.074935299577191, 5220851.899891070090234 ], [ 629234.17489227373153, 5220851.799934208393097 ], [ 629234.249882595031522, 5220851.649949504993856 ], [ 629234.275000000023283, 5220851.127447512000799 ], [ 629234.162711165379733, 5220851.027092000469565 ], [ 629234.15448332123924, 5220850.886373175308108 ], [ 629234.19613078981638, 5220850.831729728728533 ], [ 629234.263206776580773, 5220850.81685593072325 ], [ 629234.350100302370265, 5220850.899900930933654 ], [ 629234.449959899648093, 5220850.924882086925209 ], [ 629234.649885170743801, 5220850.799896918237209 ], [ 629234.724999999976717, 5220850.597552486695349 ], [ 629234.699882929562591, 5220850.275057322345674 ], [ 629234.649942678050138, 5220850.225117069669068 ], [ 629234.375050494913012, 5220850.250117404386401 ], [ 629234.221014900947921, 5220850.390559216961265 ], [ 629234.050114280660637, 5220850.400114280171692 ], [ 629234.050114280660637, 5220850.574885719455779 ], [ 629234.2117697854992, 5220850.596358448266983 ], [ 629234.24715343513526, 5220850.651310128159821 ], [ 629234.248686962411739, 5220850.737983639352024 ], [ 629234.178491618251428, 5220850.801541942171752 ], [ 629233.975114280707203, 5220850.800114280544221 ], [ 629233.955546478391625, 5220850.977287475019693 ], [ 629233.700107725802809, 5220851.100065791979432 ], [ 629233.675116895115934, 5220851.199939098209143 ], [ 629233.723444496863522, 5220851.29041492100805 ], [ 629233.675117070553824, 5220851.375057321041822 ], [ 629233.675115208956413, 5220851.499904670752585 ], [ 629233.840036360779777, 5220851.529931680299342 ] ] ] } },
{ "type": "Feature", "properties": { "label": "vineyard", "row_structure": null }, "geometry": { "type": "Polygon", "coordinates": [ [ [ 629217.625114952446893, 5220850.649885047227144 ], [ 629217.649937188252807, 5220850.649882485158741 ], [ 629217.749884074204601, 5220850.549904862418771 ], [ 629217.729080047807656, 5220850.447826951742172 ], [ 629217.778038473217748, 5220850.317040413618088 ], [ 629217.846430773497559, 5220850.286541430279613 ], [ 629217.999885047553107, 5220850.299885047599673 ], [ 629217.974882849841379, 5220850.125070217065513 ], [ 629217.924895354546607, 5220850.050115460529923 ], [ 629217.800062811817043, 5220850.050117515958846 ], [ 629217.775117513956502, 5220850.075062811374664 ], [ 629217.600118516478688, 5220850.500042404979467 ], [ 629217.625114952446893, 5220850.649885047227144 ] ] ] } },
{ "type": "Feature", "properties": { "label": "vineyard", "row_structure": null }, "geometry": { "type": "Polygon", "coordinates": [ [ [ 629239.274896512855776, 5220850.874836016446352 ], [ 629239.374839603318833, 5220850.799860917963088 ], [ 629239.349840973503888, 5220850.275159027427435 ], [ 629239.325000000069849, 5220850.277945758774877 ], [ 629239.344500302220695, 5220850.57530733756721 ], [ 629239.200046926387586, 5220850.602424082346261 ], [ 629239.334320906782523, 5220850.653960874304175 ], [ 629239.351773647824302, 5220850.700792984105647 ], [ 629239.312196195474826, 5220850.81919095851481 ], [ 629239.200045598088764, 5220850.872574456036091 ], [ 629239.274896512855776, 5220850.874836016446352 ] ] ] } },
{ "type": "Feature", "properties": { "label": "vineyard", "row_structure": null }, "geometry": { "type": "Polygon", "coordinates": [ [ [ 629215.300062811817043, 5220849.999882484786212 ], [ 629215.476006890647113, 5220849.97994492854923 ], [ 629215.547106705140322, 5220850.027452306821942 ], [ 629215.560251493821852, 5220850.09353563003242 ], [ 629215.500117513933219, 5220850.200062811374664 ], [ 629215.5, 5220850.2975451387465 ], [ 629215.551585127832368, 5220850.392406772822142 ], [ 629215.500117150135338, 5220850.475070217624307 ], [ 629215.500114952446893, 5220850.549885047599673 ], [ 629215.649904862628318, 5220850.54988407343626 ], [ 629215.700000000069849, 5220850.447545138187706 ], [ 629215.699884541216306, 5220850.375104645267129 ], [ 629215.64391992520541, 5220850.349765638820827 ], [ 629215.612158166710287, 5220850.290343573316932 ], [ 629215.65761204669252, 5220850.061731656081975 ], [ 629215.730490967747755, 5220850.001921471208334 ], [ 629215.874904862605035, 5220850.024884073063731 ], [ 629215.949881805572659, 5220849.849951042793691 ], [ 629215.949885047622956, 5220849.825114953331649 ], [ 629215.811719269491732, 5220849.823567949235439 ], [ 629215.755013216519728, 5220849.77194594219327 ], [ 629215.751751262927428, 5220849.667844794690609 ], [ 629215.799882849911228, 5220849.59992978349328 ], [ 629215.799882486113347, 5220849.525062812492251 ], [ 629215.599951041629538, 5220849.425118195824325 ], [ 629215.525062811793759, 5220849.425117515958846 ], [ 629215.407336658448912, 5220849.486851624213159 ], [ 629215.275114952470176, 5220849.450114953331649 ], [ 629215.28584623686038, 5220849.562308859080076 ], [ 629215.225118516478688, 5220849.725042405538261 ], [ 629215.225118194473907, 5220849.899951042607427 ], [ 629215.300062811817043, 5220849.999882484786212 ] ] ] } },
{ "type": "Feature", "properties": { "label": "vineyard", "row_structure": null }, "geometry": { "type": "Polygon", "coordinates": [ [ [ 629242.290376111865044, 5220850.76638195104897 ], [ 629242.200117070577107, 5220850.974942678585649 ], [ 629242.30010030255653, 5220851.099900932051241 ], [ 629242.474885719246231, 5220851.149885719642043 ], [ 629242.490405244170688, 5220851.083153390325606 ], [ 629242.599882595008239, 5220850.949949505738914 ], [ 629242.602579404483549, 5220850.767131884582341 ], [ 629242.674882085877471, 5220850.624959900975227 ], [ 629242.67488571931608, 5220850.525114280171692 ], [ 629242.569630909827538, 5220850.488045571371913 ], [ 629242.52410164498724, 5220850.426557136699557 ], [ 629242.528928475570865, 5220850.283726401627064 ], [ 629242.574883437715471, 5220850.2249323008582 ], [ 629242.549942678073421, 5220850.125117070041597 ], [ 629242.350115163251758, 5220850.150096262805164 ], [ 629242.213415327016264, 5220850.404046160168946 ], [ 629242.150115001713857, 5220850.450099564157426 ], [ 629242.125117070623673, 5220850.574942679144442 ], [ 629242.290376111865044, 5220850.76638195104897 ] ] ] } },
{ "type": "Feature", "properties": { "label": "vineyard", "row_structure": null }, "geometry": { "type": "Polygon", "coordinates": [ [ [ 629226.575086378841661, 5220849.674829309806228 ], [ 629226.648035422782414, 5220849.674975913949311 ], [ 629226.974838402005844, 5220849.474877503700554 ], [ 629226.948886339436285, 5220849.42506589088589 ], [ 629226.787438930477947, 5220849.465650295838714 ], [ 629226.598711315891705, 5220849.338389133103192 ], [ 629226.584999195183627, 5220849.299980403855443 ], [ 629226.745961833163165, 5220848.886367728933692 ], [ 629226.84924712695647, 5220848.776220438070595 ], [ 629226.88461639045272, 5220848.5792145896703 ], [ 629227.138207651441917, 5220848.480076886713505 ], [ 629227.22508142516017, 5220848.524826039560139 ], [ 629227.274838849087246, 5220848.499913834966719 ], [ 629227.324920925195329, 5220848.24915474280715 ], [ 629227.29991157038603, 5220848.125155353918672 ], [ 629227.122054226696491, 5220848.050000000745058 ], [ 629227.025062737637199, 5220848.050170767121017 ], [ 629226.92515324393753, 5220848.125104854814708 ], [ 629226.800459895748645, 5220848.498086019419134 ], [ 629226.574812534498051, 5220848.925977539271116 ], [ 629226.478605253621936, 5220849.311420170590281 ], [ 629226.400170696433634, 5220849.375086383894086 ], [ 629226.400000000023283, 5220849.497054241597652 ], [ 629226.575086378841661, 5220849.674829309806228 ] ] ] } },
{ "type": "Feature", "properties": { "label": "vineyard", "row_structure": null }, "geometry": { "type": "Polygon", "coordinates": [ [ [ 629223.424915490555577, 5220849.949835763312876 ], [ 629223.57484670879785, 5220849.84989510755986 ], [ 629223.675831343862228, 5220849.427607160061598 ], [ 629223.849865341093391, 5220849.274853212758899 ], [ 629224.022102327435277, 5220849.005445277318358 ], [ 629224.174846710171551, 5220848.924895106814802 ], [ 629224.19984097359702, 5220848.800159027799964 ], [ 629223.900096598663367, 5220848.925164400599897 ], [ 629223.850153693114407, 5220848.975083295255899 ], [ 629223.790707992855459, 5220849.226490137167275 ], [ 629223.525147846550681, 5220849.400151738896966 ], [ 629223.375, 5220849.947054241783917 ], [ 629223.424915490555577, 5220849.949835763312876 ] ] ] } },
{ "type": "Feature", "properties": { "label": "vineyard", "row_structure": null }, "geometry": { "type": "Polygon", "coordinates": [ [ [ 629221.025114952470176, 5220849.774885047227144 ], [ 629221.10364552133251, 5220849.813235268928111 ], [ 629221.125114952446893, 5220849.899885047227144 ], [ 629221.199885047622956, 5220849.899885047227144 ], [ 629221.19988248613663, 5220849.400062812492251 ], [ 629221.149904862628318, 5220849.325115927495062 ], [ 629220.97511495242361, 5220849.325114953331649 ], [ 629220.976114677614532, 5220849.55130076315254 ], [ 629221.025114952470176, 5220849.774885047227144 ] ] ] } },
{ "type": "Feature", "properties": { "label": "vineyard", "row_structure": null }, "geometry": { "type": "Polygon", "coordinates": [ [ [ 629234.550170704256743, 5220849.449913609772921 ], [ 629234.644202091614716, 5220849.482074595987797 ], [ 629234.738838257733732, 5220849.579365791752934 ], [ 629234.750159026356414, 5220849.67484097275883 ], [ 629234.952431163634174, 5220849.724946456030011 ], [ 629235.060631013591774, 5220849.62526810541749 ], [ 629235.148904285393655, 5220849.724933229386806 ], [ 629235.12487636890728, 5220849.600159606896341 ], [ 629235.061498675961047, 5220849.595577104017138 ], [ 629234.981244003749453, 5220849.527195402421057 ], [ 629235.016786939231679, 5220849.419891045428813 ], [ 629235.269324737368152, 5220849.275976199656725 ], [ 629235.315831942716613, 5220849.298095656558871 ], [ 629235.322599058272317, 5220849.399951452389359 ], [ 629235.365326713072136, 5220849.321722501888871 ], [ 629235.524840973550454, 5220849.324840973131359 ], [ 629235.524933229433373, 5220849.301095716655254 ], [ 629235.334567107958719, 5220849.274765118025243 ], [ 629235.27491361531429, 5220849.200170697644353 ], [ 629234.851095714606345, 5220849.150066771544516 ], [ 629234.850158569752239, 5220849.22483800817281 ], [ 629234.908807188854553, 5220849.234079582616687 ], [ 629234.999807388987392, 5220849.337647857144475 ], [ 629234.993258785107173, 5220849.386451279744506 ], [ 629234.896863939939067, 5220849.501498168334365 ], [ 629234.849271310027689, 5220849.499166876077652 ], [ 629234.701199631439522, 5220849.325665833428502 ], [ 629234.550159604055807, 5220849.350123631767929 ], [ 629234.550170704256743, 5220849.449913609772921 ] ] ] } },
{ "type": "Feature", "properties": { "label": "vineyard", "row_structure": null }, "geometry": { "type": "Polygon", "coordinates": [ [ [ 629229.200911781284958, 5220849.450163459405303 ], [ 629229.424913625349291, 5220849.474829318001866 ], [ 629229.574829318327829, 5220849.274913625791669 ], [ 629229.578044818830676, 5220849.126261205412447 ], [ 629229.663284271373414, 5220849.036715729162097 ], [ 629229.915348733891733, 5220849.000768588855863 ], [ 629229.946776532218792, 5220849.03219638671726 ], [ 629229.944623765768483, 5220849.17919503711164 ], [ 629229.825166519265622, 5220849.275091026909649 ], [ 629229.775172307505272, 5220849.375077432021499 ], [ 629229.775159026496112, 5220849.499840972945094 ], [ 629229.849876373191364, 5220849.499840400181711 ], [ 629229.949821836082265, 5220849.274937959387898 ], [ 629229.950126458192244, 5220849.012528584338725 ], [ 629229.99982931825798, 5220848.949913625605404 ], [ 629229.999840400880203, 5220848.850123627111316 ], [ 629229.876895770081319, 5220848.775664881803095 ], [ 629229.799852955620736, 5220848.650128740817308 ], [ 629229.749947361298837, 5220848.62511246278882 ], [ 629229.545425433083437, 5220848.572248891927302 ], [ 629229.349937264458276, 5220848.475170766934752 ], [ 629229.25012363109272, 5220848.475159606896341 ], [ 629229.175157095422037, 5220848.675074949860573 ], [ 629229.199781331815757, 5220848.856992810033262 ], [ 629229.100158778368495, 5220849.050051870755851 ], [ 629229.075000000069849, 5220849.347054242156446 ], [ 629229.200911781284958, 5220849.450163459405303 ] ] ] } },
{ "type": "Feature", "properties": { "label": "vineyard", "row_structure": null }, "geometry": { "type": "Polygon", "coordinates": [ [ [ 629218.199913610005751, 5220849.274829294532537 ], [ 629218.495479500852525, 5220849.055290957912803 ], [ 629218.574869740870781, 5220849.049841026775539 ], [ 629218.749875107663684, 5220848.924855257384479 ], [ 629218.974829247687012, 5220848.524937266483903 ], [ 629218.974934110767208, 5220848.176113658584654 ], [ 629218.949913610005751, 5220848.150170706212521 ], [ 629218.900143453851342, 5220848.150158638134599 ], [ 629218.700173960532993, 5220848.525081425905228 ], [ 629218.670247598667629, 5220848.824420006945729 ], [ 629218.475153040606529, 5220848.950163087807596 ], [ 629218.228190989582799, 5220849.193347574211657 ], [ 629218.150123631116003, 5220849.200159606523812 ], [ 629218.125, 5220849.272054241970181 ], [ 629218.199913610005751, 5220849.274829294532537 ] ] ] } },
{ "type": "Feature", "properties": { "label": "vineyard", "row_structure": null }, "geometry": { "type": "Polygon", "coordinates": [ [ [ 629215.45341672853101, 5220849.209645051509142 ], [ 629215.525096262223087, 5220849.424884838052094 ], [ 629215.775050495169125, 5220849.524882595986128 ], [ 629215.897703309194185, 5220849.488149960525334 ], [ 629216.099885719129816, 5220849.499885719269514 ], [ 629216.174882595078088, 5220849.324949505738914 ], [ 629216.174882929422893, 5220849.075057321228087 ], [ 629216.026455902727321, 5220849.026397911831737 ], [ 629215.996468083001673, 5220848.917327418923378 ], [ 629216.074884836794809, 5220848.849903737194836 ], [ 629216.107925970107317, 5220848.726962400600314 ], [ 629216.154842138872482, 5220848.676756866276264 ], [ 629216.232698517618701, 5220848.671477053314447 ], [ 629216.350067098625004, 5220848.749883408658206 ], [ 629216.424892274313606, 5220848.72493420727551 ], [ 629216.474882085691206, 5220848.599959901534021 ], [ 629216.474885719129816, 5220848.400114280171692 ], [ 629216.400087057729252, 5220848.400115613825619 ], [ 629216.323547258041799, 5220848.472928793169558 ], [ 629216.22786032629665, 5220848.463192126713693 ], [ 629216.179305966477841, 5220848.404028467833996 ], [ 629216.149885719292797, 5220848.200114279985428 ], [ 629215.877860326319933, 5220848.188192126341164 ], [ 629215.829305966501124, 5220848.129028467461467 ], [ 629215.824882929562591, 5220848.025057322345674 ], [ 629215.775095329852775, 5220848.000115209259093 ], [ 629215.600117404945195, 5220848.425050494261086 ], [ 629215.600118225789629, 5220848.549966263584793 ], [ 629215.765918866614811, 5220848.540738332085311 ], [ 629215.820068318862468, 5220848.60996363684535 ], [ 629215.820068318862468, 5220848.690036362968385 ], [ 629215.752092008362524, 5220848.78728883061558 ], [ 629215.632594149792567, 5220848.807219590991735 ], [ 629215.556451636366546, 5220848.776108803227544 ], [ 629215.524374164990149, 5220848.67267336230725 ], [ 629215.500114280846901, 5220848.675114280544221 ], [ 629215.32511428068392, 5220849.174885720014572 ], [ 629215.45341672853101, 5220849.209645051509142 ] ] ] } },
{ "type": "Feature", "properties": { "label": "vineyard", "row_structure": null }, "geometry": { "type": "Polygon", "coordinates": [ [ [ 629237.594313382986002, 5220848.976643656380475 ], [ 629237.651964567834511, 5220848.99997591227293 ], [ 629238.149913610541262, 5220848.999829293228686 ], [ 629238.174844258115627, 5220848.900124561041594 ], [ 629238.07568599935621, 5220848.647867021150887 ], [ 629238.127756240079179, 5220848.477257206104696 ], [ 629238.274840915575624, 5220848.399851340800524 ], [ 629238.324840400833637, 5220848.125123626552522 ], [ 629238.049948135856539, 5220848.000158765353262 ], [ 629237.8750913067488, 5220848.050160742364824 ], [ 629237.824833683436736, 5220848.101008914411068 ], [ 629237.750189991784282, 5220848.350075272843242 ], [ 629237.74863911094144, 5220848.453573495149612 ], [ 629237.655494835344143, 5220848.710143298842013 ], [ 629237.600159603985958, 5220848.750123631209135 ], [ 629237.593390157446265, 5220848.951176132075489 ], [ 629237.300123631139286, 5220848.950159606523812 ], [ 629237.275000000023283, 5220849.022054241970181 ], [ 629237.594313382986002, 5220848.976643656380475 ] ] ] } },
{ "type": "Feature", "properties": { "label": "vineyard", "row_structure": null }, "geometry": { "type": "Polygon", "coordinates": [ [ [ 629242.899951042141765, 5220849.599881804548204 ], [ 629243.024904862628318, 5220849.54988407343626 ], [ 629243.12144212203566, 5220849.359153334051371 ], [ 629243.274882486090064, 5220849.249937187880278 ], [ 629243.304289321880788, 5220849.079289322718978 ], [ 629243.399937188252807, 5220849.049882485531271 ], [ 629243.506573967868462, 5220848.920676888898015 ], [ 629243.64988504757639, 5220848.924885047599673 ], [ 629243.649882486090064, 5220848.900062812492251 ], [ 629243.572545121074654, 5220848.850000000558794 ], [ 629243.405697798239999, 5220848.892712084576488 ], [ 629243.07495104172267, 5220848.675118195824325 ], [ 629242.825114952516742, 5220848.700114953331649 ], [ 629242.80011592595838, 5220849.099904863163829 ], [ 629242.906080074957572, 5220849.150234361179173 ], [ 629242.938803729135543, 5220849.229236242361367 ], [ 629242.800117513979785, 5220849.525062812492251 ], [ 629242.800114952493459, 5220849.599885047413409 ], [ 629242.899951042141765, 5220849.599881804548204 ] ] ] } },
{ "type": "Feature", "properties": { "label": "vineyard", "row_structure": null }, "geometry": { "type": "Polygon", "coordinates": [ [ [ 629239.920068318839185, 5220849.884963637217879 ], [ 629239.925115001504309, 5220849.999900436960161 ], [ 629240.000099563389085, 5220850.074884998612106 ], [ 629240.07494267844595, 5220850.074882930144668 ], [ 629240.1499009312829, 5220850.024899697862566 ], [ 629240.249892273452133, 5220849.874934209510684 ], [ 629240.302440670086071, 5220849.702867169864476 ], [ 629240.49994267791044, 5220849.674882930703461 ], [ 629240.599884836701676, 5220849.599903737194836 ], [ 629240.575552020105533, 5220849.380487178452313 ], [ 629240.606948180356994, 5220849.24985543359071 ], [ 629240.649883437668905, 5220849.199932301416993 ], [ 629240.64988259493839, 5220849.100050494074821 ], [ 629240.602201986010186, 5220849.004889798350632 ], [ 629240.599883408285677, 5220848.800067098811269 ], [ 629240.549894382129423, 5220848.725097734481096 ], [ 629240.325067699071951, 5220848.700116561725736 ], [ 629240.225114280707203, 5220848.750114280730486 ], [ 629240.225116437883116, 5220848.924929762259126 ], [ 629240.275626065093093, 5220849.027183734811842 ], [ 629240.187147545046173, 5220849.167942175641656 ], [ 629240.125114829395898, 5220849.200103081762791 ], [ 629240.150621895911172, 5220849.493823929689825 ], [ 629240.024840491008945, 5220849.591289033181965 ], [ 629239.92505732155405, 5220849.600117069669068 ], [ 629239.85011707060039, 5220849.700057321228087 ], [ 629239.85011740506161, 5220849.774949505925179 ], [ 629239.920068318839185, 5220849.884963637217879 ] ] ] } },
{ "type": "Feature", "properties": { "label": "vineyard", "row_structure": null }, "geometry": { "type": "Polygon", "coordinates": [ [ [ 629231.750057321973145, 5220850.149882930330932 ], [ 629231.899949504993856, 5220850.149882595986128 ], [ 629232.074885719339363, 5220850.049885720014572 ], [ 629232.083323270897381, 5220849.817210950888693 ], [ 629232.145485716755502, 5220849.777122605592012 ], [ 629232.299942678073421, 5220849.774882930330932 ], [ 629232.374935301253572, 5220849.724891068413854 ], [ 629232.399882929516025, 5220849.69994267821312 ], [ 629232.407767650904134, 5220849.513455518521369 ], [ 629232.599882929353043, 5220849.374942678958178 ], [ 629232.599882085691206, 5220849.150040098465979 ], [ 629232.491032042074949, 5220848.978225786238909 ], [ 629232.519137886003591, 5220848.90543915797025 ], [ 629232.624882929376327, 5220848.849942677654326 ], [ 629232.624882595031522, 5220848.725050495006144 ], [ 629232.574942678329535, 5220848.650117069482803 ], [ 629232.350050495238975, 5220848.625117404386401 ], [ 629232.100107725826092, 5220848.800065792165697 ], [ 629232.070833066594787, 5220849.090844771824777 ], [ 629231.950117070577107, 5220849.250057321973145 ], [ 629231.891800970421173, 5220849.542955791577697 ], [ 629231.825115614105016, 5220849.600087056867778 ], [ 629231.816289031179622, 5220849.674840494059026 ], [ 629231.700117404921912, 5220849.850050494074821 ], [ 629231.700117404921912, 5220850.074949505738914 ], [ 629231.750057321973145, 5220850.149882930330932 ] ] ] } },
{ "type": "Feature", "properties": { "label": "vineyard", "row_structure": null }, "geometry": { "type": "Polygon", "coordinates": [ [ [ 629229.775042403605767, 5220848.524881483055651 ], [ 629229.928146493854001, 5220848.52904284838587 ], [ 629230.000114952446893, 5220848.624885046854615 ], [ 629230.074885047622956, 5220848.624885046854615 ], [ 629230.07488248613663, 5220848.55006281286478 ], [ 629230.026562777115032, 5220848.469293545000255 ], [ 629230.050000000046566, 5220848.397545138373971 ], [ 629230.039212361443788, 5220848.187307542189956 ], [ 629230.082843536976725, 5220848.118634357117116 ], [ 629230.17493718827609, 5220848.099882485345006 ], [ 629230.249881805386394, 5220847.999951042234898 ], [ 629230.249882486066781, 5220847.900062812492251 ], [ 629230.176562777720392, 5220847.790519995614886 ], [ 629230.224885047529824, 5220847.675114953890443 ], [ 629230.000114952446893, 5220847.600114953704178 ], [ 629229.981867047259584, 5220847.735723245888948 ], [ 629229.750117513933219, 5220847.92506281286478 ], [ 629229.781024985364638, 5220848.099298018030822 ], [ 629229.681991985416971, 5220848.266747870482504 ], [ 629229.600115925888531, 5220848.325095137581229 ], [ 629229.60011495242361, 5220848.474885047413409 ], [ 629229.775042403605767, 5220848.524881483055651 ] ] ] } },
{ "type": "Feature", "properties": { "label": "vineyard", "row_structure": null }, "geometry": { "type": "Polygon", "coordinates": [ [ [ 629219.099844657001086, 5220847.924911581911147 ], [ 629219.228135806741193, 5220847.65045550186187 ], [ 629219.398925656685606, 5220847.5751869129017 ], [ 629219.624876373214647, 5220847.549840400926769 ], [ 629219.699593979516067, 5220847.375820042565465 ], [ 629219.69984097359702, 5220847.32515902724117 ], [ 629219.406429666210897, 5220847.262559231370687 ], [ 629219.350162306451239, 5220847.05533327255398 ], [ 629219.370994167169556, 5220846.915490563958883 ], [ 629219.66818710626103, 5220846.90239273570478 ], [ 629219.727945764432661, 5220846.950000000186265 ], [ 629219.799840973573737, 5220846.949840973131359 ], [ 629219.799838356208056, 5220846.925150371156633 ], [ 629219.724048824049532, 5220846.900073872879148 ], [ 629219.406925245886669, 5220846.897036564536393 ], [ 629219.349913610494696, 5220846.800170707516372 ], [ 629219.200147383962758, 5220846.800162276253104 ], [ 629219.100158186978661, 5220847.025096256285906 ], [ 629219.100173640646972, 5220847.224911148659885 ], [ 629219.285098318709061, 5220847.48033169656992 ], [ 629219.202288434142247, 5220847.57028632517904 ], [ 629219.124684620182961, 5220847.575975213199854 ], [ 629219.074851511162706, 5220847.676259922794998 ], [ 629219.025000000023283, 5220847.972054242156446 ], [ 629219.099844657001086, 5220847.924911581911147 ] ] ] } },
{ "type": "Feature", "properties": { "label": "vineyard", "row_structure": null }, "geometry": { "type": "Polygon", "coordinates": [ [ [ 629213.390285099041648, 5220848.043462036177516 ], [ 629213.550122491782531, 5220848.399838405661285 ], [ 629213.680005517555401, 5220848.376693076454103 ], [ 629213.87487636890728, 5220848.399840394034982 ], [ 629214.074932663002983, 5220847.948915814980865 ], [ 629213.941427831421606, 5220847.890418956056237 ], [ 629213.924241797532886, 5220847.845486707985401 ], [ 629214.074960364494473, 5220847.765939952805638 ], [ 629214.099975912831724, 5220847.698035444132984 ], [ 629214.09983201790601, 5220847.600138423033059 ], [ 629214.001717384788208, 5220847.495053272694349 ], [ 629213.99982931825798, 5220847.350086375139654 ], [ 629213.924913625349291, 5220847.275170682929456 ], [ 629213.550086389528587, 5220847.300170707516372 ], [ 629213.525072344695218, 5220847.325982253998518 ], [ 629213.574626769055612, 5220847.498969689011574 ], [ 629213.650086376117542, 5220847.574829317629337 ], [ 629213.891732071060687, 5220847.525818338617682 ], [ 629213.987291001481935, 5220847.636380690149963 ], [ 629213.925163915497251, 5220847.750103450380266 ], [ 629213.899128027260303, 5220848.011124481447041 ], [ 629213.850540956249461, 5220848.097464131191373 ], [ 629213.717595887952484, 5220848.170715000480413 ], [ 629213.496456100721844, 5220848.146214811131358 ], [ 629213.449839603505097, 5220847.925139084458351 ], [ 629213.34989651304204, 5220847.850163984112442 ], [ 629213.325150369200855, 5220847.850161645561457 ], [ 629213.300406452501193, 5220847.924179309979081 ], [ 629213.300159604055807, 5220847.999876368790865 ], [ 629213.390285099041648, 5220848.043462036177516 ] ] ] } },
{ "type": "Feature", "properties": { "label": "vineyard", "row_structure": null }, "geometry": { "type": "Polygon", "coordinates": [ [ [ 629215.849882486043498, 5220847.999937187880278 ], [ 629215.877106023137458, 5220847.897496996447444 ], [ 629215.946294368128292, 5220847.864773349836469 ], [ 629216.031521885888651, 5220847.905082966201007 ], [ 629216.100117513909936, 5220848.074937188066542 ], [ 629216.150062811793759, 5220848.124882484786212 ], [ 629216.284734228276648, 5220848.007084437645972 ], [ 629216.449904862674884, 5220847.999884072691202 ], [ 629216.57488248613663, 5220847.799937189556658 ], [ 629216.655721756629646, 5220847.45491932425648 ], [ 629216.749882486066781, 5220847.374937187880278 ], [ 629216.819263491546735, 5220847.081972918473184 ], [ 629216.9108316807542, 5220847.033673567697406 ], [ 629217.000086297979578, 5220847.099883639253676 ], [ 629217.099904862581752, 5220847.099884073249996 ], [ 629217.149881805409677, 5220846.999951042234898 ], [ 629217.14988504757639, 5220846.975114953704178 ], [ 629217.054564557620324, 5220846.98333696834743 ], [ 629216.993089716648683, 5220846.93774411547929 ], [ 629216.999884541262873, 5220846.775104646570981 ], [ 629216.650114952470176, 5220846.625114953145385 ], [ 629216.571996580227278, 5220846.772666033357382 ], [ 629216.450062811840326, 5220846.800117515958846 ], [ 629216.400117513956502, 5220846.850062812678516 ], [ 629216.41084623686038, 5220846.987308859825134 ], [ 629216.350117513909936, 5220847.075062811374664 ], [ 629216.326976468786597, 5220847.365962880663574 ], [ 629216.274211598327383, 5220847.41656847205013 ], [ 629216.200062811840326, 5220847.425117515958846 ], [ 629216.114363732747734, 5220847.536721901036799 ], [ 629216.025062811793759, 5220847.550117515958846 ], [ 629215.900117513956502, 5220847.67506281286478 ], [ 629215.800118194660172, 5220847.92504895851016 ], [ 629215.800114952493459, 5220848.024885047227144 ], [ 629215.849882486043498, 5220847.999937187880278 ] ] ] } },
{ "type": "Feature", "properties": { "label": "vineyard", "row_structure": null }, "geometry": { "type": "Polygon", "coordinates": [ [ [ 629243.375117513933219, 5220848.649937188252807 ], [ 629243.475103001459502, 5220848.799915469251573 ], [ 629243.525084531633183, 5220848.849897 ], [ 629243.674885047599673, 5220848.899885047227144 ], [ 629243.674882486113347, 5220848.725062812678516 ], [ 629243.61077811208088, 5220848.658682609908283 ], [ 629243.579080047784373, 5220848.55217304918915 ], [ 629243.604937781230547, 5220848.309943086467683 ], [ 629243.774881805526093, 5220848.074951042421162 ], [ 629243.804289321880788, 5220847.879289322532713 ], [ 629243.971590067376383, 5220847.798598978668451 ], [ 629244.099904862348922, 5220847.79988407343626 ], [ 629244.174900698359124, 5220847.724900698289275 ], [ 629244.249884074088186, 5220847.400095137767494 ], [ 629243.749937188229524, 5220847.200117515400052 ], [ 629243.62732584879268, 5220847.24831054918468 ], [ 629243.525048957904801, 5220847.25011819601059 ], [ 629243.400117513956502, 5220847.325062811374664 ], [ 629243.375117513933219, 5220847.474937189370394 ], [ 629243.525062811793759, 5220847.599882485345006 ], [ 629243.614820046816021, 5220847.621165357530117 ], [ 629243.656356916762888, 5220847.715003913268447 ], [ 629243.575118194683455, 5220847.850048958323896 ], [ 629243.571074064238928, 5220847.941267091780901 ], [ 629243.511485429480672, 5220848.059224155731499 ], [ 629243.37511819449719, 5220848.225048958323896 ], [ 629243.32511851657182, 5220848.400042405351996 ], [ 629243.375117513933219, 5220848.649937188252807 ] ] ] } },
{ "type": "Feature", "properties": { "label": "vineyard", "row_structure": null }, "geometry": { "type": "Polygon", "coordinates": [ [ [ 629240.87508637830615, 5220847.99982930906117 ], [ 629240.974913610494696, 5220847.999829293228686 ], [ 629241.00930869881995, 5220847.81854956690222 ], [ 629241.311717532109469, 5220847.553664119914174 ], [ 629241.445042404113337, 5220847.629034391604364 ], [ 629241.450159026542678, 5220847.799840973690152 ], [ 629241.499876368790865, 5220847.799840394407511 ], [ 629241.524509059730917, 5220847.750696222297847 ], [ 629241.57484097359702, 5220847.600159027613699 ], [ 629241.44526109227445, 5220847.612644257023931 ], [ 629241.331014884053729, 5220847.495668899267912 ], [ 629241.399830083013512, 5220847.37489842902869 ], [ 629241.399829303612933, 5220847.225086384452879 ], [ 629241.199911170988344, 5220847.075173593126237 ], [ 629241.075104872463271, 5220847.125153252854943 ], [ 629240.850170696387067, 5220847.300086384639144 ], [ 629240.874826184590347, 5220847.568721675314009 ], [ 629240.800170681788586, 5220847.725086375139654 ], [ 629240.800000000046566, 5220847.922054241411388 ], [ 629240.87508637830615, 5220847.99982930906117 ] ] ] } },
{ "type": "Feature", "properties": { "label": "vineyard", "row_structure": null }, "geometry": { "type": "Polygon", "coordinates": [ [ [ 629202.505709144868888, 5220847.03174349386245 ], [ 629202.680857942788862, 5220847.210399371571839 ], [ 629202.650159026496112, 5220847.549840973690152 ], [ 629202.750781506416388, 5220847.553293284028769 ], [ 629202.92794577148743, 5220847.675000000745058 ], [ 629202.999904721858911, 5220847.674844759516418 ], [ 629203.274843444232829, 5220847.549846765585244 ], [ 629203.349840973503888, 5220847.275159027427435 ], [ 629202.958097315044142, 5220847.274833545088768 ], [ 629202.799882248858921, 5220847.200166214257479 ], [ 629202.726206501829438, 5220847.196955181658268 ], [ 629202.531741215498187, 5220847.005708969198167 ], [ 629202.524840973550454, 5220846.900159027427435 ], [ 629202.450154022197239, 5220846.925086550414562 ], [ 629202.425159026519395, 5220847.024840973317623 ], [ 629202.505709144868888, 5220847.03174349386245 ] ] ] } },
{ "type": "Feature", "properties": { "label": "vineyard", "row_structure": null }, "geometry": { "type": "Polygon", "coordinates": [ [ [ 629238.050086858449504, 5220848.024847462773323 ], [ 629238.274205471388996, 5220848.124506901018322 ], [ 629238.349913610494696, 5220848.124829293228686 ], [ 629238.449975912924856, 5220847.998035443015397 ], [ 629238.449826400144957, 5220847.900088832713664 ], [ 629238.351563832373358, 5220847.724762945435941 ], [ 629238.374660959350877, 5220847.503489572554827 ], [ 629238.508339109015651, 5220847.276453389786184 ], [ 629238.553213487262838, 5220847.263231774792075 ], [ 629238.783358439337462, 5220847.37052751891315 ], [ 629238.800170681555755, 5220847.499913624487817 ], [ 629238.850086375023238, 5220847.549829318188131 ], [ 629238.922054230817594, 5220847.550000000745058 ], [ 629238.999861471354961, 5220847.499856246635318 ], [ 629239.074418336269446, 5220847.350878125987947 ], [ 629239.049869342939928, 5220847.275129739195108 ], [ 629238.900086390436627, 5220847.250170705839992 ], [ 629238.815193473710679, 5220847.352225661277771 ], [ 629238.771652532741427, 5220847.354939505457878 ], [ 629238.562154561979696, 5220847.198070218786597 ], [ 629238.64983773091808, 5220847.000147378072143 ], [ 629238.325150369200855, 5220846.875161645002663 ], [ 629238.27370745385997, 5220847.053217072971165 ], [ 629238.125169947044924, 5220847.325101593509316 ], [ 629238.074220111826435, 5220847.576559673063457 ], [ 629238.000173950451426, 5220847.700081419199705 ], [ 629238.0, 5220847.972054241225123 ], [ 629238.050086858449504, 5220848.024847462773323 ] ] ] } },
{ "type": "Feature", "properties": { "label": "vineyard", "row_structure": null }, "geometry": { "type": "Polygon", "coordinates": [ [ [ 629224.22511495242361, 5220848.399885047227144 ], [ 629224.297545121051371, 5220848.400000000372529 ], [ 629224.599902712041512, 5220848.274892658926547 ], [ 629224.65820056013763, 5220848.057043776847422 ], [ 629224.724883639835753, 5220847.999913700856268 ], [ 629224.737713523674756, 5220847.922906892374158 ], [ 629224.799883639905602, 5220847.874913700856268 ], [ 629224.874881483498029, 5220847.699957595206797 ], [ 629224.874884074088186, 5220847.550095139071345 ], [ 629224.799900697893463, 5220847.475099301896989 ], [ 629224.697545121074654, 5220847.425000000745058 ], [ 629224.550062811817043, 5220847.425117515958846 ], [ 629224.500106372055598, 5220847.47507107630372 ], [ 629224.474999999976717, 5220847.527454862371087 ], [ 629224.493056286941282, 5220847.950135502032936 ], [ 629224.374896500725299, 5220848.105197849683464 ], [ 629224.225117513909936, 5220848.225062812678516 ], [ 629224.22511495242361, 5220848.399885047227144 ] ] ] } },
{ "type": "Feature", "properties": { "label": "vineyard", "row_structure": null }, "geometry": { "type": "Polygon", "coordinates": [ [ [ 629247.120834899134934, 5220847.221014712005854 ], [ 629247.125170020619407, 5220847.29993571806699 ], [ 629247.19968387298286, 5220847.449025385081768 ], [ 629247.22492457984481, 5220847.449842098169029 ], [ 629247.274594355840236, 5220847.350822923704982 ], [ 629247.274976056534797, 5220847.276958665810525 ], [ 629247.201655217679217, 5220847.215337997302413 ], [ 629247.206974896718748, 5220847.024197654798627 ], [ 629247.394642412895337, 5220846.902670720592141 ], [ 629247.502424253965728, 5220846.899951227940619 ], [ 629247.625365108135156, 5220846.751067488454282 ], [ 629247.79992458189372, 5220846.899842100217938 ], [ 629247.874644263763912, 5220846.725911110639572 ], [ 629247.874826445593499, 5220846.550075941719115 ], [ 629247.798974592238665, 5220846.449627958238125 ], [ 629247.474919689702801, 5220846.300154264084995 ], [ 629247.350123824668117, 5220846.275158897973597 ], [ 629247.000163705670275, 5220847.02487039193511 ], [ 629247.120834899134934, 5220847.221014712005854 ] ] ] } },
{ "type": "Feature", "properties": { "label": "vineyard", "row_structure": null }, "geometry": { "type": "Polygon", "coordinates": [ [ [ 629221.575114952516742, 5220847.724885047413409 ], [ 629221.849885047529824, 5220847.649885047227144 ], [ 629221.886560671497136, 5220847.547698955051601 ], [ 629221.999885047553107, 5220847.524885047227144 ], [ 629222.033508069929667, 5220847.436786193400621 ], [ 629222.14988504757639, 5220847.399885047227144 ], [ 629222.149882486090064, 5220847.325062811374664 ], [ 629222.04993718827609, 5220847.200117515400052 ], [ 629221.850070216460153, 5220847.225117151625454 ], [ 629221.775115458760411, 5220847.275104646570981 ], [ 629221.754244691925123, 5220847.524516376666725 ], [ 629221.686283995513804, 5220847.571212140843272 ], [ 629221.575114952516742, 5220847.575114953331649 ], [ 629221.575114952516742, 5220847.724885047413409 ] ] ] } },
{ "type": "Feature", "properties": { "label": "vineyard", "row_structure": null }, "geometry": { "type": "Polygon", "coordinates": [ [ [ 629227.300062811817043, 5220847.724882485345006 ], [ 629227.347545120981522, 5220847.725000000558794 ], [ 629227.444202569779009, 5220847.608799666166306 ], [ 629227.599937188206241, 5220847.599882485345006 ], [ 629227.774882486090064, 5220847.474937189370394 ], [ 629227.774884074111469, 5220847.300095138140023 ], [ 629227.649951041676104, 5220847.225118195638061 ], [ 629227.375062811770476, 5220847.200117515400052 ], [ 629227.250116766779684, 5220847.325078021734953 ], [ 629227.247795277740806, 5220847.454904476180673 ], [ 629227.200117514003068, 5220847.525062812492251 ], [ 629227.200117150205187, 5220847.59992978349328 ], [ 629227.300062811817043, 5220847.724882485345006 ] ] ] } },
{ "type": "Feature", "properties": { "label": "vineyard", "row_structure": null }, "geometry": { "type": "Polygon", "coordinates": [ [ [ 629234.975057321949862, 5220848.499882929958403 ], [ 629235.124942678026855, 5220848.499882929958403 ], [ 629235.242841086350381, 5220848.40175240021199 ], [ 629235.330557023291476, 5220848.416853038594127 ], [ 629235.373078528093174, 5220848.48049096763134 ], [ 629235.400114280870184, 5220848.699885719455779 ], [ 629235.474900436587632, 5220848.699884998612106 ], [ 629235.623264246736653, 5220848.505204810760915 ], [ 629235.774885170627385, 5220848.399896918796003 ], [ 629235.778928474639542, 5220848.258726405911148 ], [ 629235.824883437715471, 5220848.199932301416993 ], [ 629235.79988571931608, 5220848.000114280730486 ], [ 629235.566522798151709, 5220848.022988315671682 ], [ 629235.514488174230792, 5220847.994405886158347 ], [ 629235.486684013274498, 5220847.931384436786175 ], [ 629235.51800653419923, 5220847.833253727294505 ], [ 629235.699882595101371, 5220847.649949504993856 ], [ 629235.649884791113436, 5220847.20009532943368 ], [ 629235.52744751307182, 5220847.174999999813735 ], [ 629235.425057321670465, 5220847.200117069296539 ], [ 629235.375117070740089, 5220847.250057321041822 ], [ 629235.348205484449863, 5220847.352607834152877 ], [ 629235.200099068810232, 5220847.475100302137434 ], [ 629235.050117404898629, 5220847.77505049481988 ], [ 629235.016362430877052, 5220847.980676950886846 ], [ 629234.925117070437409, 5220848.07505732215941 ], [ 629234.850117404945195, 5220848.299949506297708 ], [ 629234.975057321949862, 5220848.499882929958403 ] ] ] } },
{ "type": "Feature", "properties": { "label": "vineyard", "row_structure": null }, "geometry": { "type": "Polygon", "coordinates": [ [ [ 629235.599840973503888, 5220847.174840973690152 ], [ 629235.775167551240884, 5220846.979723149910569 ], [ 629235.887352143181488, 5220846.97519261110574 ], [ 629235.995276850531809, 5220847.072712672874331 ], [ 629236.000161656178534, 5220847.199849613942206 ], [ 629236.249840973527171, 5220847.249840972945094 ], [ 629236.249829295789823, 5220847.175086391158402 ], [ 629236.073766276473179, 5220847.048481998965144 ], [ 629235.961693183402531, 5220846.913835722021759 ], [ 629235.976366980350576, 5220846.82598830293864 ], [ 629236.070672129862942, 5220846.752800728194416 ], [ 629236.17672320548445, 5220846.75158263463527 ], [ 629236.459854215267114, 5220846.895648846402764 ], [ 629236.475159026449546, 5220846.974840973503888 ], [ 629236.549913615337573, 5220846.974829303100705 ], [ 629236.774840973550454, 5220846.500159027054906 ], [ 629236.650086390436627, 5220846.500170705839992 ], [ 629236.625170704210177, 5220846.525086390785873 ], [ 629236.621550556039438, 5220846.719068544916809 ], [ 629236.57137076521758, 5220846.803811377845705 ], [ 629236.464668905595317, 5220846.884123051539063 ], [ 629236.263230868149549, 5220846.707472234033048 ], [ 629236.274932662956417, 5220846.426084185950458 ], [ 629236.224846757482737, 5220846.32510485779494 ], [ 629236.149913625326008, 5220846.250170682556927 ], [ 629236.001044204691425, 5220846.299630733206868 ], [ 629235.900173233705573, 5220846.450096644461155 ], [ 629235.915462034521624, 5220846.551771347410977 ], [ 629235.725164377014153, 5220846.800095200538635 ], [ 629235.753791149589233, 5220846.993739061057568 ], [ 629235.550000000046566, 5220847.17205424234271 ], [ 629235.599840973503888, 5220847.174840973690152 ] ] ] } },
{ "type": "Feature", "properties": { "label": "vineyard", "row_structure": null }, "geometry": { "type": "Polygon", "coordinates": [ [ [ 629219.725075418828055, 5220846.9248420977965 ], [ 629219.799841622938402, 5220846.924841622821987 ], [ 629219.751451737363823, 5220846.617099454626441 ], [ 629219.924683107063174, 5220846.004100743681192 ], [ 629220.074829997378401, 5220845.799935723654926 ], [ 629220.049846174428239, 5220845.625128820538521 ], [ 629219.824936410994269, 5220845.525177427567542 ], [ 629219.700167994596995, 5220845.550089751370251 ], [ 629219.52530275459867, 5220846.146013870835304 ], [ 629219.425166190369055, 5220846.250082597136497 ], [ 629219.400000000023283, 5220846.402936943806708 ], [ 629219.424943333142437, 5220846.599079200997949 ], [ 629219.725075418828055, 5220846.9248420977965 ] ] ] } },
{ "type": "Feature", "properties": { "label": "vineyard", "row_structure": null }, "geometry": { "type": "Polygon", "coordinates": [ [ [ 629222.300062751397491, 5220847.099829206243157 ], [ 629222.399829295813106, 5220847.074913609772921 ], [ 629222.399927037884481, 5220846.750969685614109 ], [ 629222.359652504092082, 5220846.42946067918092 ], [ 629222.390267172129825, 5220846.400802438147366 ], [ 629222.574850708129816, 5220846.374862739816308 ], [ 629222.699293494224548, 5220846.225613558664918 ], [ 629222.699842568021268, 5220846.00011867377907 ], [ 629222.574937264551409, 5220845.925170767121017 ], [ 629222.400151743437164, 5220845.925159769132733 ], [ 629222.349999999976717, 5220846.227945758961141 ], [ 629222.350072962115519, 5220846.39903031475842 ], [ 629222.387472954927944, 5220846.728018091060221 ], [ 629222.050082106259651, 5220846.800163682550192 ], [ 629221.925170696456917, 5220846.900086384266615 ], [ 629221.925000000046566, 5220846.972054242156446 ], [ 629222.300062751397491, 5220847.099829206243157 ] ] ] } },
{ "type": "Feature", "properties": { "label": "vineyard", "row_structure": null }, "geometry": { "type": "Polygon", "coordinates": [ [ [ 629241.199913625023328, 5220847.024829317815602 ], [ 629241.524895142181776, 5220846.87484675925225 ], [ 629241.717083997442387, 5220846.567274822853506 ], [ 629241.890916951932013, 5220846.716192283667624 ], [ 629241.900159026496112, 5220846.799840973690152 ], [ 629241.924876368837431, 5220846.799840394407511 ], [ 629241.94984097359702, 5220846.725159027613699 ], [ 629241.893647689605132, 5220846.715920419432223 ], [ 629241.725192610989325, 5220846.534897280856967 ], [ 629241.727884923573583, 5220846.362850729376078 ], [ 629241.87493409961462, 5220846.173886572010815 ], [ 629241.874840549542569, 5220846.000048173591495 ], [ 629241.79984643496573, 5220845.700158331543207 ], [ 629241.600140704307705, 5220845.775139410980046 ], [ 629241.425173607305624, 5220846.000088835135102 ], [ 629241.420872679329477, 5220846.105911858379841 ], [ 629241.200170087511651, 5220846.500076593831182 ], [ 629241.198205290362239, 5220846.789607142098248 ], [ 629241.075160605134442, 5220846.875142293982208 ], [ 629241.075000000069849, 5220846.972054242156446 ], [ 629241.199913625023328, 5220847.024829317815602 ] ] ] } },
{ "type": "Feature", "properties": { "label": "vineyard", "row_structure": null }, "geometry": { "type": "Polygon", "coordinates": [ [ [ 629216.850050496286713, 5220846.724882596172392 ], [ 629217.002447513048537, 5220846.75 ], [ 629217.024885719292797, 5220846.749885719269514 ], [ 629217.039222023449838, 5220846.64859826117754 ], [ 629217.091307891416363, 5220846.605846711434424 ], [ 629217.184574878425337, 5220846.619682917371392 ], [ 629217.225114280707203, 5220846.699885719455779 ], [ 629217.274904670543037, 5220846.699884790927172 ], [ 629217.299882595078088, 5220846.649949505925179 ], [ 629217.358199029578827, 5220846.407044208608568 ], [ 629217.424884385894984, 5220846.349912943318486 ], [ 629217.449885719339363, 5220845.925114280544221 ], [ 629217.267349180532619, 5220845.910009136423469 ], [ 629217.181948181940243, 5220845.775144570507109 ], [ 629217.174884791136719, 5220845.700095331296325 ], [ 629217.124949504854158, 5220845.675117404200137 ], [ 629217.025114829302765, 5220845.725103081203997 ], [ 629216.965140785207041, 5220846.07458505872637 ], [ 629216.825107725686394, 5220846.15006579272449 ], [ 629216.787288830499165, 5220846.302092008292675 ], [ 629216.675117404898629, 5220846.425050494261086 ], [ 629216.675115208956413, 5220846.649904671125114 ], [ 629216.850050496286713, 5220846.724882596172392 ] ], [ [ 629216.988465897156857, 5220846.195894287899137 ], [ 629217.074012116994709, 5220846.138777579180896 ], [ 629217.257650819374248, 5220846.164990863762796 ], [ 629217.313453129143454, 5220846.296343539841473 ], [ 629217.278188016382046, 5220846.376276127994061 ], [ 629217.10376787732821, 5220846.464079981669784 ], [ 629217.01311407785397, 5220846.415638524107635 ], [ 629216.988465897156857, 5220846.195894287899137 ] ] ] } },
{ "type": "Feature", "properties": { "label": "vineyard", "row_structure": null }, "geometry": { "type": "Polygon", "coordinates": [ [ [ 629224.975086390040815, 5220847.049829294905066 ], [ 629225.074913625023328, 5220847.049829318188131 ], [ 629225.124829318490811, 5220846.999913624487817 ], [ 629225.124643737450242, 5220846.849091693758965 ], [ 629225.051681669894606, 5220846.689222133718431 ], [ 629225.07467385486234, 5220846.432441506534815 ], [ 629225.199839227017947, 5220846.37490866612643 ], [ 629225.274841221631505, 5220846.174948130734265 ], [ 629225.274975912761874, 5220846.0769645543769 ], [ 629225.074937959434465, 5220845.975178165361285 ], [ 629225.025123631116003, 5220845.975159606896341 ], [ 629225.000024087261409, 5220846.02696455642581 ], [ 629225.074423685087822, 5220846.399949785321951 ], [ 629225.050329772988334, 5220846.667562986724079 ], [ 629224.925163672189228, 5220846.750111831352115 ], [ 629224.875169730745256, 5220846.850084001198411 ], [ 629224.875067748012953, 5220846.923924179747701 ], [ 629224.975086390040815, 5220847.049829294905066 ] ] ] } },
{ "type": "Feature", "properties": { "label": "vineyard", "row_structure": null }, "geometry": { "type": "Polygon", "coordinates": [ [ [ 629230.061664519482292, 5220846.862352380529046 ], [ 629230.112172517576255, 5220846.933639046736062 ], [ 629230.098196039674804, 5220847.293908669613302 ], [ 629230.065543044242077, 5220847.350525554269552 ], [ 629230.000114280846901, 5220847.375114280730486 ], [ 629230.000117070623673, 5220847.599942677654326 ], [ 629230.150050496100448, 5220847.674882596358657 ], [ 629230.322552486904897, 5220847.675000000745058 ], [ 629230.382044209749438, 5220847.608199029229581 ], [ 629230.474885719129816, 5220847.599885719828308 ], [ 629230.494240296189673, 5220847.457006528973579 ], [ 629230.614278381806798, 5220847.34312962833792 ], [ 629230.699885719339363, 5220847.324885719455779 ], [ 629230.724882085807621, 5220847.24995990190655 ], [ 629230.724885719129816, 5220847.175114280544221 ], [ 629230.607006535981782, 5220847.155759708955884 ], [ 629230.550000000046566, 5220847.059019999578595 ], [ 629230.551752400002442, 5220846.917841086164117 ], [ 629230.599883437622339, 5220846.8499323008582 ], [ 629230.603928475640714, 5220846.733726401813328 ], [ 629230.699882595101371, 5220846.59994950518012 ], [ 629230.699882929446176, 5220846.350057320669293 ], [ 629230.599959900719114, 5220846.300117913633585 ], [ 629230.45011428068392, 5220846.300114280544221 ], [ 629230.417155169416219, 5220846.374095770530403 ], [ 629230.300107726245187, 5220846.450065792538226 ], [ 629230.193360334495082, 5220846.709441089071333 ], [ 629230.13110037567094, 5220846.735229859128594 ], [ 629230.047552486998029, 5220846.699999999254942 ], [ 629229.900057321996428, 5220846.725117069669068 ], [ 629229.875117070623673, 5220846.79994267784059 ], [ 629230.061664519482292, 5220846.862352380529046 ] ] ] } },
{ "type": "Feature", "properties": { "label": "vineyard", "row_structure": null }, "geometry": { "type": "Polygon", "coordinates": [ [ [ 629205.600117513909936, 5220846.449937188066542 ], [ 629205.675062811817043, 5220846.524882485158741 ], [ 629205.765595040749758, 5220846.54254106990993 ], [ 629205.805453815613873, 5220846.598525901325047 ], [ 629205.750115925911814, 5220846.799904862418771 ], [ 629205.850062811630778, 5220846.899882485158741 ], [ 629205.999885047553107, 5220846.874885046854615 ], [ 629206.029289321857505, 5220846.77928932197392 ], [ 629206.149904862628318, 5220846.749884072691202 ], [ 629206.249893627944402, 5220846.624928924255073 ], [ 629206.299881483544596, 5220846.499957595020533 ], [ 629206.26706048916094, 5220846.310326953418553 ], [ 629206.349881805363111, 5220846.149951042607427 ], [ 629206.375, 5220845.997545138001442 ], [ 629206.299885047599673, 5220845.825114953331649 ], [ 629206.127454878995195, 5220845.775000000372529 ], [ 629206.000070216483437, 5220845.825117151252925 ], [ 629205.875106372055598, 5220845.925071076489985 ], [ 629205.814820046769455, 5220846.028834643773735 ], [ 629205.600117513909936, 5220846.150062812492251 ], [ 629205.600117513909936, 5220846.449937188066542 ] ] ] } },
{ "type": "Feature", "properties": { "label": "vineyard", "row_structure": null }, "geometry": { "type": "Polygon", "coordinates": [ [ [ 629200.150159026496112, 5220846.374840972945094 ], [ 629200.231044064741582, 5220846.376795183867216 ], [ 629200.471984343952499, 5220846.466692190617323 ], [ 629200.470099461846985, 5220846.566949461586773 ], [ 629200.384756697225384, 5220846.666374253109097 ], [ 629200.325150369550101, 5220846.675161645747721 ], [ 629200.30015882931184, 5220846.75005189049989 ], [ 629200.300159026519395, 5220846.874840972945094 ], [ 629200.374913610517979, 5220846.874829293228686 ], [ 629200.454911818378605, 5220846.749835573136806 ], [ 629200.674840973573737, 5220846.699840973131359 ], [ 629200.799839235376567, 5220846.549908670596778 ], [ 629201.074831905309111, 5220845.775138499215245 ], [ 629200.899913623929024, 5220845.550170683301985 ], [ 629200.82512361893896, 5220845.550159594044089 ], [ 629200.591420685639605, 5220845.77073884755373 ], [ 629200.481741215568036, 5220845.680654267780483 ], [ 629200.474840973503888, 5220845.600159027613699 ], [ 629200.425145247369073, 5220845.600157425738871 ], [ 629200.275159026496112, 5220845.999840972945094 ], [ 629200.324895245837979, 5220845.999833662062883 ], [ 629200.424231171025895, 5220845.926582270301878 ], [ 629200.552211414440535, 5220845.930244255810976 ], [ 629200.642833383171819, 5220846.033401617780328 ], [ 629200.625159026472829, 5220846.174840973690152 ], [ 629200.708807188901119, 5220846.184079582802951 ], [ 629200.792886639013886, 5220846.302807337604463 ], [ 629200.698738794890232, 5220846.396955181844532 ], [ 629200.480804649181664, 5220846.450000000186265 ], [ 629200.245959143619984, 5220846.378248414956033 ], [ 629200.224840395967476, 5220846.300123631954193 ], [ 629200.150159026496112, 5220846.275159027427435 ], [ 629200.150159026496112, 5220846.374840972945094 ] ] ] } },
{ "type": "Feature", "properties": { "label": "vineyard", "row_structure": null }, "geometry": { "type": "Polygon", "coordinates": [ [ [ 629243.725108930724673, 5220846.84993529971689 ], [ 629243.920068318839185, 5220847.084963637404144 ], [ 629243.900117070646957, 5220847.249942678958178 ], [ 629244.07505049626343, 5220847.349882596172392 ], [ 629244.249904670403339, 5220847.399884791113436 ], [ 629244.424882595078088, 5220847.074949505738914 ], [ 629244.424883724772371, 5220846.750073558650911 ], [ 629244.363498124992475, 5220846.684193953871727 ], [ 629244.324891069205478, 5220846.575064700096846 ], [ 629244.000114280846901, 5220846.425114280544221 ], [ 629243.999543048208579, 5220846.612848903052509 ], [ 629243.965189716080204, 5220846.679130738601089 ], [ 629243.894503331976011, 5220846.703148818574846 ], [ 629243.750050495145842, 5220846.675117404200137 ], [ 629243.700115163228475, 5220846.700096261687577 ], [ 629243.725108930724673, 5220846.84993529971689 ] ] ] } },
{ "type": "Feature", "properties": { "label": "vineyard", "row_structure": null }, "geometry": { "type": "Polygon", "coordinates": [ [ [ 629213.775155351264402, 5220847.099911570549011 ], [ 629213.874042750103399, 5220847.174205334857106 ], [ 629214.200105734169483, 5220847.324840368703008 ], [ 629214.324191866791807, 5220847.300627809017897 ], [ 629214.449845068855211, 5220846.999942751601338 ], [ 629214.474999999976717, 5220846.647054241970181 ], [ 629214.454470449127257, 5220845.941472492180765 ], [ 629214.749840896460228, 5220845.824841754510999 ], [ 629214.749840973527171, 5220845.775159027427435 ], [ 629214.250061296392232, 5220845.800162198953331 ], [ 629214.150833016377874, 5220845.874347075819969 ], [ 629214.100177483283915, 5220846.000075895339251 ], [ 629214.098090882413089, 5220846.151363144628704 ], [ 629214.00415533175692, 5220846.365421463735402 ], [ 629213.749741652980447, 5220846.526002464815974 ], [ 629213.700177483493462, 5220846.65007589571178 ], [ 629213.70007386058569, 5220846.924048601649702 ], [ 629213.775155351264402, 5220847.099911570549011 ] ] ] } },
{ "type": "Feature", "properties": { "label": "vineyard", "row_structure": null }, "geometry": { "type": "Polygon", "coordinates": [ [ [ 629238.674913625349291, 5220847.024829317815602 ], [ 629238.749830368324183, 5220846.924934668466449 ], [ 629238.824833968188614, 5220846.649950558319688 ], [ 629238.826536461361684, 5220846.473263802006841 ], [ 629238.913746639154851, 5220846.301074919290841 ], [ 629238.957093948381953, 5220846.291217857971787 ], [ 629239.159683961886913, 5220846.393232291564345 ], [ 629239.175169085036032, 5220846.474881306290627 ], [ 629239.27611356601119, 5220846.57493410538882 ], [ 629239.399841671460308, 5220846.549919097684324 ], [ 629239.399841671460308, 5220846.325080903246999 ], [ 629239.27613971568644, 5220846.300064611248672 ], [ 629239.19018721068278, 5220846.343313337303698 ], [ 629238.982240463723429, 5220846.240908025763929 ], [ 629238.966197935515083, 5220846.19276197720319 ], [ 629239.049829311203212, 5220846.099913622252643 ], [ 629239.049829303636216, 5220846.050086384639144 ], [ 629238.925134863122366, 5220846.000167553313076 ], [ 629238.626448710332625, 5220846.298393403179944 ], [ 629238.475159272085875, 5220846.400139073841274 ], [ 629238.399915406596847, 5220846.575972317717969 ], [ 629238.349999999976717, 5220846.872054241597652 ], [ 629238.674913625349291, 5220847.024829317815602 ] ] ] } },
{ "type": "Feature", "properties": { "label": "vineyard", "row_structure": null }, "geometry": { "type": "Polygon", "coordinates": [ [ [ 629233.05009626224637, 5220847.049884838052094 ], [ 629233.149949503713287, 5220847.049882596358657 ], [ 629233.295824118307792, 5220846.952539151534438 ], [ 629233.449942678329535, 5220846.974882930517197 ], [ 629233.574882929562591, 5220846.849942677654326 ], [ 629233.624882085830905, 5220846.649959901347756 ], [ 629233.589094993658364, 5220846.359936638735235 ], [ 629233.688230214873329, 5220846.221358448266983 ], [ 629233.79988571931608, 5220846.199885719455779 ], [ 629233.799882929422893, 5220846.100057321600616 ], [ 629233.774942677933723, 5220846.075117069296539 ], [ 629233.500040100305341, 5220846.075117913074791 ], [ 629233.350057321949862, 5220846.125117070041597 ], [ 629233.184193947701715, 5220846.261501878499985 ], [ 629233.075064700795338, 5220846.30010893009603 ], [ 629233.025117914308794, 5220846.400040098465979 ], [ 629233.04779801517725, 5220846.579889792017639 ], [ 629232.950117914122529, 5220846.799959902651608 ], [ 629233.05009626224637, 5220847.049884838052094 ] ] ] } },
{ "type": "Feature", "properties": { "label": "vineyard", "row_structure": null }, "geometry": { "type": "Polygon", "coordinates": [ [ [ 629238.975127165787853, 5220846.024869807995856 ], [ 629239.024121580412611, 5220846.049417999573052 ], [ 629239.57484097359702, 5220846.099840973503888 ], [ 629239.574829752440564, 5220846.000126630067825 ], [ 629239.450150108896196, 5220845.675804113037884 ], [ 629239.279346434399486, 5220845.367591921240091 ], [ 629239.35115252318792, 5220845.122415372170508 ], [ 629239.499826406827196, 5220844.849911171942949 ], [ 629239.474846306373365, 5220844.65008329320699 ], [ 629239.399913625326008, 5220844.575170682743192 ], [ 629239.325104868272319, 5220844.60015326179564 ], [ 629239.224626768380404, 5220844.701030312106013 ], [ 629238.800493022543378, 5220845.649205608293414 ], [ 629238.800064148730598, 5220845.74885091278702 ], [ 629238.975127165787853, 5220846.024869807995856 ] ] ] } },
{ "type": "Feature", "properties": { "label": "vineyard", "row_structure": null }, "geometry": { "type": "Polygon", "coordinates": [ [ [ 629236.400086384732276, 5220845.899829302914441 ], [ 629236.555347905959934, 5220845.886545950546861 ], [ 629236.775120418751612, 5220846.074834949336946 ], [ 629236.927945770672522, 5220846.100000000558794 ], [ 629236.97482929576654, 5220846.074913609772921 ], [ 629236.977950628846884, 5220845.999307975172997 ], [ 629237.099999999976717, 5220845.777945758774877 ], [ 629236.971735347528011, 5220845.716788725927472 ], [ 629236.903144248528406, 5220845.30887689255178 ], [ 629237.049839397310279, 5220845.199857707135379 ], [ 629237.049975912901573, 5220845.101964556612074 ], [ 629236.949863521032967, 5220844.975145285949111 ], [ 629236.800049444427714, 5220844.925166020169854 ], [ 629236.575091332197189, 5220845.00016076490283 ], [ 629236.550000000046566, 5220845.047054241411388 ], [ 629236.750104880542494, 5220845.274846725165844 ], [ 629236.897509814589284, 5220845.318391256034374 ], [ 629236.965350855723955, 5220845.761295066215098 ], [ 629236.832904665498063, 5220845.899815117008984 ], [ 629236.7287045706762, 5220845.896876648068428 ], [ 629236.62486345495563, 5220845.775157244876027 ], [ 629236.499954035272822, 5220845.75014687422663 ], [ 629236.350159026449546, 5220845.750159027054906 ], [ 629236.350067330989987, 5220845.823915692046285 ], [ 629236.400086384732276, 5220845.899829302914441 ] ] ] } },
{ "type": "Feature", "properties": { "label": "vineyard", "row_structure": null }, "geometry": { "type": "Polygon", "coordinates": [ [ [ 629227.70011428068392, 5220846.924885720014572 ], [ 629227.94994267844595, 5220846.899882930330932 ], [ 629228.056244983454235, 5220846.749398143030703 ], [ 629228.149885719292797, 5220846.724885719828308 ], [ 629228.185785002075136, 5220846.591306068003178 ], [ 629228.249882929376327, 5220846.524942679330707 ], [ 629228.249882595031522, 5220846.350050495006144 ], [ 629228.197789642377757, 5220846.239722131751478 ], [ 629228.199884998495691, 5220846.075099563226104 ], [ 629228.136584672960453, 5220846.029046160168946 ], [ 629228.074885719339363, 5220845.875114280730486 ], [ 629227.999855429399759, 5220845.868051818571985 ], [ 629227.949932301067747, 5220845.825116561725736 ], [ 629227.750057321973145, 5220845.875117070041597 ], [ 629227.700117404921912, 5220845.950050493702292 ], [ 629227.700115208863281, 5220846.049904668703675 ], [ 629227.805546467890963, 5220846.122712513431907 ], [ 629227.831361091579311, 5220846.194775195792317 ], [ 629227.750117405084893, 5220846.375050494447351 ], [ 629227.763802254688926, 5220846.53074901830405 ], [ 629227.650117405108176, 5220846.700050494633615 ], [ 629227.70011428068392, 5220846.924885720014572 ] ] ] } },
{ "type": "Feature", "properties": { "label": "vineyard", "row_structure": null }, "geometry": { "type": "Polygon", "coordinates": [ [ [ 629247.823035427951254, 5220846.474975913763046 ], [ 629247.877248381963, 5220846.349127538502216 ], [ 629247.99984268262051, 5220846.249863395467401 ], [ 629247.999840973527171, 5220845.750159027054906 ], [ 629247.926717005553655, 5220845.725352123379707 ], [ 629247.901625586790033, 5220845.489820174872875 ], [ 629247.949829318211414, 5220845.424913628026843 ], [ 629247.974840973503888, 5220845.000159027054906 ], [ 629247.950123626855202, 5220845.000159599818289 ], [ 629247.799669526400976, 5220845.301394863054156 ], [ 629247.775000000023283, 5220845.377945758402348 ], [ 629247.796449478017166, 5220845.48304576985538 ], [ 629247.730425126035698, 5220845.67656814865768 ], [ 629247.600152560626157, 5220845.725086883641779 ], [ 629247.399669527076185, 5220846.15139485988766 ], [ 629247.375, 5220846.272054241970181 ], [ 629247.823035427951254, 5220846.474975913763046 ] ] ] } },
{ "type": "Feature", "properties": { "label": "vineyard", "row_structure": null }, "geometry": { "type": "Polygon", "coordinates": [ [ [ 629243.994952426524833, 5220846.303265481255949 ], [ 629244.025065792608075, 5220846.449892274104059 ], [ 629244.300050495192409, 5220846.574882595799863 ], [ 629244.324885719339363, 5220846.574885719455779 ], [ 629244.327579404343851, 5220846.442131884396076 ], [ 629244.380584130180068, 5220846.346970527432859 ], [ 629244.599882929353043, 5220846.29994267784059 ], [ 629244.624885719269514, 5220846.100114280357957 ], [ 629244.546811987413093, 5220846.076276130974293 ], [ 629244.511546870344318, 5220845.996343552134931 ], [ 629244.599882929236628, 5220845.824942679144442 ], [ 629244.630521204671822, 5220845.658933866769075 ], [ 629244.693401560653001, 5220845.604087549261749 ], [ 629244.849949503899552, 5220845.599882596172392 ], [ 629244.949882929446176, 5220845.499942678958178 ], [ 629244.949882929562591, 5220845.400057322345674 ], [ 629244.820768330944702, 5220845.274531004019082 ], [ 629244.79988571931608, 5220845.200114279985428 ], [ 629244.650057322112843, 5220845.200117069296539 ], [ 629244.525117070763372, 5220845.300057320855558 ], [ 629244.525117070646957, 5220845.399942679330707 ], [ 629244.571880962466821, 5220845.492377840913832 ], [ 629244.512448828201741, 5220845.633580317720771 ], [ 629244.250099069206044, 5220845.825100302696228 ], [ 629244.185009134351276, 5220846.082650823518634 ], [ 629244.13159843836911, 5220846.120912452228367 ], [ 629244.05005732155405, 5220846.125117070041597 ], [ 629243.950116591644473, 5220846.249932901002467 ], [ 629243.994952426524833, 5220846.303265481255949 ] ] ] } },
{ "type": "Feature", "properties": { "label": "vineyard", "row_structure": null }, "geometry": { "type": "Polygon", "coordinates": [ [ [ 629203.450117514003068, 5220845.724937187507749 ], [ 629203.525095137418248, 5220845.824884072877467 ], [ 629203.599885047529824, 5220845.82488504704088 ], [ 629203.699881805572659, 5220845.674951042979956 ], [ 629203.699885047622956, 5220845.600114953704178 ], [ 629203.450114952516742, 5220845.625114953145385 ], [ 629203.450117514003068, 5220845.724937187507749 ] ] ] } },
{ "type": "Feature", "properties": { "label": "vineyard", "row_structure": null }, "geometry": { "type": "Polygon", "coordinates": [ [ [ 629217.00331971317064, 5220845.295814221724868 ], [ 629217.125086389482021, 5220845.69982929341495 ], [ 629217.19984097359702, 5220845.699840973131359 ], [ 629217.231330333161168, 5220845.606364756822586 ], [ 629217.516817489638925, 5220845.625284888781607 ], [ 629217.549203204573132, 5220845.656755528412759 ], [ 629217.550159026519395, 5220845.799840973690152 ], [ 629217.624913625302725, 5220845.799829318188131 ], [ 629217.674839269020595, 5220845.749908694066107 ], [ 629217.84947141376324, 5220845.325977020896971 ], [ 629217.85195276059676, 5220845.184835935942829 ], [ 629217.924829228315502, 5220845.049937262199819 ], [ 629217.880568603053689, 5220844.664115010760725 ], [ 629217.90194731450174, 5220844.62959361448884 ], [ 629217.999840395990759, 5220844.599876369349658 ], [ 629217.999826004263014, 5220844.475081442855299 ], [ 629217.949881322216243, 5220844.400157438591123 ], [ 629217.675159718841314, 5220844.425155744887888 ], [ 629217.641572060296312, 5220844.499507016502321 ], [ 629217.264172939700074, 5220844.523959145881236 ], [ 629217.200123631278984, 5220844.500159606337547 ], [ 629217.175170809729025, 5220844.550062756985426 ], [ 629217.175159026519395, 5220844.599840973503888 ], [ 629217.249840973527171, 5220844.599840973503888 ], [ 629217.279505860409699, 5220844.526350516825914 ], [ 629217.664591522421688, 5220844.501331640407443 ], [ 629217.874159510363825, 5220844.634384046308696 ], [ 629217.88942623778712, 5220844.904389638453722 ], [ 629217.800159026519395, 5220844.925159027799964 ], [ 629217.798446110449731, 5220845.026040932163596 ], [ 629217.745903455535881, 5220845.151889134198427 ], [ 629217.525161643861793, 5220845.275150370784104 ], [ 629217.573681918554939, 5220845.454259181395173 ], [ 629217.542429318185896, 5220845.612351092509925 ], [ 629217.113073442713358, 5220845.595356888137758 ], [ 629217.000827302923426, 5220845.277182496152818 ], [ 629216.999840973527171, 5220845.150159027427435 ], [ 629216.925123631139286, 5220845.150159606710076 ], [ 629216.90017070423346, 5220845.249913609586656 ], [ 629217.00331971317064, 5220845.295814221724868 ] ] ] } },
{ "type": "Feature", "properties": { "label": "vineyard", "row_structure": null }, "geometry": { "type": "Polygon", "coordinates": [ [ [ 629220.049859689199366, 5220845.624838124029338 ], [ 629220.324829318327829, 5220845.274913625791669 ], [ 629220.326752134249546, 5220845.075855760835111 ], [ 629220.474846502416767, 5220844.799873371608555 ], [ 629220.449841181049123, 5220844.375161606818438 ], [ 629220.225154021638446, 5220844.425086551345885 ], [ 629220.000169362523593, 5220844.950091810896993 ], [ 629219.996592267765664, 5220845.223471084609628 ], [ 629219.75, 5220845.522054241970181 ], [ 629220.049859689199366, 5220845.624838124029338 ] ] ] } },
{ "type": "Feature", "properties": { "label": "vineyard", "row_structure": null }, "geometry": { "type": "Polygon", "coordinates": [ [ [ 629241.750154485111125, 5220845.699873935431242 ], [ 629241.800062752678059, 5220845.724829189479351 ], [ 629241.922882903250866, 5220845.597545138560236 ], [ 629242.128128579002805, 5220845.598281093873084 ], [ 629242.175150713417679, 5220845.67484319023788 ], [ 629242.399840973550454, 5220845.699840973131359 ], [ 629242.256898931460455, 5220845.672942590899765 ], [ 629242.162323151831515, 5220845.601410874165595 ], [ 629242.163087797584012, 5220845.507663701660931 ], [ 629242.219945601769723, 5220845.413159069605172 ], [ 629242.399952894425951, 5220845.401496006175876 ], [ 629242.245065256720409, 5220845.350512218661606 ], [ 629242.180291882134043, 5220845.13627540692687 ], [ 629242.249841221608222, 5220844.999948129989207 ], [ 629242.249840475386009, 5220844.875048185698688 ], [ 629242.224847698700614, 5220844.80013685207814 ], [ 629242.129709611530416, 5220844.702288907021284 ], [ 629242.124840973527171, 5220844.650159027427435 ], [ 629242.025161643861793, 5220844.675150371156633 ], [ 629242.022115076426417, 5220844.737149272114038 ], [ 629241.924626695457846, 5220844.876030458137393 ], [ 629241.875170764746144, 5220845.02493726182729 ], [ 629242.000081425416283, 5220845.149826039560139 ], [ 629242.174385263118893, 5220845.147485657595098 ], [ 629242.240007298532873, 5220845.373639763332903 ], [ 629242.175156965502538, 5220845.425128184258938 ], [ 629242.125565679743886, 5220845.527251558378339 ], [ 629241.92826888570562, 5220845.525732475332916 ], [ 629241.874913610517979, 5220845.425170707516372 ], [ 629241.800086385454051, 5220845.425170697271824 ], [ 629241.725070422748104, 5220845.598978624679148 ], [ 629241.750154485111125, 5220845.699873935431242 ] ] ] } },
{ "type": "Feature", "properties": { "label": "vineyard", "row_structure": null }, "geometry": { "type": "Polygon", "coordinates": [ [ [ 629206.150745281018317, 5220845.775565028190613 ], [ 629206.299179962603375, 5220845.849593981169164 ], [ 629206.424910588888451, 5220845.82482235878706 ], [ 629206.524846709216945, 5220845.749895107001066 ], [ 629206.574975912924856, 5220845.551964556798339 ], [ 629206.504749067127705, 5220845.337722209282219 ], [ 629206.598819545120932, 5220845.089957169257104 ], [ 629206.749848121427931, 5220845.024852815084159 ], [ 629206.775000000023283, 5220844.92205424234271 ], [ 629206.74987636890728, 5220844.800159607082605 ], [ 629206.600159603985958, 5220844.8251236313954 ], [ 629206.599364932393655, 5220845.075078841298819 ], [ 629206.501960556954145, 5220845.329546155408025 ], [ 629206.175086153438315, 5220845.350161137990654 ], [ 629206.074704121449031, 5220845.47587560210377 ], [ 629206.050068826065399, 5220845.598946122452617 ], [ 629206.150745281018317, 5220845.775565028190613 ] ] ] } },
{ "type": "Feature", "properties": { "label": "vineyard", "row_structure": null }, "geometry": { "type": "Polygon", "coordinates": [ [ [ 629233.17515837715473, 5220845.324841623194516 ], [ 629233.254057545913383, 5220845.327034654095769 ], [ 629233.492612097179517, 5220845.440781905315816 ], [ 629233.450158210122027, 5220845.60004956740886 ], [ 629233.450157901737839, 5220845.74992458242923 ], [ 629233.525064283283427, 5220845.799829993396997 ], [ 629233.599929590825923, 5220845.799822921864688 ], [ 629233.849133586278185, 5220845.700692869722843 ], [ 629233.881912249838933, 5220845.571723620407283 ], [ 629233.999847185448743, 5220845.474858877249062 ], [ 629234.056782994884998, 5220845.296702346764505 ], [ 629234.174840272287838, 5220845.199855354614556 ], [ 629234.072114016744308, 5220845.237349369563162 ], [ 629234.002508254721761, 5220845.385297081433237 ], [ 629233.762046155752614, 5220845.725484556518495 ], [ 629233.620271378313191, 5220845.755169996060431 ], [ 629233.466458001756109, 5220845.574915393255651 ], [ 629233.53338770265691, 5220845.444367433898151 ], [ 629233.68786971247755, 5220845.304862797260284 ], [ 629233.80317858827766, 5220845.020368182100356 ], [ 629233.996967659331858, 5220844.897986218333244 ], [ 629234.174842098145746, 5220844.975075416266918 ], [ 629234.100692694308236, 5220844.925488968379796 ], [ 629233.850822855485603, 5220844.82540559861809 ], [ 629233.325158377178013, 5220844.725158377550542 ], [ 629233.325158377178013, 5220844.749841623008251 ], [ 629233.863477831706405, 5220844.836434986442327 ], [ 629233.931967885233462, 5220844.860813620500267 ], [ 629233.94709769077599, 5220844.902060091495514 ], [ 629233.800037776818499, 5220845.009055413305759 ], [ 629233.697724083671346, 5220845.276140580885112 ], [ 629233.531387413153425, 5220845.439176982268691 ], [ 629233.266646446310915, 5220845.32947826012969 ], [ 629233.249841622659005, 5220845.250158376991749 ], [ 629233.17515837715473, 5220845.250158376991749 ], [ 629233.17515837715473, 5220845.324841623194516 ] ] ] } },
{ "type": "Feature", "properties": { "label": "vineyard", "row_structure": null }, "geometry": { "type": "Polygon", "coordinates": [ [ [ 629211.966267090872861, 5220845.37892593536526 ], [ 629212.027454879018478, 5220845.425000000745058 ], [ 629212.149937188252807, 5220845.424882485531271 ], [ 629212.244293542695232, 5220845.376562776975334 ], [ 629212.325062811956741, 5220845.424882485531271 ], [ 629212.39988504757639, 5220845.424885047599673 ], [ 629212.399884541286156, 5220845.125104646198452 ], [ 629212.324929783586413, 5220845.075117151252925 ], [ 629212.250114952446893, 5220845.075114953331649 ], [ 629212.205557023291476, 5220845.183146961964667 ], [ 629212.100086297956295, 5220845.200116361491382 ], [ 629212.031317188753746, 5220845.270994077436626 ], [ 629211.825115925981663, 5220845.300095138140023 ], [ 629211.825114952516742, 5220845.374885046854615 ], [ 629211.966267090872861, 5220845.37892593536526 ] ] ] } },
{ "type": "Feature", "properties": { "label": "vineyard", "row_structure": null }, "geometry": { "type": "Polygon", "coordinates": [ [ [ 629209.425117513979785, 5220844.199937188066542 ], [ 629209.503307975362986, 5220844.306234454736114 ], [ 629209.475118194590323, 5220844.499951042234898 ], [ 629209.55890140554402, 5220844.645093233324587 ], [ 629209.507957236259244, 5220844.762206414714456 ], [ 629209.425117513979785, 5220844.825062811374664 ], [ 629209.425118194543757, 5220845.074951042421162 ], [ 629209.474904862581752, 5220845.124884072691202 ], [ 629209.524479862186126, 5220845.0094507150352 ], [ 629209.649904862628318, 5220844.974884073249996 ], [ 629209.699881805456243, 5220844.874951042234898 ], [ 629209.69988248613663, 5220844.80006281286478 ], [ 629209.626291291089728, 5220844.711798013187945 ], [ 629209.642973666661419, 5220844.627930066548288 ], [ 629209.999892658903264, 5220844.474902712740004 ], [ 629210.049882849911228, 5220844.399929783307016 ], [ 629210.099882486043498, 5220843.975062812678516 ], [ 629209.82495104172267, 5220843.850118195638061 ], [ 629209.675062811817043, 5220843.825117515400052 ], [ 629209.582957236212678, 5220844.037206414155662 ], [ 629209.425117513979785, 5220844.150062812492251 ], [ 629209.425117513979785, 5220844.199937188066542 ] ] ] } },
{ "type": "Feature", "properties": { "label": "vineyard", "row_structure": null }, "geometry": { "type": "Polygon", "coordinates": [ [ [ 629198.495104687404819, 5220844.753510762937367 ], [ 629198.500170681858435, 5220844.849913627840579 ], [ 629198.650681149563752, 5220844.999138523824513 ], [ 629198.699950393172912, 5220844.897596008144319 ], [ 629198.557677116477862, 5220844.898584871552885 ], [ 629198.538913361029699, 5220844.778785175643861 ], [ 629198.565188227337785, 5220844.747410798445344 ], [ 629198.69984097359702, 5220844.725159027613699 ], [ 629198.545916486880742, 5220844.722960928454995 ], [ 629198.341820366447791, 5220844.62941428180784 ], [ 629198.32484097359702, 5220844.57515902724117 ], [ 629198.275159026496112, 5220844.57515902724117 ], [ 629198.275158328586258, 5220844.599919097498059 ], [ 629198.495104687404819, 5220844.753510762937367 ] ] ] } },
{ "type": "Feature", "properties": { "label": "vineyard", "row_structure": null }, "geometry": { "type": "Polygon", "coordinates": [ [ [ 629244.925124760833569, 5220844.899841143749654 ], [ 629244.974935709033161, 5220844.899829962290823 ], [ 629245.120668807183392, 5220844.802799085155129 ], [ 629245.199841622961685, 5220844.799841622821987 ], [ 629245.19984162284527, 5220844.675158376805484 ], [ 629245.105538958567195, 5220844.673297379165888 ], [ 629245.077312511275522, 5220844.639260307885706 ], [ 629245.078069300740026, 5220844.4011613689363 ], [ 629245.190803469507955, 5220844.325050193816423 ], [ 629245.082005167962052, 5220844.188824629411101 ], [ 629245.065120996674523, 5220844.057250351645052 ], [ 629245.13378960522823, 5220843.942409887909889 ], [ 629245.176632023300044, 5220843.932098459452391 ], [ 629245.377083586063236, 5220844.020592598244548 ], [ 629245.457930777803995, 5220844.126232103444636 ], [ 629245.457119542290457, 5220844.270550783723593 ], [ 629245.422638700576499, 5220844.324952716939151 ], [ 629245.474829990533181, 5220844.249935722909868 ], [ 629245.474594356724992, 5220844.149177080951631 ], [ 629245.400692780036479, 5220844.025866235606372 ], [ 629245.176218403386883, 5220843.92575176153332 ], [ 629245.099950426956639, 5220843.900158208794892 ], [ 629245.050142780179158, 5220843.900157974101603 ], [ 629245.00016921677161, 5220844.000081500969827 ], [ 629245.062785496818833, 5220844.125549221411347 ], [ 629245.005566026549786, 5220844.242513588629663 ], [ 629244.925023943418637, 5220844.301958665251732 ], [ 629244.925158750033006, 5220844.374845414422452 ], [ 629245.069763059960678, 5220844.424442413263023 ], [ 629245.074037258280441, 5220844.655260423198342 ], [ 629245.012413971009664, 5220844.698547443374991 ], [ 629244.925149703980424, 5220844.700160985812545 ], [ 629244.900066651985981, 5220844.848913297988474 ], [ 629244.925124760833569, 5220844.899841143749654 ] ] ] } },
{ "type": "Feature", "properties": { "label": "vineyard", "row_structure": null }, "geometry": { "type": "Polygon", "coordinates": [ [ [ 629225.274949504993856, 5220846.074882595799863 ], [ 629225.481457915273495, 5220845.860780527815223 ], [ 629225.649885719292797, 5220845.799885720014572 ], [ 629225.675000000046566, 5220845.672552487812936 ], [ 629225.665975863928907, 5220845.353506543673575 ], [ 629225.799882595078088, 5220845.199949505738914 ], [ 629225.799884998472407, 5220845.125099563039839 ], [ 629225.714464894263074, 5220845.024250139482319 ], [ 629225.726921471883543, 5220844.880490968003869 ], [ 629225.777860326226801, 5220844.811807873658836 ], [ 629225.949885719339363, 5220844.749885719269514 ], [ 629225.949882929446176, 5220844.675057320855558 ], [ 629225.899942678050138, 5220844.625117070041597 ], [ 629225.650050494936295, 5220844.625117404386401 ], [ 629225.600115163251758, 5220844.650096262805164 ], [ 629225.525117914308794, 5220844.925040097907186 ], [ 629225.516289030667394, 5220845.0748404962942 ], [ 629225.459193947724998, 5220845.136501878499985 ], [ 629225.300095329992473, 5220845.200115208514035 ], [ 629225.250117404968478, 5220845.300050495192409 ], [ 629225.263802254688926, 5220845.455749018117785 ], [ 629225.200115386629477, 5220845.525091701187193 ], [ 629225.195068318862468, 5220845.690036362968385 ], [ 629225.100107725826092, 5220845.800065792165697 ], [ 629225.050117070437409, 5220845.974942677654326 ], [ 629225.274949504993856, 5220846.074882595799863 ] ] ] } },
{ "type": "Feature", "properties": { "label": "vineyard", "row_structure": null }, "geometry": { "type": "Polygon", "coordinates": [ [ [ 629220.474840973503888, 5220844.399840973317623 ], [ 629220.504647989175282, 5220844.091925879009068 ], [ 629220.649840396014042, 5220844.049876369535923 ], [ 629220.623818389954977, 5220844.008653867058456 ], [ 629220.649414854007773, 5220843.817117881029844 ], [ 629220.724975912831724, 5220843.698035444132984 ], [ 629220.724593888968229, 5220843.624179821461439 ], [ 629220.674913609633222, 5220843.525170706212521 ], [ 629220.575062744668685, 5220843.525170779787004 ], [ 629220.475169947021641, 5220843.600101592950523 ], [ 629220.499634706415236, 5220844.078370901755989 ], [ 629220.475544432993047, 5220844.247889542020857 ], [ 629220.400159026496112, 5220844.275159027427435 ], [ 629220.400000000023283, 5220844.372054241597652 ], [ 629220.474840973503888, 5220844.399840973317623 ] ] ] } },
{ "type": "Feature", "properties": { "label": "vineyard", "row_structure": null }, "geometry": { "type": "Polygon", "coordinates": [ [ [ 629230.9500780205708, 5220845.37488323263824 ], [ 629231.024951041676104, 5220845.374881804920733 ], [ 629231.199921979918145, 5220845.324883232824504 ], [ 629231.32488248613663, 5220845.199937188066542 ], [ 629231.358721673255786, 5220844.900133715011179 ], [ 629231.416317390976474, 5220844.835778111591935 ], [ 629231.499904862605035, 5220844.824884072877467 ], [ 629231.549881805549376, 5220844.724951042793691 ], [ 629231.52488504757639, 5220844.475114953704178 ], [ 629231.422698954702355, 5220844.438439329154789 ], [ 629231.399884074111469, 5220844.325095137581229 ], [ 629231.224951042095199, 5220844.25011819601059 ], [ 629231.150117513956502, 5220844.30006281286478 ], [ 629231.125, 5220844.377454861998558 ], [ 629231.149447292089462, 5220844.519521198235452 ], [ 629231.07511851657182, 5220844.800042405724525 ], [ 629231.070694033638574, 5220845.004028468392789 ], [ 629231.022139673819765, 5220845.063192127272487 ], [ 629230.900106372078881, 5220845.10007107630372 ], [ 629230.875117513933219, 5220845.299937189556658 ], [ 629230.9500780205708, 5220845.37488323263824 ] ] ] } },
{ "type": "Feature", "properties": { "label": "vineyard", "row_structure": null }, "geometry": { "type": "Polygon", "coordinates": [ [ [ 629223.050048957928084, 5220844.849881804548204 ], [ 629223.29993718827609, 5220844.874882484786212 ], [ 629223.374882486066781, 5220844.799937189556658 ], [ 629223.399881483521312, 5220844.724957595579326 ], [ 629223.402204722282477, 5220844.570095524191856 ], [ 629223.474881483474746, 5220844.399957595393062 ], [ 629223.474882486043498, 5220844.30006281286478 ], [ 629223.324957596487366, 5220844.225118517875671 ], [ 629223.200042403652333, 5220844.225118517875671 ], [ 629223.075071076513268, 5220844.275106371380389 ], [ 629222.975117150112055, 5220844.400070217438042 ], [ 629222.974447292042896, 5220844.594521198421717 ], [ 629222.925114952493459, 5220844.799885047599673 ], [ 629223.050048957928084, 5220844.849881804548204 ] ] ] } },
{ "type": "Feature", "properties": { "label": "vineyard", "row_structure": null }, "geometry": { "type": "Polygon", "coordinates": [ [ [ 629212.275117513956502, 5220844.474937189370394 ], [ 629212.375095137627795, 5220844.574884072877467 ], [ 629212.599951042095199, 5220844.549881804734468 ], [ 629212.674882486113347, 5220844.499937187880278 ], [ 629212.674884074134752, 5220844.400095137767494 ], [ 629212.524951041676104, 5220844.300118195824325 ], [ 629212.442907453747466, 5220844.284297255799174 ], [ 629212.399913702043705, 5220844.225116361863911 ], [ 629212.275071076466702, 5220844.25010637100786 ], [ 629212.251114677637815, 5220844.351300762966275 ], [ 629212.275117513956502, 5220844.474937189370394 ] ] ] } },
{ "type": "Feature", "properties": { "label": "vineyard", "row_structure": null }, "geometry": { "type": "Polygon", "coordinates": [ [ [ 629237.02516995719634, 5220844.624898401089013 ], [ 629237.075096111861058, 5220844.674842419102788 ], [ 629237.199937247438356, 5220844.674829189665616 ], [ 629237.249840395990759, 5220844.649876369163394 ], [ 629237.249830917688087, 5220844.55011869315058 ], [ 629237.146843603812158, 5220844.441977348178625 ], [ 629237.128077891655266, 5220844.245148306712508 ], [ 629237.395793272298761, 5220844.175710847601295 ], [ 629237.524865145795047, 5220844.174832467921078 ], [ 629237.674841671483591, 5220844.049919097684324 ], [ 629237.674837478785776, 5220843.600144134834409 ], [ 629237.474913614569232, 5220843.475170697085559 ], [ 629237.400086376117542, 5220843.475170683115721 ], [ 629237.350170681718737, 5220843.525086374953389 ], [ 629237.350159450434148, 5220843.649951826781034 ], [ 629237.400037396466359, 5220843.790943058207631 ], [ 629237.600864059873857, 5220843.894603334367275 ], [ 629237.550846742931753, 5220844.104790053330362 ], [ 629237.399926942656748, 5220844.172308700159192 ], [ 629237.138178484514356, 5220844.22255576774478 ], [ 629237.000159026472829, 5220844.20015902724117 ], [ 629237.02516995719634, 5220844.624898401089013 ] ] ] } },
{ "type": "Feature", "properties": { "label": "vineyard", "row_structure": null }, "geometry": { "type": "Polygon", "coordinates": [ [ [ 629214.55009626224637, 5220845.049884838052094 ], [ 629214.706765937036835, 5220844.991209152154624 ], [ 629214.769552538986318, 5220845.019129848107696 ], [ 629214.800115208956413, 5220845.099904671311378 ], [ 629214.850050495238975, 5220845.124882595613599 ], [ 629214.949949505040422, 5220845.124882595613599 ], [ 629215.07494267844595, 5220845.074882930144668 ], [ 629215.175000000046566, 5220844.947552488185465 ], [ 629215.17488571931608, 5220844.900114280171692 ], [ 629215.082150755799375, 5220844.837135129608214 ], [ 629215.079931681160815, 5220844.709963637404144 ], [ 629215.166419690824114, 5220844.587551166303456 ], [ 629215.349892273661681, 5220844.549934208393097 ], [ 629215.375, 5220844.352447513490915 ], [ 629215.349882929353043, 5220844.275057322345674 ], [ 629215.299942678073421, 5220844.225117069669068 ], [ 629215.022552486974746, 5220844.149999999441206 ], [ 629214.900050496100448, 5220844.150117403827608 ], [ 629214.700064700795338, 5220844.250108930282295 ], [ 629214.625107726315036, 5220844.325065792538226 ], [ 629214.575117070460692, 5220844.44994267821312 ], [ 629214.80260782840196, 5220844.526794510893524 ], [ 629214.845068318536505, 5220844.584963636472821 ], [ 629214.845068318536505, 5220844.665036363527179 ], [ 629214.69878915278241, 5220844.85678983759135 ], [ 629214.622363664093427, 5220844.860638201236725 ], [ 629214.525114280870184, 5220844.800114280544221 ], [ 629214.55009626224637, 5220845.049884838052094 ] ] ] } },
{ "type": "Feature", "properties": { "label": "vineyard", "row_structure": null }, "geometry": { "type": "Polygon", "coordinates": [ [ [ 629226.075162316788919, 5220844.324916055426002 ], [ 629226.174924581078812, 5220844.349842100404203 ], [ 629226.249829997424968, 5220844.224935723468661 ], [ 629226.253616421250626, 5220843.996803404763341 ], [ 629226.74983032012824, 5220843.024928893893957 ], [ 629226.724875239422545, 5220842.850158856250346 ], [ 629226.524229516158812, 5220842.846783621236682 ], [ 629226.274870805558749, 5220842.675155716016889 ], [ 629226.150158377364278, 5220842.675158376805484 ], [ 629226.150157903670333, 5220842.749924583360553 ], [ 629226.343573190737516, 5220843.105529341846704 ], [ 629226.175157902762294, 5220843.325075417757034 ], [ 629226.149096378823742, 5220843.699562963098288 ], [ 629226.025060447747819, 5220844.148786627687514 ], [ 629226.075162316788919, 5220844.324916055426002 ] ] ] } },
{ "type": "Feature", "properties": { "label": "vineyard", "row_structure": null }, "geometry": { "type": "Polygon", "coordinates": [ [ [ 629201.341808361234143, 5220843.707496320828795 ], [ 629201.400186796439812, 5220843.700792398303747 ], [ 629201.43076314823702, 5220843.729144203476608 ], [ 629201.500159026472829, 5220844.049840973690152 ], [ 629201.774840973550454, 5220844.024840973317623 ], [ 629201.774842569837347, 5220844.000145254656672 ], [ 629201.650956048397347, 5220843.950527786277235 ], [ 629201.54880287789274, 5220843.940477569587529 ], [ 629201.438600746565498, 5220843.720498658716679 ], [ 629201.457051298464648, 5220843.683852460235357 ], [ 629201.624840253265575, 5220843.599848286248744 ], [ 629201.612050973344594, 5220843.458729021251202 ], [ 629201.720451544504613, 5220843.310811964794993 ], [ 629201.799876368837431, 5220843.299840394407511 ], [ 629201.824829190387391, 5220843.249937243759632 ], [ 629201.824833337333985, 5220843.17513754684478 ], [ 629201.706565033295192, 5220843.053182071074843 ], [ 629201.69984097359702, 5220842.975159027613699 ], [ 629201.625159026472829, 5220842.975159027613699 ], [ 629201.625, 5220843.04705424234271 ], [ 629201.701422125915997, 5220843.22461802046746 ], [ 629201.528630909975618, 5220843.298560633324087 ], [ 629201.350123626063578, 5220843.325159600935876 ], [ 629201.250178164104, 5220843.550062042661011 ], [ 629201.250159590039402, 5220843.624876383692026 ], [ 629201.306283482117578, 5220843.691967969760299 ], [ 629201.125, 5220843.897054241970181 ], [ 629201.341808361234143, 5220843.707496320828795 ] ] ] } },
{ "type": "Feature", "properties": { "label": "vineyard", "row_structure": null }, "geometry": { "type": "Polygon", "coordinates": [ [ [ 629242.47484596632421, 5220844.524913443252444 ], [ 629242.549945339909755, 5220844.297556927427649 ], [ 629242.457869280828163, 5220844.085669557563961 ], [ 629242.550195339485072, 5220843.952627470716834 ], [ 629242.899857977754436, 5220843.624850272201002 ], [ 629242.924840973573737, 5220843.45015902724117 ], [ 629242.80008639045991, 5220843.450170706026256 ], [ 629242.775143585982732, 5220843.475084900856018 ], [ 629242.349365318659693, 5220844.199472069740295 ], [ 629242.100157329114154, 5220844.400136613287032 ], [ 629242.099999999976717, 5220844.647054241970181 ], [ 629242.47484596632421, 5220844.524913443252444 ] ] ] } },
{ "type": "Feature", "properties": { "label": "vineyard", "row_structure": null }, "geometry": { "type": "Polygon", "coordinates": [ [ [ 629245.048434186843224, 5220843.680595340207219 ], [ 629245.025117070646957, 5220843.874942678958178 ], [ 629245.275050494936295, 5220843.999882595613599 ], [ 629245.352447513025254, 5220844.025000000372529 ], [ 629245.499885719153099, 5220843.999885719269514 ], [ 629245.494490121724084, 5220843.795214286074042 ], [ 629245.58375927223824, 5220843.728980157524347 ], [ 629245.840354953077622, 5220843.821583274751902 ], [ 629245.875622924184427, 5220843.877016344107687 ], [ 629245.875114280846901, 5220843.999885719269514 ], [ 629245.949885719339363, 5220843.999885719269514 ], [ 629246.049882085877471, 5220843.724959902465343 ], [ 629246.057612046715803, 5220843.436731656081975 ], [ 629246.10286032629665, 5220843.386807872913778 ], [ 629246.17490467033349, 5220843.374884790740907 ], [ 629246.200000000069849, 5220843.322552488185465 ], [ 629246.111097266315483, 5220843.245785412378609 ], [ 629246.099882594891824, 5220843.125050494447351 ], [ 629246.029466131469235, 5220843.013804520480335 ], [ 629246.036007880582474, 5220842.946704735979438 ], [ 629246.099882594891824, 5220842.84994950518012 ], [ 629246.099999999976717, 5220842.677447512745857 ], [ 629246.024934208835475, 5220842.45010772626847 ], [ 629245.649949503713287, 5220842.275117403827608 ], [ 629245.550095329410397, 5220842.275115208700299 ], [ 629245.525116275297478, 5220842.399926442652941 ], [ 629245.591289030620828, 5220842.475159503519535 ], [ 629245.600115208886564, 5220842.54990467056632 ], [ 629245.674434594460763, 5220842.607277628034353 ], [ 629245.6744345825864, 5220842.692722397856414 ], [ 629245.600115163251758, 5220842.750096262432635 ], [ 629245.59238795330748, 5220842.838268343359232 ], [ 629245.547139673726633, 5220842.888192126527429 ], [ 629245.225057322066277, 5220842.900117069482803 ], [ 629245.175117070437409, 5220842.95005732215941 ], [ 629245.050117404898629, 5220843.27505049481988 ], [ 629245.098708748351783, 5220843.461815484799445 ], [ 629245.000115163391456, 5220843.55009626224637 ], [ 629245.048434186843224, 5220843.680595340207219 ] ] ] } },
{ "type": "Feature", "properties": { "label": "vineyard", "row_structure": null }, "geometry": { "type": "Polygon", "coordinates": [ [ [ 629239.775086389505304, 5220843.999829293228686 ], [ 629239.84986369102262, 5220843.999843054451048 ], [ 629239.987693925271742, 5220843.831865650601685 ], [ 629240.139683461748064, 5220843.798828423023224 ], [ 629240.393558215815574, 5220843.78148967307061 ], [ 629240.425162934232503, 5220843.874843705445528 ], [ 629240.599876373191364, 5220843.89984040055424 ], [ 629240.674840973573737, 5220843.675159027799964 ], [ 629240.451026412425563, 5220843.724805445410311 ], [ 629240.409876135643572, 5220843.775487191975117 ], [ 629240.167989921523258, 5220843.794322711415589 ], [ 629240.131559151108377, 5220843.776382497511804 ], [ 629240.124840973527171, 5220843.725159027613699 ], [ 629239.850136621389538, 5220843.725157342851162 ], [ 629239.750167563441209, 5220843.850134872831404 ], [ 629239.75, 5220843.972054241225123 ], [ 629239.775086389505304, 5220843.999829293228686 ] ] ] } },
{ "type": "Feature", "properties": { "label": "vineyard", "row_structure": null }, "geometry": { "type": "Polygon", "coordinates": [ [ [ 629234.199885047622956, 5220844.974885047413409 ], [ 629234.208200560184196, 5220844.85704377759248 ], [ 629234.274898799834773, 5220844.799908277578652 ], [ 629234.324881483567879, 5220844.674957595765591 ], [ 629234.308843292878009, 5220844.478811012580991 ], [ 629234.412555906572379, 5220844.241411786526442 ], [ 629234.574881805572659, 5220844.024951042607427 ], [ 629234.549884074134752, 5220843.875095137394965 ], [ 629234.175114952493459, 5220843.725114953704178 ], [ 629234.187439937377349, 5220843.814673054032028 ], [ 629234.145062218769453, 5220843.965056913904846 ], [ 629234.050118194543757, 5220844.125048957765102 ], [ 629234.036193286068738, 5220844.259968268685043 ], [ 629233.900118194520473, 5220844.400048958137631 ], [ 629233.897795277764089, 5220844.529904476366937 ], [ 629233.800118194543757, 5220844.725048958323896 ], [ 629233.80011592595838, 5220844.8249048627913 ], [ 629234.199885047622956, 5220844.974885047413409 ] ] ] } },
{ "type": "Feature", "properties": { "label": "vineyard", "row_structure": null }, "geometry": { "type": "Polygon", "coordinates": [ [ [ 629215.20014345983509, 5220843.824841354973614 ], [ 629215.274840973550454, 5220843.824840973131359 ], [ 629215.288822256261483, 5220843.747937666252255 ], [ 629215.491878613363951, 5220843.653602504171431 ], [ 629215.599843698902987, 5220843.64983706176281 ], [ 629215.650835092877969, 5220843.398363532498479 ], [ 629215.800100950524211, 5220843.124063329771161 ], [ 629215.849834989290684, 5220842.92493015434593 ], [ 629215.849842563737184, 5220842.750118678435683 ], [ 629215.773860165616497, 5220842.70006460417062 ], [ 629215.60015114559792, 5220842.725150058977306 ], [ 629215.523413560236804, 5220843.076072623953223 ], [ 629215.42435209127143, 5220843.324650685302913 ], [ 629215.202554253977723, 5220843.447341771796346 ], [ 629215.125086374697275, 5220843.450170682743192 ], [ 629215.075170681811869, 5220843.500086375512183 ], [ 629215.075064087286592, 5220843.57384966313839 ], [ 629215.20014345983509, 5220843.824841354973614 ] ] ] } },
{ "type": "Feature", "properties": { "label": "vineyard", "row_structure": null }, "geometry": { "type": "Polygon", "coordinates": [ [ [ 629217.949840396060608, 5220842.949876368977129 ], [ 629217.98196739773266, 5220842.878003596328199 ], [ 629218.312192164710723, 5220842.876868192106485 ], [ 629218.350123631185852, 5220842.924840394407511 ], [ 629218.43217939871829, 5220842.93869333807379 ], [ 629218.598008411470801, 5220843.223269001580775 ], [ 629218.594821917358786, 5220843.500623159110546 ], [ 629218.500086384708993, 5220843.525170697830617 ], [ 629218.440425200155005, 5220843.599773843772709 ], [ 629218.273756845504977, 5220843.622571444138885 ], [ 629218.136566920904443, 5220843.531923488713801 ], [ 629218.124840973527171, 5220843.475159027613699 ], [ 629217.975159026449546, 5220843.475159027613699 ], [ 629217.975159026449546, 5220843.549840973690152 ], [ 629218.098512214957736, 5220843.553383533842862 ], [ 629218.19015172298532, 5220843.650909145362675 ], [ 629218.125158777926117, 5220843.825051872059703 ], [ 629218.125073871808127, 5220843.949048832990229 ], [ 629218.150150369154289, 5220844.024838355369866 ], [ 629218.224911148310639, 5220844.024826359003782 ], [ 629218.299843034590594, 5220843.974871817044914 ], [ 629218.300872380728833, 5220843.838876228779554 ], [ 629218.347846035729162, 5220843.756702387705445 ], [ 629218.549854750628583, 5220843.724842572584748 ], [ 629218.599821778712794, 5220843.599937942810357 ], [ 629218.603832584340125, 5220843.328034101054072 ], [ 629218.69984097359702, 5220843.299840973690152 ], [ 629218.69984097359702, 5220843.225159027613699 ], [ 629218.594132202677429, 5220843.203246719203889 ], [ 629218.47656287252903, 5220842.90370487049222 ], [ 629218.474829235114157, 5220842.825062738731503 ], [ 629218.39988132531289, 5220842.700157433748245 ], [ 629218.325159026542678, 5220842.70015902724117 ], [ 629218.304020528681576, 5220842.868004472926259 ], [ 629217.955713292234577, 5220842.874878455884755 ], [ 629217.87512363109272, 5220842.850159606896341 ], [ 629217.850159026449546, 5220842.974840973503888 ], [ 629217.949840396060608, 5220842.949876368977129 ] ] ] } },
{ "type": "Feature", "properties": { "label": "vineyard", "row_structure": null }, "geometry": { "type": "Polygon", "coordinates": [ [ [ 629203.699949504807591, 5220845.074882595799863 ], [ 629203.874892273801379, 5220844.949934208765626 ], [ 629203.938230215222575, 5220844.821358448825777 ], [ 629204.049882929422893, 5220844.774942678399384 ], [ 629204.075000000069849, 5220844.697552488185465 ], [ 629204.054931681137532, 5220844.48496363684535 ], [ 629204.125904229702428, 5220844.33284483011812 ], [ 629204.249884836724959, 5220844.274903737939894 ], [ 629204.277201986056753, 5220843.970110202208161 ], [ 629204.324882085900754, 5220843.824959902092814 ], [ 629204.324882595101371, 5220843.725050495006144 ], [ 629204.274883724632673, 5220843.600073558278382 ], [ 629204.199934207368642, 5220843.52510772459209 ], [ 629204.127447513048537, 5220843.5 ], [ 629204.075064699165523, 5220843.525108931586146 ], [ 629204.000117405084893, 5220843.650050493888557 ], [ 629203.988192126504146, 5220844.197139673866332 ], [ 629203.938268343219534, 5220844.242387953214347 ], [ 629203.775114280870184, 5220844.275114280171692 ], [ 629203.750116275274195, 5220844.399926442652941 ], [ 629203.820833067176864, 5220844.48415522929281 ], [ 629203.827869393979199, 5220844.594907524995506 ], [ 629203.777631452307105, 5220844.64203420188278 ], [ 629203.700057322042994, 5220844.650117069482803 ], [ 629203.560721616959199, 5220844.781870372593403 ], [ 629203.500057321973145, 5220844.800117069855332 ], [ 629203.425117070553824, 5220844.875057321041822 ], [ 629203.425115208956413, 5220844.974904671311378 ], [ 629203.699949504807591, 5220845.074882595799863 ] ] ] } },
{ "type": "Feature", "properties": { "label": "vineyard", "row_structure": null }, "geometry": { "type": "Polygon", "coordinates": [ [ [ 629199.025125551270321, 5220844.249841328710318 ], [ 629199.124876373214647, 5220844.249840400181711 ], [ 629199.174829247756861, 5220844.149937266483903 ], [ 629199.176335259689949, 5220843.874185208231211 ], [ 629199.499848690698855, 5220842.999929795973003 ], [ 629199.499840395990759, 5220842.900123631581664 ], [ 629199.449937247438356, 5220842.875170811079443 ], [ 629199.172368997009471, 5220842.938713447190821 ], [ 629198.974854695028625, 5220842.700160378590226 ], [ 629198.950167314615101, 5220842.724862023256719 ], [ 629199.16569130087737, 5220842.967257426120341 ], [ 629199.02517070423346, 5220843.225086390972137 ], [ 629198.951109275105409, 5220843.545993252657354 ], [ 629198.825154838035814, 5220843.700134749524295 ], [ 629198.75, 5220844.122054241597652 ], [ 629199.025125551270321, 5220844.249841328710318 ] ] ] } },
{ "type": "Feature", "properties": { "label": "vineyard", "row_structure": null }, "geometry": { "type": "Polygon", "coordinates": [ [ [ 629237.600104823242873, 5220843.399832078255713 ], [ 629237.779021554160863, 5220843.433962786570191 ], [ 629237.900130651658401, 5220843.624870268628001 ], [ 629238.000062734470703, 5220843.674829247407615 ], [ 629238.074134866357781, 5220843.650687598623335 ], [ 629238.124838360003196, 5220843.475150366313756 ], [ 629238.000072728493251, 5220843.424928152933717 ], [ 629237.879846615949646, 5220843.324878959916532 ], [ 629237.900027902098373, 5220843.100028402172029 ], [ 629238.003223582054488, 5220842.953447260893881 ], [ 629238.229150212020613, 5220842.978177523240447 ], [ 629238.251095714629628, 5220843.099933229386806 ], [ 629238.324876368977129, 5220843.099840394221246 ], [ 629238.374975912855007, 5220842.973035444505513 ], [ 629238.374840973527171, 5220842.925159027799964 ], [ 629238.300096112070605, 5220842.925157582387328 ], [ 629238.235001292545348, 5220842.973215278238058 ], [ 629238.004651353112422, 5220842.930427649058402 ], [ 629238.099829214625061, 5220842.74993725400418 ], [ 629238.124840400763787, 5220842.450123626738787 ], [ 629237.775123626808636, 5220842.300159600563347 ], [ 629237.600487722782418, 5220842.797960267402232 ], [ 629237.400581765570678, 5220843.124121787026525 ], [ 629237.400068154209293, 5220843.198932447470725 ], [ 629237.600104823242873, 5220843.399832078255713 ] ] ] } },
{ "type": "Feature", "properties": { "label": "vineyard", "row_structure": null }, "geometry": { "type": "Polygon", "coordinates": [ [ [ 629212.475117150112055, 5220843.59992978349328 ], [ 629212.521074064192362, 5220843.658732908777893 ], [ 629212.525114952470176, 5220843.799885047599673 ], [ 629212.611480828374624, 5220843.814864480867982 ], [ 629212.700062811840326, 5220843.899882485158741 ], [ 629212.774895354523323, 5220843.899884540587664 ], [ 629212.849881805363111, 5220843.774951042607427 ], [ 629212.807149391970597, 5220843.537868280895054 ], [ 629212.899885047692806, 5220843.474885047413409 ], [ 629212.938235269044526, 5220843.396354478783906 ], [ 629213.02488504757639, 5220843.374885046854615 ], [ 629213.024884074111469, 5220843.300095138140023 ], [ 629212.899928923579864, 5220843.200106371194124 ], [ 629212.799951042165048, 5220843.150118196383119 ], [ 629212.72511495242361, 5220843.150114953517914 ], [ 629212.701384883839637, 5220843.448561378754675 ], [ 629212.621728093596175, 5220843.48396831844002 ], [ 629212.47511495242361, 5220843.450114953331649 ], [ 629212.475117150112055, 5220843.59992978349328 ] ] ] } },
{ "type": "Feature", "properties": { "label": "vineyard", "row_structure": null }, "geometry": { "type": "Polygon", "coordinates": [ [ [ 629220.800834344816394, 5220843.349284225143492 ], [ 629220.874844716279767, 5220843.299862530082464 ], [ 629221.05932368140202, 5220843.074370469897985 ], [ 629221.575335184694268, 5220843.074023787863553 ], [ 629221.599840973503888, 5220843.000159027054906 ], [ 629221.086633434286341, 5220843.002454861998558 ], [ 629221.048278978327289, 5220842.973809847608209 ], [ 629221.032281853025779, 5220842.728995732031763 ], [ 629221.12569564266596, 5220842.674124031327665 ], [ 629221.324840823188424, 5220842.449867182411253 ], [ 629221.299841671483591, 5220842.125080903060734 ], [ 629221.274913610541262, 5220842.100170707330108 ], [ 629220.999497928773053, 5220842.125227425247431 ], [ 629220.849626527633518, 5220842.1760307950899 ], [ 629220.825171793578193, 5220842.24987608846277 ], [ 629220.899160025641322, 5220842.527505462057889 ], [ 629220.875167411519215, 5220842.799871310591698 ], [ 629220.963340561254881, 5220842.997329941950738 ], [ 629220.779504413018003, 5220843.145853725261986 ], [ 629220.650145253050141, 5220843.150157429277897 ], [ 629220.599999999976717, 5220843.347054242156446 ], [ 629220.800834344816394, 5220843.349284225143492 ] ] ] } },
{ "type": "Feature", "properties": { "label": "vineyard", "row_structure": null }, "geometry": { "type": "Polygon", "coordinates": [ [ [ 629231.350948652019724, 5220844.324926586821675 ], [ 629231.574916065088473, 5220844.274837695993483 ], [ 629231.924842102569528, 5220843.924924586899579 ], [ 629232.02484109706711, 5220843.175123829394579 ], [ 629231.826156273717061, 5220843.100063243880868 ], [ 629231.685901335673407, 5220843.193759050220251 ], [ 629231.396754718502052, 5220843.08087460976094 ], [ 629231.350158377084881, 5220843.025158377364278 ], [ 629231.350158377201296, 5220843.074841623194516 ], [ 629231.670642922399566, 5220843.191128618083894 ], [ 629231.692046921234578, 5220843.232889322564006 ], [ 629231.67022013431415, 5220843.304614902473986 ], [ 629231.52515634871088, 5220843.425126621499658 ], [ 629231.521816242253408, 5220843.602932651527226 ], [ 629231.200162718188949, 5220844.125101351179183 ], [ 629231.199999999953434, 5220844.247063057497144 ], [ 629231.350948652019724, 5220844.324926586821675 ] ] ] } },
{ "type": "Feature", "properties": { "label": "vineyard", "row_structure": null }, "geometry": { "type": "Polygon", "coordinates": [ [ [ 629228.925581765593961, 5220843.650878213346004 ], [ 629229.050086385454051, 5220843.824829303659499 ], [ 629229.174918574630283, 5220843.824826039373875 ], [ 629229.274829303612933, 5220843.749913616105914 ], [ 629229.324954128358513, 5220843.423478879034519 ], [ 629229.305930103058927, 5220843.264883311465383 ], [ 629229.397226459463127, 5220843.080774828791618 ], [ 629229.474861471448094, 5220843.024856247007847 ], [ 629229.524811025941744, 5220842.924925917759538 ], [ 629229.599840395967476, 5220842.475123631767929 ], [ 629229.400086384732276, 5220842.450170697644353 ], [ 629229.324550017365254, 5220842.55118381883949 ], [ 629229.300000000046566, 5220842.602945760823786 ], [ 629229.313730154070072, 5220843.004467045888305 ], [ 629229.107513623544946, 5220843.118968713097274 ], [ 629228.950062748626806, 5220843.100170793943107 ], [ 629228.875170793035068, 5220843.175062750466168 ], [ 629228.925581765593961, 5220843.650878213346004 ] ] ] } },
{ "type": "Feature", "properties": { "label": "vineyard", "row_structure": null }, "geometry": { "type": "Polygon", "coordinates": [ [ [ 629242.900170764769427, 5220842.724937262013555 ], [ 629242.998967453720979, 5220842.903988420031965 ], [ 629242.925159604055807, 5220843.199876368977129 ], [ 629243.049840973573737, 5220843.224840973503888 ], [ 629243.049829321797006, 5220843.100086372345686 ], [ 629243.012540872441605, 5220843.040353923104703 ], [ 629243.083813170087524, 5220842.913666164502501 ], [ 629243.181747094844468, 5220842.900801782496274 ], [ 629243.300086374743842, 5220842.974829318001866 ], [ 629243.374913612613454, 5220842.974829299375415 ], [ 629243.526809099595994, 5220842.72420047223568 ], [ 629243.647975943982601, 5220842.629420614801347 ], [ 629243.699876368977129, 5220842.624840393662453 ], [ 629243.799593979492784, 5220842.375820042565465 ], [ 629243.799840973573737, 5220842.300159027799964 ], [ 629243.675768443266861, 5220842.324411882087588 ], [ 629243.641206342261285, 5220842.472991322167218 ], [ 629243.527095781522803, 5220842.479539927095175 ], [ 629243.474841375485994, 5220842.400143441744149 ], [ 629243.199896535370499, 5220842.225163949653506 ], [ 629243.100159026449546, 5220842.225159027613699 ], [ 629243.137286109733395, 5220842.423430313356221 ], [ 629243.053371732123196, 5220842.518767210654914 ], [ 629242.975142306298949, 5220842.52516062092036 ], [ 629242.900163474376313, 5220842.650100604631007 ], [ 629242.900170764769427, 5220842.724937262013555 ] ] ] } },
{ "type": "Feature", "properties": { "label": "vineyard", "row_structure": null }, "geometry": { "type": "Polygon", "coordinates": [ [ [ 629231.600681097712368, 5220842.599138817749918 ], [ 629231.689214595709927, 5220842.451684731058776 ], [ 629231.889659870183095, 5220842.45105994027108 ], [ 629232.025544677395374, 5220842.576894507743418 ], [ 629232.114646737696603, 5220842.7436444433406 ], [ 629232.026735250488855, 5220842.912926409393549 ], [ 629231.950086376164109, 5220842.925170683301985 ], [ 629231.875153262750246, 5220843.000104866921902 ], [ 629231.850068727275357, 5220843.123944113962352 ], [ 629232.074913625023328, 5220843.199829317629337 ], [ 629232.12482931825798, 5220843.149913625791669 ], [ 629232.103492107358761, 5220842.947314020246267 ], [ 629232.190867113182321, 5220842.794783508405089 ], [ 629232.299881288665347, 5220842.774830888956785 ], [ 629232.474401810672134, 5220842.5759107908234 ], [ 629232.574829318327829, 5220842.100086375139654 ], [ 629232.399937267415226, 5220841.975170753896236 ], [ 629232.175086155184545, 5220842.00016113743186 ], [ 629231.900153307709843, 5220842.275104905478656 ], [ 629231.871673138113692, 5220842.412826645188034 ], [ 629231.575123631162569, 5220842.450159606523812 ], [ 629231.525159026496112, 5220842.599840973503888 ], [ 629231.600681097712368, 5220842.599138817749918 ] ] ] } },
{ "type": "Feature", "properties": { "label": "vineyard", "row_structure": null }, "geometry": { "type": "Polygon", "coordinates": [ [ [ 629223.575117514003068, 5220842.999937187880278 ], [ 629223.691799439839087, 5220843.10704377759248 ], [ 629223.700117514003068, 5220843.249937187880278 ], [ 629223.725062811630778, 5220843.274882485158741 ], [ 629223.849937188206241, 5220843.274882485158741 ], [ 629223.874882486066781, 5220843.249937187880278 ], [ 629223.875, 5220842.977454862557352 ], [ 629223.849904862581752, 5220842.925115928053856 ], [ 629223.747545121004805, 5220842.875 ], [ 629223.675062811817043, 5220842.875117515213788 ], [ 629223.575114952516742, 5220842.925114953890443 ], [ 629223.575117514003068, 5220842.999937187880278 ] ] ] } },
{ "type": "Feature", "properties": { "label": "vineyard", "row_structure": null }, "geometry": { "type": "Polygon", "coordinates": [ [ [ 629210.099885719129816, 5220843.974885719828308 ], [ 629210.104931681416929, 5220843.884963636286557 ], [ 629210.162711169454269, 5220843.772907991893589 ], [ 629210.27488259493839, 5220843.649949505925179 ], [ 629210.277201986056753, 5220843.495110201649368 ], [ 629210.325000000069849, 5220843.372552487999201 ], [ 629210.287827484076843, 5220843.083639036864042 ], [ 629210.329787898575887, 5220843.017622783780098 ], [ 629210.399885719292797, 5220842.999885719269514 ], [ 629210.399885719292797, 5220842.950114279985428 ], [ 629210.149949504993856, 5220842.850117404013872 ], [ 629210.050050495192409, 5220842.850117404013872 ], [ 629209.925117070553824, 5220842.925057320855558 ], [ 629209.922798014013097, 5220843.154889796860516 ], [ 629209.850117914145812, 5220843.375040099024773 ], [ 629209.873681084136479, 5220843.68144622258842 ], [ 629209.830207740422338, 5220843.749884375371039 ], [ 629209.70011428068392, 5220843.800114280544221 ], [ 629209.703122003353201, 5220843.82565894164145 ], [ 629210.099885719129816, 5220843.974885719828308 ] ] ] } },
{ "type": "Feature", "properties": { "label": "vineyard", "row_structure": null }, "geometry": { "type": "Polygon", "coordinates": [ [ [ 629207.125062811770476, 5220843.924882485531271 ], [ 629207.374937188229524, 5220843.899882485158741 ], [ 629207.474881805479527, 5220843.749951042234898 ], [ 629207.513514570542611, 5220843.565775845199823 ], [ 629207.599884541239589, 5220843.499895353801548 ], [ 629207.587560061831027, 5220843.260326953604817 ], [ 629207.613514570519328, 5220843.165775844827294 ], [ 629207.674882486113347, 5220843.099937189370394 ], [ 629207.674882486113347, 5220842.950062811374664 ], [ 629207.564888188382611, 5220842.892051030881703 ], [ 629207.499937188229524, 5220842.800117515958846 ], [ 629207.275048958370462, 5220842.800118195824325 ], [ 629207.200117514003068, 5220842.850062812678516 ], [ 629207.197928402456455, 5220843.223546037450433 ], [ 629207.100117513909936, 5220843.325062811374664 ], [ 629207.097795277833939, 5220843.429904475808144 ], [ 629207.050118194543757, 5220843.525048958137631 ], [ 629207.074447292136028, 5220843.694521198049188 ], [ 629207.025117513956502, 5220843.824937188066542 ], [ 629207.125062811770476, 5220843.924882485531271 ] ] ] } },
{ "type": "Feature", "properties": { "label": "vineyard", "row_structure": null }, "geometry": { "type": "Polygon", "coordinates": [ [ [ 629234.200062811840326, 5220843.749882484786212 ], [ 629234.549895354546607, 5220843.874884540215135 ], [ 629234.69988248613663, 5220843.649937188252807 ], [ 629234.729937781230547, 5220843.509943086653948 ], [ 629234.824881805572659, 5220843.324951042421162 ], [ 629234.82555270800367, 5220842.98047880269587 ], [ 629234.949881805572659, 5220842.724951042793691 ], [ 629234.924928923719563, 5220842.675106371752918 ], [ 629234.699951042188331, 5220842.575118196196854 ], [ 629234.625114952446893, 5220842.575114953331649 ], [ 629234.525118516525254, 5220842.800042405724525 ], [ 629234.516278326744214, 5220842.99986628536135 ], [ 629234.425117513979785, 5220843.100062812678516 ], [ 629234.38922188791912, 5220843.258682610467076 ], [ 629234.300106372102164, 5220843.35007107630372 ], [ 629234.236485429457389, 5220843.509224155917764 ], [ 629234.150116766802967, 5220843.600078022107482 ], [ 629234.200062811840326, 5220843.749882484786212 ] ] ] } },
{ "type": "Feature", "properties": { "label": "vineyard", "row_structure": null }, "geometry": { "type": "Polygon", "coordinates": [ [ [ 629212.950133571401238, 5220842.849828590638936 ], [ 629213.024844762985595, 5220842.849840600974858 ], [ 629213.105064910836518, 5220842.522850981913507 ], [ 629213.279940132051706, 5220842.341961601749063 ], [ 629213.514634274179116, 5220842.543169234879315 ], [ 629213.475159026449546, 5220842.799840973690152 ], [ 629213.549849614617415, 5220842.799838343635201 ], [ 629213.599840973503888, 5220842.550159027799964 ], [ 629213.519296529120766, 5220842.542354356497526 ], [ 629213.285580080351792, 5220842.33184458501637 ], [ 629213.275000000023283, 5220842.197996551170945 ], [ 629213.525681108934805, 5220841.999138806015253 ], [ 629213.674840813619085, 5220841.824895376339555 ], [ 629213.724829318234697, 5220841.450086375698447 ], [ 629213.599911170080304, 5220841.350173593498766 ], [ 629213.350091305095702, 5220841.425160733051598 ], [ 629213.275153693160973, 5220841.500083292834461 ], [ 629213.247158915037289, 5220841.930311461910605 ], [ 629213.110291688935831, 5220842.190645506605506 ], [ 629212.950151755707338, 5220842.200159777887166 ], [ 629212.87488946004305, 5220842.500031529925764 ], [ 629212.800168950925581, 5220842.650100086815655 ], [ 629212.800000000046566, 5220842.747054241597652 ], [ 629212.950133571401238, 5220842.849828590638936 ] ] ] } },
{ "type": "Feature", "properties": { "label": "vineyard", "row_structure": null }, "geometry": { "type": "Polygon", "coordinates": [ [ [ 629199.074924581917003, 5220842.599842096678913 ], [ 629199.131953745498322, 5220842.507066460326314 ], [ 629199.353661176282912, 5220842.528595871292055 ], [ 629199.400158903095871, 5220842.874876170419157 ], [ 629199.524924579891376, 5220842.899842098355293 ], [ 629199.549842096283101, 5220842.874924581497908 ], [ 629199.556745608337224, 5220842.724159534089267 ], [ 629199.72484672232531, 5220842.599922177381814 ], [ 629199.823817320517264, 5220842.129218962974846 ], [ 629199.949829964665696, 5220841.874935711733997 ], [ 629199.949842098285444, 5220841.800075417384505 ], [ 629199.775137844029814, 5220841.725167464464903 ], [ 629199.525538427871652, 5220841.970125902444124 ], [ 629199.25015837745741, 5220841.950158376246691 ], [ 629199.25015837745741, 5220842.099841623567045 ], [ 629199.502925731707364, 5220842.065327736549079 ], [ 629199.522383194998838, 5220842.230124828405678 ], [ 629199.425167346722446, 5220842.350099478848279 ], [ 629199.368423377978615, 5220842.515274482779205 ], [ 629199.050075417966582, 5220842.500157900154591 ], [ 629199.0, 5220842.597063056193292 ], [ 629199.074924581917003, 5220842.599842096678913 ] ] ] } },
{ "type": "Feature", "properties": { "label": "vineyard", "row_structure": null }, "geometry": { "type": "Polygon", "coordinates": [ [ [ 629196.849904862581752, 5220841.999884072691202 ], [ 629196.904289321857505, 5220841.854289322160184 ], [ 629196.999885047553107, 5220841.82488504704088 ], [ 629196.999882486066781, 5220841.725062812678516 ], [ 629196.908721673302352, 5220841.599866284988821 ], [ 629196.874928923556581, 5220841.450106371194124 ], [ 629196.800000000046566, 5220841.431345670484006 ], [ 629196.800000000046566, 5220842.014020944014192 ], [ 629196.849904862581752, 5220841.999884072691202 ] ] ] } },
{ "type": "Feature", "properties": { "label": "vineyard", "row_structure": null }, "geometry": { "type": "Polygon", "coordinates": [ [ [ 629223.922380448901094, 5220842.378230369649827 ], [ 629223.900159026496112, 5220842.524840973317623 ], [ 629224.049913625349291, 5220842.524829317815602 ], [ 629224.099829318234697, 5220842.474913625046611 ], [ 629224.099934106925502, 5220842.326113579794765 ], [ 629224.001829460030422, 5220842.128984200768173 ], [ 629224.003013437381014, 5220842.030971213243902 ], [ 629224.035772640956566, 5220842.006426577456295 ], [ 629224.347054229350761, 5220842.025000000372529 ], [ 629224.424838356208056, 5220841.999849629588425 ], [ 629224.379943311330862, 5220841.679134948179126 ], [ 629224.474872120772488, 5220841.599855449981987 ], [ 629224.574318698258139, 5220841.376680855639279 ], [ 629224.699829235323705, 5220841.199937261641026 ], [ 629224.699593888013624, 5220841.074179818853736 ], [ 629224.624895132263191, 5220840.950153262354434 ], [ 629224.375159026472829, 5220840.925159027799964 ], [ 629224.370823835721239, 5220841.001963479444385 ], [ 629224.228960580541752, 5220841.190079539082944 ], [ 629224.075143444701098, 5220841.200158629566431 ], [ 629224.025170134264044, 5220841.300076612271369 ], [ 629224.025170752429403, 5220841.374937266111374 ], [ 629224.100154400337487, 5220841.599903293885291 ], [ 629224.175894483691081, 5220841.704043377190828 ], [ 629224.19822261785157, 5220841.884890293702483 ], [ 629224.005251767579466, 5220841.997162697836757 ], [ 629223.925086374743842, 5220842.000170682556927 ], [ 629223.850170681835152, 5220842.07508637290448 ], [ 629223.922380448901094, 5220842.378230369649827 ] ] ] } },
{ "type": "Feature", "properties": { "label": "vineyard", "row_structure": null }, "geometry": { "type": "Polygon", "coordinates": [ [ [ 629245.57511428068392, 5220842.274885719642043 ], [ 629245.975050495006144, 5220842.449882595799863 ], [ 629246.105487179826014, 5220842.400552020408213 ], [ 629246.399896917981096, 5220842.399885171093047 ], [ 629246.474882929353043, 5220842.29994267784059 ], [ 629246.574882085900754, 5220841.899959901347756 ], [ 629246.527201986056753, 5220841.754889798350632 ], [ 629246.524883724632673, 5220841.600073558278382 ], [ 629246.449942678329535, 5220841.525117069482803 ], [ 629246.275057322112843, 5220841.525117069482803 ], [ 629246.165414925315417, 5220841.598444497212768 ], [ 629246.074939098558389, 5220841.550116894766688 ], [ 629246.000114280846901, 5220841.550114280544221 ], [ 629245.96554304426536, 5220841.650525554083288 ], [ 629245.800078712403774, 5220841.725105412304401 ], [ 629245.725107725826092, 5220841.800065792165697 ], [ 629245.625117404968478, 5220841.975050495006144 ], [ 629245.67731305945199, 5220842.186005625873804 ], [ 629245.57511428068392, 5220842.274885719642043 ] ] ] } },
{ "type": "Feature", "properties": { "label": "vineyard", "row_structure": null }, "geometry": { "type": "Polygon", "coordinates": [ [ [ 629204.575062811840326, 5220842.749882484786212 ], [ 629204.849885047529824, 5220842.774885047227144 ], [ 629204.949479862232693, 5220842.534450714476407 ], [ 629205.074885047622956, 5220842.499885046854615 ], [ 629205.049904862651601, 5220842.250115927308798 ], [ 629204.872545121004805, 5220842.200000000186265 ], [ 629204.750042403582484, 5220842.200118517503142 ], [ 629204.600115925888531, 5220842.250095137394965 ], [ 629204.600115925888531, 5220842.3249048627913 ], [ 629204.691118503920734, 5220842.377155248075724 ], [ 629204.715876581612974, 5220842.459104733541608 ], [ 629204.677301045390777, 5220842.613439328968525 ], [ 629204.550114952493459, 5220842.650114953517914 ], [ 629204.575062811840326, 5220842.749882484786212 ] ] ] } },
{ "type": "Feature", "properties": { "label": "vineyard", "row_structure": null }, "geometry": { "type": "Polygon", "coordinates": [ [ [ 629218.299843408050947, 5220842.124847293831408 ], [ 629218.34296819253359, 5220842.048874265514314 ], [ 629218.50602144736331, 5220842.031850935891271 ], [ 629218.543247377616353, 5220842.049412711523473 ], [ 629218.550159026519395, 5220842.099840973503888 ], [ 629218.674913617316633, 5220842.099829306825995 ], [ 629218.78897210676223, 5220842.006207445636392 ], [ 629218.849840973503888, 5220841.999840972945094 ], [ 629218.849829318234697, 5220841.925086375325918 ], [ 629218.799913624534383, 5220841.875170682556927 ], [ 629218.725123623851687, 5220841.875159597955644 ], [ 629218.696275914437138, 5220841.926593068987131 ], [ 629218.547267902176827, 5220842.023623263463378 ], [ 629218.365051368135028, 5220842.043351351283491 ], [ 629218.275086385430768, 5220841.925170697271824 ], [ 629218.175000000046566, 5220842.147054241970181 ], [ 629218.299843408050947, 5220842.124847293831408 ] ] ] } },
{ "type": "Feature", "properties": { "label": "vineyard", "row_structure": null }, "geometry": { "type": "Polygon", "coordinates": [ [ [ 629215.75014860148076, 5220842.574836639687419 ], [ 629215.824911170988344, 5220842.574826407246292 ], [ 629215.924834055127576, 5220842.499906004406512 ], [ 629216.000077992561273, 5220842.300010651350021 ], [ 629216.174832883058116, 5220842.024868458509445 ], [ 629216.160581863718107, 5220841.837400653399527 ], [ 629216.32648242439609, 5220841.60642946138978 ], [ 629216.524840973550454, 5220841.599840973503888 ], [ 629216.524840542930178, 5220841.475048176012933 ], [ 629216.474876368883997, 5220841.350159606896341 ], [ 629216.40008401311934, 5220841.350169765762985 ], [ 629216.300153567339294, 5220841.400148446671665 ], [ 629216.272897567832842, 5220841.579128897748888 ], [ 629216.156536642694846, 5220841.830184422433376 ], [ 629216.025146625004709, 5220841.850161591544747 ], [ 629215.901689714519307, 5220842.121063027530909 ], [ 629215.675162306637503, 5220842.325137627311051 ], [ 629215.675073848804459, 5220842.399048364721239 ], [ 629215.75014860148076, 5220842.574836639687419 ] ] ] } },
{ "type": "Feature", "properties": { "label": "vineyard", "row_structure": null }, "geometry": { "type": "Polygon", "coordinates": [ [ [ 629210.150071076350287, 5220842.87489362899214 ], [ 629210.325048958417028, 5220842.949881805106997 ], [ 629210.524900698103011, 5220842.899900699034333 ], [ 629210.624882486066781, 5220842.724937189370394 ], [ 629210.617783325258642, 5220842.507593235932291 ], [ 629210.654937781277113, 5220842.359943086281419 ], [ 629210.749402567278594, 5220842.206242986023426 ], [ 629210.799883639905602, 5220842.174913701601326 ], [ 629210.799884074134752, 5220842.100095137953758 ], [ 629210.629988636239432, 5220842.06829928047955 ], [ 629210.524929783656262, 5220842.000117151066661 ], [ 629210.325095137464814, 5220842.000115927308798 ], [ 629210.300118516548537, 5220842.099957595579326 ], [ 629210.345560803776607, 5220842.338684795424342 ], [ 629210.200118194683455, 5220842.625048957765102 ], [ 629210.207382424850948, 5220842.748488403856754 ], [ 629210.125117513933219, 5220842.825062811374664 ], [ 629210.150071076350287, 5220842.87489362899214 ] ] ] } },
{ "type": "Feature", "properties": { "label": "vineyard", "row_structure": null }, "geometry": { "type": "Polygon", "coordinates": [ [ [ 629207.675099301734008, 5220842.399900698103011 ], [ 629207.775062811793759, 5220842.499882484786212 ], [ 629207.949885047622956, 5220842.524885047227144 ], [ 629207.999881483498029, 5220842.349957595579326 ], [ 629208.003925935830921, 5220842.133732908405364 ], [ 629208.074881805572659, 5220842.024951042607427 ], [ 629208.074881805572659, 5220841.775048958137631 ], [ 629208.049900698126294, 5220841.725099301896989 ], [ 629207.997545121004805, 5220841.700000000186265 ], [ 629207.800062811817043, 5220841.700117515400052 ], [ 629207.775117513956502, 5220841.725062812678516 ], [ 629207.786833169870079, 5220841.852510864846408 ], [ 629207.750114952446893, 5220841.999885046854615 ], [ 629207.845710678142495, 5220842.02928932197392 ], [ 629207.873078528093174, 5220842.119509032927454 ], [ 629207.830557023291476, 5220842.183146961964667 ], [ 629207.725062811630778, 5220842.200117515400052 ], [ 629207.650116766802967, 5220842.275078021921217 ], [ 629207.675099301734008, 5220842.399900698103011 ] ] ] } },
{ "type": "Feature", "properties": { "label": "vineyard", "row_structure": null }, "geometry": { "type": "Polygon", "coordinates": [ [ [ 629234.625114952446893, 5220842.57488504704088 ], [ 629234.925048958393745, 5220842.699881805106997 ], [ 629234.974937188206241, 5220842.699882484972477 ], [ 629235.07488248613663, 5220842.599937189370394 ], [ 629235.081943713128567, 5220842.524864498525858 ], [ 629235.17488180543296, 5220842.374951042234898 ], [ 629235.174881483544596, 5220842.200042405165732 ], [ 629235.117649770574644, 5220842.073096888139844 ], [ 629235.124253965797834, 5220842.00604335963726 ], [ 629235.199884302099235, 5220841.949900222942233 ], [ 629235.268335917848162, 5220841.801810548640788 ], [ 629235.374904862605035, 5220841.774884073063731 ], [ 629235.40234721719753, 5220841.568457315675914 ], [ 629235.466317391721532, 5220841.510778111405671 ], [ 629235.549885047599673, 5220841.499885046854615 ], [ 629235.5248832332436, 5220841.275078021921217 ], [ 629235.452204722212628, 5220841.179904475808144 ], [ 629235.449884074158035, 5220841.050095138140023 ], [ 629235.322545121074654, 5220841.0 ], [ 629235.225106372032315, 5220841.050071076489985 ], [ 629235.150117513956502, 5220841.17506281286478 ], [ 629235.142070162808523, 5220841.274933448061347 ], [ 629234.975118194590323, 5220841.55004895851016 ], [ 629234.94127832679078, 5220841.899866285733879 ], [ 629234.901731598540209, 5220841.969792375341058 ], [ 629234.800071076489985, 5220842.025106371380389 ], [ 629234.675106372102164, 5220842.175071076489985 ], [ 629234.625227225711569, 5220842.352170423604548 ], [ 629234.625114952446893, 5220842.57488504704088 ] ] ] } },
{ "type": "Feature", "properties": { "label": "vineyard", "row_structure": null }, "geometry": { "type": "Polygon", "coordinates": [ [ [ 629232.075159026542678, 5220841.274840973317623 ], [ 629232.452056211070158, 5220841.332220357842743 ], [ 629232.42674284405075, 5220841.469653587788343 ], [ 629232.37517068174202, 5220841.525086374953389 ], [ 629232.375173599924892, 5220841.599911168217659 ], [ 629232.475143754039891, 5220841.749861463904381 ], [ 629232.605394162703305, 5220841.781549362465739 ], [ 629232.749840973527171, 5220841.924840973690152 ], [ 629232.749840973410755, 5220841.875159027054906 ], [ 629232.642558588413522, 5220841.737474689260125 ], [ 629232.705990545568056, 5220841.678352482616901 ], [ 629232.7748547506053, 5220841.674842572771013 ], [ 629232.824821778922342, 5220841.549937942065299 ], [ 629232.824595413170755, 5220841.449207870289683 ], [ 629232.724852731567807, 5220841.200125559233129 ], [ 629232.624937267741188, 5220841.150170754641294 ], [ 629232.550155237084255, 5220841.150159399956465 ], [ 629232.453615617239848, 5220841.320501973852515 ], [ 629232.204214364523068, 5220841.277453835122287 ], [ 629232.174840973573737, 5220841.20015902724117 ], [ 629232.075159026542678, 5220841.20015902724117 ], [ 629232.075159026542678, 5220841.274840973317623 ] ] ] } },
{ "type": "Feature", "properties": { "label": "vineyard", "row_structure": null }, "geometry": { "type": "Polygon", "coordinates": [ [ [ 629202.075153265381232, 5220842.374922186136246 ], [ 629202.175075414706953, 5220842.474842102266848 ], [ 629202.274924582568929, 5220842.47484209947288 ], [ 629202.499854972586036, 5220842.224862483330071 ], [ 629202.649841083330102, 5220841.874932722188532 ], [ 629202.649842098238878, 5220841.750075416639447 ], [ 629202.548032531049103, 5220841.656274776905775 ], [ 629202.525000000023283, 5220841.355237230658531 ], [ 629202.549841622821987, 5220841.100158377550542 ], [ 629202.475155637832358, 5220841.10016228351742 ], [ 629202.397496536257677, 5220841.668471198529005 ], [ 629202.174190953955986, 5220841.800983335822821 ], [ 629202.075160313281231, 5220841.900085832923651 ], [ 629202.025177435250953, 5220842.025063586421311 ], [ 629202.075153265381232, 5220842.374922186136246 ] ] ] } },
{ "type": "Feature", "properties": { "label": "vineyard", "row_structure": null }, "geometry": { "type": "Polygon", "coordinates": [ [ [ 629205.01908350805752, 5220841.370046273805201 ], [ 629205.088452358264476, 5220841.496260883286595 ], [ 629205.045239941799082, 5220841.582359625026584 ], [ 629204.950114952516742, 5220841.600114953704178 ], [ 629204.950117514003068, 5220841.699937188066542 ], [ 629204.998437223257497, 5220841.780706459656358 ], [ 629204.950114952516742, 5220842.024885047227144 ], [ 629205.014820046839304, 5220842.046165357343853 ], [ 629205.050086298026145, 5220842.099883639253676 ], [ 629205.124904862605035, 5220842.099884073249996 ], [ 629205.158721673302352, 5220841.875133715569973 ], [ 629205.25, 5220841.7975451387465 ], [ 629205.249883639859036, 5220841.725086299702525 ], [ 629205.18771352362819, 5220841.677093108184636 ], [ 629205.144546184455976, 5220841.523525901138783 ], [ 629205.184404959320091, 5220841.467541069723666 ], [ 629205.274882486090064, 5220841.424937189556658 ], [ 629205.304289321880788, 5220841.304289322346449 ], [ 629205.424882486113347, 5220841.249937187880278 ], [ 629205.399882486090064, 5220840.950062811374664 ], [ 629205.324951042188331, 5220840.900118196383119 ], [ 629205.250062811770476, 5220840.900117515586317 ], [ 629205.164820046862587, 5220841.028834643773735 ], [ 629205.050095137441531, 5220841.050115928053856 ], [ 629204.999095112667419, 5220841.167155896313488 ], [ 629204.925095137441531, 5220841.200115927495062 ], [ 629204.900114952470176, 5220841.349885047413409 ], [ 629205.01908350805752, 5220841.370046273805201 ] ] ] } },
{ "type": "Feature", "properties": { "label": "vineyard", "row_structure": null }, "geometry": { "type": "Polygon", "coordinates": [ [ [ 629226.95016633591149, 5220841.54989524371922 ], [ 629227.024823151296005, 5220841.656612992286682 ], [ 629226.975159026449546, 5220841.999840972945094 ], [ 629227.12484825658612, 5220841.999840231612325 ], [ 629227.19984225416556, 5220841.749927734024823 ], [ 629227.199975912808441, 5220841.626964554190636 ], [ 629227.108847973053344, 5220841.457515368238091 ], [ 629227.203445552731864, 5220841.258573265746236 ], [ 629227.374846434919164, 5220841.249841668643057 ], [ 629227.400000000023283, 5220841.097054242156446 ], [ 629227.375592903816141, 5220841.025773230940104 ], [ 629227.250086375512183, 5220841.000170682556927 ], [ 629227.200861191377044, 5220841.049318892881274 ], [ 629227.199089571484365, 5220841.249939702451229 ], [ 629227.106471039704047, 5220841.454972353763878 ], [ 629226.950159026542678, 5220841.475159027613699 ], [ 629226.95016633591149, 5220841.54989524371922 ] ] ] } },
{ "type": "Feature", "properties": { "label": "vineyard", "row_structure": null }, "geometry": { "type": "Polygon", "coordinates": [ [ [ 629208.150593719561584, 5220841.499231965281069 ], [ 629208.199842102592811, 5220841.449924587272108 ], [ 629208.209679846535437, 5220841.371015375480056 ], [ 629208.399866294814274, 5220841.224847544915974 ], [ 629208.474351758253761, 5220841.125654586590827 ], [ 629208.598541076411493, 5220840.853417784906924 ], [ 629208.720601446926594, 5220840.681690905243158 ], [ 629208.924842096283101, 5220840.574924582615495 ], [ 629208.924842102685943, 5220840.500075414776802 ], [ 629208.82492458622437, 5220840.400157896801829 ], [ 629208.575075946748257, 5220840.400173559784889 ], [ 629208.300157005083747, 5220840.575129828415811 ], [ 629208.270329973427579, 5220840.831839722581208 ], [ 629208.163001339649782, 5220840.990860119462013 ], [ 629208.075158377178013, 5220841.000158376991749 ], [ 629208.121691568871029, 5220841.352345834486187 ], [ 629208.025158377480693, 5220841.400158376432955 ], [ 629208.025000000023283, 5220841.47206305898726 ], [ 629208.150593719561584, 5220841.499231965281069 ] ] ] } },
{ "type": "Feature", "properties": { "label": "vineyard", "row_structure": null }, "geometry": { "type": "Polygon", "coordinates": [ [ [ 629196.877945762011223, 5220841.475000000558794 ], [ 629197.024841671460308, 5220841.424919097684324 ], [ 629197.028112345957197, 5220841.296753757633269 ], [ 629197.165554575854912, 5220841.092558754608035 ], [ 629197.274840973550454, 5220841.074840973131359 ], [ 629197.191789230913855, 5220840.985367150977254 ], [ 629197.374832017929293, 5220840.774861577898264 ], [ 629197.349895094055682, 5220840.725153306499124 ], [ 629197.250159026472829, 5220840.70015902724117 ], [ 629197.16266774374526, 5220840.837565363384783 ], [ 629197.100159026449546, 5220840.850159027613699 ], [ 629197.163980499026366, 5220841.090983430854976 ], [ 629197.029468575608917, 5220841.288432819768786 ], [ 629196.950113760423847, 5220841.3001723960042 ], [ 629196.800000000046566, 5220841.422054241411388 ], [ 629196.877945762011223, 5220841.475000000558794 ] ] ] } },
{ "type": "Feature", "properties": { "label": "vineyard", "row_structure": null }, "geometry": { "type": "Polygon", "coordinates": [ [ [ 629218.599840973503888, 5220841.274840973317623 ], [ 629218.637760348850861, 5220841.204357873648405 ], [ 629219.070344625040889, 5220841.223617925308645 ], [ 629219.12515174341388, 5220841.324840231798589 ], [ 629219.200572906644084, 5220841.324232306331396 ], [ 629219.399841367267072, 5220841.099913906306028 ], [ 629219.426516777602956, 5220841.023270231671631 ], [ 629219.599834684398957, 5220840.799866378307343 ], [ 629219.599832474021241, 5220840.575128734111786 ], [ 629219.499851536820643, 5220840.375153581611812 ], [ 629219.375084003200755, 5220840.350169748067856 ], [ 629219.275125566637143, 5220840.400147279724479 ], [ 629219.250582131906413, 5220840.449121470563114 ], [ 629219.249374722130597, 5220840.747433262877166 ], [ 629219.087643371429294, 5220841.209621892310679 ], [ 629218.575086390483193, 5220841.200170706026256 ], [ 629218.550000000046566, 5220841.272054241970181 ], [ 629218.599840973503888, 5220841.274840973317623 ] ] ] } },
{ "type": "Feature", "properties": { "label": "vineyard", "row_structure": null }, "geometry": { "type": "Polygon", "coordinates": [ [ [ 629199.700160995591432, 5220841.274916891939938 ], [ 629199.749951689620502, 5220841.361312729306519 ], [ 629199.791250758804381, 5220841.169913089834154 ], [ 629199.9145762543194, 5220841.137150634080172 ], [ 629200.078567061107606, 5220841.196285855025053 ], [ 629200.057579023181461, 5220841.359000719152391 ], [ 629199.937603876926005, 5220841.636350488290191 ], [ 629199.750046875909902, 5220841.697620693594217 ], [ 629199.800091305281967, 5220841.74983926769346 ], [ 629199.94984097359702, 5220841.799840973690152 ], [ 629200.001263907761313, 5220841.570877738296986 ], [ 629200.124843757948838, 5220841.349872139282525 ], [ 629200.124932662933134, 5220841.2510841852054 ], [ 629200.02488132531289, 5220841.075157433748245 ], [ 629199.944982115644962, 5220841.050684507004917 ], [ 629199.849840973503888, 5220840.675159027799964 ], [ 629199.775159026496112, 5220840.675159027799964 ], [ 629199.775159026496112, 5220840.749840972945094 ], [ 629199.85331853129901, 5220840.77081663813442 ], [ 629199.939977034577169, 5220841.066513827070594 ], [ 629199.700158628867939, 5220841.200143445283175 ], [ 629199.700160995591432, 5220841.274916891939938 ] ] ] } },
{ "type": "Feature", "properties": { "label": "vineyard", "row_structure": null }, "geometry": { "type": "Polygon", "coordinates": [ [ [ 629232.332138513214886, 5220840.814024285413325 ], [ 629232.550157426740043, 5220841.149854749441147 ], [ 629232.676153180538677, 5220841.199936051853001 ], [ 629233.099876368883997, 5220841.199840393848717 ], [ 629233.173718127422035, 5220840.808491315692663 ], [ 629233.224829318234697, 5220840.74991362541914 ], [ 629233.251639750320464, 5220840.496735085733235 ], [ 629233.301618861034513, 5220840.398523414507508 ], [ 629233.549845978384838, 5220840.149913449771702 ], [ 629233.574829295859672, 5220840.050086391158402 ], [ 629233.424865146051161, 5220839.925167533569038 ], [ 629233.326084317406639, 5220839.925067331641912 ], [ 629232.965947661316022, 5220840.091148746199906 ], [ 629232.708285080385394, 5220839.901699394918978 ], [ 629232.69984097359702, 5220839.725159027613699 ], [ 629232.675123626831919, 5220839.725159600377083 ], [ 629232.625170752289705, 5220839.825062734074891 ], [ 629232.625159026472829, 5220839.899840973317623 ], [ 629232.709345659357496, 5220839.911748545244336 ], [ 629232.922255010693334, 5220840.182269488461316 ], [ 629232.873249087133445, 5220840.407232242636383 ], [ 629232.75017069268506, 5220840.70008638035506 ], [ 629232.772143655456603, 5220840.966794244013727 ], [ 629232.56742277671583, 5220841.080004243180156 ], [ 629232.331886315951124, 5220840.807977931573987 ], [ 629232.32484097359702, 5220840.70015902724117 ], [ 629232.275123631116003, 5220840.700159606523812 ], [ 629232.250159026472829, 5220840.799840973690152 ], [ 629232.332138513214886, 5220840.814024285413325 ] ] ] } },
{ "type": "Feature", "properties": { "label": "vineyard", "row_structure": null }, "geometry": { "type": "Polygon", "coordinates": [ [ [ 629237.950050494982861, 5220842.399882595986128 ], [ 629238.149885719292797, 5220842.449885719455779 ], [ 629238.187551171751693, 5220842.3414196819067 ], [ 629238.274892273824662, 5220842.249934207648039 ], [ 629238.392293387209065, 5220842.03921686206013 ], [ 629238.474904670147225, 5220841.999884790740907 ], [ 629238.524882085854188, 5220841.874959900975227 ], [ 629238.554931681137532, 5220841.634963637217879 ], [ 629238.602079007192515, 5220841.558947641402483 ], [ 629238.664472361677326, 5220841.533134672790766 ], [ 629238.735143780941144, 5220841.556588037870824 ], [ 629238.80005732155405, 5220841.699882930144668 ], [ 629238.94994267844595, 5220841.699882930144668 ], [ 629238.974892273661681, 5220841.674934208393097 ], [ 629239.04988571931608, 5220841.500114280730486 ], [ 629238.87645274202805, 5220841.497928793542087 ], [ 629238.817293387255631, 5220841.46078313793987 ], [ 629238.767061453661881, 5220841.364667010493577 ], [ 629238.800000000046566, 5220841.272552486509085 ], [ 629238.774934207787737, 5220841.150107725523412 ], [ 629238.374949504854158, 5220840.975117404013872 ], [ 629238.300050495192409, 5220840.975117404013872 ], [ 629238.150107726338319, 5220841.075065791606903 ], [ 629238.125117070740089, 5220841.249942678958178 ], [ 629238.171880962559953, 5220841.342377841472626 ], [ 629238.125117914285511, 5220841.49995990190655 ], [ 629238.150116275413893, 5220841.59992644097656 ], [ 629238.217742601642385, 5220841.680779919028282 ], [ 629238.21767181600444, 5220841.748197781853378 ], [ 629238.084193960414268, 5220841.861501871608198 ], [ 629237.975064698723145, 5220841.900108931586146 ], [ 629237.875115001690574, 5220842.000099563971162 ], [ 629237.870068318559788, 5220842.115036363713443 ], [ 629237.775117070646957, 5220842.29994267784059 ], [ 629237.950050494982861, 5220842.399882595986128 ] ] ] } },
{ "type": "Feature", "properties": { "label": "vineyard", "row_structure": null }, "geometry": { "type": "Polygon", "coordinates": [ [ [ 629235.449885047622956, 5220841.049885047599673 ], [ 629235.466853038873523, 5220840.969442976638675 ], [ 629235.540198286063969, 5220840.925481528043747 ], [ 629235.636283995583653, 5220840.92878786008805 ], [ 629235.725048957858235, 5220840.974881804548204 ], [ 629235.89988504757639, 5220840.974885047413409 ], [ 629235.899884541286156, 5220840.900104646570981 ], [ 629235.784332143608481, 5220840.808368801139295 ], [ 629235.767649769899435, 5220840.72450085170567 ], [ 629235.849901683279313, 5220840.649896766059101 ], [ 629235.919263491523452, 5220840.456972918473184 ], [ 629236.024893627734855, 5220840.349928925745189 ], [ 629236.074881805456243, 5220840.249951042234898 ], [ 629236.083721672766842, 5220840.100133717060089 ], [ 629236.174884074134752, 5220840.000095137394965 ], [ 629235.900114952470176, 5220839.900114953517914 ], [ 629235.86390483553987, 5220840.045781331136823 ], [ 629235.775114952470176, 5220840.100114953704178 ], [ 629235.743954054662026, 5220840.172424708493054 ], [ 629235.600095137371682, 5220840.200115927495062 ], [ 629235.425118516548537, 5220840.700042405165732 ], [ 629235.442712078918703, 5220840.898075779899955 ], [ 629235.325114952516742, 5220841.024885047227144 ], [ 629235.449885047622956, 5220841.049885047599673 ] ] ] } },
{ "type": "Feature", "properties": { "label": "vineyard", "row_structure": null }, "geometry": { "type": "Polygon", "coordinates": [ [ [ 629240.847795277833939, 5220841.520095525309443 ], [ 629240.85011495242361, 5220841.624885046854615 ], [ 629240.924885047599673, 5220841.624885046854615 ], [ 629240.928925935761072, 5220841.408732908777893 ], [ 629240.993132952949964, 5220841.289276753552258 ], [ 629241.049883639905602, 5220841.249913700856268 ], [ 629241.049885047599673, 5220840.925114953890443 ], [ 629241.000106372288428, 5220840.950071074999869 ], [ 629240.800118194543757, 5220841.350048958323896 ], [ 629240.847795277833939, 5220841.520095525309443 ] ] ] } },
{ "type": "Feature", "properties": { "label": "vineyard", "row_structure": null }, "geometry": { "type": "Polygon", "coordinates": [ [ [ 629241.405400974559598, 5220840.590216876938939 ], [ 629241.596598291653208, 5220840.919396452605724 ], [ 629241.600159026449546, 5220840.999840972945094 ], [ 629241.674840973573737, 5220840.999840972945094 ], [ 629241.674840973573737, 5220840.925159027799964 ], [ 629241.593563947244547, 5220840.905729265883565 ], [ 629241.431786631932482, 5220840.560452859848738 ], [ 629241.499836053000763, 5220840.449896533042192 ], [ 629241.531507483799942, 5220840.102380524389446 ], [ 629241.786979021388106, 5220840.003398897126317 ], [ 629242.278503798064776, 5220840.147024381905794 ], [ 629242.301095714676194, 5220840.299933229573071 ], [ 629242.349881325499155, 5220840.299842567183077 ], [ 629242.424840973573737, 5220840.150159027427435 ], [ 629242.297916796756908, 5220840.149291404522955 ], [ 629241.800094847334549, 5220840.004632047377527 ], [ 629241.774840973550454, 5220839.925159027799964 ], [ 629241.650133044458926, 5220839.925155768170953 ], [ 629241.500168142840266, 5220840.075138531625271 ], [ 629241.200000000069849, 5220840.622054241597652 ], [ 629241.405400974559598, 5220840.590216876938939 ] ] ] } },
{ "type": "Feature", "properties": { "label": "vineyard", "row_structure": null }, "geometry": { "type": "Polygon", "coordinates": [ [ [ 629229.82495104172267, 5220842.074881805106997 ], [ 629229.874900698079728, 5220842.049900699406862 ], [ 629229.908721673302352, 5220841.875133715569973 ], [ 629229.999884074088186, 5220841.774904862046242 ], [ 629230.002204722259194, 5220841.645095524378121 ], [ 629230.045203915215097, 5220841.565825396217406 ], [ 629230.114502797136083, 5220841.533130071125925 ], [ 629230.224951042095199, 5220841.549881804734468 ], [ 629230.424900698126294, 5220841.449900698848069 ], [ 629230.474881805363111, 5220841.349951042793691 ], [ 629230.31255590566434, 5220841.158588212914765 ], [ 629230.174904862651601, 5220840.900115927681327 ], [ 629230.047674152301624, 5220840.898310549557209 ], [ 629229.897698954679072, 5220840.838439328595996 ], [ 629229.82488248613663, 5220840.600062812678516 ], [ 629229.774937188252807, 5220840.550117515958846 ], [ 629229.72511495242361, 5220840.550114953890443 ], [ 629229.70011851657182, 5220840.625042404979467 ], [ 629229.700000000069849, 5220840.7975451387465 ], [ 629229.769244933500886, 5220840.839759544469416 ], [ 629229.7859273084905, 5220840.923627493903041 ], [ 629229.600117513909936, 5220841.17506281286478 ], [ 629229.600115925888531, 5220841.224904863163829 ], [ 629229.754244691925123, 5220841.300483624450862 ], [ 629229.775000000023283, 5220841.40902185998857 ], [ 629229.733029951574281, 5220841.501090740785003 ], [ 629229.600117513909936, 5220841.600062812678516 ], [ 629229.600117513909936, 5220841.699937188066542 ], [ 629229.663401832687669, 5220841.829906767234206 ], [ 629229.6001167667564, 5220841.925078021362424 ], [ 629229.60011495242361, 5220842.07488504704088 ], [ 629229.82495104172267, 5220842.074881805106997 ] ] ] } },
{ "type": "Feature", "properties": { "label": "vineyard", "row_structure": null }, "geometry": { "type": "Polygon", "coordinates": [ [ [ 629243.300117513979785, 5220841.849937189370394 ], [ 629243.325062811840326, 5220841.874882484786212 ], [ 629243.42493718827609, 5220841.874882484786212 ], [ 629243.505332931992598, 5220841.788201874122024 ], [ 629243.579575914540328, 5220841.769604978151619 ], [ 629243.660111815552227, 5220841.807948973961174 ], [ 629243.750062811770476, 5220841.924882485531271 ], [ 629243.850135501124896, 5220841.93194371368736 ], [ 629243.925062811817043, 5220841.999882484786212 ], [ 629243.974881805363111, 5220841.949951042421162 ], [ 629244.099881805479527, 5220841.624951042234898 ], [ 629244.099882486043498, 5220841.525062812492251 ], [ 629243.949951042188331, 5220841.450118196196854 ], [ 629243.750701982877217, 5220841.481024985201657 ], [ 629243.655292298877612, 5220841.410345118492842 ], [ 629243.625, 5220841.290978141129017 ], [ 629243.699881483567879, 5220841.074957595206797 ], [ 629243.674904862651601, 5220840.875115927308798 ], [ 629243.550095137441531, 5220840.850115927867591 ], [ 629243.45011819456704, 5220841.05004895851016 ], [ 629243.471881847013719, 5220841.192406767979264 ], [ 629243.450117861153558, 5220841.324944254942238 ], [ 629243.483905450208113, 5220841.427142459899187 ], [ 629243.357957236235961, 5220841.637206414714456 ], [ 629243.30011592595838, 5220841.675095139071345 ], [ 629243.300117513979785, 5220841.849937189370394 ] ] ] } },
{ "type": "Feature", "properties": { "label": "vineyard", "row_structure": null }, "geometry": { "type": "Polygon", "coordinates": [ [ [ 629216.462286476395093, 5220840.947906892746687 ], [ 629216.47511495242361, 5220841.049885047599673 ], [ 629216.54993718827609, 5220841.049882485531271 ], [ 629216.610179953277111, 5220840.971165357157588 ], [ 629216.674885047599673, 5220840.94988504704088 ], [ 629216.674882486113347, 5220840.850062812678516 ], [ 629216.624937188229524, 5220840.800117515958846 ], [ 629216.400114952470176, 5220840.825114953331649 ], [ 629216.400807538884692, 5220840.900161009281874 ], [ 629216.462286476395093, 5220840.947906892746687 ] ] ] } },
{ "type": "Feature", "properties": { "label": "vineyard", "row_structure": null }, "geometry": { "type": "Polygon", "coordinates": [ [ [ 629227.39988504757639, 5220841.049885047599673 ], [ 629227.442821201984771, 5220840.967959857545793 ], [ 629227.599885047529824, 5220840.924885047599673 ], [ 629227.635778112104163, 5220840.71631739102304 ], [ 629227.774882486090064, 5220840.599937189370394 ], [ 629227.774882486090064, 5220840.500062812119722 ], [ 629227.73463546205312, 5220840.404402037151158 ], [ 629227.799883639905602, 5220840.324913701042533 ], [ 629227.801751262857579, 5220840.117844794876873 ], [ 629227.849999999976717, 5220840.0475451387465 ], [ 629227.799904862651601, 5220839.825115927495062 ], [ 629227.650095137418248, 5220839.825115927495062 ], [ 629227.575117514003068, 5220839.950062813237309 ], [ 629227.550117150181904, 5220840.049929783679545 ], [ 629227.596074064262211, 5220840.108732908964157 ], [ 629227.600117150112055, 5220840.22492978349328 ], [ 629227.702219746541232, 5220840.342664811760187 ], [ 629227.713450014707632, 5220840.418373102322221 ], [ 629227.669083508080803, 5220840.479953726753592 ], [ 629227.450117514003068, 5220840.600062812678516 ], [ 629227.434604516252875, 5220840.716833410784602 ], [ 629227.350115925888531, 5220840.775095137767494 ], [ 629227.348248737165704, 5220840.932155205868185 ], [ 629227.300114952493459, 5220841.024885047227144 ], [ 629227.39988504757639, 5220841.049885047599673 ] ] ] } },
{ "type": "Feature", "properties": { "label": "vineyard", "row_structure": null }, "geometry": { "type": "Polygon", "coordinates": [ [ [ 629238.325115208979696, 5220840.974904671311378 ], [ 629238.79988571931608, 5220841.174885720014572 ], [ 629238.815405243891291, 5220841.083153390325606 ], [ 629238.881244983407669, 5220840.999398143030703 ], [ 629238.974882929236628, 5220840.949942679144442 ], [ 629238.999882085714489, 5220840.87495990190655 ], [ 629238.999883800279349, 5220840.800075101666152 ], [ 629238.849257592228241, 5220840.666569295339286 ], [ 629238.8655589108821, 5220840.556639665737748 ], [ 629239.025495248497464, 5220840.492646181024611 ], [ 629239.086978671257384, 5220840.538249420933425 ], [ 629239.125115163275041, 5220840.649903737939894 ], [ 629239.274926441372372, 5220840.67488372605294 ], [ 629239.399885719292797, 5220840.599885719828308 ], [ 629239.399885719292797, 5220840.525114280171692 ], [ 629239.299942678073421, 5220840.475117069669068 ], [ 629239.155976193142124, 5220840.474498361349106 ], [ 629239.094129847711883, 5220840.444552538916469 ], [ 629239.066032790346071, 5220840.371751111932099 ], [ 629239.099882833426818, 5220840.299944637343287 ], [ 629239.099885719129816, 5220840.150114280171692 ], [ 629239.025067698792554, 5220840.150116561912 ], [ 629238.966273596161045, 5220840.196071524173021 ], [ 629238.87505732208956, 5220840.200117069296539 ], [ 629238.700064699631184, 5220840.325108930468559 ], [ 629238.325117070460692, 5220840.67505732178688 ], [ 629238.325115208979696, 5220840.974904671311378 ] ] ] } },
{ "type": "Feature", "properties": { "label": "vineyard", "row_structure": null }, "geometry": { "type": "Polygon", "coordinates": [ [ [ 629199.77486695558764, 5220840.624844232574105 ], [ 629199.874831857159734, 5220840.524861468933523 ], [ 629199.876457360922359, 5220840.421344677917659 ], [ 629199.960620911675505, 5220840.250810333527625 ], [ 629200.030220048036426, 5220840.256055351346731 ], [ 629200.171699284110218, 5220840.369896433316171 ], [ 629200.150159026496112, 5220840.724840973503888 ], [ 629200.249861489282921, 5220840.724831886589527 ], [ 629200.398552525555715, 5220840.576603940688074 ], [ 629200.599906312301755, 5220840.449844817630947 ], [ 629200.649829318281263, 5220840.399913625791669 ], [ 629200.649829318164848, 5220840.32508637290448 ], [ 629200.436017442843877, 5220840.179518396034837 ], [ 629200.425768296699971, 5220840.083762856200337 ], [ 629200.614834095933475, 5220839.889409308321774 ], [ 629200.799840973573737, 5220839.924840973690152 ], [ 629200.799840973573737, 5220839.650159027427435 ], [ 629200.575158643885516, 5220839.750143460929394 ], [ 629200.570172195206396, 5220839.856847535818815 ], [ 629200.420073651126586, 5220840.070339127443731 ], [ 629200.275138503289782, 5220840.075168104842305 ], [ 629200.167574609280564, 5220840.172136478126049 ], [ 629199.925159026519395, 5220840.150159027427435 ], [ 629199.918404951808043, 5220840.253185214474797 ], [ 629199.700164252659306, 5220840.525084518827498 ], [ 629199.700000000069849, 5220840.622054241597652 ], [ 629199.77486695558764, 5220840.624844232574105 ] ] ] } },
{ "type": "Feature", "properties": { "label": "vineyard", "row_structure": null }, "geometry": { "type": "Polygon", "coordinates": [ [ [ 629205.20011428068392, 5220840.449885719455779 ], [ 629205.45005049626343, 5220840.549882596358657 ], [ 629205.799942678073421, 5220840.524882930330932 ], [ 629205.825000000069849, 5220840.402447512373328 ], [ 629205.775439063902013, 5220840.322880555875599 ], [ 629205.799882929422893, 5220840.125057321973145 ], [ 629205.674959901138209, 5220840.050117913633585 ], [ 629205.575050494982861, 5220840.050117404200137 ], [ 629205.434193947701715, 5220840.161501878872514 ], [ 629205.300064699375071, 5220840.200108930468559 ], [ 629205.200117070577107, 5220840.325057321228087 ], [ 629205.20011428068392, 5220840.449885719455779 ] ] ] } },
{ "type": "Feature", "properties": { "label": "vineyard", "row_structure": null }, "geometry": { "type": "Polygon", "coordinates": [ [ [ 629230.235139270196669, 5220839.920171333476901 ], [ 629230.275155039969832, 5220839.999870398081839 ], [ 629230.399916698806919, 5220840.049822865054011 ], [ 629230.648886838345788, 5220839.925512586720288 ], [ 629230.800361172878183, 5220839.77558777295053 ], [ 629230.933924093027599, 5220839.728081100620329 ], [ 629231.064025879604742, 5220839.79752447642386 ], [ 629231.003682680311613, 5220839.979956666007638 ], [ 629230.925170704256743, 5220840.025086390785873 ], [ 629230.925159026519395, 5220840.124840972945094 ], [ 629230.949876373284496, 5220840.124840400181711 ], [ 629231.124926128191873, 5220839.699048832990229 ], [ 629231.124840973527171, 5220839.650159027427435 ], [ 629231.046167452470399, 5220839.648382028564811 ], [ 629230.930630520684645, 5220839.583697788417339 ], [ 629230.948814564151689, 5220839.461727069690824 ], [ 629230.999839221825823, 5220839.424868690781295 ], [ 629231.024853126029484, 5220839.299954042769969 ], [ 629230.999846286256798, 5220839.150083310902119 ], [ 629230.974913609563373, 5220839.125170705839992 ], [ 629230.825086378841661, 5220839.12517069093883 ], [ 629230.480589901329949, 5220839.518205094151199 ], [ 629230.30500206979923, 5220839.461054569110274 ], [ 629230.32484097359702, 5220839.175159027799964 ], [ 629230.275145249441266, 5220839.175157428719103 ], [ 629230.200158765073866, 5220839.37505186535418 ], [ 629230.200159026542678, 5220839.499840972945094 ], [ 629230.322087381733581, 5220839.480764512903988 ], [ 629230.46691702271346, 5220839.519566370174289 ], [ 629230.486938057350926, 5220839.569391372613609 ], [ 629230.371366257895716, 5220839.721936195157468 ], [ 629230.25366955762729, 5220839.75493504293263 ], [ 629230.075086385477334, 5220839.725170697085559 ], [ 629230.025170764885843, 5220839.800062739290297 ], [ 629230.025000000023283, 5220839.872054241597652 ], [ 629230.235139270196669, 5220839.920171333476901 ] ] ] } },
{ "type": "Feature", "properties": { "label": "vineyard", "row_structure": null }, "geometry": { "type": "Polygon", "coordinates": [ [ [ 629197.352945773280226, 5220840.75 ], [ 629197.524838343844749, 5220840.699849613942206 ], [ 629197.501777920522727, 5220840.529944064095616 ], [ 629197.549934099661186, 5220840.251113428734243 ], [ 629197.484206311404705, 5220840.115865014493465 ], [ 629197.621030315291137, 5220839.934795862063766 ], [ 629197.699913625023328, 5220839.924829318188131 ], [ 629197.799829318304546, 5220839.824913625605404 ], [ 629197.749837251496501, 5220839.550089426338673 ], [ 629197.674937261268497, 5220839.500170765444636 ], [ 629197.650144153041765, 5220839.50016254093498 ], [ 629197.550158124882728, 5220839.675127561204135 ], [ 629197.54262760176789, 5220839.805635720491409 ], [ 629197.379002058529295, 5220839.991551234386861 ], [ 629197.300159026519395, 5220840.000159027054906 ], [ 629197.25, 5220840.697054241783917 ], [ 629197.352945773280226, 5220840.75 ] ] ] } },
{ "type": "Feature", "properties": { "label": "vineyard", "row_structure": null }, "geometry": { "type": "Polygon", "coordinates": [ [ [ 629233.132571408408694, 5220839.379739706404507 ], [ 629233.200002426747233, 5220839.502318313345313 ], [ 629233.233317939681001, 5220839.476788806729019 ], [ 629233.548298901645467, 5220839.479834388010204 ], [ 629233.56670467602089, 5220839.530238666571677 ], [ 629233.494814076228067, 5220839.619497491046786 ], [ 629233.200158377061598, 5220839.724841622635722 ], [ 629233.299914284609258, 5220839.724826934747398 ], [ 629233.387049863464199, 5220839.672736566513777 ], [ 629233.562112941639498, 5220839.678233386017382 ], [ 629233.648195728776045, 5220839.747436113655567 ], [ 629233.625, 5220839.897063057869673 ], [ 629233.649841622565873, 5220839.89984162338078 ], [ 629233.774841622915119, 5220839.575158377178013 ], [ 629233.671127536916174, 5220839.565422885119915 ], [ 629233.579920662683435, 5220839.405300901271403 ], [ 629233.60310412698891, 5220839.350071679800749 ], [ 629233.677204267471097, 5220839.305349451489747 ], [ 629233.774876170326024, 5220839.299841096624732 ], [ 629233.799841101514176, 5220839.150123823434114 ], [ 629233.624950428144075, 5220839.075158208608627 ], [ 629233.392768428544514, 5220839.101078188046813 ], [ 629233.275123828207143, 5220839.075158901512623 ], [ 629233.150157902971841, 5220839.225075416266918 ], [ 629233.132842996972613, 5220839.358293213881552 ], [ 629232.850075417431071, 5220839.325157900340855 ], [ 629232.799999999930151, 5220839.422063060104847 ], [ 629233.132571408408694, 5220839.379739706404507 ] ] ] } },
{ "type": "Feature", "properties": { "label": "vineyard", "row_structure": null }, "geometry": { "type": "Polygon", "coordinates": [ [ [ 629219.388192126527429, 5220840.052860326133668 ], [ 629219.375115925911814, 5220840.349904863163829 ], [ 629219.425048958393745, 5220840.374881804920733 ], [ 629219.499885047553107, 5220840.374885046854615 ], [ 629219.519679246703163, 5220840.315430069342256 ], [ 629219.599885047529824, 5220840.274885047227144 ], [ 629219.64043006952852, 5220840.19467924721539 ], [ 629219.82492892362643, 5220840.12489362899214 ], [ 629219.872698954655789, 5220839.986560671590269 ], [ 629219.999885047553107, 5220839.94988504704088 ], [ 629220.016853038803674, 5220839.819442976266146 ], [ 629220.124885047553107, 5220839.774885047227144 ], [ 629220.113166830153205, 5220839.647489136084914 ], [ 629220.153925935854204, 5220839.483732908964157 ], [ 629220.224882486043498, 5220839.399937188252807 ], [ 629220.224885047529824, 5220839.075114953331649 ], [ 629220.000114952446893, 5220838.975114953704178 ], [ 629220.024447292089462, 5220839.169521198607981 ], [ 629219.974765635910444, 5220839.281080078333616 ], [ 629219.905577290221117, 5220839.313803728669882 ], [ 629219.700114952516742, 5220839.300114953890443 ], [ 629219.700116360210814, 5220839.424913701601326 ], [ 629219.765558928018436, 5220839.478987685404718 ], [ 629219.775114952470176, 5220839.599885047413409 ], [ 629219.845239940914325, 5220839.617640376091003 ], [ 629219.885054106591269, 5220839.67389237973839 ], [ 629219.829655896988697, 5220839.825800695456564 ], [ 629219.738201980595477, 5220839.848708708770573 ], [ 629219.649937188252807, 5220839.775117515586317 ], [ 629219.415978141129017, 5220839.800000000745058 ], [ 629219.200114952516742, 5220839.775114953517914 ], [ 629219.203134645940736, 5220839.950661012902856 ], [ 629219.388192126527429, 5220840.052860326133668 ] ] ] } },
{ "type": "Feature", "properties": { "label": "vineyard", "row_structure": null }, "geometry": { "type": "Polygon", "coordinates": [ [ [ 629235.900115925935097, 5220839.899904862977564 ], [ 629236.125048958347179, 5220839.999881804920733 ], [ 629236.224882486043498, 5220839.974937187507749 ], [ 629236.224885047529824, 5220839.950114953331649 ], [ 629236.128003419726156, 5220839.922666032798588 ], [ 629236.083721672766842, 5220839.849866283126175 ], [ 629236.082928217132576, 5220839.626955240033567 ], [ 629236.178271906450391, 5220839.566031682305038 ], [ 629236.325062811840326, 5220839.649882485158741 ], [ 629236.44988248613663, 5220839.624937187880278 ], [ 629236.453925935784355, 5220839.408732908777893 ], [ 629236.57488248613663, 5220839.299937189556658 ], [ 629236.674885047599673, 5220838.850114953704178 ], [ 629236.604988637496717, 5220838.843299280852079 ], [ 629236.324951042188331, 5220838.700118196196854 ], [ 629236.200114952516742, 5220838.700114953331649 ], [ 629236.200114952516742, 5220838.799885047599673 ], [ 629236.344083508010954, 5220838.820046273991466 ], [ 629236.388450011960231, 5220838.93022293318063 ], [ 629236.303434073459357, 5220839.014596625231206 ], [ 629236.150048957904801, 5220839.025118196383119 ], [ 629236.050117513979785, 5220839.100062812678516 ], [ 629236.00011819449719, 5220839.250048957765102 ], [ 629236.000115925911814, 5220839.399904862046242 ], [ 629236.063409344176762, 5220839.445953242480755 ], [ 629236.085927307372913, 5220839.549968543462455 ], [ 629235.900807538884692, 5220839.749838991090655 ], [ 629235.900115925935097, 5220839.899904862977564 ] ] ] } },
{ "type": "Feature", "properties": { "label": "vineyard", "row_structure": null }, "geometry": { "type": "Polygon", "coordinates": [ [ [ 629200.575115925981663, 5220839.474904862232506 ], [ 629200.650095137651078, 5220839.54988407343626 ], [ 629200.743954054662026, 5220839.577575292438269 ], [ 629200.800062811817043, 5220839.674882485531271 ], [ 629200.849885047529824, 5220839.674885047599673 ], [ 629200.841921411338262, 5220839.515640488825738 ], [ 629200.999884074088186, 5220839.399904862977564 ], [ 629201.001803613035008, 5220839.081093133427203 ], [ 629201.034450714825653, 5220839.024479861371219 ], [ 629201.099885047529824, 5220838.999885046854615 ], [ 629201.15761204669252, 5220838.736731656827033 ], [ 629201.21173165680375, 5220838.682612047530711 ], [ 629201.349882486043498, 5220838.649937188252807 ], [ 629201.449881805572659, 5220838.399951042607427 ], [ 629201.449885047622956, 5220838.300114953890443 ], [ 629201.375483626034111, 5220838.279244693927467 ], [ 629201.329937780974433, 5220838.215056912042201 ], [ 629201.324885047622956, 5220838.075114953331649 ], [ 629201.22511495242361, 5220838.050114953890443 ], [ 629201.199095112620853, 5220838.117155896499753 ], [ 629201.125114952446893, 5220838.150114953517914 ], [ 629201.062206413596869, 5220838.28295723721385 ], [ 629200.966267091454938, 5220838.346074065193534 ], [ 629200.850086297956295, 5220838.350116361863911 ], [ 629200.814820046769455, 5220838.403834643773735 ], [ 629200.650114952470176, 5220838.500114953145385 ], [ 629200.671881846967153, 5220838.632593232207 ], [ 629200.650115925935097, 5220838.8249048627913 ], [ 629200.715667857090011, 5220838.866631200537086 ], [ 629200.735226650256664, 5220838.931107899174094 ], [ 629200.709442217135802, 5220838.993357027880847 ], [ 629200.650115697993897, 5220839.02509977761656 ], [ 629200.65088243864011, 5220839.251623185351491 ], [ 629200.575115925981663, 5220839.325095138512552 ], [ 629200.575115925981663, 5220839.474904862232506 ] ] ] } },
{ "type": "Feature", "properties": { "label": "vineyard", "row_structure": null }, "geometry": { "type": "Polygon", "coordinates": [ [ [ 629203.025114952470176, 5220840.299885047599673 ], [ 629203.099937188206241, 5220840.299882485531271 ], [ 629203.124882486066781, 5220840.274937188252807 ], [ 629203.141341282287613, 5220840.040266087278724 ], [ 629203.19736401620321, 5220840.00283289141953 ], [ 629203.324904862674884, 5220839.999884072691202 ], [ 629203.374881483498029, 5220839.699957595206797 ], [ 629203.349904862581752, 5220839.575115927495062 ], [ 629203.175114952493459, 5220839.575114953331649 ], [ 629203.172962184180506, 5220839.757225482724607 ], [ 629203.124293418135494, 5220839.81379368994385 ], [ 629203.050114952493459, 5220839.825114953331649 ], [ 629203.047795277787372, 5220839.979904476553202 ], [ 629203.000117513933219, 5220840.05006281286478 ], [ 629203.025114952470176, 5220840.299885047599673 ] ] ] } },
{ "type": "Feature", "properties": { "label": "vineyard", "row_structure": null }, "geometry": { "type": "Polygon", "coordinates": [ [ [ 629211.525062811793759, 5220839.724882485345006 ], [ 629211.749885047553107, 5220839.749885046854615 ], [ 629211.749881483498029, 5220839.600042405538261 ], [ 629211.699937188415788, 5220839.500117515213788 ], [ 629211.600062811630778, 5220839.500117515213788 ], [ 629211.500115925911814, 5220839.600095138885081 ], [ 629211.525062811793759, 5220839.724882485345006 ] ] ] } },
{ "type": "Feature", "properties": { "label": "vineyard", "row_structure": null }, "geometry": { "type": "Polygon", "coordinates": [ [ [ 629197.675071076489985, 5220839.524893629364669 ], [ 629197.749913702020422, 5220839.54988363943994 ], [ 629197.792907453724183, 5220839.490702745504677 ], [ 629197.874937188229524, 5220839.474882485345006 ], [ 629197.942907453747466, 5220839.390702744945884 ], [ 629198.099900698056445, 5220839.324900698848069 ], [ 629198.12488180550281, 5220839.274951042607427 ], [ 629198.127204722259194, 5220839.045095523819327 ], [ 629198.19988248613663, 5220838.949937188066542 ], [ 629198.207612046739087, 5220838.836731656454504 ], [ 629198.252860326319933, 5220838.786807873286307 ], [ 629198.325000000069849, 5220838.772545138373971 ], [ 629198.32488248613663, 5220838.6250628111884 ], [ 629198.274904862628318, 5220838.550115928053856 ], [ 629198.147698954679072, 5220838.513439329341054 ], [ 629198.126921471906826, 5220838.405490967445076 ], [ 629198.186731656780466, 5220838.332612046971917 ], [ 629198.349885047529824, 5220838.32488504704088 ], [ 629198.349881805363111, 5220838.225048958323896 ], [ 629198.29993718827609, 5220838.150117515586317 ], [ 629198.075062811840326, 5220838.175117515958846 ], [ 629198.020710678189062, 5220838.295710678212345 ], [ 629197.925114952493459, 5220838.325114953331649 ], [ 629197.94506221881602, 5220838.515056914649904 ], [ 629197.894083506893367, 5220838.579953728243709 ], [ 629197.800117513979785, 5220838.6250628111884 ], [ 629197.798033720231615, 5220838.786014152690768 ], [ 629197.725115925888531, 5220838.850095137953758 ], [ 629197.725116360117681, 5220838.924913701601326 ], [ 629197.787286476348527, 5220838.972906893119216 ], [ 629197.800117150181904, 5220839.074929783120751 ], [ 629197.846074064262211, 5220839.133732908405364 ], [ 629197.846074064262211, 5220839.266267091967165 ], [ 629197.770710678189062, 5220839.445710678584874 ], [ 629197.650114952470176, 5220839.475114953704178 ], [ 629197.675071076489985, 5220839.524893629364669 ] ] ] } },
{ "type": "Feature", "properties": { "label": "vineyard", "row_structure": null }, "geometry": { "type": "Polygon", "coordinates": [ [ [ 629208.627389170811512, 5220839.974953874014318 ], [ 629208.619185308343731, 5220839.748905250802636 ], [ 629208.809651008457877, 5220839.595998930744827 ], [ 629208.951461612479761, 5220839.592811994254589 ], [ 629208.983126970822923, 5220839.624423909001052 ], [ 629208.872606609598733, 5220839.974950686097145 ], [ 629209.074840396060608, 5220839.749876368790865 ], [ 629209.07484283845406, 5220839.650110513903201 ], [ 629208.92387126525864, 5220839.446436843834817 ], [ 629208.875665376195684, 5220839.274296559393406 ], [ 629208.874842563760467, 5220839.125118678435683 ], [ 629208.799918557750061, 5220839.075173996388912 ], [ 629208.700170704280026, 5220839.100086390972137 ], [ 629208.700173640856519, 5220839.199911149218678 ], [ 629208.839732884429395, 5220839.450649189762771 ], [ 629208.772118252469227, 5220839.625173294916749 ], [ 629208.624626612639986, 5220839.726030624471605 ], [ 629208.600170764722861, 5220839.775062738917768 ], [ 629208.600067308871076, 5220839.923915241844952 ], [ 629208.627389170811512, 5220839.974953874014318 ] ] ] } },
{ "type": "Feature", "properties": { "label": "vineyard", "row_structure": null }, "geometry": { "type": "Polygon", "coordinates": [ [ [ 629242.199861479457468, 5220839.474831872619689 ], [ 629242.423693462274969, 5220839.251379284076393 ], [ 629242.516622744267806, 5220839.20988404750824 ], [ 629242.767958761076443, 5220839.444271744228899 ], [ 629242.800150369177572, 5220839.59983835555613 ], [ 629242.849855881882831, 5220839.574897978454828 ], [ 629242.899848199100234, 5220839.475053401663899 ], [ 629242.800776381511241, 5220839.149423841387033 ], [ 629242.799844768829644, 5220838.90009527746588 ], [ 629242.729245489579625, 5220838.72724103461951 ], [ 629242.899846736574546, 5220838.399873471818864 ], [ 629242.899841020349413, 5220838.325147090479732 ], [ 629242.699894013232552, 5220838.2501683793962 ], [ 629242.600124332820997, 5220838.250163508579135 ], [ 629241.92565767117776, 5220839.399198519997299 ], [ 629241.925000000046566, 5220839.447054241783917 ], [ 629242.199861479457468, 5220839.474831872619689 ] ] ] } },
{ "type": "Feature", "properties": { "label": "vineyard", "row_structure": null }, "geometry": { "type": "Polygon", "coordinates": [ [ [ 629222.328407341381535, 5220839.329907116480172 ], [ 629222.45014726719819, 5220839.499868183396757 ], [ 629222.624840973527171, 5220839.524840973317623 ], [ 629222.624840395990759, 5220839.4501236313954 ], [ 629222.454709304380231, 5220839.277086057700217 ], [ 629222.406067530275322, 5220839.067916660569608 ], [ 629222.524833337287419, 5220838.924862454645336 ], [ 629222.532125397468917, 5220838.842507033608854 ], [ 629222.936606203904375, 5220838.804771028459072 ], [ 629222.975159026449546, 5220838.874840972945094 ], [ 629223.098904285347089, 5220838.874933228828013 ], [ 629223.099840973503888, 5220838.800159027799964 ], [ 629222.976964572095312, 5220838.800024087540805 ], [ 629222.400150391389616, 5220838.825161661952734 ], [ 629222.275157409021631, 5220839.200079681351781 ], [ 629222.275159604032524, 5220839.299876369535923 ], [ 629222.328407341381535, 5220839.329907116480172 ] ] ] } },
{ "type": "Feature", "properties": { "label": "vineyard", "row_structure": null }, "geometry": { "type": "Polygon", "coordinates": [ [ [ 629216.992563239531592, 5220839.771019830368459 ], [ 629217.050143429893069, 5220839.874841382727027 ], [ 629217.174913610564545, 5220839.874829293228686 ], [ 629217.199841671506874, 5220839.849919097498059 ], [ 629217.206726199830882, 5220839.769347106106579 ], [ 629217.324952731491067, 5220839.647622119635344 ], [ 629217.233762782183476, 5220839.700136843137443 ], [ 629217.187361224903725, 5220839.767076836898923 ], [ 629217.059396088006906, 5220839.801789153367281 ], [ 629216.976026839460246, 5220839.723407171666622 ], [ 629217.033812801586464, 5220839.539795169606805 ], [ 629217.131306298892014, 5220839.45008659362793 ], [ 629217.286530299228616, 5220839.431408221833408 ], [ 629217.324952458380722, 5220839.452356457710266 ], [ 629217.259988067788072, 5220839.336697960272431 ], [ 629217.37482931825798, 5220839.149913625791669 ], [ 629217.374840973527171, 5220839.07515902724117 ], [ 629217.200159026542678, 5220839.07515902724117 ], [ 629217.200170681579039, 5220839.149913624860346 ], [ 629217.258446168038063, 5220839.211352529935539 ], [ 629217.257320710690692, 5220839.249682508409023 ], [ 629217.115496637881733, 5220839.457497245632112 ], [ 629217.02932787023019, 5220839.522199272178113 ], [ 629216.875876135076396, 5220839.549304191954434 ], [ 629216.825169716845267, 5220839.650083996355534 ], [ 629216.825000000069849, 5220839.722054242156446 ], [ 629216.992563239531592, 5220839.771019830368459 ] ] ] } },
{ "type": "Feature", "properties": { "label": "vineyard", "row_structure": null }, "geometry": { "type": "Polygon", "coordinates": [ [ [ 629239.22489651304204, 5220839.724836017005146 ], [ 629239.44983933144249, 5220839.524857646785676 ], [ 629239.44984097359702, 5220839.375159027054906 ], [ 629239.334695576922968, 5220839.373292977921665 ], [ 629239.306475674849935, 5220839.339184551499784 ], [ 629239.326936925412156, 5220839.124915109016001 ], [ 629239.399840973550454, 5220839.099840973503888 ], [ 629239.399840973550454, 5220839.07515902724117 ], [ 629239.325159026542678, 5220839.07515902724117 ], [ 629239.298643705435097, 5220839.379525053314865 ], [ 629239.225886811153032, 5220839.547999928705394 ], [ 629239.150169089552946, 5220839.625118697993457 ], [ 629239.150000000023283, 5220839.722054242156446 ], [ 629239.22489651304204, 5220839.724836017005146 ] ] ] } },
{ "type": "Feature", "properties": { "label": "vineyard", "row_structure": null }, "geometry": { "type": "Polygon", "coordinates": [ [ [ 629214.424829295836389, 5220838.999913609586656 ], [ 629214.428249020013027, 5220838.919485934078693 ], [ 629214.540612641023472, 5220838.717283360660076 ], [ 629214.624840973527171, 5220838.699840973131359 ], [ 629214.631184907979332, 5220838.648284360766411 ], [ 629214.69983737997245, 5220838.574891821481287 ], [ 629214.69983737997245, 5220838.500108178704977 ], [ 629214.624840973527171, 5220838.400159027427435 ], [ 629214.500118672847748, 5220838.400157431140542 ], [ 629214.350159026449546, 5220838.550159027799964 ], [ 629214.350159026449546, 5220838.624840972945094 ], [ 629214.447218681685627, 5220838.639609730802476 ], [ 629214.469290733919479, 5220838.678986656479537 ], [ 629214.426513198530301, 5220838.900060601532459 ], [ 629214.325159026542678, 5220838.925159027799964 ], [ 629214.325000000069849, 5220839.022054241970181 ], [ 629214.424829295836389, 5220838.999913609586656 ] ] ] } },
{ "type": "Feature", "properties": { "label": "vineyard", "row_structure": null }, "geometry": { "type": "Polygon", "coordinates": [ [ [ 629227.859155497746542, 5220839.620982852764428 ], [ 629227.875114952446893, 5220839.724885047413409 ], [ 629227.974893627804704, 5220839.69992892537266 ], [ 629228.010778112104163, 5220839.541317390277982 ], [ 629228.12488180550281, 5220839.399951042607427 ], [ 629228.14575530809816, 5220839.225483624264598 ], [ 629228.241317391744815, 5220839.135778111405671 ], [ 629228.399882486090064, 5220839.099937189370394 ], [ 629228.374882486066781, 5220838.975062812678516 ], [ 629228.274921979755163, 5220838.87511676736176 ], [ 629228.075099301990122, 5220838.900099301710725 ], [ 629227.993056286941282, 5220839.200135502032936 ], [ 629227.88032075332012, 5220839.409569931216538 ], [ 629227.775117513956502, 5220839.475062812678516 ], [ 629227.775114952470176, 5220839.57488504704088 ], [ 629227.859155497746542, 5220839.620982852764428 ] ] ] } },
{ "type": "Feature", "properties": { "label": "vineyard", "row_structure": null }, "geometry": { "type": "Polygon", "coordinates": [ [ [ 629203.599921979475766, 5220839.199883232824504 ], [ 629203.674882486113347, 5220839.124937187880278 ], [ 629203.683721673325635, 5220839.050133715383708 ], [ 629203.749882849864662, 5220838.949929783120751 ], [ 629203.774881483521312, 5220838.774957595393062 ], [ 629203.774881805526093, 5220838.700048957951367 ], [ 629203.724937188206241, 5220838.625117515213788 ], [ 629203.650114952470176, 5220838.625114953145385 ], [ 629203.638904835563153, 5220838.745781331323087 ], [ 629203.550114952493459, 5220838.800114953890443 ], [ 629203.450114952516742, 5220839.19988504704088 ], [ 629203.599921979475766, 5220839.199883232824504 ] ] ] } },
{ "type": "Feature", "properties": { "label": "vineyard", "row_structure": null }, "geometry": { "type": "Polygon", "coordinates": [ [ [ 629230.870959804509766, 5220838.800959641113877 ], [ 629230.925086389528587, 5220838.94982929341495 ], [ 629231.124918557703495, 5220838.949826003983617 ], [ 629231.199847446638159, 5220838.899879050441086 ], [ 629231.227740755770355, 5220838.673848601989448 ], [ 629231.365448246127926, 5220838.490742166526616 ], [ 629231.624911587918177, 5220838.399844662286341 ], [ 629231.674829318188131, 5220838.349913627840579 ], [ 629231.674840396037325, 5220838.275123631581664 ], [ 629231.545996955595911, 5220838.241503916680813 ], [ 629231.374895094078965, 5220838.050153306685388 ], [ 629231.2501015906455, 5220838.025169949047267 ], [ 629231.100581997190602, 5220838.199121586047113 ], [ 629231.097150635905564, 5220838.373569685965776 ], [ 629230.950581766548567, 5220838.574121786281466 ], [ 629230.896094455267303, 5220838.787565080448985 ], [ 629230.568218099186197, 5220838.769112648442388 ], [ 629230.548035427927971, 5220838.550024087540805 ], [ 629230.47517822124064, 5220838.675062058493495 ], [ 629230.474999999976717, 5220838.772054241970181 ], [ 629230.870959804509766, 5220838.800959641113877 ] ] ] } },
{ "type": "Feature", "properties": { "label": "vineyard", "row_structure": null }, "geometry": { "type": "Polygon", "coordinates": [ [ [ 629211.84982929576654, 5220838.949913609772921 ], [ 629211.851392108248547, 5220838.727397661656141 ], [ 629211.924836067366414, 5220838.624896540306509 ], [ 629211.926528575713746, 5220838.496347583830357 ], [ 629212.024840973550454, 5220838.275159027427435 ], [ 629212.000159026472829, 5220838.275159027427435 ], [ 629211.917752452776767, 5220838.493002102710307 ], [ 629211.725159026449546, 5220838.500159027054906 ], [ 629211.724114864133298, 5220838.674537296406925 ], [ 629211.625173960463144, 5220838.900081425905228 ], [ 629211.625, 5220838.997054241597652 ], [ 629211.84982929576654, 5220838.949913609772921 ] ] ] } },
{ "type": "Feature", "properties": { "label": "vineyard", "row_structure": null }, "geometry": { "type": "Polygon", "coordinates": [ [ [ 629219.925169710768387, 5220838.799867242574692 ], [ 629220.025161643861793, 5220838.999849629588425 ], [ 629220.124861500924453, 5220839.024843530729413 ], [ 629220.233248268137686, 5220838.870185682550073 ], [ 629220.39699154405389, 5220838.778314156457782 ], [ 629220.499899916932918, 5220838.774831061251462 ], [ 629220.649874434689991, 5220838.69985271897167 ], [ 629220.724843539646827, 5220838.525138492695987 ], [ 629220.574918556958437, 5220838.425174003466964 ], [ 629220.432398129953071, 5220838.445650349371135 ], [ 629220.257802556268871, 5220838.399370112456381 ], [ 629220.274938752059825, 5220838.20120813138783 ], [ 629220.225147905759513, 5220838.026034730486572 ], [ 629220.150140433455817, 5220838.025166057981551 ], [ 629220.025156710064039, 5220838.175111752934754 ], [ 629220.025170771405101, 5220838.249937258660793 ], [ 629220.100143440999091, 5220838.39984137378633 ], [ 629220.232084183138795, 5220838.413912441581488 ], [ 629220.309174388530664, 5220838.570814773440361 ], [ 629220.236125080031343, 5220838.624128371477127 ], [ 629220.075133572216146, 5220838.625171409919858 ], [ 629219.925156473182142, 5220838.7251385031268 ], [ 629219.925169710768387, 5220838.799867242574692 ] ] ] } },
{ "type": "Feature", "properties": { "label": "vineyard", "row_structure": null }, "geometry": { "type": "Polygon", "coordinates": [ [ [ 629206.075117514003068, 5220838.824937188066542 ], [ 629206.200062811840326, 5220838.924882485531271 ], [ 629206.274937188252807, 5220838.924882485531271 ], [ 629206.401116717606783, 5220838.810995053499937 ], [ 629206.499885047553107, 5220838.799885047599673 ], [ 629206.524881483521312, 5220838.625042404979467 ], [ 629206.477204722235911, 5220838.504904476925731 ], [ 629206.474882486043498, 5220838.400062812492251 ], [ 629206.42493718827609, 5220838.350117515772581 ], [ 629206.250062811770476, 5220838.325117515400052 ], [ 629206.200117514003068, 5220838.375062813051045 ], [ 629206.229501511552371, 5220838.609890119172633 ], [ 629206.075115925865248, 5220838.750095138326287 ], [ 629206.075117514003068, 5220838.824937188066542 ] ] ] } },
{ "type": "Feature", "properties": { "label": "vineyard", "row_structure": null }, "geometry": { "type": "Polygon", "coordinates": [ [ [ 629222.752945764455944, 5220838.175000000745058 ], [ 629222.874916891567409, 5220838.174839004874229 ], [ 629222.96759088744875, 5220838.125332863070071 ], [ 629223.077087563695386, 5220838.148343916982412 ], [ 629223.073765438864939, 5220838.298523406498134 ], [ 629223.0, 5220838.327945758588612 ], [ 629223.000159026472829, 5220838.399840973317623 ], [ 629223.07484097359702, 5220838.399840973317623 ], [ 629223.080356692196801, 5220838.315542922355235 ], [ 629223.15434234100394, 5220838.188808405771852 ], [ 629223.200000000069849, 5220838.17205424234271 ], [ 629223.19984097359702, 5220838.07515902724117 ], [ 629223.140268837101758, 5220838.06535558309406 ], [ 629223.055598846054636, 5220837.954392592422664 ], [ 629223.07509688520804, 5220837.850037839263678 ], [ 629223.219347159960307, 5220837.65672561340034 ], [ 629223.3998402323341, 5220837.624848255887628 ], [ 629223.399829303612933, 5220837.550086384639144 ], [ 629223.32493726129178, 5220837.500170765444636 ], [ 629223.200086382799782, 5220837.500170693732798 ], [ 629223.079327958635986, 5220837.597199962474406 ], [ 629222.950159026542678, 5220837.600159027613699 ], [ 629222.943277931422926, 5220837.655652513727546 ], [ 629222.800170134287328, 5220837.850076612085104 ], [ 629222.796825012657791, 5220837.939396311528981 ], [ 629222.725170681718737, 5220838.050086375325918 ], [ 629222.724999999976717, 5220838.147054241970181 ], [ 629222.752945764455944, 5220838.175000000745058 ] ] ] } },
{ "type": "Feature", "properties": { "label": "vineyard", "row_structure": null }, "geometry": { "type": "Polygon", "coordinates": [ [ [ 629228.300150369177572, 5220838.799838355742395 ], [ 629228.474849630845711, 5220838.799838355742395 ], [ 629228.526410768856294, 5220838.623134708963335 ], [ 629228.649934108834714, 5220838.448886383324862 ], [ 629228.649830070789903, 5220838.325101579539478 ], [ 629228.508758776239119, 5220838.221245488151908 ], [ 629228.524118754197843, 5220838.056739870458841 ], [ 629228.674840396037325, 5220837.999876368790865 ], [ 629228.674842571024783, 5220837.925145253539085 ], [ 629228.548833091976121, 5220837.875063274055719 ], [ 629228.425170704256743, 5220837.900086390785873 ], [ 629228.425158630823717, 5220837.974856552667916 ], [ 629228.521490666083992, 5220838.040476984344423 ], [ 629228.501337933819741, 5220838.236943744122982 ], [ 629228.275153585709631, 5220838.425141898915172 ], [ 629228.25, 5220838.502945758402348 ], [ 629228.300150369177572, 5220838.799838355742395 ] ] ] } },
{ "type": "Feature", "properties": { "label": "vineyard", "row_structure": null }, "geometry": { "type": "Polygon", "coordinates": [ [ [ 629209.400086384732276, 5220837.849829303100705 ], [ 629209.497623863979243, 5220837.875434859655797 ], [ 629209.522767825517803, 5220838.19408867508173 ], [ 629209.375170681858435, 5220838.32508637290448 ], [ 629209.375170704210177, 5220838.399913609959185 ], [ 629209.400086390436627, 5220838.424829294905066 ], [ 629209.574913610005751, 5220838.424829294905066 ], [ 629209.59982929576654, 5220838.399913609959185 ], [ 629209.599840973503888, 5220838.225159027613699 ], [ 629209.526108352700248, 5220838.195781100541353 ], [ 629209.502074231160805, 5220837.856765322387218 ], [ 629209.599842576193623, 5220837.774881332181394 ], [ 629209.657819251413457, 5220837.548458060249686 ], [ 629209.950343956705183, 5220837.424006251618266 ], [ 629209.974912020727061, 5220837.350664004683495 ], [ 629209.924913451191969, 5220837.100154025480151 ], [ 629209.827945764525793, 5220837.075000000186265 ], [ 629209.600154675892554, 5220837.100160411559045 ], [ 629209.573590549407527, 5220837.201864262111485 ], [ 629209.424543585511856, 5220837.426210455596447 ], [ 629209.350527424947359, 5220837.599044376984239 ], [ 629209.350170764722861, 5220837.77493726182729 ], [ 629209.400086384732276, 5220837.849829303100705 ] ] ] } },
{ "type": "Feature", "properties": { "label": "vineyard", "row_structure": null }, "geometry": { "type": "Polygon", "coordinates": [ [ [ 629236.300114280660637, 5220838.274885719642043 ], [ 629236.417969440459274, 5220838.291123552247882 ], [ 629236.46345746726729, 5220838.371464094147086 ], [ 629236.44333652057685, 5220838.435402589850128 ], [ 629236.350117404945195, 5220838.525050493888557 ], [ 629236.325115208979696, 5220838.724904671311378 ], [ 629236.524885719292797, 5220838.799885720014572 ], [ 629236.488783579901792, 5220838.658829980529845 ], [ 629236.508319617947564, 5220838.594316544942558 ], [ 629236.603347593802027, 5220838.554944507777691 ], [ 629236.749885719153099, 5220838.624885719269514 ], [ 629236.874882594915107, 5220838.299949506297708 ], [ 629236.874882929259911, 5220838.250057321041822 ], [ 629236.801555502926931, 5220838.134585082530975 ], [ 629236.874882929376327, 5220838.024942679330707 ], [ 629236.874882594915107, 5220837.875050494447351 ], [ 629236.799903737846762, 5220837.750115163624287 ], [ 629236.650057322112843, 5220837.775117069482803 ], [ 629236.500117070623673, 5220837.850057320669293 ], [ 629236.500116487150081, 5220837.924930765293539 ], [ 629236.55635792168323, 5220838.009960285387933 ], [ 629236.511835773591883, 5220838.167109675705433 ], [ 629236.300114280660637, 5220838.175114280544221 ], [ 629236.300114280660637, 5220838.274885719642043 ] ] ] } },
{ "type": "Feature", "properties": { "label": "vineyard", "row_structure": null }, "geometry": { "type": "Polygon", "coordinates": [ [ [ 629233.561485429527238, 5220838.990775845013559 ], [ 629233.575115925981663, 5220839.0749048627913 ], [ 629233.799885047599673, 5220839.149885047227144 ], [ 629233.813514570589177, 5220838.790775844827294 ], [ 629234.124882486066781, 5220838.599937189370394 ], [ 629234.13609516446013, 5220838.504218669608235 ], [ 629234.249882486066781, 5220838.424937189556658 ], [ 629234.349881805363111, 5220838.174951042979956 ], [ 629234.349885047529824, 5220838.100114953704178 ], [ 629234.227843056200072, 5220838.072531095705926 ], [ 629234.199884074158035, 5220837.975095137953758 ], [ 629234.126723332447, 5220837.927525851875544 ], [ 629234.099884074064903, 5220837.850095137953758 ], [ 629233.916411791695282, 5220837.787444097921252 ], [ 629233.824937188415788, 5220837.700117515400052 ], [ 629233.750070216716267, 5220837.700117151252925 ], [ 629233.625117513933219, 5220837.775062812492251 ], [ 629233.62511819449719, 5220837.924951042979956 ], [ 629233.762444093474187, 5220838.116411786526442 ], [ 629233.812186620663851, 5220838.26628954987973 ], [ 629233.770239941775799, 5220838.332359625026584 ], [ 629233.600062811630778, 5220838.375117515213788 ], [ 629233.525106372311711, 5220838.450071074999869 ], [ 629233.475118194590323, 5220838.55004895851016 ], [ 629233.450118194683455, 5220838.849951042793691 ], [ 629233.561485429527238, 5220838.990775845013559 ] ] ] } },
{ "type": "Feature", "properties": { "label": "vineyard", "row_structure": null }, "geometry": { "type": "Polygon", "coordinates": [ [ [ 629217.391799439908937, 5220838.60704377759248 ], [ 629217.400114952470176, 5220838.749885046854615 ], [ 629217.499885047553107, 5220838.749885046854615 ], [ 629217.507149391924031, 5220838.662868280895054 ], [ 629217.558357044123113, 5220838.609083201736212 ], [ 629217.749885047553107, 5220838.57488504704088 ], [ 629217.77488504757639, 5220838.275114953517914 ], [ 629217.670971532235853, 5220838.270694034174085 ], [ 629217.616853038780391, 5220838.230557024478912 ], [ 629217.624882486066781, 5220838.025062812492251 ], [ 629217.599937188206241, 5220838.000117515213788 ], [ 629217.525114952470176, 5220838.000114953145385 ], [ 629217.431867047096603, 5220838.160723246634007 ], [ 629217.375116360140964, 5220838.200086299329996 ], [ 629217.373248737188987, 5220838.382155206054449 ], [ 629217.325117150205187, 5220838.450070217251778 ], [ 629217.325116360210814, 5220838.549913701601326 ], [ 629217.391799439908937, 5220838.60704377759248 ] ] ] } },
{ "type": "Feature", "properties": { "label": "vineyard", "row_structure": null }, "geometry": { "type": "Polygon", "coordinates": [ [ [ 629220.224840973503888, 5220838.024840973317623 ], [ 629220.351014558575116, 5220837.614323235116899 ], [ 629220.48881384159904, 5220837.600215338170528 ], [ 629220.672158830449916, 5220837.733167417347431 ], [ 629220.650000000023283, 5220838.072054239921272 ], [ 629220.675123631139286, 5220838.124840393662453 ], [ 629220.849848248180933, 5220838.124840226955712 ], [ 629220.949845824972726, 5220837.69995279237628 ], [ 629220.92484963091556, 5220837.500161645002663 ], [ 629220.550841413671151, 5220837.450903795659542 ], [ 629220.526921337586828, 5220837.327933785505593 ], [ 629220.728510843124241, 5220837.103393972851336 ], [ 629221.090885887737386, 5220837.125104238279164 ], [ 629221.126964572118595, 5220837.149975913576782 ], [ 629221.174840973573737, 5220837.149840973317623 ], [ 629221.174840973573737, 5220837.125159027054906 ], [ 629220.754366880748421, 5220837.098767301999032 ], [ 629220.649913625326008, 5220836.950170682743192 ], [ 629220.550159026519395, 5220836.95015902724117 ], [ 629220.548486118437722, 5220837.049079775810242 ], [ 629220.400156036484987, 5220837.350077715702355 ], [ 629220.230067087570205, 5220837.975787679664791 ], [ 629220.150000000023283, 5220838.022054241970181 ], [ 629220.224840973503888, 5220838.024840973317623 ] ] ] } },
{ "type": "Feature", "properties": { "label": "vineyard", "row_structure": null }, "geometry": { "type": "Polygon", "coordinates": [ [ [ 629214.500117513933219, 5220837.974937189370394 ], [ 629214.600062811630778, 5220838.049882485531271 ], [ 629214.77488504757639, 5220838.07488504704088 ], [ 629214.774882486090064, 5220837.975062812678516 ], [ 629214.674904862418771, 5220837.875115927308798 ], [ 629214.525062811793759, 5220837.875117515213788 ], [ 629214.500117513933219, 5220837.974937189370394 ] ] ] } },
{ "type": "Feature", "properties": { "label": "vineyard", "row_structure": null }, "geometry": { "type": "Polygon", "coordinates": [ [ [ 629203.825114952516742, 5220838.349885047413409 ], [ 629203.899937188252807, 5220838.349882485345006 ], [ 629203.963235269067809, 5220838.246354479342699 ], [ 629204.049885047599673, 5220838.224885047413409 ], [ 629204.06271352362819, 5220838.122906892560422 ], [ 629204.124883639859036, 5220838.074913701042533 ], [ 629204.124885047553107, 5220837.800114953890443 ], [ 629203.900114952470176, 5220837.800114953890443 ], [ 629203.900117513956502, 5220837.924937189556658 ], [ 629203.970062219072133, 5220838.009943088516593 ], [ 629203.973078528069891, 5220838.119509032927454 ], [ 629203.922139673726633, 5220838.188192127272487 ], [ 629203.825114952516742, 5220838.200114953331649 ], [ 629203.825114952516742, 5220838.349885047413409 ] ] ] } },
{ "type": "Feature", "properties": { "label": "vineyard", "row_structure": null }, "geometry": { "type": "Polygon", "coordinates": [ [ [ 629239.925050496123731, 5220837.799882596358657 ], [ 629240.049926441395655, 5220837.799883725121617 ], [ 629240.137792380410247, 5220837.692037533037364 ], [ 629240.274926441372372, 5220837.649883724749088 ], [ 629240.39990226412192, 5220837.549894383177161 ], [ 629240.43292371626012, 5220837.426967720501125 ], [ 629240.479827964678407, 5220837.376764041371644 ], [ 629240.566962164011784, 5220837.375210088677704 ], [ 629240.675050496123731, 5220837.474882596172392 ], [ 629240.855487179826014, 5220837.425552020780742 ], [ 629240.997552486951463, 5220837.450000000186265 ], [ 629241.124904669937678, 5220837.424884791485965 ], [ 629241.14988259493839, 5220837.225050494074821 ], [ 629241.049934210255742, 5220837.075107728131115 ], [ 629240.774949504761025, 5220836.875117404386401 ], [ 629240.650050496100448, 5220836.900117403827608 ], [ 629240.57510772626847, 5220836.950065791606903 ], [ 629240.542076283483766, 5220837.173032280057669 ], [ 629240.466732813511044, 5220837.232610126025975 ], [ 629240.383045043796301, 5220837.208296737633646 ], [ 629240.274891069275327, 5220837.02506470028311 ], [ 629240.200050495215692, 5220837.000117404386401 ], [ 629240.100064700236544, 5220837.050108931027353 ], [ 629239.950107725802809, 5220837.225065791979432 ], [ 629239.725117070483975, 5220837.69994267821312 ], [ 629239.925050496123731, 5220837.799882596358657 ] ] ] } },
{ "type": "Feature", "properties": { "label": "vineyard", "row_structure": null }, "geometry": { "type": "Polygon", "coordinates": [ [ [ 629212.025086390436627, 5220838.299829294905066 ], [ 629212.0749200952705, 5220838.299839550629258 ], [ 629212.274829295813106, 5220838.124913609586656 ], [ 629212.173564729164355, 5220838.158572194166481 ], [ 629211.980496840900742, 5220838.101367432624102 ], [ 629211.965152090066113, 5220837.927708910778165 ], [ 629212.018103318754584, 5220837.866592078469694 ], [ 629212.274953101528808, 5220837.852346995845437 ], [ 629212.210805256385356, 5220837.762448625639081 ], [ 629212.338339729933068, 5220837.544417474418879 ], [ 629212.424913609633222, 5220837.524829294532537 ], [ 629212.574848598334938, 5220837.374861350283027 ], [ 629212.624926087562926, 5220837.224049658514559 ], [ 629212.624841671437025, 5220837.075080903246999 ], [ 629212.599913610494696, 5220837.050170707516372 ], [ 629212.400096975732595, 5220837.075156138278544 ], [ 629212.275160364457406, 5220837.200101350434124 ], [ 629212.25015947164502, 5220837.37495182454586 ], [ 629212.310805442743003, 5220837.523360035382211 ], [ 629212.183317240094766, 5220837.730043012648821 ], [ 629212.050123631139286, 5220837.725159606896341 ], [ 629211.900166485575028, 5220837.975110989063978 ], [ 629211.900071074604057, 5220838.048991892486811 ], [ 629212.025086390436627, 5220838.299829294905066 ] ] ] } },
{ "type": "Feature", "properties": { "label": "vineyard", "row_structure": null }, "geometry": { "type": "Polygon", "coordinates": [ [ [ 629243.123189450474456, 5220837.993335917592049 ], [ 629243.150114952470176, 5220838.07488504704088 ], [ 629243.22492978326045, 5220838.074882849119604 ], [ 629243.324885047622956, 5220838.024885047227144 ], [ 629243.249893627711572, 5220837.825071074999869 ], [ 629243.17493718827609, 5220837.725117515772581 ], [ 629243.050099301966839, 5220837.750099301338196 ], [ 629243.025114952470176, 5220837.94988504704088 ], [ 629243.123189450474456, 5220837.993335917592049 ] ] ] } },
{ "type": "Feature", "properties": { "label": "vineyard", "row_structure": null }, "geometry": { "type": "Polygon", "coordinates": [ [ [ 629239.525099301943555, 5220838.349900699220598 ], [ 629239.750042403582484, 5220838.449881482869387 ], [ 629239.82495104172267, 5220838.449881805106997 ], [ 629239.974893628037535, 5220838.349928923882544 ], [ 629240.074881483567879, 5220838.149957595393062 ], [ 629240.07488248613663, 5220837.975062812678516 ], [ 629239.993132952949964, 5220837.910723246634007 ], [ 629239.974882486043498, 5220837.825062813237309 ], [ 629239.924928923603147, 5220837.775106371380389 ], [ 629239.749951042118482, 5220837.700118196196854 ], [ 629239.700106372241862, 5220837.725071075372398 ], [ 629239.550118194543757, 5220838.025048958137631 ], [ 629239.569005427067168, 5220838.161798016168177 ], [ 629239.50011819449719, 5220838.275048958137631 ], [ 629239.525099301943555, 5220838.349900699220598 ] ] ] } },
{ "type": "Feature", "properties": { "label": "vineyard", "row_structure": null }, "geometry": { "type": "Polygon", "coordinates": [ [ [ 629231.275160058634356, 5220838.024868242442608 ], [ 629231.450051865307614, 5220838.099841235205531 ], [ 629231.549851543386467, 5220838.074846424162388 ], [ 629231.724832453532144, 5220837.799865139648318 ], [ 629231.753491037408821, 5220837.512086227536201 ], [ 629232.049829295836389, 5220837.449913609772921 ], [ 629232.049829295836389, 5220837.400086390785873 ], [ 629231.827774501289241, 5220837.200514738447964 ], [ 629231.774869342916645, 5220837.025129739195108 ], [ 629231.722054237965494, 5220837.0 ], [ 629231.588013928383589, 5220837.020734802819788 ], [ 629231.395040113246068, 5220836.953684155829251 ], [ 629231.349913610494696, 5220836.800170707516372 ], [ 629231.250159026472829, 5220836.800159027799964 ], [ 629231.250159026472829, 5220836.949840973131359 ], [ 629231.375908325659111, 5220836.956308053806424 ], [ 629231.510285293799825, 5220837.126545054838061 ], [ 629231.275169929256663, 5220837.400101579725742 ], [ 629231.225062250276096, 5220837.848812270909548 ], [ 629231.275160058634356, 5220838.024868242442608 ] ] ] } },
{ "type": "Feature", "properties": { "label": "vineyard", "row_structure": null }, "geometry": { "type": "Polygon", "coordinates": [ [ [ 629206.500114952446893, 5220837.44988504704088 ], [ 629206.578645521309227, 5220837.488235268741846 ], [ 629206.613452357589267, 5220837.596260882914066 ], [ 629206.578217901522294, 5220837.676252721808851 ], [ 629206.500114952446893, 5220837.700114953331649 ], [ 629206.500114952446893, 5220837.774885047227144 ], [ 629206.624516374664381, 5220837.79575530719012 ], [ 629206.700095137464814, 5220837.92488407343626 ], [ 629206.842406767769717, 5220837.903118154034019 ], [ 629206.974885047529824, 5220837.924885047599673 ], [ 629206.974881805363111, 5220837.850048958323896 ], [ 629206.90494492824655, 5220837.728339202702045 ], [ 629206.9235418260796, 5220837.654096227139235 ], [ 629206.989189529325813, 5220837.614748505875468 ], [ 629207.149951041676104, 5220837.624881804920733 ], [ 629207.199884074158035, 5220837.599904863163829 ], [ 629207.199884074158035, 5220837.450095137581229 ], [ 629207.119263491476886, 5220837.393027082085609 ], [ 629207.053925935761072, 5220837.241267092525959 ], [ 629207.099881805363111, 5220836.975048958323896 ], [ 629207.024937188252807, 5220836.875117515213788 ], [ 629206.825114952516742, 5220836.925114953890443 ], [ 629206.874447292066179, 5220837.119521198794246 ], [ 629206.825117514003068, 5220837.200062813237309 ], [ 629206.845560803776607, 5220837.363684795796871 ], [ 629206.781664082198404, 5220837.448189452290535 ], [ 629206.671853506122716, 5220837.470957152545452 ], [ 629206.599885047646239, 5220837.375114953145385 ], [ 629206.500114952446893, 5220837.375114953145385 ], [ 629206.500114952446893, 5220837.44988504704088 ] ] ] } },
{ "type": "Feature", "properties": { "label": "vineyard", "row_structure": null }, "geometry": { "type": "Polygon", "coordinates": [ [ [ 629217.575086390483193, 5220837.799829294905066 ], [ 629217.79990388720762, 5220837.799842419102788 ], [ 629217.974831876577809, 5220837.624861482530832 ], [ 629217.99226475157775, 5220837.50165201164782 ], [ 629218.399840973550454, 5220837.424840973690152 ], [ 629218.399840973550454, 5220837.350159027613699 ], [ 629218.325159026542678, 5220837.350159027613699 ], [ 629218.300985230365768, 5220837.427097856998444 ], [ 629217.989870393299498, 5220837.492169088684022 ], [ 629217.899936742382124, 5220837.283545797690749 ], [ 629217.911765477154404, 5220837.023390022106469 ], [ 629218.024267663131468, 5220836.975136206485331 ], [ 629218.288740945630707, 5220836.950922591611743 ], [ 629218.44984097359702, 5220836.974840973503888 ], [ 629218.449830070952885, 5220836.900101580657065 ], [ 629218.374913621228188, 5220836.825170691125095 ], [ 629218.25603735668119, 5220836.844144301488996 ], [ 629217.997054235544056, 5220836.75 ], [ 629217.925101577187888, 5220836.750169930979609 ], [ 629217.850161126814783, 5220836.825086151249707 ], [ 629217.823231040383689, 5220837.297213435173035 ], [ 629217.625155358109623, 5220837.525088434107602 ], [ 629217.550156399840489, 5220837.700071793049574 ], [ 629217.575086390483193, 5220837.799829294905066 ] ] ] } },
{ "type": "Feature", "properties": { "label": "vineyard", "row_structure": null }, "geometry": { "type": "Polygon", "coordinates": [ [ [ 629198.325117514003068, 5220837.899937188252807 ], [ 629198.375095137394965, 5220837.974884073249996 ], [ 629198.449937188415788, 5220837.974882485345006 ], [ 629198.474882486043498, 5220837.949937188066542 ], [ 629198.487713523674756, 5220837.747906892560422 ], [ 629198.57488248613663, 5220837.674937189556658 ], [ 629198.604289321927354, 5220837.554289322346449 ], [ 629198.724885047529824, 5220837.524885047227144 ], [ 629198.716921411803924, 5220837.365640489384532 ], [ 629198.799884541193023, 5220837.299895355477929 ], [ 629198.874882486066781, 5220837.150062812492251 ], [ 629198.624951042118482, 5220837.025118196383119 ], [ 629198.550062811817043, 5220837.025117515586317 ], [ 629198.525117513956502, 5220837.05006281286478 ], [ 629198.522795277764089, 5220837.329904476180673 ], [ 629198.475117513909936, 5220837.400062812492251 ], [ 629198.46738795330748, 5220837.538268344476819 ], [ 629198.41326834319625, 5220837.592387953773141 ], [ 629198.300114952493459, 5220837.600114953704178 ], [ 629198.325117514003068, 5220837.899937188252807 ] ] ] } },
{ "type": "Feature", "properties": { "label": "vineyard", "row_structure": null }, "geometry": { "type": "Polygon", "coordinates": [ [ [ 629226.324858950218186, 5220837.049837253056467 ], [ 629226.475331199122593, 5220836.823602961376309 ], [ 629226.824841234949417, 5220835.874948135577142 ], [ 629226.824829235207289, 5220835.800062739290297 ], [ 629226.774913614615798, 5220835.725170697085559 ], [ 629226.475084659992717, 5220835.750164159573615 ], [ 629226.450170704280026, 5220835.775086390785873 ], [ 629226.4501593997702, 5220835.849844762124121 ], [ 629226.575880208751187, 5220835.902130477130413 ], [ 629226.685336223104969, 5220836.057598706334829 ], [ 629226.555422037723474, 5220836.195960189215839 ], [ 629226.425159026519395, 5220836.225159027613699 ], [ 629226.425170681788586, 5220836.399913625791669 ], [ 629226.475730895530432, 5220836.460539654828608 ], [ 629226.493263840791769, 5220836.693340376019478 ], [ 629226.465641982620582, 5220836.72331153973937 ], [ 629226.275155291077681, 5220836.750147555023432 ], [ 629226.25, 5220837.04705424234271 ], [ 629226.324858950218186, 5220837.049837253056467 ] ] ] } },
{ "type": "Feature", "properties": { "label": "vineyard", "row_structure": null }, "geometry": { "type": "Polygon", "coordinates": [ [ [ 629223.300103486981243, 5220837.17483601719141 ], [ 629223.374913609586656, 5220837.174829294905066 ], [ 629223.533546783030033, 5220837.023665054701269 ], [ 629224.024840973550454, 5220836.999840972945094 ], [ 629224.024840973550454, 5220836.975159027613699 ], [ 629223.750183593365364, 5220836.924394922330976 ], [ 629223.60019267431926, 5220836.807536728680134 ], [ 629223.606596741243266, 5220836.646814610809088 ], [ 629223.924833959550597, 5220836.349859577603638 ], [ 629223.924932691152208, 5220836.126084758900106 ], [ 629223.899876368930563, 5220836.075159606523812 ], [ 629223.80008639045991, 5220836.075170706026256 ], [ 629223.6001554611139, 5220836.250138674862683 ], [ 629223.568043109960854, 5220836.498292192816734 ], [ 629223.300153290852904, 5220836.675104893743992 ], [ 629223.20016584044788, 5220837.000125355087221 ], [ 629223.200000000069849, 5220837.097054242156446 ], [ 629223.300103486981243, 5220837.17483601719141 ] ] ] } },
{ "type": "Feature", "properties": { "label": "vineyard", "row_structure": null }, "geometry": { "type": "Polygon", "coordinates": [ [ [ 629201.200117514003068, 5220837.774937188252807 ], [ 629201.297475327271968, 5220837.949713729321957 ], [ 629201.250114952446893, 5220838.07488504704088 ], [ 629201.37489535450004, 5220838.074884540401399 ], [ 629201.524882486090064, 5220837.899937188252807 ], [ 629201.529640929307789, 5220837.641592522151768 ], [ 629201.599883639835753, 5220837.574913701042533 ], [ 629201.620755308074877, 5220837.475483624264598 ], [ 629201.69988248613663, 5220837.399937188252807 ], [ 629201.706943713128567, 5220837.324864498339593 ], [ 629201.799881805549376, 5220837.149951042607427 ], [ 629201.804937781300396, 5220837.009943086653948 ], [ 629201.874882486066781, 5220836.924937189556658 ], [ 629201.874885047553107, 5220836.825114953331649 ], [ 629201.700070216786116, 5220836.825117151252925 ], [ 629201.650135501171462, 5220836.868056287057698 ], [ 629201.575114952516742, 5220836.875114953145385 ], [ 629201.56228647637181, 5220836.977093107998371 ], [ 629201.475117513909936, 5220837.05006281286478 ], [ 629201.499480752507225, 5220837.313474308699369 ], [ 629201.425116360187531, 5220837.400086299516261 ], [ 629201.414221887942404, 5220837.583682609722018 ], [ 629201.323883282137103, 5220837.689004947431386 ], [ 629201.200114952516742, 5220837.700114953331649 ], [ 629201.200117514003068, 5220837.774937188252807 ] ] ] } },
{ "type": "Feature", "properties": { "label": "vineyard", "row_structure": null }, "geometry": { "type": "Polygon", "coordinates": [ [ [ 629220.550138500286266, 5220836.749843528494239 ], [ 629220.903245424386114, 5220836.782545984722674 ], [ 629221.119022139813751, 5220837.019374622963369 ], [ 629221.125159604009241, 5220837.124876368790865 ], [ 629221.197054238058627, 5220837.150000000372529 ], [ 629221.249856958631426, 5220837.124870820902288 ], [ 629221.324932264047675, 5220837.02392393629998 ], [ 629221.324829247780144, 5220836.900062734261155 ], [ 629221.27487637323793, 5220836.800159600563347 ], [ 629221.171502925688401, 5220836.798640702851117 ], [ 629220.910233056987636, 5220836.70307276211679 ], [ 629220.830742436461151, 5220836.505273365415633 ], [ 629221.02100426366087, 5220836.259303751401603 ], [ 629221.199853644357063, 5220836.22487351577729 ], [ 629221.374829295789823, 5220835.899913609959185 ], [ 629221.349843705422245, 5220835.600162935443223 ], [ 629221.250083995750174, 5220835.600169718265533 ], [ 629221.125170704210177, 5220835.675086391158402 ], [ 629221.121902897953987, 5220835.802868192084134 ], [ 629220.975153497536667, 5220836.075126629322767 ], [ 629221.016035916749388, 5220836.256525401957333 ], [ 629220.839005696354434, 5220836.479358706623316 ], [ 629220.798406544141471, 5220836.489306890405715 ], [ 629220.657673138892278, 5220836.426442234776914 ], [ 629220.599844762939028, 5220836.225159400142729 ], [ 629220.550145249464549, 5220836.225157428532839 ], [ 629220.474932240438648, 5220836.425787509419024 ], [ 629220.45006255642511, 5220836.598818502388895 ], [ 629220.550138500286266, 5220836.749843528494239 ] ] ] } },
{ "type": "Feature", "properties": { "label": "vineyard", "row_structure": null }, "geometry": { "type": "Polygon", "coordinates": [ [ [ 629215.000040099257603, 5220836.949882086366415 ], [ 629215.187045624363236, 5220836.926164603792131 ], [ 629215.350057321949862, 5220837.074882930144668 ], [ 629215.499885719153099, 5220837.099885719828308 ], [ 629215.499882594915107, 5220836.900050493888557 ], [ 629215.449882595101371, 5220836.750050494447351 ], [ 629215.399891069275327, 5220836.65006470028311 ], [ 629215.324949504807591, 5220836.600117404013872 ], [ 629214.975057322066277, 5220836.575117069296539 ], [ 629214.900117404991761, 5220836.725050495006144 ], [ 629214.875117070740089, 5220836.874942678958178 ], [ 629215.000040099257603, 5220836.949882086366415 ] ] ] } },
{ "type": "Feature", "properties": { "label": "vineyard", "row_structure": null }, "geometry": { "type": "Polygon", "coordinates": [ [ [ 629198.850048957858235, 5220837.149881804361939 ], [ 629198.929218669538386, 5220837.061095165088773 ], [ 629199.024904862628318, 5220837.04988407343626 ], [ 629199.124882486066781, 5220836.899937188252807 ], [ 629199.097678860533051, 5220836.539010495878756 ], [ 629199.142939047189429, 5220836.487294552847743 ], [ 629199.274882486090064, 5220836.449937188066542 ], [ 629199.283721673302352, 5220836.300133715383708 ], [ 629199.349882486043498, 5220836.224937187507749 ], [ 629199.418132952763699, 5220836.039276754483581 ], [ 629199.474898799788207, 5220835.999908276833594 ], [ 629199.599882486043498, 5220835.799937187694013 ], [ 629199.599884074064903, 5220835.650095137767494 ], [ 629199.474957596394233, 5220835.600118517875671 ], [ 629199.350062811747193, 5220835.600117515772581 ], [ 629199.250117513933219, 5220835.700062811374664 ], [ 629199.245359070715494, 5220835.833407478407025 ], [ 629199.175116360187531, 5220835.900086299516261 ], [ 629199.155736508546397, 5220835.99302708171308 ], [ 629198.950115925981663, 5220836.150095138698816 ], [ 629198.950114952516742, 5220836.224885047413409 ], [ 629199.09179943986237, 5220836.307043776847422 ], [ 629199.087705447804183, 5220836.457060952670872 ], [ 629199.016693009412847, 5220836.507618733681738 ], [ 629198.922545121051371, 5220836.475000000558794 ], [ 629198.775115925935097, 5220836.500095137394965 ], [ 629198.774447292089462, 5220836.669521198607981 ], [ 629198.725117513909936, 5220836.7500628111884 ], [ 629198.717850608052686, 5220836.912131720222533 ], [ 629198.575115925981663, 5220837.000095137394965 ], [ 629198.578134645940736, 5220837.02566101308912 ], [ 629198.850048957858235, 5220837.149881804361939 ] ] ] } },
{ "type": "Feature", "properties": { "label": "vineyard", "row_structure": null }, "geometry": { "type": "Polygon", "coordinates": [ [ [ 629231.749977559549734, 5220836.552395552396774 ], [ 629231.795445040566847, 5220836.489972988143563 ], [ 629232.074180544237606, 5220836.444486043415964 ], [ 629232.081004369771108, 5220836.613769030198455 ], [ 629231.944493244751357, 5220836.82280670851469 ], [ 629231.750046894187108, 5220836.797689644619823 ], [ 629231.825086374767125, 5220836.899829317815602 ], [ 629231.89988132531289, 5220836.899842566810548 ], [ 629232.099826039513573, 5220836.599918574094772 ], [ 629232.049829295836389, 5220836.175086391158402 ], [ 629231.918647689977661, 5220836.140920419245958 ], [ 629231.731741216150112, 5220835.953199405223131 ], [ 629231.724840973503888, 5220835.875159027054906 ], [ 629231.650159026496112, 5220835.875159027054906 ], [ 629231.650159026496112, 5220835.949840973131359 ], [ 629231.733807518030517, 5220835.959081730805337 ], [ 629231.907739019603468, 5220836.142310071736574 ], [ 629231.800169632071629, 5220836.300065333023667 ], [ 629231.763403628021479, 5220836.514791681431234 ], [ 629231.718037053593434, 5220836.539889976382256 ], [ 629231.520967140910216, 5220836.478244452737272 ], [ 629231.474913610494696, 5220836.350170707330108 ], [ 629231.425153307965957, 5220836.375104904174805 ], [ 629231.400000000023283, 5220836.472054242156446 ], [ 629231.749977559549734, 5220836.552395552396774 ] ] ] } },
{ "type": "Feature", "properties": { "label": "vineyard", "row_structure": null }, "geometry": { "type": "Polygon", "coordinates": [ [ [ 629204.475115925888531, 5220836.599904863163829 ], [ 629204.525048958370462, 5220836.624881804920733 ], [ 629204.699904862674884, 5220836.649884073063731 ], [ 629204.749882486066781, 5220836.574937188066542 ], [ 629204.749884541262873, 5220836.400104646570981 ], [ 629204.67492978356313, 5220836.350117151625454 ], [ 629204.525062811793759, 5220836.325117515400052 ], [ 629204.450117514003068, 5220836.42506281286478 ], [ 629204.475115925888531, 5220836.599904863163829 ] ] ] } },
{ "type": "Feature", "properties": { "label": "vineyard", "row_structure": null }, "geometry": { "type": "Polygon", "coordinates": [ [ [ 629215.748445103992708, 5220836.06356430798769 ], [ 629215.775159026496112, 5220836.399840973317623 ], [ 629215.849840973503888, 5220836.399840973317623 ], [ 629215.849840973503888, 5220836.32515902724117 ], [ 629215.775631039752625, 5220836.296361844986677 ], [ 629215.761071445886046, 5220836.070972818881273 ], [ 629215.924846692360006, 5220836.024895095266402 ], [ 629215.949932669056579, 5220835.973915692418814 ], [ 629215.944750603986904, 5220835.792829751037061 ], [ 629216.245903978473507, 5220835.652087005786598 ], [ 629216.32484097359702, 5220835.649840973317623 ], [ 629216.32484097359702, 5220835.57515902724117 ], [ 629216.250159026472829, 5220835.57515902724117 ], [ 629216.215485597029328, 5220835.644966879859567 ], [ 629215.800095199607313, 5220835.625164377503097 ], [ 629215.700164244277403, 5220835.700125588104129 ], [ 629215.650282369926572, 5220836.024869222193956 ], [ 629215.748445103992708, 5220836.06356430798769 ] ] ] } },
{ "type": "Feature", "properties": { "label": "vineyard", "row_structure": null }, "geometry": { "type": "Polygon", "coordinates": [ [ [ 629228.974915468366817, 5220837.599897 ], [ 629229.124882486066781, 5220837.449937188066542 ], [ 629229.150000000023283, 5220837.272545138373971 ], [ 629229.125552707933821, 5220837.10547880269587 ], [ 629229.17488180543296, 5220836.999951042234898 ], [ 629229.174394213361666, 5220836.876957035623491 ], [ 629229.324881805572659, 5220836.724951042793691 ], [ 629229.324884074158035, 5220836.375095137394965 ], [ 629229.1499575964408, 5220836.300118518061936 ], [ 629229.075117514003068, 5220836.325062813237309 ], [ 629229.073248737142421, 5220836.457155206240714 ], [ 629228.975118516478688, 5220836.650042405351996 ], [ 629228.970359070692211, 5220836.78340747859329 ], [ 629228.900116360164247, 5220836.850086299702525 ], [ 629228.924561221734621, 5220837.147879806347191 ], [ 629228.875117150135338, 5220837.225070217624307 ], [ 629228.873033720185049, 5220837.411014152690768 ], [ 629228.80011592595838, 5220837.475095138885081 ], [ 629228.800114952493459, 5220837.624885046854615 ], [ 629228.974915468366817, 5220837.599897 ] ] ] } },
{ "type": "Feature", "properties": { "label": "vineyard", "row_structure": null }, "geometry": { "type": "Polygon", "coordinates": [ [ [ 629234.199913610005751, 5220836.149829294532537 ], [ 629234.472436172189191, 5220836.002670753747225 ], [ 629234.574537457549013, 5220836.001717002131045 ], [ 629235.010349892778322, 5220836.290501012466848 ], [ 629235.026095714652911, 5220836.399933229200542 ], [ 629235.099855846958235, 5220836.399837459437549 ], [ 629235.199931185459718, 5220836.223945889621973 ], [ 629235.19984097359702, 5220836.125159027054906 ], [ 629234.602273434051313, 5220836.0036809919402 ], [ 629234.57484097359702, 5220835.925159027799964 ], [ 629234.485043103690259, 5220835.915824501775205 ], [ 629234.398886338807642, 5220835.55006589088589 ], [ 629234.375150369480252, 5220835.550161645747721 ], [ 629234.350159026449546, 5220835.649840973317623 ], [ 629234.426518107531592, 5220835.674931893125176 ], [ 629234.466833179700188, 5220835.918794348835945 ], [ 629234.200086385477334, 5220836.050170697271824 ], [ 629234.150000000023283, 5220836.147054241970181 ], [ 629234.199913610005751, 5220836.149829294532537 ] ] ] } },
{ "type": "Feature", "properties": { "label": "vineyard", "row_structure": null }, "geometry": { "type": "Polygon", "coordinates": [ [ [ 629229.325062732328661, 5220836.399829246103764 ], [ 629229.374840973527171, 5220836.399840973317623 ], [ 629229.350201625959016, 5220836.251047221943736 ], [ 629229.303464099182747, 5220836.200872822664678 ], [ 629229.324463398545049, 5220836.052121152170002 ], [ 629229.399840973550454, 5220836.024840973317623 ], [ 629229.399840973550454, 5220835.95015902724117 ], [ 629229.325159026542678, 5220835.95015902724117 ], [ 629229.297591470065527, 5220836.224978872574866 ], [ 629229.346767075592652, 5220836.276192561723292 ], [ 629229.340780567610636, 5220836.317346965894103 ], [ 629229.259994095307775, 5220836.363090711645782 ], [ 629229.176166112767532, 5220836.320340483449399 ], [ 629229.127427131519653, 5220836.22504704631865 ], [ 629229.125, 5220836.297054241411388 ], [ 629229.325062732328661, 5220836.399829246103764 ] ] ] } },
{ "type": "Feature", "properties": { "label": "vineyard", "row_structure": null }, "geometry": { "type": "Polygon", "coordinates": [ [ [ 629201.800114952493459, 5220836.024885047227144 ], [ 629201.87253109307494, 5220836.0528430538252 ], [ 629201.903211463708431, 5220836.120867502875626 ], [ 629201.875, 5220836.472545138560236 ], [ 629201.908901404822245, 5220836.554906773380935 ], [ 629201.875117861083709, 5220836.625055745244026 ], [ 629201.875114952446893, 5220836.774885047227144 ], [ 629201.999951042118482, 5220836.774881804361939 ], [ 629202.099882486043498, 5220836.699937188066542 ], [ 629202.082612046739087, 5220836.336731656454504 ], [ 629202.136731656850316, 5220836.282612047158182 ], [ 629202.249904862605035, 5220836.274884073063731 ], [ 629202.324881483567879, 5220836.074957595206797 ], [ 629202.324884074158035, 5220835.950095137581229 ], [ 629202.197545121074654, 5220835.900000000372529 ], [ 629201.800114952493459, 5220835.925114953890443 ], [ 629201.800114952493459, 5220836.024885047227144 ] ] ] } },
{ "type": "Feature", "properties": { "label": "vineyard", "row_structure": null }, "geometry": { "type": "Polygon", "coordinates": [ [ [ 629209.835878442623653, 5220836.737865008413792 ], [ 629209.850115208886564, 5220837.074904670938849 ], [ 629209.92505732155405, 5220837.124882929958403 ], [ 629209.999900436610915, 5220837.124884998425841 ], [ 629210.199882929562591, 5220836.92494267784059 ], [ 629210.179931681137532, 5220836.684963637031615 ], [ 629210.324882929562591, 5220836.474942677654326 ], [ 629210.324884791043587, 5220836.400095328688622 ], [ 629210.251785687287338, 5220836.352595956064761 ], [ 629210.229085557512008, 5220836.272805338725448 ], [ 629210.274882929516025, 5220836.19994267821312 ], [ 629210.284859213628806, 5220836.025414943695068 ], [ 629210.399885719292797, 5220835.974885719828308 ], [ 629210.400000000023283, 5220835.827447512187064 ], [ 629210.299942678073421, 5220835.750117070041597 ], [ 629210.20009532966651, 5220835.750115209259093 ], [ 629210.050117404898629, 5220836.000050494447351 ], [ 629210.036501882481389, 5220836.109193940646946 ], [ 629209.925115163205191, 5220836.200096261687577 ], [ 629209.900000000023283, 5220836.277447513304651 ], [ 629209.916149439522997, 5220836.396202864125371 ], [ 629209.775117070646957, 5220836.57505732215941 ], [ 629209.775117070646957, 5220836.649942679330707 ], [ 629209.835878442623653, 5220836.737865008413792 ] ] ] } },
{ "type": "Feature", "properties": { "label": "vineyard", "row_structure": null }, "geometry": { "type": "Polygon", "coordinates": [ [ [ 629207.300114952493459, 5220836.499885046854615 ], [ 629207.374921979499049, 5220836.49988323263824 ], [ 629207.482593232300133, 5220836.428118153475225 ], [ 629207.699885047622956, 5220836.474885047413409 ], [ 629207.699884074158035, 5220836.400095138698816 ], [ 629207.604937781230547, 5220836.29005691409111 ], [ 629207.599117561476305, 5220836.198376814834774 ], [ 629207.726116717676632, 5220836.060995053499937 ], [ 629207.849937188206241, 5220836.049882485531271 ], [ 629207.916317390976474, 5220835.985778111964464 ], [ 629207.999885047553107, 5220835.974885047413409 ], [ 629207.999883639859036, 5220835.80008629988879 ], [ 629207.93771352362819, 5220835.7520931083709 ], [ 629207.924884074134752, 5220835.650095137767494 ], [ 629207.800070216530003, 5220835.600117151625454 ], [ 629207.725115458713844, 5220835.650104646570981 ], [ 629207.720694033545442, 5220835.754028468392789 ], [ 629207.680557023268193, 5220835.808146961964667 ], [ 629207.425062811817043, 5220835.850117515772581 ], [ 629207.383146961219609, 5220836.030557024292648 ], [ 629207.329028467764147, 5220836.07069403398782 ], [ 629207.225062811630778, 5220836.075117515400052 ], [ 629207.201114677940495, 5220836.201300762593746 ], [ 629207.300114952493459, 5220836.499885046854615 ] ] ] } },
{ "type": "Feature", "properties": { "label": "vineyard", "row_structure": null }, "geometry": { "type": "Polygon", "coordinates": [ [ [ 629199.451493674423546, 5220835.301686251536012 ], [ 629199.561951305251569, 5220835.418804313056171 ], [ 629199.475161643815227, 5220835.624849629588425 ], [ 629199.599883200833574, 5220835.649841694161296 ], [ 629199.699829858844168, 5220835.524917260743678 ], [ 629199.699975912924856, 5220835.426964556798339 ], [ 629199.583486371207982, 5220835.212555137462914 ], [ 629199.89983539795503, 5220834.699922894127667 ], [ 629199.899841366102919, 5220834.600143451243639 ], [ 629199.747054235544056, 5220834.525000000372529 ], [ 629199.675103486981243, 5220834.525163983926177 ], [ 629199.575160396634601, 5220834.600139084272087 ], [ 629199.793140423716977, 5220834.588212753646076 ], [ 629199.836392409633845, 5220834.756441744044423 ], [ 629199.820559621206485, 5220834.816105839796364 ], [ 629199.789993557147682, 5220834.843320436775684 ], [ 629199.575027073733509, 5220834.863564500585198 ], [ 629199.520034464891069, 5220834.949841344729066 ], [ 629199.350159399677068, 5220835.000155238434672 ], [ 629199.350158630870283, 5220835.249856552109122 ], [ 629199.451493674423546, 5220835.301686251536012 ] ] ] } },
{ "type": "Feature", "properties": { "label": "vineyard", "row_structure": null }, "geometry": { "type": "Polygon", "coordinates": [ [ [ 629223.900142306345515, 5220835.849839380010962 ], [ 629224.19990388781298, 5220835.849842418916523 ], [ 629224.249830042826943, 5220835.799898401834071 ], [ 629224.150225745048374, 5220835.420356713235378 ], [ 629224.195107857580297, 5220835.101532599888742 ], [ 629224.32484097359702, 5220835.049840973690152 ], [ 629224.331741216243245, 5220834.946800595149398 ], [ 629224.518647689954378, 5220834.759079581126571 ], [ 629224.599840973503888, 5220834.749840972945094 ], [ 629224.599829247570597, 5220834.60006273444742 ], [ 629224.523969376226887, 5220834.474626612849534 ], [ 629224.400133024319075, 5220834.450170270167291 ], [ 629224.175699761137366, 5220834.59702246170491 ], [ 629224.050159026519395, 5220834.600159027613699 ], [ 629224.025067728827707, 5220834.973923788405955 ], [ 629224.087539694504812, 5220835.082152957096696 ], [ 629223.900155507610179, 5220835.300143369473517 ], [ 629223.825068124220707, 5220835.723931836895645 ], [ 629223.900142306345515, 5220835.849839380010962 ] ] ] } },
{ "type": "Feature", "properties": { "label": "vineyard", "row_structure": null }, "geometry": { "type": "Polygon", "coordinates": [ [ [ 629221.823288496932946, 5220835.223809887655079 ], [ 629221.825170704280026, 5220835.324913609772921 ], [ 629221.924913609633222, 5220835.349829294718802 ], [ 629221.949841671506874, 5220835.250080903060734 ], [ 629221.804004046018235, 5220834.923117956146598 ], [ 629221.974829299608245, 5220834.599913612939417 ], [ 629221.998568871058524, 5220834.348855457268655 ], [ 629222.031338031636551, 5220834.325116727501154 ], [ 629222.399840973550454, 5220834.324840973131359 ], [ 629222.399840400903486, 5220834.225123627111316 ], [ 629221.999930159887299, 5220834.100165009498596 ], [ 629221.75012363109272, 5220834.100159606896341 ], [ 629221.700099652633071, 5220834.450426390394568 ], [ 629221.700178894796409, 5220834.924870731309056 ], [ 629221.823288496932946, 5220835.223809887655079 ] ] ] } },
{ "type": "Feature", "properties": { "label": "vineyard", "row_structure": null }, "geometry": { "type": "Polygon", "coordinates": [ [ [ 629212.575117070577107, 5220836.649942678399384 ], [ 629212.650057322112843, 5220836.724882930517197 ], [ 629212.724949503899552, 5220836.724882596172392 ], [ 629212.774884836748242, 5220836.69990373775363 ], [ 629212.795768335810862, 5220836.575468989089131 ], [ 629212.924882595078088, 5220836.449949505738914 ], [ 629212.900000000023283, 5220836.325000000186265 ], [ 629212.929289321880788, 5220836.254289322532713 ], [ 629213.080487179802731, 5220836.200552020221949 ], [ 629213.274942678050138, 5220836.199882930144668 ], [ 629213.374900930793956, 5220836.124899697490036 ], [ 629213.399882595054805, 5220836.074949505738914 ], [ 629213.424882929539308, 5220835.42505732178688 ], [ 629213.224903737776913, 5220835.200115161947906 ], [ 629213.147552486974746, 5220835.174999999813735 ], [ 629213.075117070577107, 5220835.200057321228087 ], [ 629213.000117914285511, 5220835.400040097534657 ], [ 629212.969570420566015, 5220835.642260123044252 ], [ 629212.800116275204346, 5220835.90007355902344 ], [ 629212.791289031156339, 5220836.14984049461782 ], [ 629212.550107726012357, 5220836.35006579104811 ], [ 629212.526101146242581, 5220836.451284323818982 ], [ 629212.575117070577107, 5220836.649942678399384 ] ] ] } },
{ "type": "Feature", "properties": { "label": "vineyard", "row_structure": null }, "geometry": { "type": "Polygon", "coordinates": [ [ [ 629232.368994270102121, 5220835.313166657462716 ], [ 629232.325117070460692, 5220835.42505732178688 ], [ 629232.350108930724673, 5220835.499935300089419 ], [ 629232.400057322112843, 5220835.549882930703461 ], [ 629232.599900931119919, 5220835.524899697862566 ], [ 629232.774882595054805, 5220835.249949505552649 ], [ 629232.949885719339363, 5220834.800114280544221 ], [ 629232.850414944463409, 5220834.790140787139535 ], [ 629232.774942678050138, 5220834.675117069855332 ], [ 629232.625114280846901, 5220834.625114280730486 ], [ 629232.622666365699843, 5220834.898937684483826 ], [ 629232.550144570646808, 5220834.968051818199456 ], [ 629232.400050495169125, 5220834.975117404013872 ], [ 629232.300115163205191, 5220835.025096262805164 ], [ 629232.275117070763372, 5220835.199942679144442 ], [ 629232.368994270102121, 5220835.313166657462716 ] ] ] } },
{ "type": "Feature", "properties": { "label": "vineyard", "row_structure": null }, "geometry": { "type": "Polygon", "coordinates": [ [ [ 629229.525123631116003, 5220835.724840394221246 ], [ 629229.649913625326008, 5220835.724829318001866 ], [ 629229.849842129508033, 5220835.499867965467274 ], [ 629229.85021850396879, 5220835.318004538305104 ], [ 629229.8998390045017, 5220835.224916892126203 ], [ 629229.899935756926425, 5220835.101147163659334 ], [ 629229.810258392826654, 5220834.970652778632939 ], [ 629229.881232041632757, 5220834.783577659167349 ], [ 629230.099840395967476, 5220834.724876369349658 ], [ 629229.959670309093781, 5220834.45943992305547 ], [ 629230.099840973503888, 5220834.275159027427435 ], [ 629230.025140806683339, 5220834.275159018114209 ], [ 629229.90065620385576, 5220834.474230771884322 ], [ 629229.890165593242273, 5220834.642933610826731 ], [ 629229.728136664140038, 5220834.793805058114231 ], [ 629229.600159603985958, 5220834.8251236313954 ], [ 629229.550024087191559, 5220835.173035444691777 ], [ 629229.620279430411756, 5220835.376604261808097 ], [ 629229.500165501260199, 5220835.575130798853934 ], [ 629229.525123631116003, 5220835.724840394221246 ] ] ] } },
{ "type": "Feature", "properties": { "label": "vineyard", "row_structure": null }, "geometry": { "type": "Polygon", "coordinates": [ [ [ 629207.50011819449719, 5220835.224951042793691 ], [ 629207.550062811817043, 5220835.299882485531271 ], [ 629207.65402846771758, 5220835.304305966943502 ], [ 629207.708146961173043, 5220835.344442976638675 ], [ 629207.725117513909936, 5220835.474937189370394 ], [ 629207.784604516229592, 5220835.533166589215398 ], [ 629207.800117513979785, 5220835.599937189370394 ], [ 629207.924885047599673, 5220835.649885047227144 ], [ 629207.954042848781683, 5220835.271853505633771 ], [ 629208.050000000046566, 5220835.197545138187706 ], [ 629208.049882486113347, 5220835.1250628111884 ], [ 629207.936549988109618, 5220834.955222933553159 ], [ 629207.974882486043498, 5220834.849937188439071 ], [ 629207.949885047622956, 5220834.700114953331649 ], [ 629207.850117513909936, 5220834.725062812678516 ], [ 629207.841278327279724, 5220834.79986628331244 ], [ 629207.775117513956502, 5220834.8750628111884 ], [ 629207.747424708213657, 5220835.018954055383801 ], [ 629207.675062811817043, 5220835.050117515958846 ], [ 629207.598883282160386, 5220835.13900494761765 ], [ 629207.500114952446893, 5220835.150114953517914 ], [ 629207.50011819449719, 5220835.224951042793691 ] ] ] } },
{ "type": "Feature", "properties": { "label": "vineyard", "row_structure": null }, "geometry": { "type": "Polygon", "coordinates": [ [ [ 629196.810927307931706, 5220834.775031455792487 ], [ 629196.80011592595838, 5220834.924904863350093 ], [ 629196.907939511351287, 5220835.035326959565282 ], [ 629196.889342608628795, 5220835.109569936059415 ], [ 629196.800117513979785, 5220835.17506281286478 ], [ 629196.80011592595838, 5220835.274904862977564 ], [ 629196.867957283277065, 5220835.31286293361336 ], [ 629196.900104645523243, 5220835.374884540215135 ], [ 629196.999937188229524, 5220835.374882484786212 ], [ 629197.074881805572659, 5220835.274951042607427 ], [ 629197.135778112104163, 5220835.016317390836775 ], [ 629197.224881805363111, 5220834.899951042607427 ], [ 629197.224882486043498, 5220834.80006281286478 ], [ 629197.074937188415788, 5220834.700117515400052 ], [ 629196.864010495017283, 5220834.727321138605475 ], [ 629196.800000000046566, 5220834.625298169441521 ], [ 629196.800000000046566, 5220834.765463600866497 ], [ 629196.810927307931706, 5220834.775031455792487 ] ] ] } },
{ "type": "Feature", "properties": { "label": "vineyard", "row_structure": null }, "geometry": { "type": "Polygon", "coordinates": [ [ [ 629232.799951041699387, 5220834.699881805106997 ], [ 629233.02488504757639, 5220834.599885047413409 ], [ 629233.104937781230547, 5220834.134943086653948 ], [ 629233.274895278853364, 5220833.899922333657742 ], [ 629233.37488180550281, 5220833.649951042607427 ], [ 629233.374882486066781, 5220833.450062811374664 ], [ 629233.324904862674884, 5220833.375115927308798 ], [ 629233.200095137697645, 5220833.400115927681327 ], [ 629232.975117513909936, 5220833.67506281286478 ], [ 629232.94506221881602, 5220833.940056914463639 ], [ 629232.725117150112055, 5220834.300070217810571 ], [ 629232.625115458737127, 5220834.624895353801548 ], [ 629232.799951041699387, 5220834.699881805106997 ] ] ] } },
{ "type": "Feature", "properties": { "label": "vineyard", "row_structure": null }, "geometry": { "type": "Polygon", "coordinates": [ [ [ 629213.250150385429151, 5220834.749838342890143 ], [ 629213.349937245831825, 5220834.74982918985188 ], [ 629213.399840396014042, 5220834.724876369349658 ], [ 629213.383763145189732, 5220834.567299490794539 ], [ 629213.524091744213365, 5220834.406308649107814 ], [ 629213.949951835209504, 5220834.374840540811419 ], [ 629214.074840396060608, 5220834.324876368977129 ], [ 629214.060925871948712, 5220834.177954316139221 ], [ 629214.140742653049529, 5220834.015659824945033 ], [ 629214.19984097359702, 5220833.999840972945094 ], [ 629214.199840396060608, 5220833.975123631767929 ], [ 629214.147054238012061, 5220833.950000000186265 ], [ 629213.910864582750946, 5220833.968746230937541 ], [ 629213.874840400880203, 5220833.850123627111316 ], [ 629213.600086375023238, 5220833.750170682556927 ], [ 629213.525110212620348, 5220833.850057139061391 ], [ 629213.475166018935852, 5220834.000049441121519 ], [ 629213.524837737553753, 5220834.244666204787791 ], [ 629213.520499524776824, 5220834.400021713227034 ], [ 629213.368256393703632, 5220834.532186849974096 ], [ 629213.200159026542678, 5220834.525159027427435 ], [ 629213.250150385429151, 5220834.749838342890143 ] ] ] } },
{ "type": "Feature", "properties": { "label": "vineyard", "row_structure": null }, "geometry": { "type": "Polygon", "coordinates": [ [ [ 629205.025062811793759, 5220835.599882485345006 ], [ 629205.099904862581752, 5220835.599884073249996 ], [ 629205.19988248613663, 5220835.449937188066542 ], [ 629205.204640929354355, 5220835.141592522151768 ], [ 629205.299882486113347, 5220835.049937189556658 ], [ 629205.318132952786982, 5220834.889276755042374 ], [ 629205.424883233266883, 5220834.79992197919637 ], [ 629205.449885047622956, 5220834.525114953517914 ], [ 629205.325070216087624, 5220834.500117151066661 ], [ 629205.22511495242361, 5220834.550114953890443 ], [ 629205.213904835516587, 5220834.670781331136823 ], [ 629205.125114952446893, 5220834.725114953704178 ], [ 629205.125117861200124, 5220834.874944256618619 ], [ 629205.158901405520737, 5220834.954906767234206 ], [ 629205.125117861200124, 5220835.02505574375391 ], [ 629205.123196386964992, 5220835.143906867131591 ], [ 629205.00011819449719, 5220835.275048958137631 ], [ 629204.950115925981663, 5220835.549904863350093 ], [ 629205.025062811793759, 5220835.599882485345006 ] ] ] } },
{ "type": "Feature", "properties": { "label": "vineyard", "row_structure": null }, "geometry": { "type": "Polygon", "coordinates": [ [ [ 629218.653645521379076, 5220835.163235268555582 ], [ 629218.675114952493459, 5220835.249885046854615 ], [ 629218.749937188229524, 5220835.249882484786212 ], [ 629218.838519172859378, 5220835.164864480495453 ], [ 629218.949937188415788, 5220835.149882485158741 ], [ 629218.999882486066781, 5220835.099937189370394 ], [ 629218.999882486066781, 5220835.0000628111884 ], [ 629218.926562777138315, 5220834.890519970096648 ], [ 629218.999881483498029, 5220834.674957595765591 ], [ 629218.974904862581752, 5220834.475115927867591 ], [ 629218.8500424035592, 5220834.475118517875671 ], [ 629218.725117513909936, 5220834.525062812492251 ], [ 629218.725117513909936, 5220834.624937187880278 ], [ 629218.842850608052686, 5220834.71286828070879 ], [ 629218.846074064262211, 5220834.84126709215343 ], [ 629218.778434073436074, 5220834.914596625603735 ], [ 629218.60011495242361, 5220834.950114953331649 ], [ 629218.575114952516742, 5220835.124885046854615 ], [ 629218.653645521379076, 5220835.163235268555582 ] ] ] } },
{ "type": "Feature", "properties": { "label": "vineyard", "row_structure": null }, "geometry": { "type": "Polygon", "coordinates": [ [ [ 629202.078569226549007, 5220835.686541429720819 ], [ 629202.13997872848995, 5220835.710466102696955 ], [ 629202.200062811840326, 5220835.924882485531271 ], [ 629202.324937188299373, 5220835.949882484972477 ], [ 629202.399884074111469, 5220835.899904862977564 ], [ 629202.399882849887945, 5220835.725070217624307 ], [ 629202.349999999976717, 5220835.621703112497926 ], [ 629202.368132952949964, 5220835.564276753924787 ], [ 629202.424883639905602, 5220835.524913701228797 ], [ 629202.425000000046566, 5220835.377454861998558 ], [ 629202.37993778125383, 5220835.315056914463639 ], [ 629202.377204722259194, 5220835.245095524005592 ], [ 629202.46784479462076, 5220835.151751263067126 ], [ 629202.552510895999148, 5220835.138166832737625 ], [ 629202.699885047622956, 5220835.174885047599673 ], [ 629202.724999999976717, 5220834.897545138373971 ], [ 629202.724882486043498, 5220834.450062813237309 ], [ 629202.699937188299373, 5220834.425117515958846 ], [ 629202.600062811630778, 5220834.400117515586317 ], [ 629202.500115925911814, 5220834.500095138326287 ], [ 629202.450114952516742, 5220834.69988504704088 ], [ 629202.538904835586436, 5220834.754218669608235 ], [ 629202.541799439815804, 5220834.867956223897636 ], [ 629202.371996580506675, 5220835.097666032612324 ], [ 629202.275114952470176, 5220835.125114953145385 ], [ 629202.245710678165779, 5220835.245710678398609 ], [ 629202.150114952470176, 5220835.275114953517914 ], [ 629202.120710678165779, 5220835.395710678771138 ], [ 629202.025114952470176, 5220835.425114953890443 ], [ 629202.020062218769453, 5220835.515056914649904 ], [ 629201.925117513979785, 5220835.6250628111884 ], [ 629201.925114952493459, 5220835.69988504704088 ], [ 629202.078569226549007, 5220835.686541429720819 ] ] ] } },
{ "type": "Feature", "properties": { "label": "vineyard", "row_structure": null }, "geometry": { "type": "Polygon", "coordinates": [ [ [ 629210.600117513909936, 5220835.124937187880278 ], [ 629210.675078020547517, 5220835.199883232824504 ], [ 629210.77488504757639, 5220835.19988504704088 ], [ 629210.797698954702355, 5220835.086560672149062 ], [ 629210.899904862628318, 5220835.04988407343626 ], [ 629210.999882486066781, 5220834.924937189556658 ], [ 629210.969546183245257, 5220834.698525900952518 ], [ 629211.017939046025276, 5220834.637294552288949 ], [ 629211.099885047529824, 5220834.624885046854615 ], [ 629211.089072692091577, 5220834.475031455978751 ], [ 629211.174885047599673, 5220834.375114953145385 ], [ 629211.064168319106102, 5220834.416326432488859 ], [ 629210.974913702346385, 5220834.350116361863911 ], [ 629210.675114952493459, 5220834.350114953704178 ], [ 629210.675114952493459, 5220834.424885047599673 ], [ 629210.819509032298811, 5220834.426921471953392 ], [ 629210.877301045344211, 5220834.461560672149062 ], [ 629210.899480752530508, 5220834.638474308885634 ], [ 629210.789820046862587, 5220834.778834643773735 ], [ 629210.675114952493459, 5220834.800114953890443 ], [ 629210.675631775055081, 5220834.943786132149398 ], [ 629210.600117513909936, 5220835.025062812492251 ], [ 629210.600117513909936, 5220835.124937187880278 ] ] ] } },
{ "type": "Feature", "properties": { "label": "vineyard", "row_structure": null }, "geometry": { "type": "Polygon", "coordinates": [ [ [ 629221.875160071533173, 5220833.47485158406198 ], [ 629222.06397209840361, 5220833.608994209207594 ], [ 629222.225143443676643, 5220833.924841373227537 ], [ 629222.293096776353195, 5220833.945895425044 ], [ 629222.300159604055807, 5220834.199876368977129 ], [ 629222.399840973550454, 5220834.224840973503888 ], [ 629222.399840973550454, 5220834.175159027799964 ], [ 629222.302886333549395, 5220834.143155981786549 ], [ 629222.299829307477921, 5220833.525086381472647 ], [ 629222.201583192800172, 5220833.400767693296075 ], [ 629222.19984097359702, 5220833.20015902724117 ], [ 629222.125134854693897, 5220833.20016753859818 ], [ 629222.001519133220427, 5220833.298712716437876 ], [ 629221.875157430185936, 5220833.350145255215466 ], [ 629221.875160071533173, 5220833.47485158406198 ] ] ] } },
{ "type": "Feature", "properties": { "label": "vineyard", "row_structure": null }, "geometry": { "type": "Polygon", "coordinates": [ [ [ 629229.900159026496112, 5220833.849840973503888 ], [ 629229.9785700495122, 5220833.851437316276133 ], [ 629230.168791182804853, 5220833.927501505240798 ], [ 629230.200159026542678, 5220834.174840973690152 ], [ 629230.274840973550454, 5220834.174840973690152 ], [ 629230.25378701381851, 5220833.928375362418592 ], [ 629230.399829295813106, 5220833.749913609586656 ], [ 629230.313070822390728, 5220833.613214901648462 ], [ 629230.399954251479357, 5220833.527433931827545 ], [ 629230.376520824502222, 5220833.470577391795814 ], [ 629230.399840973550454, 5220833.250159027054906 ], [ 629230.275159026496112, 5220833.250159027054906 ], [ 629230.299252018914558, 5220833.5389245133847 ], [ 629230.175052186357789, 5220833.676392586901784 ], [ 629230.265371743706055, 5220833.814168666489422 ], [ 629230.256169928703457, 5220833.858147420920432 ], [ 629230.157780042733066, 5220833.915862321853638 ], [ 629229.990419209352694, 5220833.851381177082658 ], [ 629229.974840973503888, 5220833.775159027427435 ], [ 629229.900159026496112, 5220833.775159027427435 ], [ 629229.900159026496112, 5220833.849840973503888 ] ] ] } },
{ "type": "Feature", "properties": { "label": "vineyard", "row_structure": null }, "geometry": { "type": "Polygon", "coordinates": [ [ [ 629227.326327447895892, 5220834.624299903400242 ], [ 629227.309212203253992, 5220834.747123750858009 ], [ 629227.200159026542678, 5220834.774840973317623 ], [ 629227.299913609633222, 5220834.774829294532537 ], [ 629227.375883406726643, 5220834.552912858314812 ], [ 629227.500074734911323, 5220834.448976062238216 ], [ 629227.524932660046034, 5220834.226084126159549 ], [ 629227.470081728533842, 5220834.045876434072852 ], [ 629227.749840973527171, 5220833.999840972945094 ], [ 629227.749840973527171, 5220833.925159027799964 ], [ 629227.673776631359942, 5220833.907381330616772 ], [ 629227.603698348859325, 5220833.6871805973351 ], [ 629227.625, 5220833.50294575933367 ], [ 629227.599913610494696, 5220833.475170707330108 ], [ 629227.500158328562975, 5220833.500080903060734 ], [ 629227.59577997494489, 5220833.602688748389482 ], [ 629227.500159026472829, 5220833.674840973690152 ], [ 629227.603248399216682, 5220833.695959142409265 ], [ 629227.67203812324442, 5220833.973513999022543 ], [ 629227.639734026626684, 5220833.998127331025898 ], [ 629227.325150369200855, 5220834.000161645002663 ], [ 629227.300073871854693, 5220834.0759511673823 ], [ 629227.299233652185649, 5220834.391250723972917 ], [ 629227.201913080178201, 5220834.502048672176898 ], [ 629227.326327447895892, 5220834.624299903400242 ] ] ] } },
{ "type": "Feature", "properties": { "label": "vineyard", "row_structure": null }, "geometry": { "type": "Polygon", "coordinates": [ [ [ 629202.724885047529824, 5220834.44988504704088 ], [ 629202.77098285255488, 5220834.36584450211376 ], [ 629202.899904862628318, 5220834.349884073249996 ], [ 629202.960179953253828, 5220834.246165357530117 ], [ 629203.049885047599673, 5220834.224885047413409 ], [ 629203.049882849911228, 5220834.125070217065513 ], [ 629203.006943713175133, 5220834.075135502032936 ], [ 629202.96954618440941, 5220833.923525901511312 ], [ 629203.017939047189429, 5220833.862294552847743 ], [ 629203.174885047599673, 5220833.799885047599673 ], [ 629203.174882486113347, 5220833.700062811374664 ], [ 629203.086549984873272, 5220833.60522292368114 ], [ 629203.10945799946785, 5220833.5137690147385 ], [ 629203.195093232090585, 5220833.466098595410585 ], [ 629203.374885047553107, 5220833.499885046854615 ], [ 629203.374882486066781, 5220833.42506281286478 ], [ 629203.310778112034313, 5220833.358682610094547 ], [ 629203.299885047599673, 5220833.275114953517914 ], [ 629203.025114952470176, 5220833.250114953145385 ], [ 629202.981664082151838, 5220833.37318945210427 ], [ 629202.850106372032315, 5220833.425071076489985 ], [ 629202.800118194543757, 5220833.724951042793691 ], [ 629202.825095137464814, 5220833.774884073063731 ], [ 629202.932357122190297, 5220833.807015154510736 ], [ 629202.956645873375237, 5220833.896669149398804 ], [ 629202.896706752246246, 5220833.967627475038171 ], [ 629202.675117513979785, 5220834.025062812492251 ], [ 629202.674447292112745, 5220834.319521198049188 ], [ 629202.625114952446893, 5220834.424885047599673 ], [ 629202.724885047529824, 5220834.44988504704088 ] ] ] } },
{ "type": "Feature", "properties": { "label": "vineyard", "row_structure": null }, "geometry": { "type": "Polygon", "coordinates": [ [ [ 629235.100050495006144, 5220835.149882595986128 ], [ 629235.249942678026855, 5220835.149882930330932 ], [ 629235.474892273661681, 5220834.924934208393097 ], [ 629235.524882595054805, 5220834.824949505738914 ], [ 629235.55493167869281, 5220834.534963645040989 ], [ 629235.699882085900754, 5220834.199959902092814 ], [ 629235.699882929562591, 5220833.95005732215941 ], [ 629235.674934207112528, 5220833.925107724964619 ], [ 629235.552447513095103, 5220833.899999999441206 ], [ 629235.500064700143412, 5220833.925108931027353 ], [ 629235.300117070553824, 5220834.125057321041822 ], [ 629235.312441991758533, 5220834.264643754810095 ], [ 629235.250117405084893, 5220834.400050493888557 ], [ 629235.239215000299737, 5220834.50869392696768 ], [ 629235.184193947701715, 5220834.56150187831372 ], [ 629235.025064700166695, 5220834.625108931213617 ], [ 629234.975117404945195, 5220834.700050493702292 ], [ 629234.925117914099246, 5220834.900040098465979 ], [ 629234.925115208956413, 5220835.074904670938849 ], [ 629235.100050495006144, 5220835.149882595986128 ] ] ] } },
{ "type": "Feature", "properties": { "label": "vineyard", "row_structure": null }, "geometry": { "type": "Polygon", "coordinates": [ [ [ 629211.074767389683984, 5220833.827480057254434 ], [ 629211.075355889624916, 5220834.175901646725833 ], [ 629211.125154491281137, 5220834.374873930588365 ], [ 629211.249840973527171, 5220834.399840973317623 ], [ 629211.250793727696873, 5220834.177615383639932 ], [ 629211.324847404961474, 5220833.999876467511058 ], [ 629211.348995815962553, 5220833.685022296383977 ], [ 629211.424829318188131, 5220833.599913627840579 ], [ 629211.424829318188131, 5220833.500086372718215 ], [ 629211.374913856037892, 5220833.450161122716963 ], [ 629211.249216732452624, 5220833.42508212197572 ], [ 629211.100062735495158, 5220833.425170767121017 ], [ 629211.025170696433634, 5220833.475086384452879 ], [ 629211.074767389683984, 5220833.827480057254434 ] ] ] } },
{ "type": "Feature", "properties": { "label": "vineyard", "row_structure": null }, "geometry": { "type": "Polygon", "coordinates": [ [ [ 629197.225150369456969, 5220833.999838354997337 ], [ 629197.349895132239908, 5220833.974846738390625 ], [ 629197.399829318164848, 5220833.924913628026843 ], [ 629197.454178183106706, 5220833.614409656263888 ], [ 629197.699915143544786, 5220833.549844921566546 ], [ 629197.774848287459463, 5220833.449910935014486 ], [ 629197.799941978650168, 5220833.12627380900085 ], [ 629197.724852316780016, 5220832.87515676394105 ], [ 629197.55008639045991, 5220832.875170705839992 ], [ 629197.52517070423346, 5220832.900086390785873 ], [ 629197.548892242019065, 5220833.176713262684643 ], [ 629197.450168782612309, 5220833.450097138062119 ], [ 629197.448393427301198, 5220833.588248969987035 ], [ 629197.279511153930798, 5220833.719731604680419 ], [ 629197.200159026542678, 5220833.725159027613699 ], [ 629197.225150369456969, 5220833.999838354997337 ] ] ] } },
{ "type": "Feature", "properties": { "label": "vineyard", "row_structure": null }, "geometry": { "type": "Polygon", "coordinates": [ [ [ 629207.950159026542678, 5220833.674840973690152 ], [ 629208.251008241786622, 5220833.653102720156312 ], [ 629208.294553431915119, 5220833.708248814567924 ], [ 629208.150174399837852, 5220834.000069754198194 ], [ 629208.125159026472829, 5220834.224840973503888 ], [ 629208.499049425008707, 5220834.224926099181175 ], [ 629208.574915150064044, 5220834.199844925664365 ], [ 629208.59982929576654, 5220834.174913609400392 ], [ 629208.59993947960902, 5220834.026222942396998 ], [ 629208.556038414360955, 5220833.849749677814543 ], [ 629208.924829318304546, 5220833.399913625791669 ], [ 629208.924841671483591, 5220833.200080903246999 ], [ 629208.724914629245177, 5220833.050161816179752 ], [ 629208.625159026472829, 5220833.025159027427435 ], [ 629208.625161242322065, 5220833.099891341291368 ], [ 629208.699101526290178, 5220833.229898660443723 ], [ 629208.686176883988082, 5220833.302062007598579 ], [ 629208.474145348649472, 5220833.398329940624535 ], [ 629208.225123631185852, 5220833.375159606337547 ], [ 629208.03132455307059, 5220833.591084908694029 ], [ 629207.950159026542678, 5220833.600159027613699 ], [ 629207.950159026542678, 5220833.674840973690152 ] ] ] } },
{ "type": "Feature", "properties": { "label": "vineyard", "row_structure": null }, "geometry": { "type": "Polygon", "coordinates": [ [ [ 629218.948883282369934, 5220833.810995053499937 ], [ 629219.000086297979578, 5220833.874883638694882 ], [ 629219.139474386465736, 5220833.883120879530907 ], [ 629219.200114952516742, 5220833.974885047413409 ], [ 629219.274937188252807, 5220833.974882485345006 ], [ 629219.349882486043498, 5220833.899937188252807 ], [ 629219.329080047784373, 5220833.672826951369643 ], [ 629219.424882486113347, 5220833.499937187880278 ], [ 629219.424885047599673, 5220833.425114953890443 ], [ 629219.22511495242361, 5220833.450114953331649 ], [ 629219.21738795330748, 5220833.538268344476819 ], [ 629219.16326834319625, 5220833.592387953773141 ], [ 629218.975062811747193, 5220833.600117515772581 ], [ 629218.850117513909936, 5220833.725062812678516 ], [ 629218.85011495242361, 5220833.799885047599673 ], [ 629218.948883282369934, 5220833.810995053499937 ] ] ] } },
{ "type": "Feature", "properties": { "label": "vineyard", "row_structure": null }, "geometry": { "type": "Polygon", "coordinates": [ [ [ 629216.300062738824636, 5220834.274829234927893 ], [ 629216.424913625349291, 5220834.274829317815602 ], [ 629216.524228001944721, 5220834.175577472895384 ], [ 629216.603154023410752, 5220833.797584687359631 ], [ 629216.749159424914978, 5220833.606745355762541 ], [ 629216.925681130494922, 5220833.599138628691435 ], [ 629216.999842573306523, 5220833.42514525167644 ], [ 629216.600159026449546, 5220833.275159027427435 ], [ 629216.6831224829657, 5220833.445912331342697 ], [ 629216.576073675649241, 5220833.549071229062974 ], [ 629216.400159399723634, 5220833.600155238993466 ], [ 629216.398204262834042, 5220833.785631086677313 ], [ 629216.225160680827685, 5220834.100075417198241 ], [ 629216.224999999976717, 5220834.222054241225123 ], [ 629216.300062738824636, 5220834.274829234927893 ] ] ] } },
{ "type": "Feature", "properties": { "label": "vineyard", "row_structure": null }, "geometry": { "type": "Polygon", "coordinates": [ [ [ 629205.325115925981663, 5220834.499904862605035 ], [ 629205.375048957881518, 5220834.524881804361939 ], [ 629205.449885047622956, 5220834.524885047227144 ], [ 629205.502860326319933, 5220834.411807873286307 ], [ 629205.599885047529824, 5220834.399885047227144 ], [ 629205.580994572956115, 5220834.188201984390616 ], [ 629205.674884074134752, 5220834.099904863163829 ], [ 629205.738514570519328, 5220833.740775845013559 ], [ 629205.783166590495966, 5220833.690395483747125 ], [ 629205.849885047529824, 5220833.674885047599673 ], [ 629205.874885047553107, 5220833.350114953704178 ], [ 629205.750062811770476, 5220833.350117515772581 ], [ 629205.706867047236301, 5220833.535723245702684 ], [ 629205.625117513933219, 5220833.600062812678516 ], [ 629205.586764730978757, 5220833.678645521402359 ], [ 629205.475117513909936, 5220833.725062812678516 ], [ 629205.473033720161766, 5220833.861014152877033 ], [ 629205.400000000023283, 5220833.927454862743616 ], [ 629205.400117513956502, 5220833.999937187880278 ], [ 629205.46422188798897, 5220834.066317390650511 ], [ 629205.472928402363323, 5220834.148546036332846 ], [ 629205.400116360164247, 5220834.225086299702525 ], [ 629205.381867047282867, 5220834.335723245516419 ], [ 629205.325807538931258, 5220834.374838991090655 ], [ 629205.325115925981663, 5220834.499904862605035 ] ] ] } },
{ "type": "Feature", "properties": { "label": "vineyard", "row_structure": null }, "geometry": { "type": "Polygon", "coordinates": [ [ [ 629216.625062811770476, 5220833.299882485531271 ], [ 629216.731317189056426, 5220833.304005923680961 ], [ 629216.800086298026145, 5220833.374883638694882 ], [ 629216.999885047553107, 5220833.424885047599673 ], [ 629216.999882486066781, 5220833.350062812678516 ], [ 629216.951562777045183, 5220833.269293544813991 ], [ 629216.988514570519328, 5220832.890775844454765 ], [ 629217.061315197614022, 5220832.829439198598266 ], [ 629217.224937188206241, 5220832.849882485345006 ], [ 629217.299884074134752, 5220832.799904863350093 ], [ 629217.321354478714056, 5220832.71323526930064 ], [ 629217.39988504757639, 5220832.674885047599673 ], [ 629217.415019080159254, 5220832.517313616350293 ], [ 629217.52488504757639, 5220832.474885047413409 ], [ 629217.574882849934511, 5220832.374929782934487 ], [ 629217.574885047622956, 5220832.275114953517914 ], [ 629217.429289321880788, 5220832.245710678398609 ], [ 629217.374904862605035, 5220832.100115927867591 ], [ 629217.260778112104163, 5220832.033682609908283 ], [ 629217.204937780974433, 5220831.915056912228465 ], [ 629217.199884074158035, 5220831.825095137581229 ], [ 629217.099951042095199, 5220831.775118196383119 ], [ 629216.950062811840326, 5220831.775117515586317 ], [ 629216.875115925911814, 5220831.825095137581229 ], [ 629216.875117513933219, 5220831.974937189370394 ], [ 629216.93657425022684, 5220832.035547772422433 ], [ 629216.998437222326174, 5220832.184480004943907 ], [ 629216.925117513979785, 5220832.30006281286478 ], [ 629216.948078528163023, 5220832.619509032927454 ], [ 629216.897139673819765, 5220832.688192127272487 ], [ 629216.725095137371682, 5220832.725115927867591 ], [ 629216.666278326767497, 5220832.949866285547614 ], [ 629216.575116766849533, 5220833.07507802080363 ], [ 629216.576114677940495, 5220833.201300762593746 ], [ 629216.625062811770476, 5220833.299882485531271 ] ] ] } },
{ "type": "Feature", "properties": { "label": "vineyard", "row_structure": null }, "geometry": { "type": "Polygon", "coordinates": [ [ [ 629213.600154485087842, 5220833.749873935244977 ], [ 629214.150060637504794, 5220833.974826510995626 ], [ 629214.199913613381796, 5220833.974829299375415 ], [ 629214.27482640685048, 5220833.874911171384156 ], [ 629214.328347313916311, 5220833.353917721658945 ], [ 629214.624839974218048, 5220833.074864016845822 ], [ 629214.624975912738591, 5220832.9519645543769 ], [ 629214.404488592408597, 5220832.677039581350982 ], [ 629214.399831857183017, 5220832.525138531811535 ], [ 629214.199866955634207, 5220832.325155767612159 ], [ 629214.125159026472829, 5220832.32515902724117 ], [ 629214.125170704210177, 5220832.699913609772921 ], [ 629214.264083483139984, 5220832.82100538816303 ], [ 629214.133011660305783, 5220833.12597693502903 ], [ 629213.924319918965921, 5220833.200874565169215 ], [ 629213.676624405081384, 5220833.546470365487039 ], [ 629213.575158630847, 5220833.600143448449671 ], [ 629213.600154485087842, 5220833.749873935244977 ] ] ] } },
{ "type": "Feature", "properties": { "label": "vineyard", "row_structure": null }, "geometry": { "type": "Polygon", "coordinates": [ [ [ 629208.650114952470176, 5220833.049885047599673 ], [ 629208.7250424035592, 5220833.074881482869387 ], [ 629208.829906766535714, 5220833.041098594665527 ], [ 629208.999904862605035, 5220833.074884072877467 ], [ 629209.024881805526093, 5220833.024951042607427 ], [ 629209.025000000023283, 5220832.802454862743616 ], [ 629208.978925935807638, 5220832.208732908591628 ], [ 629209.054988637450151, 5220832.131700719706714 ], [ 629209.199885047622956, 5220832.124885046854615 ], [ 629209.215395483770408, 5220832.03316659014672 ], [ 629209.349881805479527, 5220831.874951042234898 ], [ 629209.354937781230547, 5220831.709943086840212 ], [ 629209.424881805549376, 5220831.599951042793691 ], [ 629209.424885047599673, 5220831.500114953145385 ], [ 629209.049951041699387, 5220831.350118195638061 ], [ 629209.000114952446893, 5220831.350114953704178 ], [ 629208.975118516478688, 5220831.425042405724525 ], [ 629208.972795277833939, 5220831.629904475994408 ], [ 629208.87511819449719, 5220831.875048957765102 ], [ 629208.848248737165704, 5220832.207155206240714 ], [ 629208.800117150181904, 5220832.275070217438042 ], [ 629208.795957151334733, 5220832.378146494738758 ], [ 629208.700114952516742, 5220832.450114953331649 ], [ 629208.755453815567307, 5220832.926474099047482 ], [ 629208.715595040703192, 5220832.982458930462599 ], [ 629208.650114952470176, 5220833.000114953145385 ], [ 629208.650114952470176, 5220833.049885047599673 ] ] ] } },
{ "type": "Feature", "properties": { "label": "vineyard", "row_structure": null }, "geometry": { "type": "Polygon", "coordinates": [ [ [ 629200.132957236259244, 5220833.262793586589396 ], [ 629200.172475330065936, 5220833.349713752046227 ], [ 629200.125114952446893, 5220833.524885047227144 ], [ 629200.274937188252807, 5220833.499882484786212 ], [ 629200.374883233220316, 5220833.399921979755163 ], [ 629200.404937781277113, 5220833.184943086467683 ], [ 629200.499882849864662, 5220832.97492978349328 ], [ 629200.453123703133315, 5220832.722147344611585 ], [ 629200.563201983692124, 5220832.630994573235512 ], [ 629200.724885047529824, 5220832.649885047227144 ], [ 629200.700000000069849, 5220832.509021859616041 ], [ 629200.724881805363111, 5220832.275048958137631 ], [ 629200.674904862651601, 5220832.175115928053856 ], [ 629200.500062811770476, 5220832.200117515400052 ], [ 629200.425106372102164, 5220832.300071076489985 ], [ 629200.400000000023283, 5220832.352454862557352 ], [ 629200.417387953377329, 5220832.663268344476819 ], [ 629200.3632683432661, 5220832.717387953773141 ], [ 629200.275114952470176, 5220832.725114953704178 ], [ 629200.182957236305811, 5220832.912206414155662 ], [ 629200.100117513909936, 5220832.975062812678516 ], [ 629200.075115925981663, 5220833.224904862232506 ], [ 629200.132957236259244, 5220833.262793586589396 ] ] ] } },
{ "type": "Feature", "properties": { "label": "vineyard", "row_structure": null }, "geometry": { "type": "Polygon", "coordinates": [ [ [ 629222.350159026449546, 5220832.399840973317623 ], [ 629222.424831463140436, 5220832.331191746518016 ], [ 629222.551559937535785, 5220832.40479386691004 ], [ 629222.721915961476043, 5220832.719587222672999 ], [ 629222.725159026449546, 5220832.799840973690152 ], [ 629222.799840973573737, 5220832.799840973690152 ], [ 629222.799840973573737, 5220832.725159027613699 ], [ 629222.720740562072024, 5220832.707725204527378 ], [ 629222.582474770140834, 5220832.384409727528691 ], [ 629222.680930470465682, 5220832.303451085463166 ], [ 629222.799840973573737, 5220832.299840973690152 ], [ 629222.799840973573737, 5220832.150159027427435 ], [ 629222.50012363109272, 5220832.175159607082605 ], [ 629222.350157311186194, 5220832.325136599130929 ], [ 629222.350159026449546, 5220832.399840973317623 ] ] ] } },
{ "type": "Feature", "properties": { "label": "vineyard", "row_structure": null }, "geometry": { "type": "Polygon", "coordinates": [ [ [ 629203.474859678419307, 5220832.699838113039732 ], [ 629203.674855757388286, 5220832.424867250025272 ], [ 629203.776109678088687, 5220832.175823577679694 ], [ 629204.074839590582997, 5220831.949860906228423 ], [ 629204.049840396037325, 5220831.475123631767929 ], [ 629203.822054231073707, 5220831.400000000372529 ], [ 629203.725086375023238, 5220831.400170682929456 ], [ 629203.650972440256737, 5220831.474204826168716 ], [ 629203.575069290818647, 5220831.601044418290257 ], [ 629203.600005276268348, 5220832.147269169799984 ], [ 629203.57218951988034, 5220832.350770683027804 ], [ 629203.350825182860717, 5220832.571815248578787 ], [ 629202.950159026542678, 5220832.600159027613699 ], [ 629202.950000000069849, 5220832.697054241783917 ], [ 629203.474859678419307, 5220832.699838113039732 ] ] ] } },
{ "type": "Feature", "properties": { "label": "vineyard", "row_structure": null }, "geometry": { "type": "Polygon", "coordinates": [ [ [ 629211.266799439908937, 5220832.73204377759248 ], [ 629211.275114952470176, 5220832.849885047413409 ], [ 629211.388192126527429, 5220832.902860326692462 ], [ 629211.400117513956502, 5220833.049937189556658 ], [ 629211.450062811840326, 5220833.099882485345006 ], [ 629211.524937188252807, 5220833.099882485345006 ], [ 629211.599900698056445, 5220833.049900699406862 ], [ 629211.653003419516608, 5220832.952333968132734 ], [ 629211.724885047529824, 5220832.924885047599673 ], [ 629211.774882486090064, 5220832.55006281286478 ], [ 629211.675062811817043, 5220832.525117515586317 ], [ 629211.634604516206309, 5220832.666833410970867 ], [ 629211.534395153168589, 5220832.753480498678982 ], [ 629211.441411792300642, 5220832.737444098107517 ], [ 629211.274913702043705, 5220832.600116361863911 ], [ 629211.200114952516742, 5220832.600114953704178 ], [ 629211.200807538931258, 5220832.675161009654403 ], [ 629211.266799439908937, 5220832.73204377759248 ] ] ] } },
{ "type": "Feature", "properties": { "label": "vineyard", "row_structure": null }, "geometry": { "type": "Polygon", "coordinates": [ [ [ 629205.999885047553107, 5220833.32488504704088 ], [ 629206.01109516446013, 5220833.179218669421971 ], [ 629206.124882486066781, 5220833.099937189370394 ], [ 629206.154937781277113, 5220832.834943086840212 ], [ 629206.249882849864662, 5220832.674929783679545 ], [ 629206.24988180550281, 5220832.575048957951367 ], [ 629206.17493718827609, 5220832.475117515772581 ], [ 629206.10011495242361, 5220832.475114953704178 ], [ 629206.070710678119212, 5220832.570710678584874 ], [ 629205.97511495242361, 5220832.600114953704178 ], [ 629205.968056286917999, 5220832.675135502591729 ], [ 629205.925117150181904, 5220832.725070217624307 ], [ 629205.925117861130275, 5220832.899944255128503 ], [ 629205.961852506385185, 5220832.972882121801376 ], [ 629205.925114952493459, 5220833.32488504704088 ], [ 629205.999885047553107, 5220833.32488504704088 ] ] ] } },
{ "type": "Feature", "properties": { "label": "vineyard", "row_structure": null }, "geometry": { "type": "Polygon", "coordinates": [ [ [ 629230.625114952446893, 5220832.899885047227144 ], [ 629230.724937188206241, 5220832.899882485158741 ], [ 629230.774882486090064, 5220832.849937189370394 ], [ 629230.781943713198416, 5220832.724864498712122 ], [ 629230.949881805572659, 5220832.474951042793691 ], [ 629230.949885047622956, 5220832.375114953145385 ], [ 629230.850062811630778, 5220832.375117515213788 ], [ 629230.700114952516742, 5220832.450114953331649 ], [ 629230.684155497699976, 5220832.55401714798063 ], [ 629230.60011495242361, 5220832.600114953704178 ], [ 629230.625114952446893, 5220832.899885047227144 ] ] ] } },
{ "type": "Feature", "properties": { "label": "vineyard", "row_structure": null }, "geometry": { "type": "Polygon", "coordinates": [ [ [ 629225.10008639015723, 5220832.324829294346273 ], [ 629225.259979350725189, 5220832.328253917396069 ], [ 629225.400086385430768, 5220832.449829303659499 ], [ 629225.524839766439982, 5220832.424911673180759 ], [ 629225.599999999976717, 5220832.102945758961141 ], [ 629225.476680560503155, 5220832.071451647207141 ], [ 629225.520903513883241, 5220831.831969971768558 ], [ 629225.552317961934023, 5220831.800762165337801 ], [ 629225.649876368814148, 5220831.799840394407511 ], [ 629225.699841235065833, 5220831.674948135390878 ], [ 629225.699829318327829, 5220831.525086374953389 ], [ 629225.624913625302725, 5220831.450170682743192 ], [ 629225.550142300198786, 5220831.450160614214838 ], [ 629225.475164642091841, 5220831.575077124871314 ], [ 629225.475173640646972, 5220831.724911148659885 ], [ 629225.519187475205399, 5220831.808453161269426 ], [ 629225.406873312080279, 5220832.058157481253147 ], [ 629225.100104895303957, 5220832.20015328656882 ], [ 629225.075000000069849, 5220832.29705424234271 ], [ 629225.10008639015723, 5220832.324829294346273 ] ] ] } },
{ "type": "Feature", "properties": { "label": "vineyard", "row_structure": null }, "geometry": { "type": "Polygon", "coordinates": [ [ [ 629197.925062811817043, 5220832.474882485345006 ], [ 629198.099885047529824, 5220832.474885047413409 ], [ 629198.141853038803674, 5220832.294442975893617 ], [ 629198.249904862605035, 5220832.249884072691202 ], [ 629198.274883639882319, 5220832.000086299143732 ], [ 629198.208200560184196, 5220831.942956223152578 ], [ 629198.199885047622956, 5220831.825114953331649 ], [ 629198.100095137371682, 5220831.825115927495062 ], [ 629198.030557023361325, 5220832.008146962150931 ], [ 629197.900114952470176, 5220832.025114953517914 ], [ 629197.924447292112745, 5220832.244521198794246 ], [ 629197.875117513933219, 5220832.424937189556658 ], [ 629197.925062811817043, 5220832.474882485345006 ] ] ] } },
{ "type": "Feature", "properties": { "label": "vineyard", "row_structure": null }, "geometry": { "type": "Polygon", "coordinates": [ [ [ 629211.900095137418248, 5220832.249884072691202 ], [ 629212.049885047599673, 5220832.274885047227144 ], [ 629212.124881483498029, 5220832.024957595393062 ], [ 629212.099885047529824, 5220831.800114953890443 ], [ 629211.900114952470176, 5220831.825114953331649 ], [ 629211.936832883278839, 5220831.982716606929898 ], [ 629211.87511819449719, 5220832.125048957765102 ], [ 629211.900095137418248, 5220832.249884072691202 ] ] ] } },
{ "type": "Feature", "properties": { "label": "vineyard", "row_structure": null }, "geometry": { "type": "Polygon", "coordinates": [ [ [ 629219.825062811840326, 5220831.899882485158741 ], [ 629219.945781330461614, 5220831.911095164716244 ], [ 629220.050048957928084, 5220832.024881804361939 ], [ 629220.14988504757639, 5220832.024885047227144 ], [ 629220.131712337140925, 5220831.771155089139938 ], [ 629220.249904862605035, 5220831.724884073249996 ], [ 629220.349882486043498, 5220831.599937187507749 ], [ 629220.352204722235911, 5220831.470095524564385 ], [ 629220.401043286197819, 5220831.396121570840478 ], [ 629220.465519993565977, 5220831.376562777906656 ], [ 629220.599885047529824, 5220831.399885047227144 ], [ 629220.599885047529824, 5220831.250114953145385 ], [ 629220.504289321834221, 5220831.22071067802608 ], [ 629220.474885047529824, 5220831.125114953145385 ], [ 629220.400114952470176, 5220831.125114953145385 ], [ 629220.373189450474456, 5220831.231664082966745 ], [ 629220.225117513909936, 5220831.30006281286478 ], [ 629220.241156707168557, 5220831.471188987605274 ], [ 629220.189820046769455, 5220831.553834643214941 ], [ 629220.10011495242361, 5220831.575114953331649 ], [ 629220.071961526293308, 5220831.757959588430822 ], [ 629220.003569225198589, 5220831.788458570837975 ], [ 629219.825062811840326, 5220831.775117515586317 ], [ 629219.800117513979785, 5220831.80006281286478 ], [ 629219.825062811840326, 5220831.899882485158741 ] ] ] } },
{ "type": "Feature", "properties": { "label": "vineyard", "row_structure": null }, "geometry": { "type": "Polygon", "coordinates": [ [ [ 629200.725114280707203, 5220832.074885719455779 ], [ 629200.799912942573428, 5220832.074884385801852 ], [ 629200.847907992661931, 5220832.012711168266833 ], [ 629200.92490467033349, 5220831.999884790740907 ], [ 629201.074892274453305, 5220831.84993420727551 ], [ 629201.174882929539308, 5220831.69994267821312 ], [ 629201.150000000023283, 5220831.515979999676347 ], [ 629201.17488571931608, 5220831.425114280544221 ], [ 629200.900114280870184, 5220831.325114279985428 ], [ 629200.884152521728538, 5220831.454021783545613 ], [ 629200.800114280660637, 5220831.500114280730486 ], [ 629200.781870371778496, 5220831.560721618123353 ], [ 629200.725115614244714, 5220831.600087056867778 ], [ 629200.700117914122529, 5220831.999959900975227 ], [ 629200.725114280707203, 5220832.074885719455779 ] ] ] } },
{ "type": "Feature", "properties": { "label": "vineyard", "row_structure": null }, "geometry": { "type": "Polygon", "coordinates": [ [ [ 629198.366278326720931, 5220831.325133715756238 ], [ 629198.375114952446893, 5220831.399885047227144 ], [ 629198.449921979918145, 5220831.399883233010769 ], [ 629198.499883233220316, 5220831.349921979941428 ], [ 629198.499882486066781, 5220831.150062812492251 ], [ 629198.449937188299373, 5220831.100117515772581 ], [ 629198.325086105614901, 5220831.125086107291281 ], [ 629198.30011676682625, 5220831.249921979382634 ], [ 629198.366278326720931, 5220831.325133715756238 ] ] ] } },
{ "type": "Feature", "properties": { "label": "vineyard", "row_structure": null }, "geometry": { "type": "Polygon", "coordinates": [ [ [ 629214.695068318862468, 5220831.209963637404144 ], [ 629214.725108930608258, 5220831.399935299530625 ], [ 629214.800050495192409, 5220831.449882595799863 ], [ 629214.924942678073421, 5220831.449882930144668 ], [ 629214.999900931143202, 5220831.399899697862566 ], [ 629215.13195819966495, 5220831.079610561951995 ], [ 629215.199884998379275, 5220831.02490043733269 ], [ 629215.208637569099665, 5220830.94432304892689 ], [ 629215.274882595054805, 5220830.849949506111443 ], [ 629215.27488292939961, 5220830.725057321600616 ], [ 629215.199949504807591, 5220830.675117404200137 ], [ 629215.050114280660637, 5220830.675114280544221 ], [ 629215.040719811106101, 5220830.776524451561272 ], [ 629214.9834549727384, 5220830.82825781032443 ], [ 629214.725057321949862, 5220830.800117069855332 ], [ 629214.625117070623673, 5220830.925057320855558 ], [ 629214.625117070623673, 5220831.074942679144442 ], [ 629214.695068318862468, 5220831.209963637404144 ] ] ] } },
{ "type": "Feature", "properties": { "label": "vineyard", "row_structure": null }, "geometry": { "type": "Polygon", "coordinates": [ [ [ 629225.650118194520473, 5220831.049951042979956 ], [ 629225.700071076396853, 5220831.12489362899214 ], [ 629225.752454878995195, 5220831.150000000372529 ], [ 629225.849882486043498, 5220831.124937187880278 ], [ 629225.824904862674884, 5220830.950115927495062 ], [ 629225.650114952470176, 5220830.950114953331649 ], [ 629225.650118194520473, 5220831.049951042979956 ] ] ] } },
{ "type": "Feature", "properties": { "label": "vineyard", "row_structure": null }, "geometry": { "type": "Polygon", "coordinates": [ [ [ 629217.323609964922071, 5220831.288038104772568 ], [ 629217.300000000046566, 5220831.42205424234271 ], [ 629217.325150369550101, 5220831.499838354997337 ], [ 629217.499915155465715, 5220831.47484493535012 ], [ 629217.64434700505808, 5220831.306727297604084 ], [ 629217.749840973527171, 5220831.299840973690152 ], [ 629217.749839928350411, 5220831.225148416124284 ], [ 629217.603004573495127, 5220831.118998626247048 ], [ 629217.584841797943227, 5220830.91462432872504 ], [ 629217.702435304410756, 5220830.779542371630669 ], [ 629217.974915763013996, 5220830.724827657453716 ], [ 629218.049842563807033, 5220830.674881322309375 ], [ 629218.049840232240967, 5220830.50015174318105 ], [ 629217.775062737637199, 5220830.475170766934752 ], [ 629217.600160609348677, 5220830.575142298825085 ], [ 629217.600170692545362, 5220830.649913619272411 ], [ 629217.679568920983002, 5220830.747850358486176 ], [ 629217.678949430934153, 5220830.790148413740098 ], [ 629217.552323555457406, 5220830.892044720239937 ], [ 629217.399937267764471, 5220830.82517075445503 ], [ 629217.325104892486706, 5220830.850153291597962 ], [ 629217.275170764885843, 5220830.925062739290297 ], [ 629217.323609964922071, 5220831.288038104772568 ] ] ] } },
{ "type": "Feature", "properties": { "label": "vineyard", "row_structure": null }, "geometry": { "type": "Polygon", "coordinates": [ [ [ 629206.799913625349291, 5220831.399829317815602 ], [ 629206.924846743466333, 5220831.274895131587982 ], [ 629206.974829247687012, 5220831.174937266856432 ], [ 629207.024829190340824, 5220830.925062756985426 ], [ 629206.999876369140111, 5220830.875159605406225 ], [ 629206.874271070468239, 5220830.846873492002487 ], [ 629206.839723709854297, 5220830.766176260076463 ], [ 629206.969715212588198, 5220830.677595105022192 ], [ 629207.07484097359702, 5220830.674840973690152 ], [ 629207.074838356231339, 5220830.600150370970368 ], [ 629206.950159026542678, 5220830.57515902724117 ], [ 629206.942548038088717, 5220830.68748926371336 ], [ 629206.828102556872182, 5220830.748254955746233 ], [ 629206.600159026449546, 5220830.775159027427435 ], [ 629206.652920818887651, 5220831.118155447766185 ], [ 629206.608985133352689, 5220831.183669947087765 ], [ 629206.500150369131006, 5220831.200161645188928 ], [ 629206.474999999976717, 5220831.347054242156446 ], [ 629206.799913625349291, 5220831.399829317815602 ] ] ] } },
{ "type": "Feature", "properties": { "label": "vineyard", "row_structure": null }, "geometry": { "type": "Polygon", "coordinates": [ [ [ 629203.975117513909936, 5220831.449937188066542 ], [ 629204.049885047599673, 5220831.474885047413409 ], [ 629204.079305966501124, 5220831.170971532352269 ], [ 629204.127860326319933, 5220831.111807873472571 ], [ 629204.199885047622956, 5220831.099885047413409 ], [ 629204.199394213384949, 5220830.751957035623491 ], [ 629204.242441596114077, 5220830.691001858562231 ], [ 629204.324885047622956, 5220830.674885047599673 ], [ 629204.29993718827609, 5220830.600117515772581 ], [ 629204.250114952446893, 5220830.600114953704178 ], [ 629204.187131719547324, 5220830.692850608378649 ], [ 629204.075114952516742, 5220830.700114953331649 ], [ 629204.039221887942404, 5220830.883682610467076 ], [ 629203.950117514003068, 5220830.975062812678516 ], [ 629203.975117513909936, 5220831.449937188066542 ] ] ] } },
{ "type": "Feature", "properties": { "label": "vineyard", "row_structure": null }, "geometry": { "type": "Polygon", "coordinates": [ [ [ 629223.150114952470176, 5220830.974885047413409 ], [ 629223.252301045344211, 5220831.011560671962798 ], [ 629223.275114952470176, 5220831.099885047413409 ], [ 629223.349885047529824, 5220831.099885047413409 ], [ 629223.365395483793691, 5220831.033166589215398 ], [ 629223.447147354250774, 5220830.953123698011041 ], [ 629223.599904862581752, 5220830.949884072877467 ], [ 629223.649882486090064, 5220830.874937187880278 ], [ 629223.64988504757639, 5220830.800114953890443 ], [ 629223.463519172859378, 5220830.785135520622134 ], [ 629223.3356573759811, 5220830.684569914825261 ], [ 629223.321823737234809, 5220830.591311005875468 ], [ 629223.406213880865835, 5220830.499368219636381 ], [ 629223.599937188206241, 5220830.499882484786212 ], [ 629223.775483625358902, 5220830.320755307562649 ], [ 629223.874904862605035, 5220830.29988407343626 ], [ 629223.900000000023283, 5220830.247545138001442 ], [ 629223.874937188229524, 5220830.125117515213788 ], [ 629223.795982852578163, 5220830.109155498445034 ], [ 629223.749884074088186, 5220830.025095137767494 ], [ 629223.574957596487366, 5220829.950118517503142 ], [ 629223.525114952470176, 5220829.950114953331649 ], [ 629223.497424708213657, 5220830.043954054825008 ], [ 629223.386283994535916, 5220830.096212141215801 ], [ 629223.200095137464814, 5220830.075115927495062 ], [ 629223.175118516548537, 5220830.174957595765591 ], [ 629223.246881846920587, 5220830.542406768538058 ], [ 629223.186485429527238, 5220830.709224156104028 ], [ 629223.125117513933219, 5220830.775062812492251 ], [ 629223.150114952470176, 5220830.974885047413409 ] ] ] } },
{ "type": "Feature", "properties": { "label": "vineyard", "row_structure": null }, "geometry": { "type": "Polygon", "coordinates": [ [ [ 629209.350050495238975, 5220831.499882595613599 ], [ 629209.42490467033349, 5220831.499884790740907 ], [ 629209.450000000069849, 5220831.377447512000799 ], [ 629209.403928475570865, 5220831.316273598000407 ], [ 629209.415405240259133, 5220831.233153397217393 ], [ 629209.490806052344851, 5220831.163498121313751 ], [ 629209.674882929539308, 5220831.07494267821312 ], [ 629209.67488571931608, 5220830.875114280730486 ], [ 629209.598891196539626, 5220830.843548364005983 ], [ 629209.563180060009472, 5220830.758076265454292 ], [ 629209.674882595078088, 5220830.574949505738914 ], [ 629209.674884998472407, 5220830.400099563412368 ], [ 629209.599900436354801, 5220830.325115000829101 ], [ 629209.37505732208956, 5220830.325117069296539 ], [ 629209.35011707060039, 5220830.350057321600616 ], [ 629209.350117404945195, 5220830.549949506297708 ], [ 629209.410034249536693, 5220830.726172497496009 ], [ 629209.370212101377547, 5220830.782377216033638 ], [ 629209.275073558441363, 5220830.800116275437176 ], [ 629209.125117070623673, 5220830.925057320855558 ], [ 629209.150314251077361, 5220831.124253557994962 ], [ 629209.075115001527593, 5220831.200099563226104 ], [ 629209.025117070646957, 5220831.349942677654326 ], [ 629209.350050495238975, 5220831.499882595613599 ] ] ] } },
{ "type": "Feature", "properties": { "label": "vineyard", "row_structure": null }, "geometry": { "type": "Polygon", "coordinates": [ [ [ 629212.400114280870184, 5220831.074885719455779 ], [ 629212.499885719153099, 5220831.074885719455779 ], [ 629212.489095072960481, 5220830.82495944481343 ], [ 629212.574885186622851, 5220830.749896596185863 ], [ 629212.557612046715803, 5220830.461731656454504 ], [ 629212.60286032629665, 5220830.411807873286307 ], [ 629212.674942678073421, 5220830.399882930330932 ], [ 629212.741986637469381, 5220830.273901142179966 ], [ 629212.849884836585261, 5220830.19990373775363 ], [ 629212.849882085807621, 5220830.100040098652244 ], [ 629212.774942677933723, 5220829.950117069296539 ], [ 629212.625114280846901, 5220829.950114279985428 ], [ 629212.572419643052854, 5220830.168959373608232 ], [ 629212.441273597534746, 5220830.246071524918079 ], [ 629212.32511428068392, 5220830.250114280730486 ], [ 629212.325117070577107, 5220830.474942678585649 ], [ 629212.406357921892777, 5220830.584960290230811 ], [ 629212.397928793099709, 5220830.723547258414328 ], [ 629212.325115614105016, 5220830.800087057054043 ], [ 629212.326101145124994, 5220830.901284323073924 ], [ 629212.400114280870184, 5220831.074885719455779 ] ] ] } },
{ "type": "Feature", "properties": { "label": "vineyard", "row_structure": null }, "geometry": { "type": "Polygon", "coordinates": [ [ [ 629212.650158207863569, 5220829.79986771568656 ], [ 629212.799857693724334, 5220829.974839380010962 ], [ 629212.87483652564697, 5220829.849899396300316 ], [ 629212.95250813185703, 5220829.351637699641287 ], [ 629213.195609828340821, 5220829.179988126270473 ], [ 629213.299911149195395, 5220829.174826359376311 ], [ 629213.374843034544028, 5220829.12487181648612 ], [ 629213.399838628130965, 5220828.500119268894196 ], [ 629213.299920000950806, 5220828.425165136344731 ], [ 629213.225159026449546, 5220828.425159027799964 ], [ 629213.224104699213058, 5220828.574547400698066 ], [ 629213.150156666873954, 5220828.800071912817657 ], [ 629213.142888544360176, 5220829.050785928033292 ], [ 629212.927018333692104, 5220829.220603853464127 ], [ 629212.775159026496112, 5220829.225159027613699 ], [ 629212.769495127140544, 5220829.304606319405138 ], [ 629212.625161545700394, 5220829.500131594948471 ], [ 629212.650158207863569, 5220829.79986771568656 ] ] ] } },
{ "type": "Feature", "properties": { "label": "vineyard", "row_structure": null }, "geometry": { "type": "Polygon", "coordinates": [ [ [ 629226.492863812367432, 5220829.68368492461741 ], [ 629226.540506819728762, 5220829.674413564614952 ], [ 629226.765920416801237, 5220829.893647673539817 ], [ 629226.775159026496112, 5220829.974840973503888 ], [ 629226.874829295789823, 5220829.949913609772921 ], [ 629226.874840973527171, 5220829.900159027427435 ], [ 629226.766192192677408, 5220829.890916374512017 ], [ 629226.648012595367618, 5220829.771879418753088 ], [ 629226.649953129235655, 5220829.722613110207021 ], [ 629226.520345738506876, 5220829.636491099372506 ], [ 629226.532817392610013, 5220829.57287584990263 ], [ 629226.649952102103271, 5220829.527422990649939 ], [ 629226.624913609586656, 5220829.500170705839992 ], [ 629226.525159026496112, 5220829.500159027054906 ], [ 629226.474999999976717, 5220829.747054241597652 ], [ 629226.492863812367432, 5220829.68368492461741 ] ] ] } },
{ "type": "Feature", "properties": { "label": "vineyard", "row_structure": null }, "geometry": { "type": "Polygon", "coordinates": [ [ [ 629229.125086375512183, 5220830.049829318188131 ], [ 629229.199924582149833, 5220830.049839313142002 ], [ 629229.399231556802988, 5220829.925588118843734 ], [ 629229.402678909362294, 5220829.822429941035807 ], [ 629229.628235565847717, 5220829.396907208487391 ], [ 629230.326423324877396, 5220829.257824418134987 ], [ 629230.357020057737827, 5220829.285429624840617 ], [ 629230.400159026496112, 5220829.549840973690152 ], [ 629230.424840973573737, 5220829.549840973690152 ], [ 629230.426736344816163, 5220829.250468754209578 ], [ 629230.624841671437025, 5220828.950080903246999 ], [ 629230.599913610494696, 5220828.925170707516372 ], [ 629230.476174263400026, 5220828.925062913447618 ], [ 629230.350157430162653, 5220828.975145255215466 ], [ 629230.349808574886993, 5220829.21876831818372 ], [ 629230.321762040723115, 5220829.253091280348599 ], [ 629229.617047355510294, 5220829.396374446339905 ], [ 629229.549913625582121, 5220829.350170683115721 ], [ 629229.475124333868735, 5220829.350163512863219 ], [ 629229.075170121621341, 5220829.950082729570568 ], [ 629229.075000000069849, 5220829.997054241597652 ], [ 629229.125086375512183, 5220830.049829318188131 ] ] ] } },
{ "type": "Feature", "properties": { "label": "vineyard", "row_structure": null }, "geometry": { "type": "Polygon", "coordinates": [ [ [ 629200.921881846967153, 5220831.207593232393265 ], [ 629200.900117513956502, 5220831.324937188066542 ], [ 629201.100048957858235, 5220831.424881804734468 ], [ 629201.19989535456989, 5220831.449884540401399 ], [ 629201.338519172859378, 5220831.289864480495453 ], [ 629201.524882486090064, 5220831.249937187880278 ], [ 629201.524882486090064, 5220831.150062812492251 ], [ 629201.408721673302352, 5220830.99986628536135 ], [ 629201.375552707933821, 5220830.830478802323341 ], [ 629201.549882486113347, 5220830.499937187880278 ], [ 629201.61077811208088, 5220830.266317390836775 ], [ 629201.774881805526093, 5220830.099951042793691 ], [ 629201.774882486090064, 5220829.80006281286478 ], [ 629201.749928923556581, 5220829.775106371380389 ], [ 629201.600062811747193, 5220829.725117515772581 ], [ 629201.425106372334994, 5220829.825071074999869 ], [ 629201.375118516501971, 5220830.025042405351996 ], [ 629201.39427824341692, 5220830.220080676488578 ], [ 629201.275116766802967, 5220830.325078021734953 ], [ 629201.206664082128555, 5220830.448189452290535 ], [ 629201.075115925981663, 5220830.500095137394965 ], [ 629201.043056286871433, 5220830.750135502777994 ], [ 629200.875118516501971, 5220831.025042405351996 ], [ 629200.921881846967153, 5220831.207593232393265 ] ] ] } },
{ "type": "Feature", "properties": { "label": "vineyard", "row_structure": null }, "geometry": { "type": "Polygon", "coordinates": [ [ [ 629223.350057321949862, 5220829.749882929958403 ], [ 629223.504130741814151, 5220829.809810287319124 ], [ 629223.525115209049545, 5220829.949904670938849 ], [ 629223.749942678026855, 5220830.024882930330932 ], [ 629223.83755117317196, 5220829.816419680602849 ], [ 629223.89988292939961, 5220829.749942678026855 ], [ 629223.956928947009146, 5220829.541300470940769 ], [ 629224.04572224651929, 5220829.509660103358328 ], [ 629224.125084672938101, 5220829.57488426938653 ], [ 629224.199885719339363, 5220829.574885719455779 ], [ 629224.199885719339363, 5220829.500114280730486 ], [ 629224.092947221826762, 5220829.487708906643093 ], [ 629224.041209152434021, 5220829.406765943393111 ], [ 629224.087711169500835, 5220829.24790799152106 ], [ 629224.149884385871701, 5220829.199912942945957 ], [ 629224.154640057706274, 5220829.016592170111835 ], [ 629224.299892273847945, 5220828.874934207648039 ], [ 629224.362984114093706, 5220828.662532375194132 ], [ 629224.428248886484653, 5220828.641032790765166 ], [ 629224.574885719339363, 5220828.674885720014572 ], [ 629224.549903737846762, 5220828.525115163065493 ], [ 629224.450057322042994, 5220828.525117069482803 ], [ 629224.334585074684583, 5220828.598444497212768 ], [ 629224.074949505040422, 5220828.500117404386401 ], [ 629223.800114280660637, 5220828.525114280171692 ], [ 629223.821879442199133, 5220828.942408870905638 ], [ 629223.766289030667394, 5220829.274840496480465 ], [ 629223.688804541481659, 5220829.345533863641322 ], [ 629223.525114280870184, 5220829.325114279985428 ], [ 629223.495572848129086, 5220829.449185294099152 ], [ 629223.325107725686394, 5220829.52506579272449 ], [ 629223.300117070553824, 5220829.699942679144442 ], [ 629223.350057321949862, 5220829.749882929958403 ] ] ] } },
{ "type": "Feature", "properties": { "label": "vineyard", "row_structure": null }, "geometry": { "type": "Polygon", "coordinates": [ [ [ 629206.700117514003068, 5220830.299937187694013 ], [ 629206.873189450474456, 5220830.393335917033255 ], [ 629206.900116766802967, 5220830.524921978823841 ], [ 629206.950084531679749, 5220830.574896999634802 ], [ 629207.099885047529824, 5220830.624885046854615 ], [ 629207.19988248613663, 5220830.424937189556658 ], [ 629207.201751262880862, 5220830.317844794131815 ], [ 629207.249882849864662, 5220830.249929782934487 ], [ 629207.286095164483413, 5220830.029218669980764 ], [ 629207.474882486043498, 5220829.924937187694013 ], [ 629207.454640929354355, 5220829.666592522524297 ], [ 629207.524883639882319, 5220829.599913701415062 ], [ 629207.546354478690773, 5220829.488235268741846 ], [ 629207.649882486090064, 5220829.424937189556658 ], [ 629207.64988504757639, 5220829.300114953890443 ], [ 629207.575095137464814, 5220829.300115928053856 ], [ 629207.499626630917192, 5220829.440113922581077 ], [ 629207.325117514003068, 5220829.475062812678516 ], [ 629207.327216577832587, 5220829.640463225543499 ], [ 629207.258682609070092, 5220829.714221889153123 ], [ 629207.150114952470176, 5220829.725114953704178 ], [ 629207.182350230170414, 5220829.900499149225652 ], [ 629207.100098316674121, 5220829.975103234872222 ], [ 629207.012005722499453, 5220830.187477518804371 ], [ 629206.926894192234613, 5220830.206315856426954 ], [ 629206.824937188415788, 5220830.125117515213788 ], [ 629206.700114952516742, 5220830.125114953145385 ], [ 629206.700117514003068, 5220830.299937187694013 ] ] ] } },
{ "type": "Feature", "properties": { "label": "vineyard", "row_structure": null }, "geometry": { "type": "Polygon", "coordinates": [ [ [ 629215.30009626201354, 5220830.224884837865829 ], [ 629215.424942677957006, 5220830.224882930517197 ], [ 629215.464066243963316, 5220830.120331218466163 ], [ 629215.524884385871701, 5220830.074912942945957 ], [ 629215.56685303885024, 5220829.919442975893617 ], [ 629215.699882929562591, 5220829.849942677654326 ], [ 629215.67555202008225, 5220829.605487179011106 ], [ 629215.749884790973738, 5220829.475095328874886 ], [ 629215.449949504807591, 5220829.350117404013872 ], [ 629215.375064700143412, 5220829.375108931213617 ], [ 629215.275117070646957, 5220829.475057320669293 ], [ 629215.275898355059326, 5220829.676557136699557 ], [ 629215.200115288607776, 5220829.7500937031582 ], [ 629215.200116562191397, 5220829.999932301230729 ], [ 629215.30009626201354, 5220830.224884837865829 ] ] ] } },
{ "type": "Feature", "properties": { "label": "vineyard", "row_structure": null }, "geometry": { "type": "Polygon", "coordinates": [ [ [ 629220.900000000023283, 5220829.331425244919956 ], [ 629220.825264104758389, 5220829.975685218349099 ], [ 629220.850156294531189, 5220830.099837065674365 ], [ 629220.999913609586656, 5220830.099829294718802 ], [ 629221.025000000023283, 5220830.072054241783917 ], [ 629221.000887981965207, 5220829.843960330821574 ], [ 629221.074829228338785, 5220829.549937262199819 ], [ 629221.074840528424829, 5220829.425048176199198 ], [ 629221.024913609609939, 5220829.325170706026256 ], [ 629220.898403673199937, 5220829.308105017058551 ], [ 629220.799840973573737, 5220828.975159027613699 ], [ 629220.775159026496112, 5220828.975159027613699 ], [ 629220.900000000023283, 5220829.331425244919956 ] ] ] } },
{ "type": "Feature", "properties": { "label": "vineyard", "row_structure": null }, "geometry": { "type": "Polygon", "coordinates": [ [ [ 629201.599198719137348, 5220829.618252017535269 ], [ 629201.600158328539692, 5220829.724919097498059 ], [ 629201.77491361531429, 5220829.79982930328697 ], [ 629201.850330474087968, 5220829.673605136573315 ], [ 629201.924843864515424, 5220829.399928261525929 ], [ 629201.911621678853408, 5220829.252720035612583 ], [ 629201.998265866190195, 5220829.087076839059591 ], [ 629202.099840973503888, 5220829.074840973131359 ], [ 629202.099840395967476, 5220829.000123631209135 ], [ 629201.925159026519395, 5220828.95015902724117 ], [ 629201.925170681555755, 5220828.999913624487817 ], [ 629201.991031190380454, 5220829.086011757142842 ], [ 629201.906700319377705, 5220829.256692592985928 ], [ 629201.700104868272319, 5220829.300153261981905 ], [ 629201.599555767024867, 5220829.400905383750796 ], [ 629201.550157598219812, 5220829.5249268328771 ], [ 629201.599198719137348, 5220829.618252017535269 ] ] ] } },
{ "type": "Feature", "properties": { "label": "vineyard", "row_structure": null }, "geometry": { "type": "Polygon", "coordinates": [ [ [ 629218.200117514003068, 5220829.474937187507749 ], [ 629218.250062811770476, 5220829.524882485158741 ], [ 629218.348883282160386, 5220829.535995053127408 ], [ 629218.400086298002861, 5220829.599883639253676 ], [ 629218.499885047553107, 5220829.599885047413409 ], [ 629218.549882849911228, 5220829.499929782934487 ], [ 629218.549883233266883, 5220829.425078021362424 ], [ 629218.415844502276741, 5220829.329017147421837 ], [ 629218.39988504757639, 5220829.200114953331649 ], [ 629218.325114952400327, 5220829.200114953331649 ], [ 629218.292155895149335, 5220829.274095114320517 ], [ 629218.200117514003068, 5220829.325062813237309 ], [ 629218.200117514003068, 5220829.474937187507749 ] ] ] } },
{ "type": "Feature", "properties": { "label": "vineyard", "row_structure": null }, "geometry": { "type": "Polygon", "coordinates": [ [ [ 629204.175118194543757, 5220830.074951042421162 ], [ 629204.275000000023283, 5220830.221703112125397 ], [ 629204.26805628684815, 5220830.325135502032936 ], [ 629204.20011819456704, 5220830.42504895851016 ], [ 629204.200117514003068, 5220830.524937188252807 ], [ 629204.300048958393745, 5220830.624881804920733 ], [ 629204.474937188206241, 5220830.599882485345006 ], [ 629204.510778112104163, 5220830.441317390650511 ], [ 629204.62488180550281, 5220830.274951042607427 ], [ 629204.600552707910538, 5220830.005478802137077 ], [ 629204.649881805526093, 5220829.899951042607427 ], [ 629204.682612046715803, 5220829.661731656640768 ], [ 629204.736731656827033, 5220829.607612047344446 ], [ 629204.849937188206241, 5220829.599882485345006 ], [ 629204.924881805549376, 5220829.474951042793691 ], [ 629204.924881483544596, 5220829.300042405724525 ], [ 629204.849937188206241, 5220829.125117515213788 ], [ 629204.700115925981663, 5220829.150095137767494 ], [ 629204.678645521285944, 5220829.286764731630683 ], [ 629204.55011592595838, 5220829.350095137953758 ], [ 629204.541799439815804, 5220829.467956223525107 ], [ 629204.475116360117681, 5220829.525086299516261 ], [ 629204.453645521309227, 5220829.811764732003212 ], [ 629204.375095137394965, 5220829.850115927867591 ], [ 629204.261480828397907, 5220829.985135519877076 ], [ 629204.175114952493459, 5220830.000114953145385 ], [ 629204.175118194543757, 5220830.074951042421162 ] ] ] } },
{ "type": "Feature", "properties": { "label": "vineyard", "row_structure": null }, "geometry": { "type": "Polygon", "coordinates": [ [ [ 629226.72511495242361, 5220828.94988504704088 ], [ 629226.829028467764147, 5220828.954305966384709 ], [ 629226.883146961219609, 5220828.994442976079881 ], [ 629226.925114952493459, 5220829.249885046854615 ], [ 629227.049885047599673, 5220829.249885046854615 ], [ 629227.049885047599673, 5220829.000114953145385 ], [ 629226.934391549439169, 5220828.992778485640883 ], [ 629226.874394213315099, 5220828.923042965121567 ], [ 629226.874885047553107, 5220828.600114953704178 ], [ 629226.72511495242361, 5220828.600114953704178 ], [ 629226.70011851657182, 5220828.675042405724525 ], [ 629226.72511495242361, 5220828.94988504704088 ] ] ] } },
{ "type": "Feature", "properties": { "label": "vineyard", "row_structure": null }, "geometry": { "type": "Polygon", "coordinates": [ [ [ 629221.40016449149698, 5220828.449914380908012 ], [ 629221.450143447262235, 5220828.549841368570924 ], [ 629221.52486091805622, 5220828.549839603714645 ], [ 629221.61057921720203, 5220828.460901630111039 ], [ 629221.795127055840567, 5220828.557770584709942 ], [ 629221.819161243271083, 5220828.889747826382518 ], [ 629221.725158328539692, 5220828.950080903246999 ], [ 629221.724999999976717, 5220829.097054242156446 ], [ 629221.79984963091556, 5220829.09983835555613 ], [ 629221.825000000069849, 5220829.022054241970181 ], [ 629221.824897566111758, 5220828.925369773060083 ], [ 629221.806483460939489, 5220828.656436243094504 ], [ 629221.899840973550454, 5220828.624840972945094 ], [ 629221.899840973550454, 5220828.525159027427435 ], [ 629221.781385202542879, 5220828.539626285433769 ], [ 629221.621762363705784, 5220828.458693722262979 ], [ 629221.599836016306654, 5220828.350103486329317 ], [ 629221.524854339426383, 5220828.250157553702593 ], [ 629221.375159026472829, 5220828.225159027613699 ], [ 629221.40016449149698, 5220828.449914380908012 ] ] ] } },
{ "type": "Feature", "properties": { "label": "vineyard", "row_structure": null }, "geometry": { "type": "Polygon", "coordinates": [ [ [ 629199.112444093450904, 5220829.441411786712706 ], [ 629199.175062811817043, 5220829.574882484972477 ], [ 629199.252454878995195, 5220829.600000000558794 ], [ 629199.399900698103011, 5220829.574900698848069 ], [ 629199.487555906525813, 5220829.366411786526442 ], [ 629199.57488248613663, 5220829.274937188252807 ], [ 629199.574883233290166, 5220829.200078021734953 ], [ 629199.451723331934772, 5220829.077525850385427 ], [ 629199.428118153242394, 5220829.007593231275678 ], [ 629199.537713523604907, 5220828.747906892560422 ], [ 629199.599883639835753, 5220828.699913701042533 ], [ 629199.599885047529824, 5220828.625114953145385 ], [ 629199.400042403605767, 5220828.625118517316878 ], [ 629199.300106372102164, 5220828.675071076489985 ], [ 629199.18657425022684, 5220828.939452228136361 ], [ 629199.000106372055598, 5220829.150071076117456 ], [ 629198.975117513909936, 5220829.274937188252807 ], [ 629199.112444093450904, 5220829.441411786712706 ] ] ] } },
{ "type": "Feature", "properties": { "label": "vineyard", "row_structure": null }, "geometry": { "type": "Polygon", "coordinates": [ [ [ 629215.702945770695806, 5220829.475000000558794 ], [ 629215.749865145771764, 5220829.474832467734814 ], [ 629215.899846692103893, 5220829.349895095452666 ], [ 629215.999975912738591, 5220829.098035446368158 ], [ 629215.999826054321602, 5220829.025081418454647 ], [ 629215.925647908472456, 5220828.883903806097806 ], [ 629215.926717372611165, 5220828.737203437834978 ], [ 629216.145722012617625, 5220828.579745808616281 ], [ 629216.224842550931498, 5220828.574839223176241 ], [ 629216.249840395990759, 5220828.275123631581664 ], [ 629216.177945770672522, 5220828.25 ], [ 629216.100161643815227, 5220828.275150370784104 ], [ 629216.100169763783924, 5220828.47491598688066 ], [ 629216.136664120946079, 5220828.573309378698468 ], [ 629215.953221639851108, 5220828.706167176365852 ], [ 629215.908167894463986, 5220828.705708429217339 ], [ 629215.799937264528126, 5220828.600170766934752 ], [ 629215.675086376140825, 5220828.600170683115721 ], [ 629215.62517068174202, 5220828.650086374953389 ], [ 629215.60101059731096, 5220828.911507626995444 ], [ 629215.500125555088744, 5220828.975147258490324 ], [ 629215.475533211953007, 5220829.024219269864261 ], [ 629215.400000000023283, 5220829.347054242156446 ], [ 629215.702945770695806, 5220829.475000000558794 ] ] ] } },
{ "type": "Feature", "properties": { "label": "vineyard", "row_structure": null }, "geometry": { "type": "Polygon", "coordinates": [ [ [ 629204.750117513933219, 5220828.724937189370394 ], [ 629204.913192126550712, 5220828.827860326506197 ], [ 629204.925114952493459, 5220828.974885047413409 ], [ 629205.049951042165048, 5220828.974881804548204 ], [ 629205.141317390953191, 5220828.9107781117782 ], [ 629205.324884074158035, 5220828.849904863163829 ], [ 629205.32488248613663, 5220828.7500628111884 ], [ 629205.251562776975334, 5220828.640519970096648 ], [ 629205.299882486113347, 5220828.549937188625336 ], [ 629205.299885047599673, 5220828.475114953704178 ], [ 629205.159404959296808, 5220828.457458931021392 ], [ 629205.118684144690633, 5220828.351894191466272 ], [ 629205.199864499620162, 5220828.256943712942302 ], [ 629205.374937188229524, 5220828.249882484786212 ], [ 629205.4998969984008, 5220828.099915469065309 ], [ 629205.599881805363111, 5220827.899951042607427 ], [ 629205.599882486043498, 5220827.750062813051045 ], [ 629205.549885047599673, 5220827.650114953517914 ], [ 629205.400114952470176, 5220827.650114953517914 ], [ 629205.402360888314433, 5220827.763650049455464 ], [ 629205.37253109307494, 5220827.822156947106123 ], [ 629205.200070216553286, 5220827.850117151625454 ], [ 629205.100117513909936, 5220827.92506281286478 ], [ 629205.095062219072133, 5220828.065056912600994 ], [ 629205.025118194636889, 5220828.17504895851016 ], [ 629205.056845815153793, 5220828.448680424131453 ], [ 629204.932092546252534, 5220828.58429725561291 ], [ 629204.750115925911814, 5220828.650095137767494 ], [ 629204.750117513933219, 5220828.724937189370394 ] ] ] } },
{ "type": "Feature", "properties": { "label": "vineyard", "row_structure": null }, "geometry": { "type": "Polygon", "coordinates": [ [ [ 629207.625115925911814, 5220828.624904861673713 ], [ 629207.700095137697645, 5220828.699884072877467 ], [ 629207.94988248613663, 5220828.649937188252807 ], [ 629207.916860557859764, 5220828.513255371712148 ], [ 629207.931712337187491, 5220828.446155088953674 ], [ 629208.124884541262873, 5220828.349895354360342 ], [ 629208.12488180550281, 5220828.075048957951367 ], [ 629208.054937781300396, 5220827.965056913904846 ], [ 629208.057612046715803, 5220827.886731656268239 ], [ 629208.224864498944953, 5220827.781943713314831 ], [ 629208.324885047622956, 5220827.774885047227144 ], [ 629208.32488248613663, 5220827.6250628111884 ], [ 629208.249904862605035, 5220827.475115927867591 ], [ 629208.175062811933458, 5220827.475117515772581 ], [ 629208.094293551635928, 5220827.523437222465873 ], [ 629207.950114952516742, 5220827.500114953145385 ], [ 629208.00063177512493, 5220827.743786132894456 ], [ 629207.850116360117681, 5220827.92508629988879 ], [ 629207.834155497723259, 5220828.05401714798063 ], [ 629207.750114952446893, 5220828.100114953704178 ], [ 629207.76511392055545, 5220828.399626635015011 ], [ 629207.715608450584114, 5220828.442778485827148 ], [ 629207.625114952446893, 5220828.450114953331649 ], [ 629207.625115925911814, 5220828.624904861673713 ] ] ] } },
{ "type": "Feature", "properties": { "label": "vineyard", "row_structure": null }, "geometry": { "type": "Polygon", "coordinates": [ [ [ 629209.975117513909936, 5220829.074937188066542 ], [ 629210.116799439885654, 5220829.182043776847422 ], [ 629210.125114952446893, 5220829.349885047413409 ], [ 629210.199885047622956, 5220829.349885047413409 ], [ 629210.203925935784355, 5220829.258732908405364 ], [ 629210.249882849864662, 5220829.199929783120751 ], [ 629210.263514570542611, 5220828.96577584464103 ], [ 629210.37844467186369, 5220828.865997399203479 ], [ 629210.574885047622956, 5220828.874885046854615 ], [ 629210.57488248613663, 5220828.775062812492251 ], [ 629210.521484141005203, 5220828.707724365405738 ], [ 629210.522678860579617, 5220828.639010495506227 ], [ 629210.586363051552325, 5220828.579485883004963 ], [ 629210.724904862581752, 5220828.574884072877467 ], [ 629210.824881805572659, 5220828.399951042607427 ], [ 629210.799882486113347, 5220828.2500628111884 ], [ 629210.675062811817043, 5220828.200117515400052 ], [ 629210.625117513933219, 5220828.2500628111884 ], [ 629210.62006221874617, 5220828.340056913904846 ], [ 629210.551731595653109, 5220828.444792379625142 ], [ 629210.450135501101613, 5220828.518056287430227 ], [ 629210.350104645476677, 5220828.525115460157394 ], [ 629210.278368739876896, 5220828.61395660135895 ], [ 629210.025114952470176, 5220828.575114953331649 ], [ 629210.025117513956502, 5220828.699937188066542 ], [ 629210.13958561886102, 5220828.815759130753577 ], [ 629210.157618733355775, 5220828.891693009063601 ], [ 629210.098044760990888, 5220828.967071783728898 ], [ 629209.97511495242361, 5220828.975114953704178 ], [ 629209.975117513909936, 5220829.074937188066542 ] ] ] } },
{ "type": "Feature", "properties": { "label": "vineyard", "row_structure": null }, "geometry": { "type": "Polygon", "coordinates": [ [ [ 629196.808710968820378, 5220829.050159505568445 ], [ 629196.99988340830896, 5220828.799932900816202 ], [ 629197.029931679018773, 5220828.534963644109666 ], [ 629197.068129628198221, 5220828.439278381876647 ], [ 629197.149882595054805, 5220828.349949506111443 ], [ 629197.149885719292797, 5220828.150114280171692 ], [ 629196.900050496100448, 5220828.075117403641343 ], [ 629196.800000000046566, 5220828.146574878133833 ], [ 629196.800000000046566, 5220829.247299406677485 ], [ 629196.808710968820378, 5220829.050159505568445 ] ] ] } },
{ "type": "Feature", "properties": { "label": "vineyard", "row_structure": null }, "geometry": { "type": "Polygon", "coordinates": [ [ [ 629219.075126066687517, 5220827.674845514819026 ], [ 629219.395568175590597, 5220827.76244886405766 ], [ 629219.475159026449546, 5220828.074840973131359 ], [ 629219.499840973527171, 5220828.074840973131359 ], [ 629219.399953148211353, 5220827.747585086151958 ], [ 629219.263454530737363, 5220827.69156210962683 ], [ 629219.246937107876875, 5220827.525376905687153 ], [ 629219.399947444908321, 5220827.427425106056035 ], [ 629219.350681149517186, 5220827.300861476920545 ], [ 629219.275159026496112, 5220827.300159027799964 ], [ 629219.26686605962459, 5220827.433265686035156 ], [ 629219.178035186254419, 5220827.544869188219309 ], [ 629219.050159026519395, 5220827.550159027799964 ], [ 629219.075126066687517, 5220827.674845514819026 ] ] ] } },
{ "type": "Feature", "properties": { "label": "vineyard", "row_structure": null }, "geometry": { "type": "Polygon", "coordinates": [ [ [ 629210.450114952516742, 5220827.999885046854615 ], [ 629210.638439328526147, 5220828.022698954679072 ], [ 629210.67307852813974, 5220828.080490967258811 ], [ 629210.67511592595838, 5220828.1999048627913 ], [ 629210.749885047553107, 5220828.224885047413409 ], [ 629210.75493778125383, 5220828.109943086281419 ], [ 629210.824882849934511, 5220827.999929782934487 ], [ 629210.829640929354355, 5220827.866592522710562 ], [ 629210.899883639882319, 5220827.799913701601326 ], [ 629210.899884074111469, 5220827.700095137581229 ], [ 629210.825232442235574, 5220827.642014503479004 ], [ 629210.826747857383452, 5220827.554856264032423 ], [ 629210.87695523945149, 5220827.507928215898573 ], [ 629210.949885047622956, 5220827.499885046854615 ], [ 629211.008886246709153, 5220827.405545779503882 ], [ 629211.174885047599673, 5220827.399885047227144 ], [ 629211.19988248613663, 5220827.1250628111884 ], [ 629211.154937781277113, 5220827.065056914463639 ], [ 629211.149882486090064, 5220826.8750628111884 ], [ 629211.124937188229524, 5220826.850117515772581 ], [ 629210.950086298049428, 5220826.800116362050176 ], [ 629210.914820047095418, 5220826.853834643028677 ], [ 629210.85011495242361, 5220826.875114953145385 ], [ 629210.847795277833939, 5220827.004904475994408 ], [ 629210.800117513979785, 5220827.075062811374664 ], [ 629210.795359070645645, 5220827.183407478034496 ], [ 629210.725116360117681, 5220827.250086299143732 ], [ 629210.752321139443666, 5220827.585989505052567 ], [ 629210.688636948470958, 5220827.64551411755383 ], [ 629210.525114952470176, 5220827.650114953517914 ], [ 629210.506867047282867, 5220827.735723245888948 ], [ 629210.425117513979785, 5220827.80006281286478 ], [ 629210.450114952516742, 5220827.999885046854615 ] ] ] } },
{ "type": "Feature", "properties": { "label": "vineyard", "row_structure": null }, "geometry": { "type": "Polygon", "coordinates": [ [ [ 629227.025156294577755, 5220827.724837065674365 ], [ 629227.174913609633222, 5220827.724829294718802 ], [ 629227.498038916965015, 5220827.432102467864752 ], [ 629227.869684730889276, 5220827.550143626518548 ], [ 629228.075160776032135, 5220827.974908661097288 ], [ 629228.149913623929024, 5220827.999829317443073 ], [ 629228.199829318327829, 5220827.949913625605404 ], [ 629228.199840528424829, 5220827.75004817545414 ], [ 629228.049829897121526, 5220827.175076600164175 ], [ 629227.900023796129972, 5220826.875059945508838 ], [ 629227.82785492297262, 5220826.634193491190672 ], [ 629227.899831182905473, 5220826.424902852624655 ], [ 629227.874876368790865, 5220826.250159606337547 ], [ 629227.725086375023238, 5220826.250170682556927 ], [ 629227.625154746929184, 5220826.350106274709105 ], [ 629227.226472910377197, 5220827.196525807492435 ], [ 629227.099638025625609, 5220827.326021698303521 ], [ 629227.000170764746144, 5220827.525062738917768 ], [ 629227.025156294577755, 5220827.724837065674365 ] ] ] } },
{ "type": "Feature", "properties": { "label": "vineyard", "row_structure": null }, "geometry": { "type": "Polygon", "coordinates": [ [ [ 629202.124885047553107, 5220828.999885046854615 ], [ 629202.18842575000599, 5220828.835547773167491 ], [ 629202.324893627781421, 5220828.724928925745189 ], [ 629202.413425749866292, 5220828.510547772981226 ], [ 629202.474882486043498, 5220828.449937188066542 ], [ 629202.451747856335714, 5220828.229856269434094 ], [ 629202.599893627804704, 5220828.124928925186396 ], [ 629202.637713523698039, 5220827.972906893119216 ], [ 629202.74988180550281, 5220827.849951042793691 ], [ 629202.775000000023283, 5220827.697545138187706 ], [ 629202.753118153079413, 5220827.542406768538058 ], [ 629202.774882486090064, 5220827.400062812492251 ], [ 629202.749928923556581, 5220827.37510637100786 ], [ 629202.550095137441531, 5220827.300115928053856 ], [ 629202.400117513956502, 5220827.5000628111884 ], [ 629202.350117150112055, 5220827.600070217624307 ], [ 629202.376360815134831, 5220827.778570599853992 ], [ 629202.275117513956502, 5220828.0000628111884 ], [ 629202.295359070645645, 5220828.15840747859329 ], [ 629202.175099301966839, 5220828.250099301338196 ], [ 629202.000117513933219, 5220828.525062812492251 ], [ 629201.99506221874617, 5220828.66505691409111 ], [ 629201.925118516548537, 5220828.800042405724525 ], [ 629201.92511592595838, 5220828.9499048627913 ], [ 629202.124885047553107, 5220828.999885046854615 ] ] ] } },
{ "type": "Feature", "properties": { "label": "vineyard", "row_structure": null }, "geometry": { "type": "Polygon", "coordinates": [ [ [ 629197.075050494982861, 5220828.149882595986128 ], [ 629197.149885719176382, 5220828.149885719642043 ], [ 629197.219797015655786, 5220828.02511131297797 ], [ 629197.32494267844595, 5220827.999882929958403 ], [ 629197.399895640439354, 5220827.924920787103474 ], [ 629197.424882595078088, 5220827.750050494447351 ], [ 629197.354931681416929, 5220827.640036364085972 ], [ 629197.349885719246231, 5220827.475114280357957 ], [ 629197.150095330085605, 5220827.450115208514035 ], [ 629196.97511740506161, 5220827.850050494074821 ], [ 629196.972798014990985, 5220827.954889792017639 ], [ 629196.925117070553824, 5220828.074942679144442 ], [ 629197.075050494982861, 5220828.149882595986128 ] ] ] } },
{ "type": "Feature", "properties": { "label": "vineyard", "row_structure": null }, "geometry": { "type": "Polygon", "coordinates": [ [ [ 629216.000117513933219, 5220828.024937188252807 ], [ 629216.147531093098223, 5220828.077843054197729 ], [ 629216.177360888337716, 5220828.136349951848388 ], [ 629216.175117513979785, 5220828.249937187880278 ], [ 629216.249904862605035, 5220828.274884073063731 ], [ 629216.324881483567879, 5220828.124957595020533 ], [ 629216.35774977284018, 5220827.588492578826845 ], [ 629216.438716005533934, 5220827.528787859715521 ], [ 629216.674885047599673, 5220827.499885046854615 ], [ 629216.674882486113347, 5220827.400062812492251 ], [ 629216.507612046669237, 5220827.288268344476819 ], [ 629216.499885047553107, 5220827.100114953704178 ], [ 629216.399929783307016, 5220827.050117151811719 ], [ 629216.275062811793759, 5220827.050117515958846 ], [ 629216.250106372288428, 5220827.075071074999869 ], [ 629216.22511495242361, 5220827.19988504704088 ], [ 629216.349516374641098, 5220827.220755307003856 ], [ 629216.399767554015853, 5220827.282985489815474 ], [ 629216.405453816754743, 5220827.35147409979254 ], [ 629216.348044762155041, 5220827.417071783915162 ], [ 629216.250114952446893, 5220827.425114953890443 ], [ 629216.231867047259584, 5220827.485723245888948 ], [ 629216.175116360187531, 5220827.525086299516261 ], [ 629216.183078588685021, 5220827.78435951191932 ], [ 629216.000115925911814, 5220827.950095137581229 ], [ 629216.000117513933219, 5220828.024937188252807 ] ] ] } },
{ "type": "Feature", "properties": { "label": "vineyard", "row_structure": null }, "geometry": { "type": "Polygon", "coordinates": [ [ [ 629202.79988571931608, 5220827.399885719642043 ], [ 629202.799884943873622, 5220827.200098448432982 ], [ 629202.728878400637768, 5220827.1526123797521 ], [ 629202.720500133582391, 5220827.067498329095542 ], [ 629202.795978216570802, 5220826.940847478806973 ], [ 629202.949885719339363, 5220826.924885720014572 ], [ 629202.95464005775284, 5220826.8415921702981 ], [ 629202.997613201383501, 5220826.786520053632557 ], [ 629203.199885719339363, 5220826.799885720014572 ], [ 629203.206948181963526, 5220826.724855429492891 ], [ 629203.25, 5220826.672552486881614 ], [ 629203.249882929376327, 5220826.475057320669293 ], [ 629203.199934207485057, 5220826.425107724964619 ], [ 629202.925114280660637, 5220826.325114279985428 ], [ 629202.90208555792924, 5220826.66574958153069 ], [ 629202.800103081972338, 5220826.725114828906953 ], [ 629202.7117697854992, 5220826.878641551360488 ], [ 629202.600117070483975, 5220826.92505732178688 ], [ 629202.600115730892867, 5220826.999915326945484 ], [ 629202.666325572761707, 5220827.098852504044771 ], [ 629202.60011707060039, 5220827.200057321228087 ], [ 629202.575115208979696, 5220827.324904670938849 ], [ 629202.79988571931608, 5220827.399885719642043 ] ] ] } },
{ "type": "Feature", "properties": { "label": "vineyard", "row_structure": null }, "geometry": { "type": "Polygon", "coordinates": [ [ [ 629213.600114280707203, 5220828.099885719828308 ], [ 629213.674959900788963, 5220828.099882086738944 ], [ 629213.924894524388947, 5220827.949901306070387 ], [ 629213.974883408285677, 5220827.874932901002467 ], [ 629214.002201986033469, 5220827.595110202208161 ], [ 629214.075000000069849, 5220827.472552487626672 ], [ 629214.074882929446176, 5220827.100057320669293 ], [ 629213.999899697490036, 5220827.000099068507552 ], [ 629213.775095329619944, 5220826.975115208886564 ], [ 629213.72511688596569, 5220827.200061089359224 ], [ 629213.731155028217472, 5220827.406003280542791 ], [ 629213.674531010910869, 5220827.47923166397959 ], [ 629213.600114280707203, 5220827.500114280730486 ], [ 629213.600114280707203, 5220828.099885719828308 ] ] ] } },
{ "type": "Feature", "properties": { "label": "vineyard", "row_structure": null }, "geometry": { "type": "Polygon", "coordinates": [ [ [ 629199.925495247123763, 5220827.542646180838346 ], [ 629200.075057322042994, 5220827.674882930703461 ], [ 629200.149942677933723, 5220827.674882930703461 ], [ 629200.197698954725638, 5220827.536560671404004 ], [ 629200.29988571931608, 5220827.499885719269514 ], [ 629200.299883437692188, 5220827.350067698396742 ], [ 629200.253928474732675, 5220827.29127359483391 ], [ 629200.224891069112346, 5220827.125064699910581 ], [ 629199.999949504854158, 5220826.925117404200137 ], [ 629199.925114280660637, 5220826.925114280544221 ], [ 629199.900000000023283, 5220827.072552487254143 ], [ 629199.985775378416292, 5220827.123593925498426 ], [ 629200.017387953354046, 5220827.288268343545496 ], [ 629199.963268343242817, 5220827.342387952841818 ], [ 629199.825057321926579, 5220827.350117069669068 ], [ 629199.775117070646957, 5220827.400057322345674 ], [ 629199.750114280846901, 5220827.574885719455779 ], [ 629199.925495247123763, 5220827.542646180838346 ] ] ] } },
{ "type": "Feature", "properties": { "label": "vineyard", "row_structure": null }, "geometry": { "type": "Polygon", "coordinates": [ [ [ 629224.612828754005022, 5220826.841426374390721 ], [ 629224.600170681718737, 5220826.99991362541914 ], [ 629224.67073169152718, 5220827.114327441900969 ], [ 629224.576417133910581, 5220827.371011042036116 ], [ 629224.500170681858435, 5220827.45008637290448 ], [ 629224.500173995736986, 5220827.524918558076024 ], [ 629224.552389170858078, 5220827.599953874014318 ], [ 629224.595745837548748, 5220827.404168661683798 ], [ 629224.64196774282027, 5220827.38100603967905 ], [ 629224.849913615267724, 5220827.599829303100705 ], [ 629224.949357630917802, 5220827.475634690374136 ], [ 629224.974953105789609, 5220827.4226896436885 ], [ 629224.861820439342409, 5220827.529592683538795 ], [ 629224.646487502148375, 5220827.340679073706269 ], [ 629224.691701611271128, 5220827.248597749508917 ], [ 629224.920784475281835, 5220827.106484058313072 ], [ 629224.974953101482242, 5220827.127346994355321 ], [ 629224.87676240329165, 5220826.949737114831805 ], [ 629224.899842569837347, 5220826.750145254656672 ], [ 629224.699218493653461, 5220826.696706716902554 ], [ 629224.524870295077562, 5220826.575157885439694 ], [ 629224.425123631139286, 5220826.575159606523812 ], [ 629224.40017070423346, 5220826.649913609959185 ], [ 629224.612828754005022, 5220826.841426374390721 ] ] ] } },
{ "type": "Feature", "properties": { "label": "vineyard", "row_structure": null }, "geometry": { "type": "Polygon", "coordinates": [ [ [ 629219.499885047553107, 5220826.69988504704088 ], [ 629219.529289321857505, 5220826.579289322718978 ], [ 629219.649937188252807, 5220826.549882485531271 ], [ 629219.69988248613663, 5220826.499937187880278 ], [ 629219.699885047622956, 5220826.400114953517914 ], [ 629219.633166590472683, 5220826.384604517370462 ], [ 629219.574937188415788, 5220826.325117515400052 ], [ 629219.47511495242361, 5220826.325114953331649 ], [ 629219.512841833406128, 5220826.540343573316932 ], [ 629219.481080074911006, 5220826.599765638820827 ], [ 629219.425115458900109, 5220826.625104645267129 ], [ 629219.425114952493459, 5220826.69988504704088 ], [ 629219.499885047553107, 5220826.69988504704088 ] ] ] } },
{ "type": "Feature", "properties": { "label": "vineyard", "row_structure": null }, "geometry": { "type": "Polygon", "coordinates": [ [ [ 629205.425114952493459, 5220826.799885047599673 ], [ 629205.620710678165779, 5220826.90428932197392 ], [ 629205.724999999976717, 5220827.096703112125397 ], [ 629205.704244692111388, 5220827.174516375176609 ], [ 629205.600117513909936, 5220827.275062812492251 ], [ 629205.577301045297645, 5220827.363439328968525 ], [ 629205.450117514003068, 5220827.42506281286478 ], [ 629205.450114952516742, 5220827.499885046854615 ], [ 629205.570781330461614, 5220827.511095164343715 ], [ 629205.625114952330478, 5220827.599885047413409 ], [ 629205.77488504757639, 5220827.599885047413409 ], [ 629205.811590655939654, 5220827.49595324229449 ], [ 629205.874884074088186, 5220827.449904861859977 ], [ 629205.878925935830921, 5220827.358732908964157 ], [ 629205.924882849911228, 5220827.299929783679545 ], [ 629205.902071597636677, 5220827.101453964598477 ], [ 629206.049882849911228, 5220826.899929783307016 ], [ 629206.07488248613663, 5220826.650062812492251 ], [ 629205.974951042095199, 5220826.575118196196854 ], [ 629205.850070216692984, 5220826.575117151252925 ], [ 629205.80013550107833, 5220826.618056287057698 ], [ 629205.721853506169282, 5220826.620957151986659 ], [ 629205.66859636688605, 5220826.58308139629662 ], [ 629205.624904862605035, 5220826.475115927867591 ], [ 629205.552454879041761, 5220826.475000000558794 ], [ 629205.514605764183216, 5220826.625505226664245 ], [ 629205.425114952493459, 5220826.675114953890443 ], [ 629205.425114952493459, 5220826.799885047599673 ] ] ] } },
{ "type": "Feature", "properties": { "label": "vineyard", "row_structure": null }, "geometry": { "type": "Polygon", "coordinates": [ [ [ 629199.975086390040815, 5220826.524829294532537 ], [ 629200.074913610005751, 5220826.524829294532537 ], [ 629200.121207396034151, 5220826.416473431512713 ], [ 629200.649870262248442, 5220826.224869342520833 ], [ 629200.849738167133182, 5220825.500641002319753 ], [ 629200.824876368977129, 5220825.300159607082605 ], [ 629200.725147089106031, 5220825.300158980302513 ], [ 629200.649020481738262, 5220825.501406313851476 ], [ 629200.475145442527719, 5220825.750132678076625 ], [ 629200.400478984694928, 5220825.949119420722127 ], [ 629200.400170681765303, 5220826.024913625791669 ], [ 629200.453104717540555, 5220826.081880173645914 ], [ 629200.503273919108324, 5220826.24387817364186 ], [ 629200.093721156590618, 5220826.369543384760618 ], [ 629199.950159026542678, 5220826.350159027613699 ], [ 629199.950000000069849, 5220826.497054241597652 ], [ 629199.975086390040815, 5220826.524829294532537 ] ] ] } },
{ "type": "Feature", "properties": { "label": "vineyard", "row_structure": null }, "geometry": { "type": "Polygon", "coordinates": [ [ [ 629222.266278326744214, 5220826.550133715383708 ], [ 629222.275114952470176, 5220826.799885047599673 ], [ 629222.474937188206241, 5220826.799882485531271 ], [ 629222.499893627944402, 5220826.774928924627602 ], [ 629222.549881805549376, 5220826.674951042979956 ], [ 629222.524904862628318, 5220826.525115927681327 ], [ 629222.438235269044526, 5220826.503645521588624 ], [ 629222.39988504757639, 5220826.425114953890443 ], [ 629222.279988637426868, 5220826.418299281038344 ], [ 629222.199937188299373, 5220826.350117515772581 ], [ 629222.10011495242361, 5220826.350114953704178 ], [ 629222.103134641307406, 5220826.425661012530327 ], [ 629222.266278326744214, 5220826.550133715383708 ] ] ] } },
{ "type": "Feature", "properties": { "label": "vineyard", "row_structure": null }, "geometry": { "type": "Polygon", "coordinates": [ [ [ 629197.200116360210814, 5220827.374913700856268 ], [ 629197.256867047282867, 5220827.414276754483581 ], [ 629197.275114952470176, 5220827.474885047413409 ], [ 629197.499937188229524, 5220827.499882484786212 ], [ 629197.599882486043498, 5220827.399937188252807 ], [ 629197.61077811208088, 5220827.291317390277982 ], [ 629197.707948972005397, 5220827.139888186007738 ], [ 629197.874882486066781, 5220826.974937189370394 ], [ 629197.924881483544596, 5220826.799957595765591 ], [ 629197.924881805549376, 5220826.725048958323896 ], [ 629197.827204722212628, 5220826.554904475808144 ], [ 629197.824885047622956, 5220826.375114953145385 ], [ 629197.60011495242361, 5220826.300114953890443 ], [ 629197.595062219072133, 5220826.390056912787259 ], [ 629197.525118194520473, 5220826.500048957765102 ], [ 629197.537401231238618, 5220826.680255508050323 ], [ 629197.470011363737285, 5220826.743299280293286 ], [ 629197.325062811840326, 5220826.750117515213788 ], [ 629197.250115925911814, 5220826.800095138140023 ], [ 629197.20011851657182, 5220826.975042405538261 ], [ 629197.200116360210814, 5220827.374913700856268 ] ] ] } },
{ "type": "Feature", "properties": { "label": "vineyard", "row_structure": null }, "geometry": { "type": "Polygon", "coordinates": [ [ [ 629208.250117513933219, 5220826.974937189370394 ], [ 629208.475062811630778, 5220827.174882485531271 ], [ 629208.549928923603147, 5220827.149893629364669 ], [ 629208.674893627990969, 5220827.024928924627602 ], [ 629208.799881805549376, 5220826.799951042979956 ], [ 629208.80220472230576, 5220826.620095524005592 ], [ 629208.874882486066781, 5220826.524937188252807 ], [ 629208.899884074111469, 5220826.275095137767494 ], [ 629208.724957596394233, 5220826.200118517503142 ], [ 629208.650062811793759, 5220826.200117515400052 ], [ 629208.575071076513268, 5220826.25010637100786 ], [ 629208.550000000046566, 5220826.277454862371087 ], [ 629208.57091995223891, 5220826.477173049002886 ], [ 629208.514605764183216, 5220826.600505226291716 ], [ 629208.400114952470176, 5220826.650114953517914 ], [ 629208.373189450474456, 5220826.731664082966745 ], [ 629208.250117513933219, 5220826.825062811374664 ], [ 629208.250117513933219, 5220826.974937189370394 ] ] ] } },
{ "type": "Feature", "properties": { "label": "vineyard", "row_structure": null }, "geometry": { "type": "Polygon", "coordinates": [ [ [ 629216.575099301990122, 5220826.624900698661804 ], [ 629216.699957596487366, 5220826.649881483055651 ], [ 629216.899937188252807, 5220826.599882485345006 ], [ 629217.050483625382185, 5220826.42075530719012 ], [ 629217.274884074111469, 5220826.3249048627913 ], [ 629217.2748832332436, 5220826.250078021548688 ], [ 629217.134635460330173, 5220826.033748131245375 ], [ 629217.1477802535519, 5220825.967664811760187 ], [ 629217.199883639928885, 5220825.924913701601326 ], [ 629217.19988248613663, 5220825.825062811374664 ], [ 629217.064888184540905, 5220825.742051026783884 ], [ 629216.974895354476757, 5220825.625115459784865 ], [ 629216.875117513933219, 5220825.650062812492251 ], [ 629216.87006221874617, 5220825.815056914463639 ], [ 629216.800117150181904, 5220825.925070217810571 ], [ 629216.791799439815804, 5220826.142956223338842 ], [ 629216.625117513933219, 5220826.275062812492251 ], [ 629216.618056286941282, 5220826.350135502405465 ], [ 629216.550118194543757, 5220826.450048957951367 ], [ 629216.575099301990122, 5220826.624900698661804 ] ] ] } },
{ "type": "Feature", "properties": { "label": "vineyard", "row_structure": null }, "geometry": { "type": "Polygon", "coordinates": [ [ [ 629213.625117150135338, 5220826.399929783307016 ], [ 629213.700106372009031, 5220826.549928924068809 ], [ 629213.965549285174347, 5220826.674479861743748 ], [ 629214.000115925911814, 5220826.799904862418771 ], [ 629214.05795723805204, 5220826.837793589569628 ], [ 629214.100095137371682, 5220826.92488407343626 ], [ 629214.299885047599673, 5220826.874885046854615 ], [ 629214.299881483544596, 5220826.575042405165732 ], [ 629214.249882849864662, 5220826.400070217438042 ], [ 629214.04993718827609, 5220826.125117515213788 ], [ 629213.725062811630778, 5220826.250117515213788 ], [ 629213.625115925911814, 5220826.325095137581229 ], [ 629213.625117150135338, 5220826.399929783307016 ] ] ] } },
{ "type": "Feature", "properties": { "label": "vineyard", "row_structure": null }, "geometry": { "type": "Polygon", "coordinates": [ [ [ 629210.950115925981663, 5220826.799904863350093 ], [ 629211.050048957928084, 5220826.849881804548204 ], [ 629211.127454878995195, 5220826.875 ], [ 629211.274884074111469, 5220826.849904863163829 ], [ 629211.309806699398905, 5220826.774172343313694 ], [ 629211.449928923859261, 5220826.724893629550934 ], [ 629211.499882486066781, 5220826.674937189556658 ], [ 629211.547698954702355, 5220826.386560671962798 ], [ 629211.674885047599673, 5220826.349885047413409 ], [ 629211.674882486113347, 5220826.2500628111884 ], [ 629211.555207621422596, 5220826.176731595769525 ], [ 629211.416031681234017, 5220826.003271902911365 ], [ 629211.451438622316346, 5220825.923615114763379 ], [ 629211.56631101667881, 5220825.8718237336725 ], [ 629211.677454879041761, 5220825.900000000372529 ], [ 629211.799882486113347, 5220825.874937187880278 ], [ 629211.82488248613663, 5220825.725062812678516 ], [ 629211.750552707933821, 5220825.619521198794246 ], [ 629211.774882486090064, 5220825.450062811374664 ], [ 629211.649937188252807, 5220825.325117515400052 ], [ 629211.575086297933012, 5220825.325116361491382 ], [ 629211.485831679776311, 5220825.391326433047652 ], [ 629211.399937188252807, 5220825.350117515772581 ], [ 629211.300078020547517, 5220825.350116767920554 ], [ 629211.250116766779684, 5220825.400078021921217 ], [ 629211.275062811793759, 5220825.499882484786212 ], [ 629211.475000000093132, 5220825.475000000558794 ], [ 629211.545710678212345, 5220825.504289322532713 ], [ 629211.593140546698123, 5220825.735631858929992 ], [ 629211.520435442449525, 5220825.808336968533695 ], [ 629211.375114952446893, 5220825.800114953890443 ], [ 629211.398437222931534, 5220825.969293545000255 ], [ 629211.350117513909936, 5220826.05006281286478 ], [ 629211.365562910912558, 5220826.346093477681279 ], [ 629211.29946199269034, 5220826.400341091677547 ], [ 629211.150114952470176, 5220826.400114953517914 ], [ 629211.137286476441659, 5220826.602093107998371 ], [ 629210.950115925981663, 5220826.725095137953758 ], [ 629210.950115925981663, 5220826.799904863350093 ] ] ] } },
{ "type": "Feature", "properties": { "label": "vineyard", "row_structure": null }, "geometry": { "type": "Polygon", "coordinates": [ [ [ 629206.100095137371682, 5220826.224884073249996 ], [ 629206.199904862674884, 5220826.224884073249996 ], [ 629206.23194371315185, 5220826.049864497967064 ], [ 629206.328003419796005, 5220825.927333967760205 ], [ 629206.599882486043498, 5220825.849937187507749 ], [ 629206.608200560207479, 5220825.707043777219951 ], [ 629206.674883639905602, 5220825.649913701228797 ], [ 629206.633843291550875, 5220825.453811016865075 ], [ 629206.691411791485734, 5220825.387555903755128 ], [ 629206.799885047599673, 5220825.349885047413409 ], [ 629206.799883639905602, 5220825.200086299329996 ], [ 629206.743132952949964, 5220825.160723246634007 ], [ 629206.69992892362643, 5220825.050106371752918 ], [ 629206.5249575964408, 5220824.975118517875671 ], [ 629206.425114952493459, 5220825.000114953145385 ], [ 629206.396074064192362, 5220825.291267092339694 ], [ 629206.325117514003068, 5220825.375062813051045 ], [ 629206.250118194613606, 5220825.55004895851016 ], [ 629206.250117513933219, 5220825.674937189556658 ], [ 629206.31627832679078, 5220825.750133715569973 ], [ 629206.320694033638574, 5220825.829028468579054 ], [ 629206.263268343289383, 5220825.892387953586876 ], [ 629206.125114952446893, 5220825.900114953517914 ], [ 629206.121074064285494, 5220826.041267092339694 ], [ 629206.075117150205187, 5220826.100070217624307 ], [ 629206.100095137371682, 5220826.224884073249996 ] ] ] } },
{ "type": "Feature", "properties": { "label": "vineyard", "row_structure": null }, "geometry": { "type": "Polygon", "coordinates": [ [ [ 629222.299848285969347, 5220825.974840253591537 ], [ 629222.386032140930183, 5220825.802703603170812 ], [ 629222.421641636639833, 5220825.784111755900085 ], [ 629222.613926211954094, 5220825.853352393954992 ], [ 629222.625168549013324, 5220825.974884938448668 ], [ 629222.725136615685187, 5220826.099842665717006 ], [ 629222.79992722615134, 5220826.099840651266277 ], [ 629223.024837728124112, 5220825.999852618202567 ], [ 629222.977827809634618, 5220825.605812357738614 ], [ 629223.169364299159497, 5220825.432372396811843 ], [ 629223.249840973527171, 5220825.424840973690152 ], [ 629223.249840973527171, 5220825.375159027054906 ], [ 629223.175159026519395, 5220825.375159027054906 ], [ 629223.164088587043807, 5220825.431871496140957 ], [ 629222.977164891199209, 5220825.594830160960555 ], [ 629222.825159026542678, 5220825.600159027613699 ], [ 629222.815633203135803, 5220825.726471666246653 ], [ 629222.637692596996203, 5220825.841404675506055 ], [ 629222.374913610517979, 5220825.675170707516372 ], [ 629222.250118715455756, 5220825.67516911868006 ], [ 629222.175169116118923, 5220825.750118716619909 ], [ 629222.175000000046566, 5220825.972054242156446 ], [ 629222.299848285969347, 5220825.974840253591537 ] ] ] } },
{ "type": "Feature", "properties": { "label": "vineyard", "row_structure": null }, "geometry": { "type": "Polygon", "coordinates": [ [ [ 629214.575143451569602, 5220825.974841364659369 ], [ 629214.6498547506053, 5220825.974842572584748 ], [ 629214.700000000069849, 5220825.847054240293801 ], [ 629214.658793841954321, 5220825.403782792389393 ], [ 629214.689323157421313, 5220825.375780981965363 ], [ 629214.824848256655969, 5220825.374840231612325 ], [ 629214.9248436082853, 5220825.099928210489452 ], [ 629214.899913448956795, 5220825.00015402212739 ], [ 629214.666096147382632, 5220824.974352267570794 ], [ 629214.606238880660385, 5220824.939143708907068 ], [ 629214.625136563903652, 5220824.728013565763831 ], [ 629214.69984097359702, 5220824.699840973131359 ], [ 629214.69984097359702, 5220824.625159027054906 ], [ 629214.625159026472829, 5220824.625159027054906 ], [ 629214.599870830425061, 5220824.921995963901281 ], [ 629214.525159026496112, 5220824.95015902724117 ], [ 629214.52517070423346, 5220825.024913609959185 ], [ 629214.688797114067711, 5220825.205023884773254 ], [ 629214.500156420632266, 5220825.750071798451245 ], [ 629214.500066271750256, 5220825.823894130066037 ], [ 629214.575143451569602, 5220825.974841364659369 ] ] ] } },
{ "type": "Feature", "properties": { "label": "vineyard", "row_structure": null }, "geometry": { "type": "Polygon", "coordinates": [ [ [ 629203.174942677957006, 5220826.424882930703461 ], [ 629203.324892273987643, 5220826.27493420895189 ], [ 629203.349882594891824, 5220826.22494950518012 ], [ 629203.354931681416929, 5220825.959963636472821 ], [ 629203.449882595101371, 5220825.799949505366385 ], [ 629203.508710965048522, 5220825.525159514509141 ], [ 629203.599884836585261, 5220825.44990373775363 ], [ 629203.599884790950455, 5220825.400095328688622 ], [ 629203.325057321926579, 5220825.300117069855332 ], [ 629203.262147545698099, 5220825.392942175269127 ], [ 629203.200114829232916, 5220825.425103082321584 ], [ 629203.195359942270443, 5220825.5334078297019 ], [ 629203.125115614151582, 5220825.600087057799101 ], [ 629202.950117404921912, 5220826.125050494447351 ], [ 629202.950117070460692, 5220826.32494267821312 ], [ 629203.174942677957006, 5220826.424882930703461 ] ] ] } },
{ "type": "Feature", "properties": { "label": "vineyard", "row_structure": null }, "geometry": { "type": "Polygon", "coordinates": [ [ [ 629197.625114280846901, 5220826.324885719455779 ], [ 629197.849885719246231, 5220826.399885719642043 ], [ 629197.881626713788137, 5220826.289646971970797 ], [ 629197.999896476743743, 5220826.224900814704597 ], [ 629198.174883408355527, 5220825.999932901002467 ], [ 629198.17555202008225, 5220825.830487178638577 ], [ 629198.213881201227196, 5220825.748528415337205 ], [ 629198.279611201025546, 5220825.709098755382001 ], [ 629198.399942677933723, 5220825.724882930517197 ], [ 629198.474935300764628, 5220825.674891068600118 ], [ 629198.62488340830896, 5220825.474932900629938 ], [ 629198.624882929376327, 5220825.400057322345674 ], [ 629198.399932301486842, 5220825.300116562284529 ], [ 629198.21173165680375, 5220825.317387952469289 ], [ 629198.161807873519138, 5220825.272139673121274 ], [ 629198.149882929516025, 5220825.17505732178688 ], [ 629198.099942678003572, 5220825.125117070041597 ], [ 629198.000099563389085, 5220825.125115001574159 ], [ 629197.85011707060039, 5220825.325057321228087 ], [ 629197.85011707060039, 5220825.399942678399384 ], [ 629197.928474433487281, 5220825.490567307919264 ], [ 629197.91707690700423, 5220825.574918637983501 ], [ 629197.830322502995841, 5220825.759567570872605 ], [ 629197.700107725802809, 5220825.850065791979432 ], [ 629197.650117405108176, 5220825.950050494633615 ], [ 629197.68135792191606, 5220826.215039708651602 ], [ 629197.625114280846901, 5220826.324885719455779 ] ] ] } },
{ "type": "Feature", "properties": { "label": "vineyard", "row_structure": null }, "geometry": { "type": "Polygon", "coordinates": [ [ [ 629222.775075414101593, 5220825.099842103198171 ], [ 629222.980077861458994, 5220825.079573501832783 ], [ 629223.182966429740191, 5220825.1930040884763 ], [ 629223.199999999953434, 5220825.276732467114925 ], [ 629223.17515837715473, 5220825.374841623008251 ], [ 629223.249848921899684, 5220825.37484088819474 ], [ 629223.274830365669914, 5220825.200132359750569 ], [ 629223.129619820625521, 5220824.97922410722822 ], [ 629223.128182469750755, 5220824.906296087428927 ], [ 629223.393366223666817, 5220824.729379726573825 ], [ 629223.474924580892548, 5220824.724842097610235 ], [ 629223.674933322123252, 5220824.448913828469813 ], [ 629223.674830783507787, 5220824.325081501156092 ], [ 629223.624838855583221, 5220824.225148062221706 ], [ 629223.324875239166431, 5220823.850158856250346 ], [ 629223.125159110873938, 5220823.875151078216732 ], [ 629223.125064305029809, 5220823.948865382000804 ], [ 629223.175135080120526, 5220824.024866151623428 ], [ 629223.452483380911872, 5220824.21283258125186 ], [ 629223.474330273922533, 5220824.395515359006822 ], [ 629223.375165520934388, 5220824.600127557292581 ], [ 629223.370064971153624, 5220824.672315414063632 ], [ 629223.099615650717169, 5220824.829105133190751 ], [ 629223.001536347088404, 5220824.651737275533378 ], [ 629222.999842095887288, 5220824.475075418129563 ], [ 629222.974922030349262, 5220824.450163473375142 ], [ 629222.800144588225521, 5220824.450156771577895 ], [ 629222.75017662672326, 5220824.575080801732838 ], [ 629222.700066676479764, 5220824.998913801275194 ], [ 629222.775075414101593, 5220825.099842103198171 ] ] ] } },
{ "type": "Feature", "properties": { "label": "vineyard", "row_structure": null }, "geometry": { "type": "Polygon", "coordinates": [ [ [ 629224.950117070577107, 5220825.499942678026855 ], [ 629225.145118050510064, 5220825.753399171866477 ], [ 629225.150116275297478, 5220825.899926442652941 ], [ 629225.37505732208956, 5220826.049882930703461 ], [ 629225.499885719153099, 5220826.049885720014572 ], [ 629225.574882085900754, 5220825.674959901720285 ], [ 629225.599885719129816, 5220825.075114279985428 ], [ 629225.375114280846901, 5220825.025114280171692 ], [ 629225.300117404898629, 5220825.225050495006144 ], [ 629225.311203735414892, 5220825.350425582379103 ], [ 629225.256988725042902, 5220825.416513212025166 ], [ 629224.95011428068392, 5220825.400114280171692 ], [ 629224.950117070577107, 5220825.499942678026855 ] ] ] } },
{ "type": "Feature", "properties": { "label": "vineyard", "row_structure": null }, "geometry": { "type": "Polygon", "coordinates": [ [ [ 629206.500115458737127, 5220824.6498953551054 ], [ 629206.56301929266192, 5220824.682173578068614 ], [ 629206.588803728925996, 5220824.74442270770669 ], [ 629206.568056286894716, 5220824.850135502405465 ], [ 629206.525117150158621, 5220824.900070217438042 ], [ 629206.525114952470176, 5220824.999885046854615 ], [ 629206.699885047622956, 5220825.049885047599673 ], [ 629206.638808237505145, 5220824.964270962402225 ], [ 629206.638958469731733, 5220824.896775814704597 ], [ 629206.687327395193279, 5220824.837912421673536 ], [ 629206.79989265894983, 5220824.799902712926269 ], [ 629206.949881805572659, 5220824.599951042793691 ], [ 629206.956943713128567, 5220824.449864498339593 ], [ 629207.049882486113347, 5220824.324937188066542 ], [ 629207.029080047504976, 5220824.147826954722404 ], [ 629207.075000000069849, 5220824.072545138187706 ], [ 629207.04993718827609, 5220824.000117515213788 ], [ 629206.825062811840326, 5220824.000117515213788 ], [ 629206.775117513956502, 5220824.05006281286478 ], [ 629206.738192126504146, 5220824.397139674052596 ], [ 629206.625114952446893, 5220824.450114953331649 ], [ 629206.588439328479581, 5220824.552301045507193 ], [ 629206.500114952446893, 5220824.575114953331649 ], [ 629206.500115458737127, 5220824.6498953551054 ] ] ] } },
{ "type": "Feature", "properties": { "label": "vineyard", "row_structure": null }, "geometry": { "type": "Polygon", "coordinates": [ [ [ 629217.100145304924808, 5220824.924839622341096 ], [ 629217.23987698322162, 5220824.90492074098438 ], [ 629217.470849569188431, 5220824.969240169040859 ], [ 629217.500170696410351, 5220825.049913616850972 ], [ 629217.650088750757277, 5220825.174830112606287 ], [ 629217.752945770625956, 5220825.200000000186265 ], [ 629217.84982929576654, 5220825.174913609400392 ], [ 629217.849829303566366, 5220825.100086384452879 ], [ 629217.749881305499002, 5220825.000169086270034 ], [ 629217.498342804610729, 5220824.973460337147117 ], [ 629217.288300072192214, 5220824.86821788456291 ], [ 629217.274830070906319, 5220824.750101580284536 ], [ 629217.199913621996529, 5220824.675170691683888 ], [ 629217.000128634390421, 5220824.700154551304877 ], [ 629216.975160668604076, 5220824.774857646785676 ], [ 629217.100145304924808, 5220824.924839622341096 ] ] ] } },
{ "type": "Feature", "properties": { "label": "vineyard", "row_structure": null }, "geometry": { "type": "Polygon", "coordinates": [ [ [ 629219.89988504757639, 5220825.524885047227144 ], [ 629220.043335918569937, 5220825.151810548268259 ], [ 629220.102120195631869, 5220825.125438777729869 ], [ 629220.39988504757639, 5220825.124885046854615 ], [ 629220.39988504757639, 5220824.975114953704178 ], [ 629220.32486449892167, 5220824.968056287616491 ], [ 629220.274929783307016, 5220824.925117151811719 ], [ 629220.125048958347179, 5220824.925118195824325 ], [ 629219.991833408828825, 5220825.034604517742991 ], [ 629219.925114952493459, 5220825.050114953890443 ], [ 629219.923248737119138, 5220825.232155206613243 ], [ 629219.875117150135338, 5220825.300070217810571 ], [ 629219.825114952516742, 5220825.524885047227144 ], [ 629219.89988504757639, 5220825.524885047227144 ] ] ] } },
{ "type": "Feature", "properties": { "label": "vineyard", "row_structure": null }, "geometry": { "type": "Polygon", "coordinates": [ [ [ 629208.575099301990122, 5220826.099900699220598 ], [ 629208.675099301966839, 5220826.199900698848069 ], [ 629208.850048957858235, 5220826.274881804361939 ], [ 629208.924885047599673, 5220826.274885047227144 ], [ 629208.952204722212628, 5220826.04509552475065 ], [ 629209.049881483544596, 5220825.699957595206797 ], [ 629209.054937781300396, 5220825.559943086467683 ], [ 629209.19988248613663, 5220825.399937188252807 ], [ 629209.204305966501124, 5220825.120971532538533 ], [ 629209.244442976778373, 5220825.066853038966656 ], [ 629209.349937188206241, 5220825.049882485531271 ], [ 629209.399893627967685, 5220824.999928924255073 ], [ 629209.424884074134752, 5220824.850095137953758 ], [ 629209.175095137325116, 5220824.800115928053856 ], [ 629209.100115925888531, 5220824.875095138326287 ], [ 629209.100631775101647, 5220825.018786132335663 ], [ 629209.00355787796434, 5220825.165846666321158 ], [ 629208.900062811793759, 5220825.200117515400052 ], [ 629208.775106372078881, 5220825.300071076489985 ], [ 629208.75011819449719, 5220825.350048958323896 ], [ 629208.756014513084665, 5220825.5813774978742 ], [ 629208.675117513979785, 5220825.700062811374664 ], [ 629208.666278326767497, 5220825.799866285175085 ], [ 629208.550117513979785, 5220826.0000628111884 ], [ 629208.575099301990122, 5220826.099900699220598 ] ] ] } },
{ "type": "Feature", "properties": { "label": "vineyard", "row_structure": null }, "geometry": { "type": "Polygon", "coordinates": [ [ [ 629211.743056286941282, 5220824.774864498525858 ], [ 629211.750114952446893, 5220824.94988504704088 ], [ 629211.849904862581752, 5220824.949884072877467 ], [ 629211.917313618934713, 5220824.765019077807665 ], [ 629212.124885047553107, 5220824.749885046854615 ], [ 629212.124882486066781, 5220824.575062811374664 ], [ 629212.074937188415788, 5220824.525117515586317 ], [ 629211.975062811630778, 5220824.525117515586317 ], [ 629211.871555328252725, 5220824.609002601355314 ], [ 629211.675062811817043, 5220824.600117515772581 ], [ 629211.650115925935097, 5220824.6999048627913 ], [ 629211.743056286941282, 5220824.774864498525858 ] ] ] } },
{ "type": "Feature", "properties": { "label": "vineyard", "row_structure": null }, "geometry": { "type": "Polygon", "coordinates": [ [ [ 629209.399608166771941, 5220824.178339065052569 ], [ 629209.417586600524373, 5220824.367755343206227 ], [ 629209.350159026449546, 5220824.400159027427435 ], [ 629209.350066770566627, 5220824.498904284089804 ], [ 629209.424840973573737, 5220824.499840972945094 ], [ 629209.424909823341295, 5220824.400619274005294 ], [ 629209.400607103249058, 5220824.149949762970209 ], [ 629209.451501497533172, 5220823.900924026966095 ], [ 629209.549833850120194, 5220823.699871777556837 ], [ 629209.524913610541262, 5220823.600170707330108 ], [ 629209.450159026542678, 5220823.600159027613699 ], [ 629209.441271069110371, 5220823.679005600512028 ], [ 629209.300164829357527, 5220823.800139502622187 ], [ 629209.300159026519395, 5220824.149840973317623 ], [ 629209.399608166771941, 5220824.178339065052569 ] ] ] } },
{ "type": "Feature", "properties": { "label": "vineyard", "row_structure": null }, "geometry": { "type": "Polygon", "coordinates": [ [ [ 629203.325115925981663, 5220825.299904863350093 ], [ 629203.55004240362905, 5220825.399881483055651 ], [ 629203.67493718827609, 5220825.399882485158741 ], [ 629203.724893628037535, 5220825.349928923882544 ], [ 629203.874882486066781, 5220825.099937189370394 ], [ 629203.933200560160913, 5220824.73204377759248 ], [ 629203.999883639859036, 5220824.674913701601326 ], [ 629204.02075530809816, 5220824.550483624450862 ], [ 629204.124882486066781, 5220824.474937189370394 ], [ 629204.124884074088186, 5220824.275095137767494 ], [ 629203.849957596394233, 5220824.125118517316878 ], [ 629203.775062811793759, 5220824.125117515213788 ], [ 629203.700106372009031, 5220824.200071076862514 ], [ 629203.600117150112055, 5220824.400070217438042 ], [ 629203.621881846920587, 5220824.492406768724322 ], [ 629203.59238795330748, 5220824.838268344290555 ], [ 629203.53826834319625, 5220824.892387953586876 ], [ 629203.400062811793759, 5220824.925117515958846 ], [ 629203.300118194660172, 5220825.05004895851016 ], [ 629203.325115925981663, 5220825.299904863350093 ] ] ] } },
{ "type": "Feature", "properties": { "label": "vineyard", "row_structure": null }, "geometry": { "type": "Polygon", "coordinates": [ [ [ 629228.44995104172267, 5220824.949881805106997 ], [ 629228.610326952533796, 5220824.842060489580035 ], [ 629228.77488504757639, 5220824.874885046854615 ], [ 629228.77171736874152, 5220824.531063173897564 ], [ 629228.825000000069849, 5220824.372545138001442 ], [ 629228.787158166174777, 5220824.084656426683068 ], [ 629228.818919925019145, 5220824.025234361179173 ], [ 629228.899882486090064, 5220823.974937189370394 ], [ 629228.89988504757639, 5220823.775114953517914 ], [ 629228.700062811840326, 5220823.775117515586317 ], [ 629228.675117513979785, 5220823.80006281286478 ], [ 629228.67511676682625, 5220823.874921979382634 ], [ 629228.770108554395847, 5220823.974116987548769 ], [ 629228.777321139466949, 5220824.060989504680037 ], [ 629228.723044760990888, 5220824.117071783170104 ], [ 629228.600048957858235, 5220824.12511819601059 ], [ 629228.475117513909936, 5220824.200062811374664 ], [ 629228.475117513909936, 5220824.249937187880278 ], [ 629228.553515859064646, 5220824.34227563533932 ], [ 629228.552321139490232, 5220824.410989505238831 ], [ 629228.498044761014171, 5220824.467071783728898 ], [ 629228.400114952470176, 5220824.475114953704178 ], [ 629228.394314404460602, 5220824.586945792660117 ], [ 629228.275118194520473, 5220824.725048958323896 ], [ 629228.22511495242361, 5220824.94988504704088 ], [ 629228.44995104172267, 5220824.949881805106997 ] ] ] } },
{ "type": "Feature", "properties": { "label": "vineyard", "row_structure": null }, "geometry": { "type": "Polygon", "coordinates": [ [ [ 629220.400164615130052, 5220824.149922888725996 ], [ 629220.475328175118193, 5220824.277289343997836 ], [ 629220.525159026496112, 5220824.524840973317623 ], [ 629220.599913609563373, 5220824.524829294532537 ], [ 629220.650000000023283, 5220824.42205424234271 ], [ 629220.600030580651946, 5220824.12517306022346 ], [ 629220.602886180859059, 5220823.906843856908381 ], [ 629220.674840973573737, 5220823.874840972945094 ], [ 629220.678293284028769, 5220823.749218476004899 ], [ 629220.799842116306536, 5220823.574870293959975 ], [ 629220.799830070929602, 5220823.475101580843329 ], [ 629220.724913621204905, 5220823.400170691311359 ], [ 629220.650159026496112, 5220823.400159027427435 ], [ 629220.650170685257763, 5220823.474913624115288 ], [ 629220.715583362150937, 5220823.582787899300456 ], [ 629220.600158908055164, 5220823.750130226835608 ], [ 629220.599318207125179, 5220823.875054083764553 ], [ 629220.530815161531791, 5220824.053111088462174 ], [ 629220.400159026496112, 5220824.07515902724117 ], [ 629220.400164615130052, 5220824.149922888725996 ] ] ] } },
{ "type": "Feature", "properties": { "label": "vineyard", "row_structure": null }, "geometry": { "type": "Polygon", "coordinates": [ [ [ 629231.773332072189078, 5220823.76852672547102 ], [ 629231.800159026519395, 5220823.849840973503888 ], [ 629231.849876368883997, 5220823.849840394221246 ], [ 629231.999821835896, 5220823.499937958084047 ], [ 629232.002826130017638, 5220823.163635679520667 ], [ 629232.149875021190383, 5220823.099842807278037 ], [ 629232.249821835896, 5220822.874937958084047 ], [ 629232.249826004263014, 5220822.775081442669034 ], [ 629232.199881322216243, 5220822.700157438404858 ], [ 629232.125086374697275, 5220822.700170682743192 ], [ 629231.949525839299895, 5220822.899439639411867 ], [ 629231.842138380743563, 5220822.946768321096897 ], [ 629231.403044056729414, 5220822.804706865921617 ], [ 629231.386221337364987, 5220822.766785694286227 ], [ 629231.424840973573737, 5220822.57515902724117 ], [ 629231.350139077403583, 5220822.57516039069742 ], [ 629231.250170785351656, 5220822.725062746554613 ], [ 629231.275123631116003, 5220822.824840393848717 ], [ 629231.394279702799395, 5220822.806372259743512 ], [ 629231.835718684014864, 5220822.950989124365151 ], [ 629231.925142306019552, 5220823.149839379824698 ], [ 629231.995822734432295, 5220823.178388613276184 ], [ 629231.995822734432295, 5220823.446611387655139 ], [ 629231.808090743492357, 5220823.695979055017233 ], [ 629231.130655601155013, 5220823.601695130579174 ], [ 629231.099840973503888, 5220823.525159027427435 ], [ 629231.025159026496112, 5220823.525159027427435 ], [ 629231.025000000023283, 5220823.597054242156446 ], [ 629231.773332072189078, 5220823.76852672547102 ] ] ] } },
{ "type": "Feature", "properties": { "label": "vineyard", "row_structure": null }, "geometry": { "type": "Polygon", "coordinates": [ [ [ 629214.950095137464814, 5220824.499884072691202 ], [ 629215.052454879041761, 5220824.525000000372529 ], [ 629215.149882486090064, 5220824.499937187880278 ], [ 629215.163514570565894, 5220824.415775844827294 ], [ 629215.32488248613663, 5220824.224937189370394 ], [ 629215.40761204669252, 5220823.661731656640768 ], [ 629215.549882486113347, 5220823.574937188066542 ], [ 629215.549885047599673, 5220823.500114953145385 ], [ 629215.325062811840326, 5220823.500117515213788 ], [ 629215.300117513979785, 5220823.525062812492251 ], [ 629215.291278326767497, 5220823.649866285733879 ], [ 629215.200117514003068, 5220823.750062813051045 ], [ 629215.200117150321603, 5220823.824929784052074 ], [ 629215.253480494953692, 5220823.890604835934937 ], [ 629215.243993414216675, 5220823.967120543122292 ], [ 629215.150114952470176, 5220824.025114953517914 ], [ 629215.134155497769825, 5220824.129017148166895 ], [ 629215.050114952493459, 5220824.175114953890443 ], [ 629215.036485429503955, 5220824.284224156290293 ], [ 629214.925117513979785, 5220824.3750628111884 ], [ 629214.950095137464814, 5220824.499884072691202 ] ] ] } },
{ "type": "Feature", "properties": { "label": "vineyard", "row_structure": null }, "geometry": { "type": "Polygon", "coordinates": [ [ [ 629225.775117513956502, 5220824.499937187880278 ], [ 629225.862444093450904, 5220824.591411786153913 ], [ 629225.900114952470176, 5220824.69988504704088 ], [ 629226.174929783330299, 5220824.699882849119604 ], [ 629226.233732908614911, 5220824.653925935737789 ], [ 629226.374885047553107, 5220824.649885047227144 ], [ 629226.374882486066781, 5220824.575062811374664 ], [ 629226.246165011660196, 5220824.521596979349852 ], [ 629226.217385486350395, 5220824.433282081969082 ], [ 629226.2495417551836, 5220824.375259068794549 ], [ 629226.324937188415788, 5220824.349882485345006 ], [ 629226.399882486090064, 5220824.274937188252807 ], [ 629226.393745219684206, 5220824.122826956212521 ], [ 629226.429289321880788, 5220824.02928932197392 ], [ 629226.624885047553107, 5220823.999885046854615 ], [ 629226.624884541262873, 5220823.900104646570981 ], [ 629226.54992978356313, 5220823.850117151625454 ], [ 629226.427860326250084, 5220823.838192127645016 ], [ 629226.375481527298689, 5220823.759801714681089 ], [ 629226.396564370486885, 5220823.559672055765986 ], [ 629226.451957040582784, 5220823.524394212290645 ], [ 629226.574885047622956, 5220823.524885047227144 ], [ 629226.574885047622956, 5220823.500114953145385 ], [ 629226.449951042188331, 5220823.450118196196854 ], [ 629226.343622457119636, 5220823.456014497205615 ], [ 629226.224951042095199, 5220823.37511819601059 ], [ 629226.000114952446893, 5220823.400114953517914 ], [ 629226.000117513933219, 5220823.674937189556658 ], [ 629226.0411567062838, 5220823.728811010718346 ], [ 629226.041156708495691, 5220823.796188984066248 ], [ 629225.981867047259584, 5220823.910723245702684 ], [ 629225.925116360187531, 5220823.950086299329996 ], [ 629225.946016966365278, 5220824.066240607760847 ], [ 629225.920232535572723, 5220824.1284897364676 ], [ 629225.860810472047888, 5220824.160251493565738 ], [ 629225.725095137371682, 5220824.150115927681327 ], [ 629225.700117514003068, 5220824.349937187507749 ], [ 629225.775117513956502, 5220824.499937187880278 ] ] ] } },
{ "type": "Feature", "properties": { "label": "vineyard", "row_structure": null }, "geometry": { "type": "Polygon", "coordinates": [ [ [ 629198.750096261966974, 5220823.899884836748242 ], [ 629198.999900930793956, 5220823.799899697303772 ], [ 629199.099882085807621, 5220823.62495990190655 ], [ 629199.099882929353043, 5220823.57505732215941 ], [ 629199.021477054222487, 5220823.482698520645499 ], [ 629199.026756865554489, 5220823.404842141084373 ], [ 629199.086369035998359, 5220823.354484604671597 ], [ 629199.199885719339363, 5220823.349885719828308 ], [ 629199.239867067430168, 5220823.257979401387274 ], [ 629199.324885719339363, 5220823.224885719828308 ], [ 629199.300000000046566, 5220823.059019999578595 ], [ 629199.324882085900754, 5220822.800040097907186 ], [ 629199.299882929539308, 5220822.67505732178688 ], [ 629199.224949505063705, 5220822.625117404386401 ], [ 629199.125057321973145, 5220822.600117069669068 ], [ 629198.950117404921912, 5220822.850050494074821 ], [ 629198.900117914308794, 5220823.200040098279715 ], [ 629198.910034251981415, 5220823.376172488555312 ], [ 629198.72511707060039, 5220823.525057321414351 ], [ 629198.700117914122529, 5220823.774959902279079 ], [ 629198.750096261966974, 5220823.899884836748242 ] ] ] } },
{ "type": "Feature", "properties": { "label": "vineyard", "row_structure": null }, "geometry": { "type": "Polygon", "coordinates": [ [ [ 629226.375062811770476, 5220823.174882485531271 ], [ 629226.449937188415788, 5220823.174882485531271 ], [ 629226.542406768887304, 5220823.128118153661489 ], [ 629226.708146961173043, 5220823.194442976266146 ], [ 629226.723078528069891, 5220823.269509033299983 ], [ 629226.680557023268193, 5220823.333146962337196 ], [ 629226.425114952493459, 5220823.375114953145385 ], [ 629226.450071076513268, 5220823.474893629550934 ], [ 629226.599937188206241, 5220823.499882484786212 ], [ 629226.724882486043498, 5220823.424937187694013 ], [ 629226.734441071632318, 5220823.30398768465966 ], [ 629226.799883639905602, 5220823.249913700856268 ], [ 629226.794048980693333, 5220823.093447261489928 ], [ 629226.899882486090064, 5220822.999937187880278 ], [ 629226.89988504757639, 5220822.875114953145385 ], [ 629226.813235269044526, 5220822.853645521216094 ], [ 629226.774884074111469, 5220822.775095137767494 ], [ 629226.724951042095199, 5220822.75011819601059 ], [ 629226.637691075098701, 5220822.760846226476133 ], [ 629226.500114952446893, 5220822.725114953704178 ], [ 629226.500114952446893, 5220822.799885047599673 ], [ 629226.602635983843356, 5220822.802832892164588 ], [ 629226.66411082551349, 5220822.848425744101405 ], [ 629226.662286476348527, 5220823.027093107812107 ], [ 629226.522826951462775, 5220823.095919952727854 ], [ 629226.431457257014699, 5220823.051110982894897 ], [ 629226.39988504757639, 5220822.975114953704178 ], [ 629226.325114952516742, 5220822.975114953704178 ], [ 629226.375062811770476, 5220823.174882485531271 ] ] ] } },
{ "type": "Feature", "properties": { "label": "vineyard", "row_structure": null }, "geometry": { "type": "Polygon", "coordinates": [ [ [ 629201.100118516478688, 5220824.324957595206797 ], [ 629201.150114952470176, 5220824.524885047227144 ], [ 629201.227454878971912, 5220824.550000000745058 ], [ 629201.374884074088186, 5220824.524904862977564 ], [ 629201.400000000023283, 5220824.377454861998558 ], [ 629201.354080047691241, 5220824.277173047885299 ], [ 629201.367224840330891, 5220824.211089720949531 ], [ 629201.499882486066781, 5220824.099937188439071 ], [ 629201.532844104454853, 5220824.025904887355864 ], [ 629201.69988248613663, 5220823.924937189556658 ], [ 629201.75, 5220823.4225451387465 ], [ 629201.724928923649713, 5220823.350106371566653 ], [ 629201.525114952470176, 5220823.300114953890443 ], [ 629201.367070162086748, 5220823.674933448433876 ], [ 629201.29205102880951, 5220823.78511181473732 ], [ 629201.200115925981663, 5220823.850095137953758 ], [ 629201.193056286894716, 5220823.950135502032936 ], [ 629201.100118516478688, 5220824.100042405538261 ], [ 629201.100118516478688, 5220824.324957595206797 ] ] ] } },
{ "type": "Feature", "properties": { "label": "vineyard", "row_structure": null }, "geometry": { "type": "Polygon", "coordinates": [ [ [ 629212.150114952470176, 5220823.999885046854615 ], [ 629212.223883282160386, 5220824.010995052754879 ], [ 629212.35364552133251, 5220824.113235268741846 ], [ 629212.400071076466702, 5220824.299893629737198 ], [ 629212.452454879065044, 5220824.325000000186265 ], [ 629212.574928923859261, 5220824.299893629737198 ], [ 629212.599881483474746, 5220824.200042405165732 ], [ 629212.550552707980387, 5220823.944521198049188 ], [ 629212.549882138846442, 5220823.725055743940175 ], [ 629212.516098594525829, 5220823.645093233324587 ], [ 629212.565844502300024, 5220823.470982853323221 ], [ 629212.64988504757639, 5220823.424885047599673 ], [ 629212.649882486090064, 5220823.275062812492251 ], [ 629212.599904862581752, 5220823.200115927495062 ], [ 629212.500095137394965, 5220823.200115927495062 ], [ 629212.390265771769919, 5220823.342915562912822 ], [ 629212.22511495242361, 5220823.350114953704178 ], [ 629212.206867047236301, 5220823.410723245702684 ], [ 629212.150116360164247, 5220823.450086299329996 ], [ 629212.101114677614532, 5220823.67630076315254 ], [ 629212.150114952470176, 5220823.999885046854615 ] ] ] } },
{ "type": "Feature", "properties": { "label": "vineyard", "row_structure": null }, "geometry": { "type": "Polygon", "coordinates": [ [ [ 629223.46594042237848, 5220823.691196089610457 ], [ 629223.475159026449546, 5220823.799840973690152 ], [ 629223.549913624534383, 5220823.799829318188131 ], [ 629223.699832740356214, 5220823.624859142117202 ], [ 629223.724932691082358, 5220823.451084758155048 ], [ 629223.699876368977129, 5220823.400159606710076 ], [ 629223.612990527180955, 5220823.385011016391218 ], [ 629223.525437967735343, 5220823.2747393688187 ], [ 629223.511973406537436, 5220823.200421874411404 ], [ 629223.746900948579423, 5220823.052569127641618 ], [ 629224.049840973573737, 5220823.024840973317623 ], [ 629224.049840973573737, 5220822.850159027613699 ], [ 629223.950138421496376, 5220822.850167983211577 ], [ 629223.85228890622966, 5220822.945290388539433 ], [ 629223.750159026472829, 5220822.95015902724117 ], [ 629223.72682976082433, 5220823.058291347697377 ], [ 629223.479164985241368, 5220823.172897092998028 ], [ 629223.275153243565001, 5220823.225156567059457 ], [ 629223.200170118827373, 5220823.375076605938375 ], [ 629223.200169085059315, 5220823.449881304986775 ], [ 629223.46594042237848, 5220823.691196089610457 ] ] ] } },
{ "type": "Feature", "properties": { "label": "vineyard", "row_structure": null }, "geometry": { "type": "Polygon", "coordinates": [ [ [ 629206.900114952470176, 5220823.749885046854615 ], [ 629206.978434073389508, 5220823.760403375141323 ], [ 629207.104323110543191, 5220823.856573965400457 ], [ 629207.108078589779325, 5220823.933018461801112 ], [ 629207.050114952493459, 5220824.024885047227144 ], [ 629207.199937188415788, 5220824.024882485158741 ], [ 629207.274881805526093, 5220823.924951042979956 ], [ 629207.253118153195828, 5220823.757593231275678 ], [ 629207.299882486113347, 5220823.674937189556658 ], [ 629207.307612046715803, 5220823.536731656640768 ], [ 629207.361731656827033, 5220823.482612047344446 ], [ 629207.449904862674884, 5220823.474884073249996 ], [ 629207.474881805363111, 5220823.424951042979956 ], [ 629207.424885047599673, 5220823.175114953890443 ], [ 629207.325070216786116, 5220823.15011715143919 ], [ 629207.266267091501504, 5220823.196074064821005 ], [ 629207.175114952493459, 5220823.200114953331649 ], [ 629207.200000000069849, 5220823.359021860174835 ], [ 629207.16460576443933, 5220823.450505225919187 ], [ 629207.025117513956502, 5220823.525062812492251 ], [ 629206.988439328502864, 5220823.652301046065986 ], [ 629206.900114952470176, 5220823.675114953890443 ], [ 629206.900114952470176, 5220823.749885046854615 ] ] ] } },
{ "type": "Feature", "properties": { "label": "vineyard", "row_structure": null }, "geometry": { "type": "Polygon", "coordinates": [ [ [ 629204.000062811770476, 5220823.974882485345006 ], [ 629204.224885047529824, 5220823.974885047413409 ], [ 629204.243132952949964, 5220823.914276753552258 ], [ 629204.299883639905602, 5220823.874913700856268 ], [ 629204.308721673325635, 5220823.525133715011179 ], [ 629204.379988637403585, 5220823.456700719892979 ], [ 629204.499885047553107, 5220823.44988504704088 ], [ 629204.499885047553107, 5220823.350114953704178 ], [ 629204.404042848735116, 5220823.278146495111287 ], [ 629204.39988504757639, 5220823.125114953145385 ], [ 629204.325062811840326, 5220823.125117515213788 ], [ 629204.284155497793108, 5220823.254017148166895 ], [ 629204.200114952516742, 5220823.300114953890443 ], [ 629204.16705102880951, 5220823.385111814364791 ], [ 629204.025117513956502, 5220823.450062811374664 ], [ 629203.999447292066179, 5220823.794521198607981 ], [ 629203.950117514003068, 5220823.924937187694013 ], [ 629204.000062811770476, 5220823.974882485345006 ] ] ] } },
{ "type": "Feature", "properties": { "label": "vineyard", "row_structure": null }, "geometry": { "type": "Polygon", "coordinates": [ [ [ 629207.350086390040815, 5220823.174829294905066 ], [ 629207.424896535347216, 5220823.174836051650345 ], [ 629207.549829295836389, 5220823.074913609772921 ], [ 629207.553429741179571, 5220822.917049990035594 ], [ 629207.623030663700774, 5220822.764062057249248 ], [ 629207.69984097359702, 5220822.749840972945094 ], [ 629207.703174368711188, 5220822.585604092106223 ], [ 629207.824953101458959, 5220822.422653005458415 ], [ 629207.677013877429999, 5220822.572925272397697 ], [ 629207.531610122648999, 5220822.579603192396462 ], [ 629207.51746146439109, 5220822.468424569815397 ], [ 629207.695185879594646, 5220822.263956346549094 ], [ 629207.824950861628167, 5220822.202425014227629 ], [ 629207.774913625326008, 5220822.150170682929456 ], [ 629207.700159026542678, 5220822.150159027427435 ], [ 629207.69308783847373, 5220822.228276395238936 ], [ 629207.575160756474361, 5220822.325151948258281 ], [ 629207.500170118757524, 5220822.475076605565846 ], [ 629207.500170792918652, 5220822.574937251396477 ], [ 629207.602963436627761, 5220822.705468499101698 ], [ 629207.61228916735854, 5220822.768865697085857 ], [ 629207.523474509594962, 5220822.885006832890213 ], [ 629207.30008639045991, 5220822.875170705839992 ], [ 629207.275060117477551, 5220822.973768855445087 ], [ 629207.350086390040815, 5220823.174829294905066 ] ] ] } },
{ "type": "Feature", "properties": { "label": "vineyard", "row_structure": null }, "geometry": { "type": "Polygon", "coordinates": [ [ [ 629201.774876368930563, 5220823.374840393662453 ], [ 629201.974829206941649, 5220823.099937251769006 ], [ 629201.974836145760491, 5220823.050092315301299 ], [ 629201.881718631950207, 5220822.894712703302503 ], [ 629201.934800019371323, 5220822.743668087758124 ], [ 629202.126430050702766, 5220822.627847299911082 ], [ 629202.199913625023328, 5220822.624829317443073 ], [ 629202.249840400880203, 5220822.55012362729758 ], [ 629202.075159026542678, 5220822.475159027613699 ], [ 629202.068346444517374, 5220822.550879865884781 ], [ 629201.925160071696155, 5220822.65014841593802 ], [ 629201.921535291592591, 5220822.728407953865826 ], [ 629201.828508544364013, 5220822.856425451114774 ], [ 629201.626113661215641, 5220822.850065890699625 ], [ 629201.600768443197012, 5220822.874411881901324 ], [ 629201.784852383076213, 5220822.870123178698123 ], [ 629201.916607964551076, 5220823.004760568030179 ], [ 629201.880929255043156, 5220823.17202721722424 ], [ 629201.805686068022624, 5220823.274253243580461 ], [ 629201.652961295447312, 5220823.316958770155907 ], [ 629201.599970378912985, 5220823.147726480849087 ], [ 629201.550000000046566, 5220823.29705424234271 ], [ 629201.774876368930563, 5220823.374840393662453 ] ] ] } },
{ "type": "Feature", "properties": { "label": "vineyard", "row_structure": null }, "geometry": { "type": "Polygon", "coordinates": [ [ [ 629212.57515174348373, 5220822.999840231612325 ], [ 629212.649918557726778, 5220822.999826003797352 ], [ 629212.724842563737184, 5220822.949881321750581 ], [ 629212.727719826623797, 5220822.851413986645639 ], [ 629212.818502623704262, 5220822.732317295856774 ], [ 629212.974913621204905, 5220822.724829309619963 ], [ 629213.049830070929602, 5220822.649898420087993 ], [ 629213.049593887990341, 5220822.574179818853736 ], [ 629212.974856555345468, 5220822.400158629752696 ], [ 629212.835941407596692, 5220822.399798511527479 ], [ 629212.802598155569285, 5220822.374309071339667 ], [ 629212.777997639495879, 5220821.993624125607312 ], [ 629212.919666203670204, 5220821.925162263214588 ], [ 629213.024197673541494, 5220821.927012081257999 ], [ 629213.151057738345116, 5220821.999931362457573 ], [ 629213.299918557750061, 5220821.999826003797352 ], [ 629213.374842563760467, 5220821.949881321750581 ], [ 629213.374830289278179, 5220821.85013275872916 ], [ 629213.277949744602665, 5220821.700691767968237 ], [ 629213.274840973550454, 5220821.625159027054906 ], [ 629213.200159026542678, 5220821.625159027054906 ], [ 629213.191337256343104, 5220821.706538730300963 ], [ 629213.031655163853429, 5220821.841857653111219 ], [ 629212.801146867917851, 5220821.800064259208739 ], [ 629212.700170700321905, 5220821.875086388550699 ], [ 629212.700159026542678, 5220821.974840973503888 ], [ 629212.774508736096323, 5220822.008425906300545 ], [ 629212.797502869274467, 5220822.387635493651032 ], [ 629212.500161371892318, 5220822.57511926908046 ], [ 629212.57515174348373, 5220822.999840231612325 ] ] ] } },
{ "type": "Feature", "properties": { "label": "vineyard", "row_structure": null }, "geometry": { "type": "Polygon", "coordinates": [ [ [ 629223.774802358704619, 5220822.065228720195591 ], [ 629223.774272413807921, 5220822.25483066868037 ], [ 629223.700066080782562, 5220822.376109759323299 ], [ 629223.725123631069437, 5220822.599840394221246 ], [ 629223.899848285713233, 5220822.599840253591537 ], [ 629223.977266723290086, 5220822.427380621433258 ], [ 629224.16291204735171, 5220822.365552552975714 ], [ 629224.298109854804352, 5220822.74382608756423 ], [ 629224.300159026519395, 5220822.874840972945094 ], [ 629224.349876368883997, 5220822.874840393662453 ], [ 629224.374840973527171, 5220822.750159027054906 ], [ 629224.294932912453078, 5220822.725787679664791 ], [ 629224.174829311319627, 5220822.275086379610002 ], [ 629224.027799545088783, 5220822.10432802233845 ], [ 629224.025793537381105, 5220821.943978674709797 ], [ 629224.225724208983593, 5220821.835081709548831 ], [ 629224.300123631139286, 5220821.999840393662453 ], [ 629224.572899738326669, 5220821.974591274745762 ], [ 629224.600158328539692, 5220822.099919097498059 ], [ 629224.674849630566314, 5220822.124838354997337 ], [ 629224.724842116236687, 5220821.775129706598818 ], [ 629224.603293283958919, 5220821.600781524553895 ], [ 629224.599842397030443, 5220821.500148794613779 ], [ 629224.377755406894721, 5220821.426520335488021 ], [ 629224.199869749834761, 5220821.300158957019448 ], [ 629223.975159767782316, 5220821.325151743367314 ], [ 629224.000126278144307, 5220821.449845105409622 ], [ 629224.19508419255726, 5220821.555372560396791 ], [ 629224.220128066721372, 5220821.817230753600597 ], [ 629224.022988349897787, 5220821.924284271895885 ], [ 629223.651095714652911, 5220821.900066771544516 ], [ 629223.650157243595459, 5220821.94986345525831 ], [ 629223.774802358704619, 5220822.065228720195591 ] ] ] } },
{ "type": "Feature", "properties": { "label": "vineyard", "row_structure": null }, "geometry": { "type": "Polygon", "coordinates": [ [ [ 629217.875065790722147, 5220823.299892272800207 ], [ 629217.997552486951463, 5220823.325000000186265 ], [ 629218.074904670007527, 5220823.299884791485965 ], [ 629218.178787277895026, 5220823.154144089668989 ], [ 629218.246212723199278, 5220823.154144089668989 ], [ 629218.300070238183253, 5220823.199883562512696 ], [ 629218.449935300624929, 5220823.174891069531441 ], [ 629218.499882085714489, 5220823.049959902651608 ], [ 629218.499882594915107, 5220822.950050493702292 ], [ 629218.408710969379172, 5220822.8248404962942 ], [ 629218.405370714142919, 5220822.706784654408693 ], [ 629218.484841044410132, 5220822.641544709913433 ], [ 629218.649942677933723, 5220822.674882930703461 ], [ 629218.674884791020304, 5220822.625095329247415 ], [ 629218.275114280753769, 5220822.475114280357957 ], [ 629218.209152521681972, 5220822.754021783359349 ], [ 629218.077092007384636, 5220822.862288831733167 ], [ 629218.000087057589553, 5220822.875115614384413 ], [ 629217.960721614887007, 5220822.931870373897254 ], [ 629217.8500990687171, 5220822.975100302137434 ], [ 629217.825226551038213, 5220823.177177906036377 ], [ 629217.875065790722147, 5220823.299892272800207 ] ] ] } },
{ "type": "Feature", "properties": { "label": "vineyard", "row_structure": null }, "geometry": { "type": "Polygon", "coordinates": [ [ [ 629220.902945764479227, 5220822.725000000558794 ], [ 629221.0998434034409, 5220822.699841370806098 ], [ 629221.134080724557862, 5220822.516196035780013 ], [ 629221.244362087687477, 5220822.406740358099341 ], [ 629221.324918556958437, 5220822.399826004169881 ], [ 629221.39984256378375, 5220822.34988132212311 ], [ 629221.351955800433643, 5220822.354099470190704 ], [ 629221.254182513221167, 5220822.277437693439424 ], [ 629221.304339363821782, 5220822.16911669075489 ], [ 629221.399840973550454, 5220822.150159027427435 ], [ 629221.2251597676659, 5220822.17515174485743 ], [ 629221.248277389327995, 5220822.39503896702081 ], [ 629221.122592161293142, 5220822.525032603181899 ], [ 629221.100455737439916, 5220822.638715608976781 ], [ 629221.036233005579561, 5220822.69407875277102 ], [ 629220.994947653962299, 5220822.689352073706686 ], [ 629220.934999201912433, 5220822.601919024251401 ], [ 629220.950139082153328, 5220822.525160397402942 ], [ 629220.875163983553648, 5220822.625103486701846 ], [ 629220.902945764479227, 5220822.725000000558794 ] ] ] } },
{ "type": "Feature", "properties": { "label": "vineyard", "row_structure": null }, "geometry": { "type": "Polygon", "coordinates": [ [ [ 629215.624913609586656, 5220822.799829294905066 ], [ 629215.64984528592322, 5220822.774914196692407 ], [ 629215.72695873468183, 5220822.503764079883695 ], [ 629215.899845555657521, 5220822.399849253706634 ], [ 629215.998773196828552, 5220822.209442260675132 ], [ 629216.174844256020151, 5220822.199840281158686 ], [ 629216.299975912901573, 5220821.423035444691777 ], [ 629216.299834855948575, 5220821.225080003030598 ], [ 629216.224871228099801, 5220821.125160899944603 ], [ 629216.150096111814491, 5220821.12515758164227 ], [ 629216.100169957149774, 5220821.175101599656045 ], [ 629216.099914920865558, 5220821.566874257288873 ], [ 629216.055474028922617, 5220821.641694696620107 ], [ 629215.902317299856804, 5220821.699083674699068 ], [ 629215.800062738824636, 5220821.700170765630901 ], [ 629215.725170696387067, 5220821.750086383894086 ], [ 629215.725160071626306, 5220821.824851584620774 ], [ 629215.893669645185582, 5220821.926454654894769 ], [ 629215.941628096858039, 5220822.077828995883465 ], [ 629215.800160668673925, 5220822.250142354518175 ], [ 629215.788982557249255, 5220822.329518396407366 ], [ 629215.550156965502538, 5220822.475128184072673 ], [ 629215.525000000023283, 5220822.79705424234271 ], [ 629215.624913609586656, 5220822.799829294905066 ] ] ] } },
{ "type": "Feature", "properties": { "label": "vineyard", "row_structure": null }, "geometry": { "type": "Polygon", "coordinates": [ [ [ 629210.499840973527171, 5220822.474840973503888 ], [ 629210.554178354330361, 5220822.164409858174622 ], [ 629210.649898419855163, 5220822.149830071255565 ], [ 629210.724829311249778, 5220822.074913620948792 ], [ 629210.77362694113981, 5220821.762230887077749 ], [ 629210.900100992526859, 5220821.699063305743039 ], [ 629210.9249326629797, 5220821.5010841852054 ], [ 629210.850129827391356, 5220821.362468592822552 ], [ 629210.875, 5220820.927945759147406 ], [ 629210.849913609563373, 5220820.900170706212521 ], [ 629210.724999999976717, 5220820.902945758774877 ], [ 629210.775143446866423, 5220821.07484136801213 ], [ 629210.845822734409012, 5220821.103388613089919 ], [ 629210.844500302220695, 5220821.350307337008417 ], [ 629210.750081427162513, 5220821.37517396081239 ], [ 629210.650833313819021, 5220821.449346928857267 ], [ 629210.598568763816729, 5220821.576585475355387 ], [ 629210.450170704280026, 5220821.750086391344666 ], [ 629210.500159604009241, 5220822.124876368790865 ], [ 629210.544564133626409, 5220822.172046192921698 ], [ 629210.501885055564344, 5220822.375641275197268 ], [ 629210.425159026519395, 5220822.400159027427435 ], [ 629210.425000000046566, 5220822.472054242156446 ], [ 629210.499840973527171, 5220822.474840973503888 ] ] ] } },
{ "type": "Feature", "properties": { "label": "vineyard", "row_structure": null }, "geometry": { "type": "Polygon", "coordinates": [ [ [ 629226.350062754121609, 5220822.49982918985188 ], [ 629226.559654397307895, 5220822.507204091176391 ], [ 629226.700170704280026, 5220822.749913609586656 ], [ 629226.774851584690623, 5220822.774839928373694 ], [ 629226.923414233955555, 5220822.558875007554889 ], [ 629227.149857551907189, 5220822.499846644699574 ], [ 629227.300452771713026, 5220822.323788711801171 ], [ 629227.375, 5220822.077945759519935 ], [ 629227.299848246970214, 5220821.775159776210785 ], [ 629227.177671541692689, 5220821.769958253949881 ], [ 629227.024854695075192, 5220821.575160378590226 ], [ 629226.975145225529559, 5220821.575163633562624 ], [ 629226.825170809752308, 5220821.850062755867839 ], [ 629226.825159026542678, 5220821.924840973690152 ], [ 629227.165778474416584, 5220821.907174732536077 ], [ 629227.234735552454367, 5220822.136829095892608 ], [ 629227.097294701496139, 5220822.248358285054564 ], [ 629226.875137705123052, 5220822.250166907906532 ], [ 629226.721056361566298, 5220822.391696921549737 ], [ 629226.499874833622016, 5220822.300157549791038 ], [ 629226.400133044458926, 5220822.300155768170953 ], [ 629226.300168142886832, 5220822.400138531811535 ], [ 629226.300000000046566, 5220822.472054242156446 ], [ 629226.350062754121609, 5220822.49982918985188 ] ] ] } },
{ "type": "Feature", "properties": { "label": "vineyard", "row_structure": null }, "geometry": { "type": "Polygon", "coordinates": [ [ [ 629199.299950561020523, 5220822.674833968281746 ], [ 629199.399915631045587, 5220822.649837191216648 ], [ 629199.524845986859873, 5220822.549913457594812 ], [ 629199.549975912901573, 5220822.376964556053281 ], [ 629199.477508046315052, 5220822.242911880835891 ], [ 629199.500134483212605, 5220822.028010885231197 ], [ 629199.530551519244909, 5220822.000756768509746 ], [ 629199.674876373261213, 5220821.999840400181711 ], [ 629199.724829247687012, 5220821.899937266483903 ], [ 629199.72483834461309, 5220821.825150385499001 ], [ 629199.374937267391942, 5220821.675170754082501 ], [ 629199.250159604009241, 5220821.7001236313954 ], [ 629199.25017068174202, 5220821.774913625791669 ], [ 629199.300086376140825, 5220821.824829317629337 ], [ 629199.379559772205539, 5220821.835668884217739 ], [ 629199.498609468573704, 5220822.013542874716222 ], [ 629199.464820577180944, 5220822.238458873704076 ], [ 629199.325083993026055, 5220822.250169718638062 ], [ 629199.200154022197239, 5220822.325086550787091 ], [ 629199.150000000023283, 5220822.622054241597652 ], [ 629199.299950561020523, 5220822.674833968281746 ] ] ] } },
{ "type": "Feature", "properties": { "label": "vineyard", "row_structure": null }, "geometry": { "type": "Polygon", "coordinates": [ [ [ 629229.625086390413344, 5220821.649829294532537 ], [ 629229.751735648722388, 5220821.662072433158755 ], [ 629229.848395625245757, 5220821.84832966234535 ], [ 629229.850159026449546, 5220821.949840973131359 ], [ 629229.924840973573737, 5220821.949840973131359 ], [ 629229.924840973573737, 5220821.850159027613699 ], [ 629229.84562575747259, 5220821.834937252104282 ], [ 629229.753185039153323, 5220821.65470289811492 ], [ 629229.774841369129717, 5220821.425143448635936 ], [ 629229.674915990093723, 5220821.375169765204191 ], [ 629229.600159026449546, 5220821.375159027054906 ], [ 629229.712728131795302, 5220821.413774199783802 ], [ 629229.760109842871316, 5220821.537129670381546 ], [ 629229.730620603892021, 5220821.597891243174672 ], [ 629229.600046898471192, 5220821.622653005644679 ], [ 629229.625086390413344, 5220821.649829294532537 ] ] ] } },
{ "type": "Feature", "properties": { "label": "vineyard", "row_structure": null }, "geometry": { "type": "Polygon", "coordinates": [ [ [ 629204.450115925981663, 5220822.9499048627913 ], [ 629204.500048957881518, 5220822.974881804548204 ], [ 629204.624913702020422, 5220822.974883639253676 ], [ 629204.667907453724183, 5220822.915702745318413 ], [ 629204.749885047553107, 5220822.899885047227144 ], [ 629204.799881483544596, 5220822.749957595020533 ], [ 629204.799882486113347, 5220822.6250628111884 ], [ 629204.733721673255786, 5220822.549866285175085 ], [ 629204.679305966477841, 5220822.320971531793475 ], [ 629204.72786032629665, 5220822.261807872913778 ], [ 629204.824929783586413, 5220822.249882848933339 ], [ 629204.999900698079728, 5220822.149900699034333 ], [ 629205.024881805526093, 5220822.099951042793691 ], [ 629205.024884074111469, 5220821.725095137953758 ], [ 629204.874937188229524, 5220821.650117515586317 ], [ 629204.775048957904801, 5220821.650118196383119 ], [ 629204.700117514003068, 5220821.700062813237309 ], [ 629204.700114952516742, 5220821.94988504704088 ], [ 629204.783634036895819, 5220821.983312751166523 ], [ 629204.806542017264292, 5220822.07476665917784 ], [ 629204.760949161369354, 5220822.136241484433413 ], [ 629204.625062811770476, 5220822.150117515586317 ], [ 629204.575117514003068, 5220822.200062813237309 ], [ 629204.581947180558927, 5220822.385662155225873 ], [ 629204.545239940984175, 5220822.432359624654055 ], [ 629204.474999999976717, 5220822.452454862184823 ], [ 629204.475117513909936, 5220822.524937188252807 ], [ 629204.570359070668928, 5220822.616592522710562 ], [ 629204.572795277810656, 5220822.729904476553202 ], [ 629204.517051028786227, 5220822.835111814551055 ], [ 629204.450115925981663, 5220822.875095137394965 ], [ 629204.450115925981663, 5220822.9499048627913 ] ] ] } },
{ "type": "Feature", "properties": { "label": "vineyard", "row_structure": null }, "geometry": { "type": "Polygon", "coordinates": [ [ [ 629221.32515960407909, 5220821.749876368790865 ], [ 629221.474840973503888, 5220821.774840973317623 ], [ 629221.484679007087834, 5220821.696022673510015 ], [ 629221.674933229456656, 5220821.548904284834862 ], [ 629221.674839331419207, 5220821.425142355263233 ], [ 629221.524918180657551, 5220821.255675220862031 ], [ 629221.52946883731056, 5220821.204026418738067 ], [ 629221.630093834013678, 5220821.126672297716141 ], [ 629221.753227391978726, 5220821.128031550906599 ], [ 629221.971538407145999, 5220821.274927004240453 ], [ 629222.050104906782508, 5220821.474846694618464 ], [ 629222.174876373261213, 5220821.499840400181711 ], [ 629222.399555729003623, 5220821.000693093985319 ], [ 629222.424840973573737, 5220820.875159027054906 ], [ 629222.276454654755071, 5220820.868669644929469 ], [ 629222.174836051650345, 5220820.700143157504499 ], [ 629221.975652919150889, 5220820.500833087600768 ], [ 629221.825096112093888, 5220820.450157581828535 ], [ 629221.775045931106433, 5220820.502443699166179 ], [ 629221.898193563451059, 5220820.757473490200937 ], [ 629221.625164510798641, 5220821.025093273259699 ], [ 629221.501471648341976, 5220821.215633204206824 ], [ 629221.425077112740837, 5220821.22516462393105 ], [ 629221.300161596154794, 5220821.300122495740652 ], [ 629221.32515960407909, 5220821.749876368790865 ] ] ] } },
{ "type": "Feature", "properties": { "label": "vineyard", "row_structure": null }, "geometry": { "type": "Polygon", "coordinates": [ [ [ 629202.075158918276429, 5220822.474914664402604 ], [ 629202.249866955098696, 5220822.549844233319163 ], [ 629202.349982551066205, 5220822.448910115286708 ], [ 629202.400845362339169, 5220821.459350170567632 ], [ 629202.624829295789823, 5220821.199913609772921 ], [ 629202.624841671437025, 5220821.075080903246999 ], [ 629202.599913610494696, 5220821.050170707516372 ], [ 629202.500158328562975, 5220821.075080903246999 ], [ 629202.494143785559572, 5220821.155143184587359 ], [ 629201.97516155440826, 5220821.900078129023314 ], [ 629202.075158918276429, 5220822.474914664402604 ] ] ] } },
{ "type": "Feature", "properties": { "label": "vineyard", "row_structure": null }, "geometry": { "type": "Polygon", "coordinates": [ [ [ 629224.600159399677068, 5220820.599844762124121 ], [ 629224.724835021421313, 5220820.677035871893167 ], [ 629224.721076856716536, 5220820.921872012317181 ], [ 629224.600159026449546, 5220820.95015902724117 ], [ 629224.600159026449546, 5220821.024840973317623 ], [ 629224.729132534004748, 5220821.040877497754991 ], [ 629224.897523944848217, 5220821.395006719045341 ], [ 629224.900159026496112, 5220821.474840973503888 ], [ 629224.924913609633222, 5220821.474829294718802 ], [ 629224.94984097359702, 5220821.400159027427435 ], [ 629224.893564490950666, 5220821.380727419629693 ], [ 629224.72515627508983, 5220821.019670912995934 ], [ 629224.728917926549911, 5220820.678122594021261 ], [ 629224.849840395967476, 5220820.624876368790865 ], [ 629224.849840281181969, 5220820.550155744887888 ], [ 629224.600159026449546, 5220820.525159027427435 ], [ 629224.600159399677068, 5220820.599844762124121 ] ] ] } },
{ "type": "Feature", "properties": { "label": "vineyard", "row_structure": null }, "geometry": { "type": "Polygon", "coordinates": [ [ [ 629199.76927824341692, 5220821.279919324442744 ], [ 629199.775114952470176, 5220821.399885047227144 ], [ 629199.924937188159674, 5220821.399882485158741 ], [ 629200.005706457421184, 5220821.351562776602805 ], [ 629200.199885047622956, 5220821.374885046854615 ], [ 629200.19988248613663, 5220821.275062812492251 ], [ 629200.044442976708524, 5220821.208146962337196 ], [ 629200.001921471906826, 5220821.144509033299983 ], [ 629200.004640929400921, 5220820.816592521965504 ], [ 629200.124882486066781, 5220820.699937188066542 ], [ 629200.124882486066781, 5220820.6250628111884 ], [ 629200.04993718827609, 5220820.550117515958846 ], [ 629199.925062811817043, 5220820.550117515958846 ], [ 629199.875117513933219, 5220820.600062812678516 ], [ 629199.843056286917999, 5220820.750135502777994 ], [ 629199.725118516478688, 5220820.975042405538261 ], [ 629199.700115925981663, 5220821.224904862232506 ], [ 629199.76927824341692, 5220821.279919324442744 ] ] ] } },
{ "type": "Feature", "properties": { "label": "vineyard", "row_structure": null }, "geometry": { "type": "Polygon", "coordinates": [ [ [ 629218.300062811817043, 5220822.499882484786212 ], [ 629218.625042403582484, 5220822.624881482683122 ], [ 629218.67493718827609, 5220822.624882484786212 ], [ 629218.799884074134752, 5220822.499904861673713 ], [ 629218.87488180550281, 5220822.274951042607427 ], [ 629218.925000000046566, 5220821.947545138187706 ], [ 629218.924881805549376, 5220821.850048958323896 ], [ 629218.83909396850504, 5220821.71190673392266 ], [ 629218.875, 5220821.472545138560236 ], [ 629218.849885047529824, 5220821.200114953331649 ], [ 629218.60011495242361, 5220821.200114953331649 ], [ 629218.618056286941282, 5220821.550135502591729 ], [ 629218.500117513933219, 5220821.700062811374664 ], [ 629218.484604516299441, 5220821.791833410039544 ], [ 629218.400099301943555, 5220821.850099301896989 ], [ 629218.200117514003068, 5220822.150062812492251 ], [ 629218.175118194543757, 5220822.299951042979956 ], [ 629218.300062811817043, 5220822.499882484786212 ] ] ] } },
{ "type": "Feature", "properties": { "label": "vineyard", "row_structure": null }, "geometry": { "type": "Polygon", "coordinates": [ [ [ 629213.200086389551871, 5220821.249829293228686 ], [ 629213.365163964568637, 5220821.251952238380909 ], [ 629213.650062738917768, 5220821.399829234927893 ], [ 629213.799840973573737, 5220821.399840973317623 ], [ 629213.799836525809951, 5220821.325100604444742 ], [ 629213.726244239951484, 5220821.194124690257013 ], [ 629213.774829318281263, 5220820.725086375139654 ], [ 629213.677832922432572, 5220820.579833732917905 ], [ 629213.724840973503888, 5220820.300159027799964 ], [ 629213.650127549772151, 5220820.300158104859293 ], [ 629213.474434872390702, 5220820.400745455175638 ], [ 629213.400000000023283, 5220820.602945759892464 ], [ 629213.400170746375807, 5220820.6749372696504 ], [ 629213.500143447192386, 5220820.924841368570924 ], [ 629213.738282515318133, 5220820.996429669670761 ], [ 629213.721846181433648, 5220821.179177992045879 ], [ 629213.544612535042688, 5220821.199842222034931 ], [ 629213.176095714676194, 5220821.150066771544516 ], [ 629213.200086389551871, 5220821.249829293228686 ] ] ] } },
{ "type": "Feature", "properties": { "label": "vineyard", "row_structure": null }, "geometry": { "type": "Polygon", "coordinates": [ [ [ 629196.89988504757639, 5220822.19988504704088 ], [ 629196.881943713175133, 5220821.949864498339593 ], [ 629197.074881805572659, 5220821.649951042607427 ], [ 629197.088514569681138, 5220821.51577584631741 ], [ 629197.199885047622956, 5220821.44988504704088 ], [ 629197.20714939199388, 5220821.262868280522525 ], [ 629197.299885047599673, 5220821.19988504704088 ], [ 629197.274937188252807, 5220821.100117515772581 ], [ 629197.125114952446893, 5220821.100114953704178 ], [ 629197.087286476395093, 5220821.352093107998371 ], [ 629197.003434073412791, 5220821.414596625603735 ], [ 629196.925095137441531, 5220821.425115928053856 ], [ 629196.850117150112055, 5220821.575070217251778 ], [ 629196.836485430365428, 5220821.684224153868854 ], [ 629196.800000000046566, 5220821.722169945016503 ], [ 629196.800000000046566, 5220822.249847725965083 ], [ 629196.89988504757639, 5220822.19988504704088 ] ] ] } },
{ "type": "Feature", "properties": { "label": "vineyard", "row_structure": null }, "geometry": { "type": "Polygon", "coordinates": [ [ [ 629226.861744629219174, 5220821.191860558465123 ], [ 629226.944544264231808, 5220821.219119979999959 ], [ 629226.974999999976717, 5220821.290978141129017 ], [ 629226.95011851657182, 5220821.474957595579326 ], [ 629226.975115925888531, 5220821.5749048627913 ], [ 629227.025048957904801, 5220821.599881804548204 ], [ 629227.167406767723151, 5220821.578118153847754 ], [ 629227.449913702090271, 5220821.599883639253676 ], [ 629227.501116717932746, 5220821.535995053127408 ], [ 629227.599904862581752, 5220821.524884073063731 ], [ 629227.62488180550281, 5220821.474951042793691 ], [ 629227.599882486043498, 5220821.275062812492251 ], [ 629227.511043399106711, 5220821.157142302952707 ], [ 629227.51104338618461, 5220821.071631290018559 ], [ 629227.579988637473434, 5220821.006700719706714 ], [ 629227.67493718827609, 5220820.999882484786212 ], [ 629227.7679074537009, 5220820.865702745504677 ], [ 629227.849937188206241, 5220820.849882485345006 ], [ 629227.89988504757639, 5220820.725114953704178 ], [ 629227.659037098987028, 5220820.726976458914578 ], [ 629227.602130578481592, 5220820.654554183594882 ], [ 629227.599884074064903, 5220820.475095137953758 ], [ 629227.449951042188331, 5220820.400118196383119 ], [ 629227.250114952446893, 5220820.400114953517914 ], [ 629227.225118516478688, 5220820.624957595020533 ], [ 629227.285693416371942, 5220820.776382809504867 ], [ 629227.272945058299229, 5220820.85359846893698 ], [ 629227.218221088754945, 5220820.895488121546805 ], [ 629227.100095137604512, 5220820.900115927681327 ], [ 629227.054046757519245, 5220820.963409344665706 ], [ 629226.923525899532251, 5220821.005453815683722 ], [ 629226.852002096129581, 5220820.928931929171085 ], [ 629226.874885047553107, 5220820.725114953704178 ], [ 629226.825114952516742, 5220820.725114953704178 ], [ 629226.650114952470176, 5220821.249885046854615 ], [ 629226.861744629219174, 5220821.191860558465123 ] ] ] } },
{ "type": "Feature", "properties": { "label": "vineyard", "row_structure": null }, "geometry": { "type": "Polygon", "coordinates": [ [ [ 629230.125095217372291, 5220820.549831587821245 ], [ 629230.401964572141878, 5220820.649975913576782 ], [ 629230.523940231767483, 5220820.625376980751753 ], [ 629230.649842667859048, 5220820.524863385595381 ], [ 629230.649840973550454, 5220820.475159027613699 ], [ 629230.330776403076015, 5220820.339079797267914 ], [ 629230.311752831796184, 5220820.297562879510224 ], [ 629230.399056253954768, 5220820.078812443651259 ], [ 629230.499839603435248, 5220819.999860916286707 ], [ 629230.517377704964019, 5220819.880066707730293 ], [ 629230.974876368883997, 5220819.824840393848717 ], [ 629230.999375457526185, 5220819.775963315740228 ], [ 629231.024826008477248, 5220819.50012775324285 ], [ 629230.876595820183866, 5220819.126081667840481 ], [ 629230.874840232310817, 5220819.05015174485743 ], [ 629230.772054229397327, 5220819.025000000372529 ], [ 629230.650861478876323, 5220819.049318848177791 ], [ 629230.650066770613194, 5220819.298904284834862 ], [ 629230.944916593027301, 5220819.572725487872958 ], [ 629230.94538919813931, 5220819.805584972724319 ], [ 629230.519112449255772, 5220819.87281914614141 ], [ 629230.400128768756986, 5220819.850160897709429 ], [ 629230.099471483728848, 5220820.276340891607106 ], [ 629230.075000000069849, 5220820.497054241597652 ], [ 629230.125095217372291, 5220820.549831587821245 ] ] ] } },
{ "type": "Feature", "properties": { "label": "vineyard", "row_structure": null }, "geometry": { "type": "Polygon", "coordinates": [ [ [ 629227.325115458923392, 5220820.224895355291665 ], [ 629227.408078588196076, 5220820.290640489198267 ], [ 629227.400115925935097, 5220820.399904862977564 ], [ 629227.746012324234471, 5220820.509441075846553 ], [ 629227.800086298026145, 5220820.574883638881147 ], [ 629227.874885047553107, 5220820.57488504704088 ], [ 629227.877204722259194, 5220820.295095523819327 ], [ 629227.924882486113347, 5220820.224937189370394 ], [ 629227.999881483498029, 5220819.924957595765591 ], [ 629228.00493778125383, 5220819.784943086095154 ], [ 629228.07488248613663, 5220819.699937188066542 ], [ 629228.137555906549096, 5220819.491411786526442 ], [ 629228.19988248613663, 5220819.424937189556658 ], [ 629228.199884074158035, 5220819.200095137581229 ], [ 629227.974951041629538, 5220819.100118195638061 ], [ 629227.900114952470176, 5220819.100114953704178 ], [ 629227.894574832636863, 5220819.19224697817117 ], [ 629227.800118516548537, 5220819.425042405724525 ], [ 629227.788192126550712, 5220819.62213967461139 ], [ 629227.7382683432661, 5220819.667387953959405 ], [ 629227.625042403582484, 5220819.675118518061936 ], [ 629227.475117513909936, 5220819.7500628111884 ], [ 629227.475118194473907, 5220819.849951042793691 ], [ 629227.547423552023247, 5220819.967143991030753 ], [ 629227.543056286871433, 5220820.075135502032936 ], [ 629227.428434073459357, 5220820.164596625603735 ], [ 629227.325114952516742, 5220820.175114953890443 ], [ 629227.325115458923392, 5220820.224895355291665 ] ] ] } },
{ "type": "Feature", "properties": { "label": "vineyard", "row_structure": null }, "geometry": { "type": "Polygon", "coordinates": [ [ [ 629205.057092546252534, 5220821.415702745318413 ], [ 629205.100086297956295, 5220821.474883639253676 ], [ 629205.199885047622956, 5220821.474885047413409 ], [ 629205.220755307935178, 5220821.325483625754714 ], [ 629205.3998832332436, 5220821.199921978637576 ], [ 629205.429042848758399, 5220820.721853505820036 ], [ 629205.599883233197033, 5220820.574921979568899 ], [ 629205.599883639835753, 5220820.375086299143732 ], [ 629205.543132952763699, 5220820.335723245516419 ], [ 629205.52488504757639, 5220820.275114953517914 ], [ 629205.425062811817043, 5220820.275117515586317 ], [ 629205.350115925888531, 5220820.325095137581229 ], [ 629205.321074064238928, 5220820.516267091967165 ], [ 629205.250118516501971, 5220820.675042405724525 ], [ 629205.25063177512493, 5220820.843786132521927 ], [ 629205.200117150321603, 5220820.90007021650672 ], [ 629205.181867047096603, 5220821.0107232471928 ], [ 629205.025117150158621, 5220821.200070217251778 ], [ 629204.97511495242361, 5220821.399885047227144 ], [ 629205.057092546252534, 5220821.415702745318413 ] ] ] } },
{ "type": "Feature", "properties": { "label": "vineyard", "row_structure": null }, "geometry": { "type": "Polygon", "coordinates": [ [ [ 629216.525086389505304, 5220820.624829293228686 ], [ 629216.674922891543247, 5220820.624835396185517 ], [ 629216.899838631274179, 5220820.474880734458566 ], [ 629216.87537347257603, 5220820.276030794717371 ], [ 629216.756104894913733, 5220820.218903836794198 ], [ 629216.774286948842928, 5220819.920587718486786 ], [ 629216.944260260206647, 5220819.851536591537297 ], [ 629217.049848249531351, 5220819.849840227514505 ], [ 629217.099590750178322, 5220819.651802555657923 ], [ 629217.224833968211897, 5220819.374950557015836 ], [ 629217.224822841584682, 5220819.275083312764764 ], [ 629217.074913610005751, 5220818.875170705839992 ], [ 629216.975159026449546, 5220818.875159027054906 ], [ 629217.012461189297028, 5220819.232003500685096 ], [ 629216.850781975314021, 5220819.346704707480967 ], [ 629216.650153237394989, 5220819.400156565010548 ], [ 629216.600169763783924, 5220819.500084013678133 ], [ 629216.600159514113329, 5220819.599951816722751 ], [ 629216.700150391436182, 5220819.89983833860606 ], [ 629216.768891394138336, 5220819.931099530309439 ], [ 629216.751535375020467, 5220820.227185254916549 ], [ 629216.600142057635821, 5220820.325148990377784 ], [ 629216.525714437593706, 5220820.424289076589048 ], [ 629216.5, 5220820.597054241225123 ], [ 629216.525086389505304, 5220820.624829293228686 ] ] ] } },
{ "type": "Feature", "properties": { "label": "vineyard", "row_structure": null }, "geometry": { "type": "Polygon", "coordinates": [ [ [ 629218.800115458783694, 5220820.874895353801548 ], [ 629218.875070216367021, 5220820.924882849678397 ], [ 629218.949951042188331, 5220820.924881804734468 ], [ 629219.024882486090064, 5220820.874937187880278 ], [ 629219.029937781277113, 5220820.759943086653948 ], [ 629219.114759546821006, 5220820.630755064077675 ], [ 629219.179236245923676, 5220820.611196272075176 ], [ 629219.374904862372205, 5220820.649884073063731 ], [ 629219.449884074158035, 5220820.574904861859977 ], [ 629219.449882849934511, 5220820.500070217065513 ], [ 629219.33715816529002, 5220820.264002522453666 ], [ 629219.355755066266283, 5220820.189759543165565 ], [ 629219.424884541309439, 5220820.1498953551054 ], [ 629219.424882486113347, 5220820.075062811374664 ], [ 629219.374937188229524, 5220820.025117515586317 ], [ 629219.275078020524234, 5220820.025116767734289 ], [ 629219.200117514003068, 5220820.100062812678516 ], [ 629219.186485429527238, 5220820.284224156290293 ], [ 629219.025117513956502, 5220820.3750628111884 ], [ 629219.01422188791912, 5220820.583682609722018 ], [ 629218.900114952470176, 5220820.650114953517914 ], [ 629218.884155497769825, 5220820.754017148166895 ], [ 629218.800114952493459, 5220820.800114953890443 ], [ 629218.800115458783694, 5220820.874895353801548 ] ] ] } },
{ "type": "Feature", "properties": { "label": "vineyard", "row_structure": null }, "geometry": { "type": "Polygon", "coordinates": [ [ [ 629221.775170746375807, 5220820.199937269091606 ], [ 629221.851030790014192, 5220820.475373472087085 ], [ 629221.999862581025809, 5220820.524837978184223 ], [ 629222.121940875658765, 5220820.400697425939143 ], [ 629222.549854750628583, 5220820.399842572398484 ], [ 629222.599936051876284, 5220820.273846831172705 ], [ 629222.581658122129738, 5220819.919515454210341 ], [ 629222.824881292297505, 5220819.874830894172192 ], [ 629222.899853791459464, 5220819.799866882152855 ], [ 629222.92493268288672, 5220819.748915408737957 ], [ 629222.924841671483591, 5220819.450080903246999 ], [ 629222.801964572165161, 5220819.425024087540805 ], [ 629222.583277218975127, 5220819.464049398899078 ], [ 629222.474138522171415, 5220819.149318848736584 ], [ 629222.449913610005751, 5220819.125170705839992 ], [ 629222.250130121130496, 5220819.125166555866599 ], [ 629222.12515830504708, 5220819.275079432874918 ], [ 629222.125404758611694, 5220819.375792388804257 ], [ 629222.175150385475717, 5220819.524838343262672 ], [ 629222.324879217427224, 5220819.529846077784896 ], [ 629222.422731426660903, 5220819.647210014984012 ], [ 629222.470128620741889, 5220819.867231485433877 ], [ 629222.273019368760288, 5220819.974284079857171 ], [ 629222.125617120298557, 5220819.99749649874866 ], [ 629221.851128595182672, 5220819.925065157003701 ], [ 629221.775170688983053, 5220820.000086377374828 ], [ 629221.775170746375807, 5220820.199937269091606 ] ] ] } },
{ "type": "Feature", "properties": { "label": "vineyard", "row_structure": null }, "geometry": { "type": "Polygon", "coordinates": [ [ [ 629208.150099301943555, 5220820.924900699406862 ], [ 629208.200048958417028, 5220820.949881805106997 ], [ 629208.449904862674884, 5220820.899884073063731 ], [ 629208.599882486043498, 5220820.649937188252807 ], [ 629208.610394235816784, 5220820.374494774267077 ], [ 629208.659734228276648, 5220820.332084437832236 ], [ 629208.799885047599673, 5220820.299885047599673 ], [ 629208.778118153102696, 5220820.157593232579529 ], [ 629208.824884074158035, 5220820.025095137767494 ], [ 629208.449957596487366, 5220819.875118517316878 ], [ 629208.325062811840326, 5220819.875117515213788 ], [ 629208.250117513933219, 5220819.950062811374664 ], [ 629208.299447292112745, 5220820.344521198421717 ], [ 629208.270062218769453, 5220820.490056914277375 ], [ 629208.125117513933219, 5220820.80006281286478 ], [ 629208.150099301943555, 5220820.924900699406862 ] ] ] } },
{ "type": "Feature", "properties": { "label": "vineyard", "row_structure": null }, "geometry": { "type": "Polygon", "coordinates": [ [ [ 629219.522201585583389, 5220819.320671833120286 ], [ 629219.525161643861793, 5220819.399849629960954 ], [ 629219.605228756787255, 5220819.428769653663039 ], [ 629219.795288783381693, 5220819.597711279056966 ], [ 629219.75006677058991, 5220819.898904284462333 ], [ 629219.82484097359702, 5220819.899840973317623 ], [ 629219.87493659183383, 5220819.576164159923792 ], [ 629219.717701221583411, 5220819.387238538824022 ], [ 629219.720018449006602, 5220819.255195761099458 ], [ 629219.799934110837057, 5220819.198886342346668 ], [ 629219.749871364794672, 5220819.00015455018729 ], [ 629219.601174263400026, 5220818.975062913261354 ], [ 629219.475156946456991, 5220819.02514988463372 ], [ 629219.45016633591149, 5220819.224895243532956 ], [ 629219.522201585583389, 5220819.320671833120286 ] ] ] } },
{ "type": "Feature", "properties": { "label": "vineyard", "row_structure": null }, "geometry": { "type": "Polygon", "coordinates": [ [ [ 629211.125143451499753, 5220820.149841364473104 ], [ 629211.224913623766042, 5220820.149829314090312 ], [ 629211.424848418449983, 5220820.074841463007033 ], [ 629211.449840528424829, 5220819.87504817545414 ], [ 629211.3789569378132, 5220819.736500337719917 ], [ 629211.423881359165534, 5220819.553684678860009 ], [ 629211.461552338907495, 5220819.537303110584617 ], [ 629211.624070483143441, 5220819.599633676931262 ], [ 629211.747054226929322, 5220819.600000000558794 ], [ 629211.799830042873509, 5220819.549898401834071 ], [ 629211.799821824068204, 5220819.450062044896185 ], [ 629211.750258396845311, 5220819.326002497226 ], [ 629211.674898422090337, 5220819.250169930979609 ], [ 629211.549142862204462, 5220819.25058093201369 ], [ 629211.350170696503483, 5220819.400086383335292 ], [ 629211.350159399677068, 5220819.49984476249665 ], [ 629211.417794485692866, 5220819.548407984897494 ], [ 629211.377310742856935, 5220819.726338693872094 ], [ 629211.250159026472829, 5220819.750159027054906 ], [ 629211.245276850531809, 5220819.82728732842952 ], [ 629211.158807188854553, 5220819.915920418687165 ], [ 629211.050159026519395, 5220819.925159027799964 ], [ 629211.050066271796823, 5220819.998894129879773 ], [ 629211.125143451499753, 5220820.149841364473104 ] ] ] } },
{ "type": "Feature", "properties": { "label": "vineyard", "row_structure": null }, "geometry": { "type": "Polygon", "coordinates": [ [ [ 629213.900160389603116, 5220820.099860922433436 ], [ 629214.100062732235529, 5220820.224829246290028 ], [ 629214.199913610005751, 5220820.224829294718802 ], [ 629214.224828879348934, 5220820.100073995068669 ], [ 629214.154844561824575, 5220819.894530485384166 ], [ 629214.324829235323705, 5220819.599937262013555 ], [ 629214.344569435343146, 5220819.318374482914805 ], [ 629214.499840973527171, 5220819.299840973690152 ], [ 629214.49982931825798, 5220819.100086375139654 ], [ 629214.449913625023328, 5220819.050170683301985 ], [ 629214.304482283419929, 5220819.049335564486682 ], [ 629214.149882248835638, 5220818.975166214630008 ], [ 629214.025159026496112, 5220818.975159027613699 ], [ 629214.049753555911593, 5220819.176826817914844 ], [ 629214.02410162508022, 5220819.517785616219044 ], [ 629213.875161545700394, 5220819.725131595507264 ], [ 629213.900160389603116, 5220820.099860922433436 ] ] ] } },
{ "type": "Feature", "properties": { "label": "vineyard", "row_structure": null }, "geometry": { "type": "Polygon", "coordinates": [ [ [ 629200.025117513956502, 5220820.274937188252807 ], [ 629200.100048958323896, 5220820.324881805106997 ], [ 629200.224921979475766, 5220820.324883232824504 ], [ 629200.2748832332436, 5220820.274921978823841 ], [ 629200.313514570589177, 5220820.140775844454765 ], [ 629200.399884074111469, 5220820.0749048627913 ], [ 629200.404937781277113, 5220819.984943086281419 ], [ 629200.574881805572659, 5220819.599951042793691 ], [ 629200.611095164436847, 5220819.404218669980764 ], [ 629200.749882486066781, 5220819.299937189556658 ], [ 629200.749885047553107, 5220819.250114953145385 ], [ 629200.627454878995195, 5220819.225000000558794 ], [ 629200.500062811770476, 5220819.250117515213788 ], [ 629200.400117513956502, 5220819.350062812678516 ], [ 629200.386485429480672, 5220819.409224156290293 ], [ 629200.100118194473907, 5220819.825048957951367 ], [ 629200.097795277833939, 5220820.029904475435615 ], [ 629200.025117513956502, 5220820.200062811374664 ], [ 629200.025117513956502, 5220820.274937188252807 ] ] ] } },
{ "type": "Feature", "properties": { "label": "vineyard", "row_structure": null }, "geometry": { "type": "Polygon", "coordinates": [ [ [ 629197.200114952516742, 5220820.149885047227144 ], [ 629197.27902846771758, 5220820.154305966570973 ], [ 629197.333146961173043, 5220820.194442976266146 ], [ 629197.375062811770476, 5220820.349882485345006 ], [ 629197.52488504757639, 5220820.349885047413409 ], [ 629197.53320056013763, 5220820.23204377759248 ], [ 629197.649882849887945, 5220820.09992978349328 ], [ 629197.656943713198416, 5220819.974864498712122 ], [ 629197.774881805526093, 5220819.799951042979956 ], [ 629197.774884074111469, 5220819.700095137581229 ], [ 629197.674951042165048, 5220819.650118196383119 ], [ 629197.575117514003068, 5220819.67506281286478 ], [ 629197.610054106567986, 5220819.926107620820403 ], [ 629197.570239940891042, 5220819.98235962446779 ], [ 629197.500114952446893, 5220820.000114953145385 ], [ 629197.453844911535271, 5220820.093287662602961 ], [ 629197.200114952516742, 5220820.075114953331649 ], [ 629197.200114952516742, 5220820.149885047227144 ] ] ] } },
{ "type": "Feature", "properties": { "label": "vineyard", "row_structure": null }, "geometry": { "type": "Polygon", "coordinates": [ [ [ 629208.425851918989792, 5220819.875671592541039 ], [ 629208.774179962580092, 5220820.0245939809829 ], [ 629208.924882852006704, 5220819.999846559949219 ], [ 629209.099829318467528, 5220819.824913624674082 ], [ 629208.962318276753649, 5220819.932552657090127 ], [ 629208.677720071515068, 5220819.979198629967868 ], [ 629208.50544384738896, 5220819.760334104299545 ], [ 629208.498867129092105, 5220819.6724509363994 ], [ 629208.650654344935901, 5220819.437921136617661 ], [ 629208.778140792739578, 5220819.333653964102268 ], [ 629208.893267154693604, 5220818.673583668656647 ], [ 629208.962877332931384, 5220818.590931098908186 ], [ 629209.138413254753686, 5220818.546870072372258 ], [ 629209.288618921302259, 5220818.718563602305949 ], [ 629209.329877412412316, 5220818.937469089403749 ], [ 629209.159201296162792, 5220819.149197277612984 ], [ 629209.100048599764705, 5220819.390746149234474 ], [ 629209.152579566114582, 5220819.19655935652554 ], [ 629209.37482924759388, 5220818.874937266111374 ], [ 629209.374842106830329, 5220818.800088763237 ], [ 629209.249852196197025, 5220818.575152249075472 ], [ 629209.000118680880405, 5220818.500157440081239 ], [ 629208.870808559469879, 5220818.701490290462971 ], [ 629208.625159026472829, 5220818.82515902724117 ], [ 629208.673150296555832, 5220819.194686274044216 ], [ 629208.502554724109359, 5220819.396918894723058 ], [ 629208.400157536263578, 5220819.450133419595659 ], [ 629208.350061670062132, 5220819.598800460807979 ], [ 629208.425851918989792, 5220819.875671592541039 ] ] ] } },
{ "type": "Feature", "properties": { "label": "vineyard", "row_structure": null }, "geometry": { "type": "Polygon", "coordinates": [ [ [ 629224.47511495242361, 5220820.224885047413409 ], [ 629224.557092546252534, 5220820.240702745504677 ], [ 629224.625062811770476, 5220820.324882484972477 ], [ 629224.749937188229524, 5220820.324882484972477 ], [ 629224.872919202665798, 5220820.175302957184613 ], [ 629225.049885047599673, 5220820.174885047599673 ], [ 629225.086560671566986, 5220820.07269895542413 ], [ 629225.199885047622956, 5220820.049885047599673 ], [ 629225.205545781413093, 5220819.883886242285371 ], [ 629225.259391549509019, 5220819.832221514545381 ], [ 629225.349885047529824, 5220819.82488504704088 ], [ 629225.349885047529824, 5220819.750114953145385 ], [ 629225.211560671566986, 5220819.727301045320928 ], [ 629225.176921471953392, 5220819.669509032741189 ], [ 629225.174885047599673, 5220819.575114953331649 ], [ 629225.04993718827609, 5220819.500117515213788 ], [ 629224.925114952493459, 5220819.500114953145385 ], [ 629224.974561221664771, 5220819.772879805415869 ], [ 629224.925117150181904, 5220819.850070217624307 ], [ 629224.922795277787372, 5220819.954904476180673 ], [ 629224.88444518041797, 5220820.033437613397837 ], [ 629224.81274960632436, 5220820.074552228674293 ], [ 629224.575062811840326, 5220820.050117515958846 ], [ 629224.47511495242361, 5220820.100114953704178 ], [ 629224.47511495242361, 5220820.224885047413409 ] ] ] } },
{ "type": "Feature", "properties": { "label": "vineyard", "row_structure": null }, "geometry": { "type": "Polygon", "coordinates": [ [ [ 629205.89988504757639, 5220819.749885046854615 ], [ 629205.902204722282477, 5220819.620095524005592 ], [ 629205.961807873565704, 5220819.402860326692462 ], [ 629206.020971532328986, 5220819.354305966757238 ], [ 629206.149937188252807, 5220819.349882485345006 ], [ 629206.199881805572659, 5220819.274951042607427 ], [ 629206.199885047622956, 5220819.200114953331649 ], [ 629206.100086297956295, 5220819.200116361491382 ], [ 629206.064820046769455, 5220819.253834643401206 ], [ 629206.000114952446893, 5220819.275114953517914 ], [ 629205.970710678142495, 5220819.370710678398609 ], [ 629205.875062811770476, 5220819.400117515586317 ], [ 629205.800117513979785, 5220819.475062812678516 ], [ 629205.800114952493459, 5220819.749885046854615 ], [ 629205.89988504757639, 5220819.749885046854615 ] ] ] } },
{ "type": "Feature", "properties": { "label": "vineyard", "row_structure": null }, "geometry": { "type": "Polygon", "coordinates": [ [ [ 629202.725062811747193, 5220820.624882484786212 ], [ 629202.824937188299373, 5220820.624882484786212 ], [ 629202.899882486090064, 5220820.549937189556658 ], [ 629202.933721673325635, 5220820.350133715197444 ], [ 629203.099881805363111, 5220820.099951042793691 ], [ 629203.182929837959819, 5220819.825066552497447 ], [ 629203.349893627804704, 5220819.69992892537266 ], [ 629203.399881805526093, 5220819.599951042793691 ], [ 629203.449881483567879, 5220819.399957595393062 ], [ 629203.424928923719563, 5220819.350106371566653 ], [ 629203.149951041676104, 5220819.225118195638061 ], [ 629203.075114952516742, 5220819.225114953704178 ], [ 629203.026090734056197, 5220819.333029957488179 ], [ 629202.900117513956502, 5220819.400062812492251 ], [ 629202.878645521355793, 5220819.511764732189476 ], [ 629202.800114952493459, 5220819.550114953890443 ], [ 629202.775000000023283, 5220819.777454862371087 ], [ 629202.799447292112745, 5220820.119521198794246 ], [ 629202.725117513909936, 5220820.225062812678516 ], [ 629202.675117513979785, 5220820.574937188066542 ], [ 629202.725062811747193, 5220820.624882484786212 ] ] ] } },
{ "type": "Feature", "properties": { "label": "vineyard", "row_structure": null }, "geometry": { "type": "Polygon", "coordinates": [ [ [ 629224.924870389630087, 5220819.17483629565686 ], [ 629225.12787743518129, 5220819.051516526378691 ], [ 629225.240657872403972, 5220819.050845223478973 ], [ 629225.549159883288667, 5220819.299284436739981 ], [ 629225.624924581148662, 5220819.2998420977965 ], [ 629225.649841096950695, 5220819.200123828835785 ], [ 629225.473425603355281, 5220819.166038828901947 ], [ 629225.329827443463728, 5220818.956023775972426 ], [ 629225.351779972785152, 5220818.599250864237547 ], [ 629225.3830990428105, 5220818.571650207042694 ], [ 629225.724912137258798, 5220818.524836597964168 ], [ 629225.899842891492881, 5220818.399908345192671 ], [ 629225.899838933488354, 5220818.325142693705857 ], [ 629225.50014458829537, 5220818.100156771950424 ], [ 629225.443354801973328, 5220818.328197642229497 ], [ 629225.175158855970949, 5220818.575124761089683 ], [ 629225.100382967153564, 5220818.917659965343773 ], [ 629224.825159096857533, 5220819.050151058472693 ], [ 629224.824999999953434, 5220819.172063060104847 ], [ 629224.924870389630087, 5220819.17483629565686 ] ] ] } },
{ "type": "Feature", "properties": { "label": "vineyard", "row_structure": null }, "geometry": { "type": "Polygon", "coordinates": [ [ [ 629222.350206794915721, 5220818.95216706302017 ], [ 629222.37516164383851, 5220819.124849629588425 ], [ 629222.474840973503888, 5220819.149840973317623 ], [ 629222.526126373792067, 5220819.000857689417899 ], [ 629222.640704557998106, 5220818.934748528525233 ], [ 629222.789171035517938, 5220819.029148642905056 ], [ 629222.750170704210177, 5220819.249913609586656 ], [ 629222.87485654570628, 5220819.274841360747814 ], [ 629222.950332491658628, 5220819.123567817732692 ], [ 629222.979418868198991, 5220818.972976333461702 ], [ 629223.074834139668383, 5220818.849866077303886 ], [ 629223.081887943670154, 5220818.767021605744958 ], [ 629223.196070349542424, 5220818.647958692163229 ], [ 629223.324913609889336, 5220818.749829294160008 ], [ 629223.374829295789823, 5220818.600086390972137 ], [ 629223.200159026542678, 5220818.525159027427435 ], [ 629223.195153588196263, 5220818.627112034708261 ], [ 629223.0845369923627, 5220818.760655951686203 ], [ 629222.986099279718474, 5220818.774248631671071 ], [ 629222.625729955150746, 5220818.475712176412344 ], [ 629222.550073213758878, 5220818.475168428383768 ], [ 629222.325123631162569, 5220818.550159607082605 ], [ 629222.275073908735067, 5220818.675950418226421 ], [ 629222.300164784770459, 5220818.849921818822622 ], [ 629222.350206794915721, 5220818.95216706302017 ] ] ] } },
{ "type": "Feature", "properties": { "label": "vineyard", "row_structure": null }, "geometry": { "type": "Polygon", "coordinates": [ [ [ 629219.800117513979785, 5220818.549937189556658 ], [ 629219.92511592595838, 5220818.749904862605035 ], [ 629220.025078020524234, 5220818.824883232824504 ], [ 629220.224904862581752, 5220818.774884073063731 ], [ 629220.299881483544596, 5220818.624957595020533 ], [ 629220.333721672766842, 5220818.425133717246354 ], [ 629220.424881483544596, 5220818.274957595393062 ], [ 629220.450000000069849, 5220818.1725451387465 ], [ 629220.424904862651601, 5220818.000115927308798 ], [ 629220.350904887425713, 5220817.967155896127224 ], [ 629220.324884074158035, 5220817.900095137767494 ], [ 629220.099951041629538, 5220817.800118195824325 ], [ 629220.025114952470176, 5220817.800114953890443 ], [ 629220.045062218792737, 5220817.965056913904846 ], [ 629219.981867047259584, 5220818.110723245888948 ], [ 629219.900106372078881, 5220818.175071076489985 ], [ 629219.866278326720931, 5220818.324866285547614 ], [ 629219.80011676682625, 5220818.400078020989895 ], [ 629219.800117513979785, 5220818.549937189556658 ] ] ] } },
{ "type": "Feature", "properties": { "label": "vineyard", "row_structure": null }, "geometry": { "type": "Polygon", "coordinates": [ [ [ 629227.750170764746144, 5220818.824937261641026 ], [ 629227.900145823834464, 5220819.099850848317146 ], [ 629228.199854750651866, 5220819.199842572212219 ], [ 629228.249821778852493, 5220819.074937942437828 ], [ 629228.275121708749793, 5220818.506521290168166 ], [ 629228.47482815105468, 5220818.199912197887897 ], [ 629228.524838356184773, 5220817.975150370970368 ], [ 629228.400917203864083, 5220817.950075541622937 ], [ 629228.174394835601561, 5220818.000785342417657 ], [ 629228.100169929210097, 5220818.0751015804708 ], [ 629228.050081779831089, 5220818.325790197588503 ], [ 629228.072154388646595, 5220818.430709339678288 ], [ 629228.003262942074798, 5220818.614399231038988 ], [ 629227.750159767805599, 5220818.700151743367314 ], [ 629227.750170764746144, 5220818.824937261641026 ] ] ] } },
{ "type": "Feature", "properties": { "label": "vineyard", "row_structure": null }, "geometry": { "type": "Polygon", "coordinates": [ [ [ 629203.449885719339363, 5220819.374885719269514 ], [ 629203.474398145801388, 5220819.231244979426265 ], [ 629203.699884836794809, 5220819.074903738684952 ], [ 629203.724882085807621, 5220818.50004009809345 ], [ 629203.62494267791044, 5220818.325117069296539 ], [ 629203.525057322112843, 5220818.325117069296539 ], [ 629203.450144567294046, 5220818.393051818944514 ], [ 629203.350114280707203, 5220818.400114280171692 ], [ 629203.300117404898629, 5220818.52505049481988 ], [ 629203.336819940013811, 5220818.691923734731972 ], [ 629203.300115227000788, 5220818.775094958953559 ], [ 629203.318989228224382, 5220818.88685343042016 ], [ 629203.226108802249655, 5220819.018548364751041 ], [ 629203.125117070623673, 5220819.07505732215941 ], [ 629203.100115209002979, 5220819.224904670380056 ], [ 629203.449885719339363, 5220819.374885719269514 ] ] ] } },
{ "type": "Feature", "properties": { "label": "vineyard", "row_structure": null }, "geometry": { "type": "Polygon", "coordinates": [ [ [ 629200.566707485937513, 5220818.605998512357473 ], [ 629200.831569416099228, 5220818.637525792233646 ], [ 629200.90797123790253, 5220819.069386322051287 ], [ 629200.827107561868615, 5220819.196183544583619 ], [ 629200.579435697407462, 5220819.151652057655156 ], [ 629200.52508212660905, 5220818.999216862954199 ], [ 629200.57515454350505, 5220819.199871372431517 ], [ 629200.675062732654624, 5220819.249829246662557 ], [ 629200.772054235567339, 5220819.25 ], [ 629200.874874434783123, 5220819.199852724559605 ], [ 629200.925000000046566, 5220819.04705424234271 ], [ 629200.924735009786673, 5220818.92433634866029 ], [ 629200.853528285049833, 5220818.640830249525607 ], [ 629200.893562152399682, 5220818.432144966907799 ], [ 629200.924987034406513, 5220818.400767128914595 ], [ 629201.024913609609939, 5220818.399829294532537 ], [ 629201.149846265441738, 5220818.274864935316145 ], [ 629201.175000000046566, 5220818.027945758774877 ], [ 629201.149844255996868, 5220817.850159719586372 ], [ 629201.099351223907433, 5220817.850859608501196 ], [ 629200.875165112316608, 5220818.100079987198114 ], [ 629200.874356536427513, 5220818.300156376324594 ], [ 629200.803841056884266, 5220818.484591430984437 ], [ 629200.625086375512183, 5220818.500170682556927 ], [ 629200.525047541712411, 5220818.627356457524002 ], [ 629200.566707485937513, 5220818.605998512357473 ] ] ] } },
{ "type": "Feature", "properties": { "label": "vineyard", "row_structure": null }, "geometry": { "type": "Polygon", "coordinates": [ [ [ 629214.40016586042475, 5220818.599866077303886 ], [ 629214.497152699274011, 5220818.726430034264922 ], [ 629214.5001603779383, 5220818.82485469430685 ], [ 629214.640500928624533, 5220818.934535956010222 ], [ 629214.650159026496112, 5220818.999840972945094 ], [ 629214.799840973573737, 5220818.999840972945094 ], [ 629214.697651467169635, 5220818.944642757996917 ], [ 629214.683416091254912, 5220818.903522962704301 ], [ 629214.890268837101758, 5220818.684644417837262 ], [ 629214.94984097359702, 5220818.674840973690152 ], [ 629214.94984097359702, 5220818.600159027613699 ], [ 629214.878537570359185, 5220818.59316280297935 ], [ 629214.799794636666775, 5220818.50450824201107 ], [ 629214.85885540174786, 5220818.406800383701921 ], [ 629214.999849615735002, 5220818.399838343262672 ], [ 629215.099825582350604, 5220818.049917520023882 ], [ 629215.074848125572316, 5220817.875147181563079 ], [ 629214.875159026472829, 5220817.82515902724117 ], [ 629214.842902661417611, 5220818.12911522295326 ], [ 629214.678655328694731, 5220818.198542638681829 ], [ 629214.575159026542678, 5220818.20015902724117 ], [ 629214.573043110431172, 5220818.301819112151861 ], [ 629214.498010675306432, 5220818.433198882266879 ], [ 629214.400159026496112, 5220818.45015902724117 ], [ 629214.40016586042475, 5220818.599866077303886 ] ] ] } },
{ "type": "Feature", "properties": { "label": "vineyard", "row_structure": null }, "geometry": { "type": "Polygon", "coordinates": [ [ [ 629217.402325847768225, 5220818.62668945081532 ], [ 629217.475062811630778, 5220818.674882485531271 ], [ 629217.549885047599673, 5220818.674885047599673 ], [ 629217.524882486090064, 5220818.42506281286478 ], [ 629217.449951042188331, 5220818.37511819601059 ], [ 629217.325115925981663, 5220818.400095137767494 ], [ 629217.275114952470176, 5220818.624885046854615 ], [ 629217.402325847768225, 5220818.62668945081532 ] ] ] } },
{ "type": "Feature", "properties": { "label": "vineyard", "row_structure": null }, "geometry": { "type": "Polygon", "coordinates": [ [ [ 629231.474840973503888, 5220818.224840973503888 ], [ 629231.476591013954021, 5220817.848332301713526 ], [ 629231.595639892388135, 5220817.615113694220781 ], [ 629231.674975912901573, 5220817.598035444505513 ], [ 629231.649845030624419, 5220817.375081348232925 ], [ 629231.524854337796569, 5220817.175157553516328 ], [ 629231.447054229443893, 5220817.150000000372529 ], [ 629231.30008639045991, 5220817.150170706212521 ], [ 629231.27517070423346, 5220817.175086391158402 ], [ 629231.400150198373012, 5220817.499843294732273 ], [ 629231.58594081341289, 5220817.612734084017575 ], [ 629231.479359647375531, 5220817.834884655661881 ], [ 629231.400159026496112, 5220817.850159027613699 ], [ 629231.395481064915657, 5220818.194185723550618 ], [ 629231.357562700402923, 5220818.215642668306828 ], [ 629231.120200452161953, 5220818.178264551796019 ], [ 629231.074876368860714, 5220818.125159606337547 ], [ 629231.000086390413344, 5220818.125170705839992 ], [ 629230.975170704186894, 5220818.150086390785873 ], [ 629230.974999999976717, 5220818.272054241970181 ], [ 629231.474840973503888, 5220818.224840973503888 ] ] ] } },
{ "type": "Feature", "properties": { "label": "vineyard", "row_structure": null }, "geometry": { "type": "Polygon", "coordinates": [ [ [ 629225.47482929576654, 5220817.749913609586656 ], [ 629225.482196034281515, 5220817.682934492826462 ], [ 629225.599829303566366, 5220817.54991361591965 ], [ 629225.604418868198991, 5220817.422976333647966 ], [ 629225.691777491010725, 5220817.311575461179018 ], [ 629225.925649929209612, 5220817.32647658418864 ], [ 629225.950159026542678, 5220817.399840973317623 ], [ 629226.009367408463731, 5220817.41178587730974 ], [ 629226.144248082302511, 5220817.594478629529476 ], [ 629226.081545661436394, 5220817.798299262300134 ], [ 629226.040590627584606, 5220817.821419232524931 ], [ 629225.949925053864717, 5220817.775157096795738 ], [ 629225.85108412289992, 5220817.775067341513932 ], [ 629225.725161639973521, 5220817.825150365009904 ], [ 629225.717682703165337, 5220817.956497376784682 ], [ 629225.60197549732402, 5220818.045777667313814 ], [ 629225.525159026496112, 5220818.050159027799964 ], [ 629225.525159604032524, 5220818.124876368790865 ], [ 629225.649854695075192, 5220818.149839621968567 ], [ 629225.743544148281217, 5220818.03413465525955 ], [ 629225.793383789481595, 5220818.025176952593029 ], [ 629225.975086375023238, 5220818.174829318188131 ], [ 629226.049876368837431, 5220818.174840394407511 ], [ 629226.074932691175491, 5220818.123915242031217 ], [ 629226.075974822160788, 5220817.822702685371041 ], [ 629226.143162009306252, 5220817.626968783326447 ], [ 629226.249840973527171, 5220817.599840973503888 ], [ 629226.185467887087725, 5220817.256256680004299 ], [ 629226.256003272719681, 5220817.203331960365176 ], [ 629226.32484097359702, 5220817.199840973131359 ], [ 629226.32484097359702, 5220817.100159027613699 ], [ 629226.21258425549604, 5220817.09854752663523 ], [ 629226.049923413200304, 5220817.025170071050525 ], [ 629225.925159026519395, 5220817.025159027427435 ], [ 629225.925170685397461, 5220817.099913625046611 ], [ 629225.995206897496246, 5220817.234513692557812 ], [ 629225.931841659476049, 5220817.322312450036407 ], [ 629225.724355303333141, 5220817.298519234173 ], [ 629225.699843034613878, 5220817.225128184072673 ], [ 629225.575123631162569, 5220817.175159607082605 ], [ 629225.325159026542678, 5220817.824840973131359 ], [ 629225.47482929576654, 5220817.749913609586656 ] ] ] } },
{ "type": "Feature", "properties": { "label": "vineyard", "row_structure": null }, "geometry": { "type": "Polygon", "coordinates": [ [ [ 629201.174870860762894, 5220817.874831404536963 ], [ 629201.374908972298726, 5220817.77483348082751 ], [ 629201.499826790299267, 5220817.599903368391097 ], [ 629201.499840395990759, 5220817.475123631767929 ], [ 629201.449945343309082, 5220817.42540782596916 ], [ 629201.475192169426009, 5220817.012631225399673 ], [ 629201.599955923040397, 5220816.87256736587733 ], [ 629201.496015532873571, 5220816.797597086988389 ], [ 629201.491454064147547, 5220816.681121004745364 ], [ 629201.599840973503888, 5220816.550159027799964 ], [ 629201.500161142786965, 5220816.575086161494255 ], [ 629201.474999999976717, 5220816.702945758588612 ], [ 629201.494290478876792, 5220816.846552088856697 ], [ 629201.406989153358154, 5220816.989088051021099 ], [ 629201.250158328562975, 5220817.075080903246999 ], [ 629201.250158328562975, 5220817.174919097684324 ], [ 629201.373255746089853, 5220817.262706066481769 ], [ 629201.374407902359962, 5220817.448047457262874 ], [ 629201.225141084287316, 5220817.600153068080544 ], [ 629201.100171371013857, 5220817.80013355333358 ], [ 629201.099999999976717, 5220817.847054242156446 ], [ 629201.174870860762894, 5220817.874831404536963 ] ] ] } },
{ "type": "Feature", "properties": { "label": "vineyard", "row_structure": null }, "geometry": { "type": "Polygon", "coordinates": [ [ [ 629211.899951042141765, 5220819.099881804548204 ], [ 629211.974882486043498, 5220819.049937187694013 ], [ 629212.011807873495854, 5220818.677860326133668 ], [ 629212.174928923603147, 5220818.599893629550934 ], [ 629212.224881805363111, 5220818.524951042607427 ], [ 629212.224882486043498, 5220818.400062812492251 ], [ 629212.179174360469915, 5220818.340866924263537 ], [ 629212.18054578138981, 5220818.258886242285371 ], [ 629212.225706581957638, 5220818.211206310428679 ], [ 629212.32495104172267, 5220818.199881805106997 ], [ 629212.399882486090064, 5220818.149937188252807 ], [ 629212.399881805526093, 5220817.950048957951367 ], [ 629212.32555270800367, 5220817.794521198607981 ], [ 629212.349885047529824, 5220817.575114953331649 ], [ 629212.232155205449089, 5220817.623248737305403 ], [ 629212.125114952446893, 5220817.625114953145385 ], [ 629212.118056286941282, 5220817.750135502777994 ], [ 629212.050117513979785, 5220817.825062811374664 ], [ 629212.096074064262211, 5220818.041267092339694 ], [ 629212.050117150181904, 5220818.100070217624307 ], [ 629212.034604516229592, 5220818.216833410784602 ], [ 629211.900117513956502, 5220818.325062811374664 ], [ 629211.89011392055545, 5220818.474626635201275 ], [ 629211.800114952493459, 5220818.525114953517914 ], [ 629211.810927307931706, 5220818.699968544766307 ], [ 629211.725115458713844, 5220818.775104645639658 ], [ 629211.722795277833939, 5220818.929904475808144 ], [ 629211.650117513956502, 5220819.025062812492251 ], [ 629211.650114952470176, 5220819.099885047413409 ], [ 629211.899951042141765, 5220819.099881804548204 ] ] ] } },
{ "type": "Feature", "properties": { "label": "vineyard", "row_structure": null }, "geometry": { "type": "Polygon", "coordinates": [ [ [ 629209.000100302509964, 5220818.499900931492448 ], [ 629209.175050495192409, 5220818.574882595799863 ], [ 629209.274942678050138, 5220818.574882930144668 ], [ 629209.449900931562297, 5220818.474899697117507 ], [ 629209.494792258949019, 5220818.40011562500149 ], [ 629209.574882929562591, 5220818.349942677654326 ], [ 629209.558868023683317, 5220818.103748392313719 ], [ 629209.724882594891824, 5220817.874949505552649 ], [ 629209.724885719246231, 5220817.475114280357957 ], [ 629209.525040100328624, 5220817.450117913074791 ], [ 629209.40011076501105, 5220817.525063037872314 ], [ 629209.350116591784172, 5220817.600067098625004 ], [ 629209.356258055311628, 5220817.752170321531594 ], [ 629209.312448830460198, 5220817.858580313622952 ], [ 629209.218542090966366, 5220817.964219466783106 ], [ 629209.125114280846901, 5220818.000114280730486 ], [ 629209.099999999976717, 5220818.122552487999201 ], [ 629209.127356614801101, 5220818.265181536786258 ], [ 629209.02453100704588, 5220818.379231666214764 ], [ 629208.95011428068392, 5220818.400114280171692 ], [ 629209.000100302509964, 5220818.499900931492448 ] ] ] } },
{ "type": "Feature", "properties": { "label": "vineyard", "row_structure": null }, "geometry": { "type": "Polygon", "coordinates": [ [ [ 629212.399871228146367, 5220817.59983910061419 ], [ 629212.649846755666658, 5220817.349895146675408 ], [ 629212.749821835896, 5220817.124937958084047 ], [ 629212.74982932175044, 5220817.025086372159421 ], [ 629212.701534112682566, 5220816.929862687364221 ], [ 629212.82484097359702, 5220816.800159027799964 ], [ 629212.629055270692334, 5220816.89805846568197 ], [ 629212.450161643908359, 5220816.925150371156633 ], [ 629212.475152926635928, 5220817.099901511333883 ], [ 629212.521978493314236, 5220817.158873156644404 ], [ 629212.501303758937865, 5220817.291479139588773 ], [ 629212.401469774893485, 5220817.398383134044707 ], [ 629212.300158624537289, 5220817.450143439695239 ], [ 629212.300000000046566, 5220817.572054241783917 ], [ 629212.399871228146367, 5220817.59983910061419 ] ] ] } },
{ "type": "Feature", "properties": { "label": "vineyard", "row_structure": null }, "geometry": { "type": "Polygon", "coordinates": [ [ [ 629228.450150384334847, 5220817.974838343448937 ], [ 629228.57205423549749, 5220817.975000000558794 ], [ 629228.724830902414396, 5220817.824881298467517 ], [ 629228.725884984247386, 5220817.700462856329978 ], [ 629228.774925487814471, 5220817.5490618692711 ], [ 629228.758670185925439, 5220817.337646505795419 ], [ 629228.873553402372636, 5220817.159465759992599 ], [ 629228.974933229386806, 5220817.148904284462333 ], [ 629228.974840973503888, 5220817.07515902724117 ], [ 629228.875159026472829, 5220817.07515902724117 ], [ 629228.868259578943253, 5220817.155654205940664 ], [ 629228.718845640774816, 5220817.303866153582931 ], [ 629228.516919940127991, 5220817.265987420454621 ], [ 629228.498904285370372, 5220816.775066771544516 ], [ 629228.450000000069849, 5220816.847054242156446 ], [ 629228.497568303369917, 5220816.8858562996611 ], [ 629228.499315662658773, 5220817.262396194972098 ], [ 629228.400160396588035, 5220817.350139084272087 ], [ 629228.350061973789707, 5220817.601193357259035 ], [ 629228.450150384334847, 5220817.974838343448937 ] ] ] } },
{ "type": "Feature", "properties": { "label": "vineyard", "row_structure": null }, "geometry": { "type": "Polygon", "coordinates": [ [ [ 629217.600114280823618, 5220816.899885719642043 ], [ 629217.699531010934152, 5220816.920768336392939 ], [ 629217.820855910424143, 5220817.078787279315293 ], [ 629217.812462487607263, 5220817.163944249972701 ], [ 629217.700117070460692, 5220817.30005732178688 ], [ 629217.738400029134937, 5220817.454896916635334 ], [ 629217.699999999953434, 5220817.597552487626672 ], [ 629217.750057321973145, 5220817.699882930144668 ], [ 629217.849949504830875, 5220817.699882595799863 ], [ 629217.924892274197191, 5220817.649934208020568 ], [ 629217.958710968843661, 5220817.500159505754709 ], [ 629218.016986639937386, 5220817.42390114068985 ], [ 629218.224892273661681, 5220817.299934208393097 ], [ 629218.25, 5220817.247552487067878 ], [ 629218.229089365107939, 5220817.12277973163873 ], [ 629218.264863412943669, 5220817.057982716709375 ], [ 629218.360356247168966, 5220817.012558008544147 ], [ 629218.475050496286713, 5220817.049882596358657 ], [ 629218.549892274197191, 5220817.024934208020568 ], [ 629218.649882595054805, 5220816.799949506297708 ], [ 629218.64988259493839, 5220816.725050494074821 ], [ 629218.499934207298793, 5220816.525107725523412 ], [ 629218.289867069805041, 5220816.467020601034164 ], [ 629218.224885719129816, 5220816.300114280544221 ], [ 629217.999949503922835, 5220816.200117403641343 ], [ 629217.925114280660637, 5220816.200114279985428 ], [ 629217.925117070553824, 5220816.249942678958178 ], [ 629218.0479835170554, 5220816.342828093096614 ], [ 629218.033983966219239, 5220816.507583454251289 ], [ 629217.944503317470662, 5220816.553148818202317 ], [ 629217.67505732155405, 5220816.500117070041597 ], [ 629217.575117404921912, 5220816.700050493702292 ], [ 629217.600114280823618, 5220816.899885719642043 ] ] ] } },
{ "type": "Feature", "properties": { "label": "vineyard", "row_structure": null }, "geometry": { "type": "Polygon", "coordinates": [ [ [ 629223.225152685074136, 5220818.549866768531501 ], [ 629223.349857697612606, 5220818.574839384295046 ], [ 629223.599514817236923, 5220818.125807288102806 ], [ 629223.701412339811213, 5220817.698106849566102 ], [ 629223.87484596343711, 5220817.44991344306618 ], [ 629223.99983835616149, 5220816.950150369666517 ], [ 629223.624876595451497, 5220816.800152206793427 ], [ 629223.550159026519395, 5220816.800159027799964 ], [ 629223.510133779491298, 5220816.954710039310157 ], [ 629223.253498094389215, 5220817.048639629967511 ], [ 629223.150159026496112, 5220817.050159027799964 ], [ 629223.150159026496112, 5220817.124840972945094 ], [ 629223.254511153907515, 5220817.130268395878375 ], [ 629223.412319962400943, 5220817.26895051728934 ], [ 629223.125159378047101, 5220817.725134510546923 ], [ 629223.050170700415038, 5220818.249913613311946 ], [ 629223.225152685074136, 5220818.549866768531501 ] ] ] } },
{ "type": "Feature", "properties": { "label": "vineyard", "row_structure": null }, "geometry": { "type": "Polygon", "coordinates": [ [ [ 629203.67488571931608, 5220817.999885719269514 ], [ 629203.713498124154285, 5220817.840806047432125 ], [ 629203.843715135823004, 5220817.718945910222828 ], [ 629203.946734518976882, 5220817.730047573335469 ], [ 629204.002447513048537, 5220817.775000000372529 ], [ 629204.124949504854158, 5220817.774882595986128 ], [ 629204.199892274453305, 5220817.72493420727551 ], [ 629204.229931678972207, 5220817.534963644109666 ], [ 629204.349882085807621, 5220817.274959901347756 ], [ 629204.349882929353043, 5220817.150057322345674 ], [ 629204.324934207485057, 5220817.125107725150883 ], [ 629204.07511428068392, 5220817.025114280171692 ], [ 629204.024095769505948, 5220817.16715516988188 ], [ 629203.95011428068392, 5220817.200114279985428 ], [ 629203.917020599823445, 5220817.285132931545377 ], [ 629203.700107725802809, 5220817.475065791979432 ], [ 629203.630322503391653, 5220817.68456757068634 ], [ 629203.50010772573296, 5220817.77506579272449 ], [ 629203.475114280707203, 5220817.999885719269514 ], [ 629203.67488571931608, 5220817.999885719269514 ] ] ] } },
{ "type": "Feature", "properties": { "label": "vineyard", "row_structure": null }, "geometry": { "type": "Polygon", "coordinates": [ [ [ 629215.074913609889336, 5220817.874829294160008 ], [ 629215.194347105221823, 5220817.756726200692356 ], [ 629215.299913625582121, 5220817.749829317443073 ], [ 629215.349829318467528, 5220817.699913624674082 ], [ 629215.350599952740595, 5220817.51362072955817 ], [ 629215.425000000046566, 5220817.372054241597652 ], [ 629215.350647733313963, 5220817.10890385415405 ], [ 629215.350685836281627, 5220816.983536471612751 ], [ 629215.443502623704262, 5220816.857317295856774 ], [ 629215.524876368930563, 5220816.849840394221246 ], [ 629215.549842573353089, 5220816.775145251303911 ], [ 629215.375159026472829, 5220816.725159027613699 ], [ 629215.373043110361323, 5220816.826819111593068 ], [ 629215.298010675585829, 5220816.958198882639408 ], [ 629215.224318851716816, 5220816.975861475802958 ], [ 629215.14865668094717, 5220817.12391921132803 ], [ 629215.049626612453721, 5220817.201030624099076 ], [ 629214.999198719160631, 5220817.606747983954847 ], [ 629214.95015709544532, 5220817.700074950233102 ], [ 629214.950000000069849, 5220817.847054242156446 ], [ 629215.074913609889336, 5220817.874829294160008 ] ] ] } },
{ "type": "Feature", "properties": { "label": "vineyard", "row_structure": null }, "geometry": { "type": "Polygon", "coordinates": [ [ [ 629220.324937188415788, 5220817.899882485158741 ], [ 629220.499893627944402, 5220817.749928924255073 ], [ 629220.55604594538454, 5220817.627575292252004 ], [ 629220.64988504757639, 5220817.599885047413409 ], [ 629220.724999999976717, 5220817.277454862371087 ], [ 629220.637813379405998, 5220816.908710450865328 ], [ 629220.688310539000668, 5220816.837364827282727 ], [ 629220.799885047599673, 5220816.82488504704088 ], [ 629220.799885047599673, 5220816.725114953704178 ], [ 629220.700114952516742, 5220816.725114953704178 ], [ 629220.692778484662995, 5220816.81560845207423 ], [ 629220.649626630940475, 5220816.865113922394812 ], [ 629220.525042403605767, 5220816.875118517316878 ], [ 629220.375117513933219, 5220816.950062811374664 ], [ 629220.37006221874617, 5220817.04005691409111 ], [ 629220.300118194543757, 5220817.150048958137631 ], [ 629220.219574833172373, 5220817.467246976681054 ], [ 629220.174095115624368, 5220817.567155892029405 ], [ 629220.100095137720928, 5220817.600115926004946 ], [ 629220.05011592595838, 5220817.799904863350093 ], [ 629220.324937188415788, 5220817.899882485158741 ] ] ] } },
{ "type": "Feature", "properties": { "label": "vineyard", "row_structure": null }, "geometry": { "type": "Polygon", "coordinates": [ [ [ 629223.500150369480252, 5220816.624838354997337 ], [ 629223.573843301972374, 5220816.624936224892735 ], [ 629223.699842658941634, 5220816.524863378144801 ], [ 629223.727989890263416, 5220816.453790105879307 ], [ 629223.897986160824075, 5220816.4506377549842 ], [ 629223.99591341544874, 5220816.498666965402663 ], [ 629224.049127717735246, 5220816.588876057416201 ], [ 629224.049231411190704, 5220816.741235071793199 ], [ 629223.955654266872443, 5220816.84325878508389 ], [ 629223.900159026496112, 5220816.850159027613699 ], [ 629223.900000000023283, 5220816.922054241411388 ], [ 629223.925086389528587, 5220816.94982929341495 ], [ 629223.999840973527171, 5220816.949840973131359 ], [ 629224.009134653140791, 5220816.893544147722423 ], [ 629224.149839236284606, 5220816.774908668361604 ], [ 629224.224841234856285, 5220816.574948135763407 ], [ 629224.226952238124795, 5220816.48483603540808 ], [ 629224.349853833671659, 5220816.274922977201641 ], [ 629224.399829295813106, 5220816.100086390972137 ], [ 629224.301016788929701, 5220816.075070649385452 ], [ 629224.211125080124475, 5220816.124128371477127 ], [ 629224.050123631255701, 5220816.125159606337547 ], [ 629224.020155949518085, 5220816.274880188517272 ], [ 629223.900157243595459, 5220816.375136545859277 ], [ 629223.872007038560696, 5220816.446206949651241 ], [ 629223.702012224472128, 5220816.449343050830066 ], [ 629223.599898427026346, 5220816.375169922597706 ], [ 629223.525143444654532, 5220816.375158629380167 ], [ 629223.475170134217478, 5220816.475076612085104 ], [ 629223.500150369480252, 5220816.624838354997337 ] ] ] } },
{ "type": "Feature", "properties": { "label": "vineyard", "row_structure": null }, "geometry": { "type": "Polygon", "coordinates": [ [ [ 629231.850086375023238, 5220816.949829317629337 ], [ 629231.94984097359702, 5220816.949840973131359 ], [ 629231.954891841858625, 5220816.818054250441492 ], [ 629232.04841773735825, 5220816.683891312219203 ], [ 629232.115012926398776, 5220816.67953412886709 ], [ 629232.198059749789536, 5220816.846011470071971 ], [ 629232.200170692638494, 5220816.924913617782295 ], [ 629232.300151714356616, 5220817.124840253032744 ], [ 629232.324913625023328, 5220817.124829317443073 ], [ 629232.37482931825798, 5220817.074913625605404 ], [ 629232.374826406827196, 5220816.950088828802109 ], [ 629232.299913613474928, 5220816.850170702673495 ], [ 629232.193637663149275, 5220816.829633489251137 ], [ 629232.129414860275574, 5220816.680841829627752 ], [ 629232.149839053978212, 5220816.550139538012445 ], [ 629232.041799357510172, 5220816.387330650351942 ], [ 629232.155966420075856, 5220816.252988068386912 ], [ 629232.402404779917561, 5220816.254660854116082 ], [ 629232.475591829279438, 5220816.52585107833147 ], [ 629232.550151714356616, 5220816.674840253777802 ], [ 629232.599913609563373, 5220816.674829294905066 ], [ 629232.774829190340824, 5220816.399937245994806 ], [ 629232.72484961792361, 5220816.17516165599227 ], [ 629232.400159026496112, 5220816.175159027799964 ], [ 629232.371611387119628, 5220816.245822750963271 ], [ 629232.186079314444214, 5220816.247352527454495 ], [ 629232.15304481878411, 5220816.222852475009859 ], [ 629232.124916690750979, 5220816.100153716281056 ], [ 629231.950086384778842, 5220816.075170697644353 ], [ 629231.850170764722861, 5220816.225062739104033 ], [ 629231.8907624585554, 5220816.423436182551086 ], [ 629231.60016061947681, 5220816.625142307952046 ], [ 629231.599999999976717, 5220816.772054241970181 ], [ 629231.850086375023238, 5220816.949829317629337 ] ] ] } },
{ "type": "Feature", "properties": { "label": "vineyard", "row_structure": null }, "geometry": { "type": "Polygon", "coordinates": [ [ [ 629225.775114952470176, 5220816.724885047413409 ], [ 629225.824885047622956, 5220816.724885047413409 ], [ 629225.84254106937442, 5220816.634404960088432 ], [ 629225.918255606316961, 5220816.591205834411085 ], [ 629225.992004205822013, 5220816.616745826788247 ], [ 629226.075095137464814, 5220816.724884073249996 ], [ 629226.278368739876896, 5220816.686043399386108 ], [ 629226.343056286917999, 5220816.749864498153329 ], [ 629226.350117150112055, 5220816.874929782934487 ], [ 629226.400117513956502, 5220816.974937189370394 ], [ 629226.499937188229524, 5220816.999882484786212 ], [ 629226.560179953230545, 5220816.921165357343853 ], [ 629226.624885047553107, 5220816.899885047227144 ], [ 629226.63285927020479, 5220816.713200805708766 ], [ 629226.701443402213044, 5220816.675504711456597 ], [ 629226.849904862581752, 5220816.699884072877467 ], [ 629226.974882849841379, 5220816.424929783679545 ], [ 629226.999883639859036, 5220816.325086299329996 ], [ 629226.943132952786982, 5220816.285723245702684 ], [ 629226.924885047599673, 5220816.225114953704178 ], [ 629226.829289321904071, 5220816.195710678584874 ], [ 629226.800481527345255, 5220816.134801714681089 ], [ 629226.819263491546735, 5220816.031972918659449 ], [ 629226.924882486113347, 5220815.949937188066542 ], [ 629226.924885047599673, 5220815.825114953331649 ], [ 629226.850048957858235, 5220815.825118196196854 ], [ 629226.74888328218367, 5220815.914004947990179 ], [ 629226.604402040480636, 5220815.965364539064467 ], [ 629226.499937188229524, 5220815.875117515213788 ], [ 629226.309450714848936, 5220815.800520138815045 ], [ 629226.27488504757639, 5220815.700114953331649 ], [ 629226.200114952516742, 5220815.700114953331649 ], [ 629226.200116360210814, 5220815.799913701601326 ], [ 629226.256867047282867, 5220815.839276755228639 ], [ 629226.275000000023283, 5220815.896703112870455 ], [ 629226.280395021429285, 5220816.174770193174481 ], [ 629226.225117150228471, 5220816.250070216134191 ], [ 629226.217725812573917, 5220816.400964559055865 ], [ 629226.128569225198589, 5220816.46345857065171 ], [ 629225.875114952446893, 5220816.400114953517914 ], [ 629225.844314404414035, 5220816.586945792660117 ], [ 629225.775595064624213, 5220816.649915016256273 ], [ 629225.775114952470176, 5220816.724885047413409 ] ] ] } },
{ "type": "Feature", "properties": { "label": "vineyard", "row_structure": null }, "geometry": { "type": "Polygon", "coordinates": [ [ [ 629198.825115925981663, 5220817.174904863350093 ], [ 629198.999937188229524, 5220817.199882484972477 ], [ 629199.049882486113347, 5220817.149937188252807 ], [ 629199.039945892756805, 5220816.973892380483449 ], [ 629199.079760058317333, 5220816.917640375904739 ], [ 629199.14988504757639, 5220816.899885047227144 ], [ 629199.149882486090064, 5220816.80006281286478 ], [ 629198.999937188229524, 5220816.550117515958846 ], [ 629198.800114952493459, 5220816.600114953704178 ], [ 629198.80011786124669, 5220816.72494425624609 ], [ 629198.833901405334473, 5220816.795093238353729 ], [ 629198.801114677684382, 5220816.976300762966275 ], [ 629198.825115925981663, 5220817.174904863350093 ] ] ] } },
{ "type": "Feature", "properties": { "label": "vineyard", "row_structure": null }, "geometry": { "type": "Polygon", "coordinates": [ [ [ 629204.10013065696694, 5220817.049870261922479 ], [ 629204.32484097359702, 5220817.124840972945094 ], [ 629204.350472698453814, 5220816.975168756209314 ], [ 629204.474829190527089, 5220816.749937243759632 ], [ 629204.480268679442815, 5220816.570296967402101 ], [ 629204.66850505664479, 5220816.358315292745829 ], [ 629204.799840396037325, 5220816.324876368977129 ], [ 629204.799840973573737, 5220815.925159027799964 ], [ 629204.724774586735293, 5220815.926022517494857 ], [ 629204.650168378837407, 5220816.125105987302959 ], [ 629204.639893854036927, 5220816.336436610668898 ], [ 629204.457499907584861, 5220816.53678273037076 ], [ 629204.251964574097656, 5220816.525024087168276 ], [ 629204.175148450070992, 5220816.550153572112322 ], [ 629204.050170764909126, 5220816.800062739290297 ], [ 629204.10013065696694, 5220817.049870261922479 ] ] ] } },
{ "type": "Feature", "properties": { "label": "vineyard", "row_structure": null }, "geometry": { "type": "Polygon", "coordinates": [ [ [ 629209.475170764722861, 5220817.02493726182729 ], [ 629209.598502151435241, 5220817.321424882858992 ], [ 629209.600159603985958, 5220817.449876368977129 ], [ 629209.799913625349291, 5220817.474829318001866 ], [ 629209.899830070906319, 5220817.374898420646787 ], [ 629209.901949742459692, 5220817.195923766121268 ], [ 629210.074953105882742, 5220816.847689643502235 ], [ 629209.883031885023229, 5220817.03584398329258 ], [ 629209.874727422720753, 5220817.382105137221515 ], [ 629209.800754186930135, 5220817.45642898324877 ], [ 629209.60608634527307, 5220817.355704982765019 ], [ 629209.593938631587662, 5220817.162147012539208 ], [ 629209.49052837502677, 5220817.03970364574343 ], [ 629209.515242098947056, 5220816.872336225584149 ], [ 629209.659352762624621, 5220816.767673966474831 ], [ 629209.69267396943178, 5220816.734352759085596 ], [ 629209.715798704884946, 5220816.700802720151842 ], [ 629209.756949580274522, 5220816.375737590715289 ], [ 629209.921810366096906, 5220816.272785174660385 ], [ 629210.03594010474626, 5220816.118464224040508 ], [ 629210.088819145108573, 5220816.121676056645811 ], [ 629210.231055500917137, 5220816.30392608884722 ], [ 629210.089505488984287, 5220816.443120048381388 ], [ 629210.075027112150565, 5220816.527346997521818 ], [ 629210.22484673676081, 5220816.349895132705569 ], [ 629210.249956320854835, 5220816.29755983967334 ], [ 629210.113267016015016, 5220816.120756611227989 ], [ 629210.140689208288677, 5220816.082140170037746 ], [ 629210.249950504745357, 5220816.077409011311829 ], [ 629210.224849630845711, 5220816.000161645002663 ], [ 629210.125138421310112, 5220816.000167982652783 ], [ 629210.027288907323964, 5220816.09529038798064 ], [ 629209.950159026542678, 5220816.100159027613699 ], [ 629209.943786960560828, 5220816.182869857177138 ], [ 629209.859731163014658, 5220816.290355583652854 ], [ 629209.775149573106319, 5220816.325097967870533 ], [ 629209.709526522201486, 5220816.473586573265493 ], [ 629209.500159026472829, 5220816.525159027427435 ], [ 629209.684349500574172, 5220816.727874483913183 ], [ 629209.475170681718737, 5220816.900086374953389 ], [ 629209.475170764722861, 5220817.02493726182729 ] ] ] } },
{ "type": "Feature", "properties": { "label": "vineyard", "row_structure": null }, "geometry": { "type": "Polygon", "coordinates": [ [ [ 629198.92794576450251, 5220816.275000000372529 ], [ 629199.099840232287534, 5220816.249848255887628 ], [ 629199.106741216150112, 5220816.171800595708191 ], [ 629199.265739150112495, 5220816.011715727858245 ], [ 629199.374844762962312, 5220815.999840600416064 ], [ 629199.449482258642092, 5220815.729458120651543 ], [ 629199.599833944928832, 5220815.59985956735909 ], [ 629199.574838880216703, 5220815.375086144544184 ], [ 629199.524913625326008, 5220815.325170682743192 ], [ 629199.425148798152804, 5220815.325157607905567 ], [ 629199.374511891277507, 5220815.499769669957459 ], [ 629199.300163952051662, 5220815.600103470496833 ], [ 629199.250074318493716, 5220815.825942075811327 ], [ 629199.263690499938093, 5220816.007855889387429 ], [ 629199.101270776358433, 5220816.167314620688558 ], [ 629198.900159026496112, 5220816.150159027427435 ], [ 629198.900000000023283, 5220816.247054241597652 ], [ 629198.92794576450251, 5220816.275000000372529 ] ] ] } },
{ "type": "Feature", "properties": { "label": "vineyard", "row_structure": null }, "geometry": { "type": "Polygon", "coordinates": [ [ [ 629218.175062044290826, 5220816.299821835942566 ], [ 629218.312917762435973, 5220816.229526909999549 ], [ 629218.472554663545452, 5220816.299951948225498 ], [ 629218.499138521146961, 5220816.275681152939796 ], [ 629218.50173649250064, 5220815.937706465832889 ], [ 629218.624950432684273, 5220815.847621837630868 ], [ 629218.556554405833595, 5220815.863825891166925 ], [ 629218.406293816165999, 5220815.723176762461662 ], [ 629218.377207239042036, 5220815.587279911153018 ], [ 629218.582532786414959, 5220815.471999215893447 ], [ 629218.624953110585921, 5220815.477359868586063 ], [ 629218.600681149400771, 5220815.450861476361752 ], [ 629218.350159026449546, 5220815.45015902724117 ], [ 629218.37517068174202, 5220815.87491362541914 ], [ 629218.423030605190434, 5220815.936038190498948 ], [ 629218.392485106131062, 5220816.154984397813678 ], [ 629218.298339647939429, 5220816.211454331874847 ], [ 629218.149857646552846, 5220816.075160669162869 ], [ 629218.050951052107848, 5220816.075073878280818 ], [ 629217.975132796680555, 5220816.100152316503227 ], [ 629217.925000000046566, 5220816.197054241783917 ], [ 629218.175062044290826, 5220816.299821835942566 ] ] ] } },
{ "type": "Feature", "properties": { "label": "vineyard", "row_structure": null }, "geometry": { "type": "Polygon", "coordinates": [ [ [ 629220.825117514003068, 5220816.224937187507749 ], [ 629220.939820046769455, 5220816.271165356971323 ], [ 629221.000062811770476, 5220816.349882485345006 ], [ 629221.074885047622956, 5220816.349885047413409 ], [ 629221.049883233266883, 5220816.000078021548688 ], [ 629220.999921979499049, 5220815.950116767548025 ], [ 629220.925114952493459, 5220815.950114953331649 ], [ 629220.90686704707332, 5220816.035723246634007 ], [ 629220.825117514003068, 5220816.100062812678516 ], [ 629220.825117514003068, 5220816.224937187507749 ] ] ] } },
{ "type": "Feature", "properties": { "label": "vineyard", "row_structure": null }, "geometry": { "type": "Polygon", "coordinates": [ [ [ 629232.675159026519395, 5220815.099840973503888 ], [ 629232.784012117190287, 5220815.104829780757427 ], [ 629233.374239372322336, 5220815.441065672785044 ], [ 629233.369935089140199, 5220815.502149018459022 ], [ 629233.200158340856433, 5220815.700132315047085 ], [ 629233.195289578055963, 5220815.756773258559406 ], [ 629233.062652171705849, 5220815.950761168263853 ], [ 629232.948923798161559, 5220815.900067730806768 ], [ 629232.7251597676659, 5220815.92515174485743 ], [ 629232.725173640646972, 5220815.999911148101091 ], [ 629232.77512818237301, 5220816.074843033216894 ], [ 629232.849926473922096, 5220816.074817600660026 ], [ 629233.049138521193527, 5220816.000681152567267 ], [ 629233.524840973550454, 5220815.32515902724117 ], [ 629233.400793393258937, 5220815.340621057897806 ], [ 629232.796866126009263, 5220815.105824075639248 ], [ 629232.774840973550454, 5220815.025159027427435 ], [ 629232.675159026519395, 5220815.025159027427435 ], [ 629232.675159026519395, 5220815.099840973503888 ] ] ] } },
{ "type": "Feature", "properties": { "label": "vineyard", "row_structure": null }, "geometry": { "type": "Polygon", "coordinates": [ [ [ 629204.852897204458714, 5220815.455143292434514 ], [ 629204.850115925888531, 5220815.624904862605035 ], [ 629204.999885047553107, 5220815.649885047227144 ], [ 629204.999882486066781, 5220815.575062811374664 ], [ 629204.909404958132654, 5220815.532458931207657 ], [ 629204.86954618326854, 5220815.47647409979254 ], [ 629204.91039423563052, 5220815.349494774825871 ], [ 629204.977882328093983, 5220815.301787078380585 ], [ 629205.199885047622956, 5220815.299885047599673 ], [ 629205.220755307935178, 5220815.175483625382185 ], [ 629205.374884074204601, 5220815.049904862418771 ], [ 629205.399881483521312, 5220814.800042405724525 ], [ 629205.374882486066781, 5220814.725062812678516 ], [ 629205.224937188206241, 5220814.575117515400052 ], [ 629205.150114952470176, 5220814.575114953331649 ], [ 629205.145062218769453, 5220814.690056914463639 ], [ 629205.075117514003068, 5220814.775062812492251 ], [ 629205.0314036331838, 5220814.95808139629662 ], [ 629204.900114952470176, 5220815.000114953145385 ], [ 629204.891799439908937, 5220815.192956223152578 ], [ 629204.750117513933219, 5220815.30006281286478 ], [ 629204.750114952446893, 5220815.399885047227144 ], [ 629204.852897204458714, 5220815.455143292434514 ] ] ] } },
{ "type": "Feature", "properties": { "label": "vineyard", "row_structure": null }, "geometry": { "type": "Polygon", "coordinates": [ [ [ 629229.075117514003068, 5220816.174937187694013 ], [ 629229.159002612694167, 5220816.278444718569517 ], [ 629229.150117513956502, 5220816.424937189556658 ], [ 629229.325048957951367, 5220816.549881804734468 ], [ 629229.374904862605035, 5220816.54988407343626 ], [ 629229.399881805409677, 5220816.499951042234898 ], [ 629229.36415264790412, 5220816.307498393580317 ], [ 629229.457985492772423, 5220816.15023244637996 ], [ 629229.562005723128095, 5220816.162522482685745 ], [ 629229.600117513909936, 5220816.249937187880278 ], [ 629229.725062811630778, 5220816.349882485345006 ], [ 629229.824937188415788, 5220816.349882485345006 ], [ 629229.874893627711572, 5220816.299928925931454 ], [ 629229.924881805549376, 5220816.199951042421162 ], [ 629229.899881805526093, 5220816.075048957951367 ], [ 629229.849937188206241, 5220816.000117515213788 ], [ 629229.730490967747755, 5220815.998078528791666 ], [ 629229.672698954702355, 5220815.963439328595996 ], [ 629229.649882486090064, 5220815.775062812492251 ], [ 629229.601562776952051, 5220815.690519969910383 ], [ 629229.672698954702355, 5220815.536560671404004 ], [ 629229.774895354523323, 5220815.499884540215135 ], [ 629229.824882849934511, 5220815.424929783679545 ], [ 629229.874885047553107, 5220815.125114953145385 ], [ 629229.762691075098701, 5220815.135846226476133 ], [ 629229.572545121074654, 5220815.075000000186265 ], [ 629229.500106372288428, 5220815.125071074813604 ], [ 629229.475118194590323, 5220815.17504895851016 ], [ 629229.501013814704493, 5220815.409295373596251 ], [ 629229.481455022469163, 5220815.473772071301937 ], [ 629229.415807317243889, 5220815.513119792565703 ], [ 629229.200114952516742, 5220815.525114953517914 ], [ 629229.200117150205187, 5220815.59992978349328 ], [ 629229.249799430719577, 5220815.672826949506998 ], [ 629229.256947180489078, 5220816.010662155225873 ], [ 629229.075117514003068, 5220816.125062813051045 ], [ 629229.075117514003068, 5220816.174937187694013 ] ] ] } },
{ "type": "Feature", "properties": { "label": "vineyard", "row_structure": null }, "geometry": { "type": "Polygon", "coordinates": [ [ [ 629224.05016234528739, 5220815.824851648882031 ], [ 629224.17450621293392, 5220815.900511991232634 ], [ 629224.300148686976172, 5220816.074839380569756 ], [ 629224.399856547592208, 5220816.099841363728046 ], [ 629224.499829888925888, 5220815.899923400022089 ], [ 629224.478177836979739, 5220815.481224645860493 ], [ 629224.749829295789823, 5220815.274913609959185 ], [ 629224.752669600537047, 5220815.197437035851181 ], [ 629224.900331199285574, 5220814.898602961562574 ], [ 629224.94984097359702, 5220814.675159027799964 ], [ 629224.850145304924808, 5220814.67516037914902 ], [ 629224.651217712205835, 5220814.91301282402128 ], [ 629224.526257028104737, 5220814.900058846920729 ], [ 629224.150159026496112, 5220814.95015902724117 ], [ 629224.150168353924528, 5220815.074894022196531 ], [ 629224.224475778755732, 5220815.275053537450731 ], [ 629224.224393485113978, 5220815.4846081295982 ], [ 629224.025768443243578, 5220815.624411881901324 ], [ 629224.05016234528739, 5220815.824851648882031 ] ] ] } },
{ "type": "Feature", "properties": { "label": "vineyard", "row_structure": null }, "geometry": { "type": "Polygon", "coordinates": [ [ [ 629202.050114952493459, 5220815.599885047413409 ], [ 629202.249885047553107, 5220815.599885047413409 ], [ 629202.249882486066781, 5220815.42506281286478 ], [ 629202.224937188206241, 5220815.400117515586317 ], [ 629202.125114952446893, 5220815.400114953517914 ], [ 629202.106867047259584, 5220815.460723245516419 ], [ 629202.050807538907975, 5220815.499838991090655 ], [ 629202.050114952493459, 5220815.599885047413409 ] ] ] } },
{ "type": "Feature", "properties": { "label": "vineyard", "row_structure": null }, "geometry": { "type": "Polygon", "coordinates": [ [ [ 629212.550114952493459, 5220816.599885047413409 ], [ 629212.687308924971148, 5220816.589153774082661 ], [ 629212.773189450497739, 5220816.643335917033255 ], [ 629212.800114952493459, 5220816.799885047599673 ], [ 629212.974885047529824, 5220816.799885047599673 ], [ 629212.979937781230547, 5220816.184943086467683 ], [ 629213.042907453724183, 5220816.090702745132148 ], [ 629213.17493718827609, 5220816.074882484972477 ], [ 629213.274902711971663, 5220815.999892658554018 ], [ 629213.3748969984008, 5220815.849915469065309 ], [ 629213.424881483544596, 5220815.649957595393062 ], [ 629213.399928923579864, 5220815.525106371380389 ], [ 629213.099951042095199, 5220815.400118196383119 ], [ 629213.025114952470176, 5220815.400114953517914 ], [ 629212.959604516276158, 5220815.616833410225809 ], [ 629212.800117513979785, 5220815.775062812492251 ], [ 629212.799480752553791, 5220816.03847430832684 ], [ 629212.725116360117681, 5220816.125086299143732 ], [ 629212.729323110543191, 5220816.318426035344601 ], [ 629212.650097288191319, 5220816.37510734051466 ], [ 629212.606867047259584, 5220816.485723245888948 ], [ 629212.550807538907975, 5220816.524838991463184 ], [ 629212.550114952493459, 5220816.599885047413409 ] ] ] } },
{ "type": "Feature", "properties": { "label": "vineyard", "row_structure": null }, "geometry": { "type": "Polygon", "coordinates": [ [ [ 629215.55004240362905, 5220816.79988148342818 ], [ 629215.647545121028088, 5220816.800000000745058 ], [ 629215.724882486043498, 5220816.699937188066542 ], [ 629215.729937781230547, 5220816.534943086095154 ], [ 629215.799882486113347, 5220816.449937188066542 ], [ 629215.811287472955883, 5220816.090324842371047 ], [ 629215.877437268500216, 5220816.039056344889104 ], [ 629216.04993718827609, 5220816.049882485531271 ], [ 629216.07488248613663, 5220816.024937188252807 ], [ 629216.101751262904145, 5220815.667844794690609 ], [ 629216.149882849887945, 5220815.59992978349328 ], [ 629216.149882486090064, 5220815.475062812678516 ], [ 629216.124928923556581, 5220815.450106371194124 ], [ 629216.022545121028088, 5220815.400000000372529 ], [ 629215.750062811770476, 5220815.425117515958846 ], [ 629215.725117513909936, 5220815.450062811374664 ], [ 629215.750115925911814, 5220815.6999048627913 ], [ 629215.940595040796325, 5220815.742541070096195 ], [ 629215.977321139536798, 5220815.789010495878756 ], [ 629215.978515859111212, 5220815.857724365778267 ], [ 629215.886283995583653, 5220815.946212140843272 ], [ 629215.650062811793759, 5220815.925117515958846 ], [ 629215.600117513909936, 5220815.975062812678516 ], [ 629215.588904835516587, 5220816.145781330764294 ], [ 629215.500062811770476, 5220816.200117515400052 ], [ 629215.425117513979785, 5220816.30006281286478 ], [ 629215.468056286917999, 5220816.500135502777994 ], [ 629215.396996580529958, 5220816.597666032612324 ], [ 629215.325114952516742, 5220816.625114953145385 ], [ 629215.328134645940736, 5220816.700661012902856 ], [ 629215.55004240362905, 5220816.79988148342818 ] ] ] } },
{ "type": "Feature", "properties": { "label": "vineyard", "row_structure": null }, "geometry": { "type": "Polygon", "coordinates": [ [ [ 629207.374937188229524, 5220816.374882484786212 ], [ 629207.474893627804704, 5220816.274928925558925 ], [ 629207.506943713175133, 5220816.124864498153329 ], [ 629207.549882849911228, 5220816.074929783120751 ], [ 629207.553925935761072, 5220815.883732908405364 ], [ 629207.649881805526093, 5220815.699951042421162 ], [ 629207.652204722282477, 5220815.545095523819327 ], [ 629207.699881805572659, 5220815.449951042421162 ], [ 629207.624951042118482, 5220815.37511819601059 ], [ 629207.450086298049428, 5220815.400116361677647 ], [ 629207.414820046862587, 5220815.45383464358747 ], [ 629207.35011495242361, 5220815.475114953704178 ], [ 629207.350116360117681, 5220815.799913701601326 ], [ 629207.416799439815804, 5220815.85704377759248 ], [ 629207.428758858353831, 5220815.982231935486197 ], [ 629207.300117150181904, 5220816.150070217438042 ], [ 629207.300114952493459, 5220816.374885046854615 ], [ 629207.374937188229524, 5220816.374882484786212 ] ] ] } },
{ "type": "Feature", "properties": { "label": "vineyard", "row_structure": null }, "geometry": { "type": "Polygon", "coordinates": [ [ [ 629207.699875096790493, 5220815.424843236804008 ], [ 629207.924869916867465, 5220815.324847493320704 ], [ 629207.949975912808441, 5220815.15196455642581 ], [ 629207.900162306497805, 5220815.030333273112774 ], [ 629207.900000000023283, 5220814.726218221709132 ], [ 629207.949842904694378, 5220814.624925050884485 ], [ 629207.952777966856956, 5220814.505754907615483 ], [ 629208.172820038860664, 5220814.305277467705309 ], [ 629208.274913625326008, 5220814.299829318188131 ], [ 629208.374829235253856, 5220814.174937262199819 ], [ 629208.37482931825798, 5220814.100086375139654 ], [ 629208.149913612985983, 5220813.875170702114701 ], [ 629208.100123631185852, 5220813.875159606337547 ], [ 629208.075170809519477, 5220813.925062756985426 ], [ 629208.07419462420512, 5220814.200064930133522 ], [ 629207.956201224471442, 5220814.479156530462205 ], [ 629207.800159604055807, 5220814.525123631581664 ], [ 629207.795084192533977, 5220814.794627440162003 ], [ 629207.600159746711142, 5220814.900151715613902 ], [ 629207.575000000069849, 5220815.372054241597652 ], [ 629207.699875096790493, 5220815.424843236804008 ] ] ] } },
{ "type": "Feature", "properties": { "label": "vineyard", "row_structure": null }, "geometry": { "type": "Polygon", "coordinates": [ [ [ 629226.782311173970811, 5220815.184553720988333 ], [ 629226.850715497159399, 5220815.425826987251639 ], [ 629226.900128182722256, 5220815.499843033030629 ], [ 629226.974866955541074, 5220815.499844232574105 ], [ 629227.099831857136451, 5220815.374861468560994 ], [ 629227.099933229386806, 5220815.301095716655254 ], [ 629226.97687468782533, 5220815.271056219935417 ], [ 629226.939409509068355, 5220815.124780876561999 ], [ 629227.302751413546503, 5220814.962116141803563 ], [ 629227.391450237482786, 5220815.057197069749236 ], [ 629227.325167947681621, 5220815.200118395499885 ], [ 629227.325159026542678, 5220815.349840973503888 ], [ 629227.424876368953846, 5220815.349840394221246 ], [ 629227.496121031115763, 5220815.111948698759079 ], [ 629227.549842477426864, 5220815.074866594746709 ], [ 629227.624829247710295, 5220814.899937266483903 ], [ 629227.601248688763008, 5220814.766836954280734 ], [ 629227.625740764779039, 5220814.625263875350356 ], [ 629227.674935380346142, 5220814.548860502429307 ], [ 629227.649868231965229, 5220814.400160070508718 ], [ 629227.474919054890051, 5220814.350182051770389 ], [ 629227.350142290699296, 5220814.350160604342818 ], [ 629227.274354823864996, 5220814.4706273926422 ], [ 629227.141463739098981, 5220814.497168735601008 ], [ 629227.024913625326008, 5220814.400170682929456 ], [ 629226.850083307479508, 5220814.400177160277963 ], [ 629226.725157430162653, 5220814.450145254842937 ], [ 629226.725177113432437, 5220814.549916702322662 ], [ 629226.775160775636323, 5220814.674908663146198 ], [ 629226.947395417606458, 5220814.709523457102478 ], [ 629227.045507293194532, 5220814.813666751608253 ], [ 629227.049112785141915, 5220814.901842491701245 ], [ 629226.951196622336283, 5220815.051671229302883 ], [ 629226.872054237988777, 5220815.025000000372529 ], [ 629226.550159026519395, 5220815.050159027799964 ], [ 629226.550000000046566, 5220815.17205424234271 ], [ 629226.782311173970811, 5220815.184553720988333 ] ] ] } },
{ "type": "Feature", "properties": { "label": "vineyard", "row_structure": null }, "geometry": { "type": "Polygon", "coordinates": [ [ [ 629196.849902711925097, 5220815.999892658554018 ], [ 629196.899881805526093, 5220815.899951042607427 ], [ 629196.875, 5220815.690978140570223 ], [ 629196.899881483521312, 5220815.624957595020533 ], [ 629196.899882486090064, 5220815.325062811374664 ], [ 629196.849937188206241, 5220815.275117515586317 ], [ 629196.800000000046566, 5220815.275117742829025 ], [ 629196.800000000046566, 5220816.030929326079786 ], [ 629196.849902711925097, 5220815.999892658554018 ] ] ] } },
{ "type": "Feature", "properties": { "label": "vineyard", "row_structure": null }, "geometry": { "type": "Polygon", "coordinates": [ [ [ 629221.098636733950116, 5220815.446390392258763 ], [ 629221.075158377061598, 5220815.599841622635722 ], [ 629221.22252727416344, 5220815.600232720375061 ], [ 629221.599841622519307, 5220815.674841623753309 ], [ 629221.599842095864005, 5220815.525075419805944 ], [ 629221.405320796882734, 5220815.318160559982061 ], [ 629221.400768878636882, 5220815.183700077235699 ], [ 629221.619345923652872, 5220814.956738740205765 ], [ 629221.824841144029051, 5220814.899875239469111 ], [ 629221.824842096306384, 5220814.75007541757077 ], [ 629221.799924581777304, 5220814.725157902576029 ], [ 629221.650158377131447, 5220814.725158377550542 ], [ 629221.618631863500923, 5220814.948549451306462 ], [ 629221.379921315005049, 5220815.120493373833597 ], [ 629221.077936943620443, 5220815.099999999627471 ], [ 629221.050157903693616, 5220815.12507541757077 ], [ 629221.098636733950116, 5220815.446390392258763 ] ] ] } },
{ "type": "Feature", "properties": { "label": "vineyard", "row_structure": null }, "geometry": { "type": "Polygon", "coordinates": [ [ [ 629210.468212754582055, 5220815.500423258170485 ], [ 629210.535111811710522, 5220815.532948969863355 ], [ 629210.575095137464814, 5220815.599884073249996 ], [ 629210.69988248613663, 5220815.574937188066542 ], [ 629210.699882849934511, 5220815.400070217438042 ], [ 629210.656943713198416, 5220815.350135502405465 ], [ 629210.618643082678318, 5220815.169809622690082 ], [ 629210.674882849794813, 5220815.074929784052074 ], [ 629210.674884074134752, 5220814.925095138140023 ], [ 629210.450114952516742, 5220814.875114953145385 ], [ 629210.420710678212345, 5220814.97071067802608 ], [ 629210.325114952516742, 5220815.000114953145385 ], [ 629210.325117514003068, 5220815.074937188066542 ], [ 629210.438192126573995, 5220815.152860326692462 ], [ 629210.447795277810656, 5220815.254904476925731 ], [ 629210.365193299599923, 5220815.400827658362687 ], [ 629210.200117514003068, 5220815.450062813237309 ], [ 629210.200114952516742, 5220815.524885047227144 ], [ 629210.468212754582055, 5220815.500423258170485 ] ] ] } },
{ "type": "Feature", "properties": { "label": "vineyard", "row_structure": null }, "geometry": { "type": "Polygon", "coordinates": [ [ [ 629213.074447292136028, 5220815.155478802509606 ], [ 629213.05011592595838, 5220815.399904862977564 ], [ 629213.424904862651601, 5220815.54988407343626 ], [ 629213.462713523651473, 5220815.422906892374158 ], [ 629213.549882486113347, 5220815.349937189370394 ], [ 629213.556943713105284, 5220815.249864498153329 ], [ 629213.649882486090064, 5220815.099937189370394 ], [ 629213.593052819487639, 5220814.86433784570545 ], [ 629213.647347230231389, 5220814.807973887771368 ], [ 629213.749904862605035, 5220814.79988407343626 ], [ 629213.833721672766842, 5220814.550133717246354 ], [ 629213.949884074158035, 5220814.350095137953758 ], [ 629213.6499575964408, 5220814.225118517875671 ], [ 629213.525071076466702, 5220814.25010637100786 ], [ 629213.425117513979785, 5220814.400062812492251 ], [ 629213.409155497793108, 5220814.67901714798063 ], [ 629213.025117513956502, 5220814.975062812678516 ], [ 629213.074447292136028, 5220815.155478802509606 ] ], [ [ 629213.43284410436172, 5220814.725904888473451 ], [ 629213.514673047466204, 5220814.70108234975487 ], [ 629213.585772861144505, 5220814.748589726164937 ], [ 629213.600051920162514, 5220814.828875188715756 ], [ 629213.560704200761393, 5220814.894522894173861 ], [ 629213.486461224150844, 5220814.913119792938232 ], [ 629213.418730204924941, 5220814.872523385100067 ], [ 629213.399795267730951, 5220814.801712560467422 ], [ 629213.43284410436172, 5220814.725904888473451 ] ] ] } },
{ "type": "Feature", "properties": { "label": "vineyard", "row_structure": null }, "geometry": { "type": "Polygon", "coordinates": [ [ [ 629215.97515158331953, 5220815.399867628701031 ], [ 629216.125062732258812, 5220815.474829246290028 ], [ 629216.274829303612933, 5220815.349913616664708 ], [ 629216.278293284005485, 5220815.274218476377428 ], [ 629216.400000000023283, 5220815.097054242156446 ], [ 629216.399829318281263, 5220814.975086375139654 ], [ 629216.286193339386955, 5220814.831107675097883 ], [ 629216.42063463863451, 5220814.586542123928666 ], [ 629216.574839777429588, 5220814.549911679700017 ], [ 629216.674829235184006, 5220814.249937261454761 ], [ 629216.649913609609939, 5220814.125170705839992 ], [ 629216.550062746740878, 5220814.125170786865056 ], [ 629216.399520371342078, 5220814.22594727948308 ], [ 629216.275159961776808, 5220814.400110451504588 ], [ 629216.268223964027129, 5220814.829221204854548 ], [ 629216.198265463812277, 5220814.850000000558794 ], [ 629215.950155237107538, 5220814.8251593997702 ], [ 629215.850170700228773, 5220815.10008638817817 ], [ 629215.850072190864012, 5220815.174014617688954 ], [ 629215.97515158331953, 5220815.399867628701031 ] ] ] } },
{ "type": "Feature", "properties": { "label": "vineyard", "row_structure": null }, "geometry": { "type": "Polygon", "coordinates": [ [ [ 629218.400117513956502, 5220814.999937187880278 ], [ 629218.550099301966839, 5220815.199900698848069 ], [ 629218.675062811817043, 5220815.274882485158741 ], [ 629218.749885047553107, 5220815.274885047227144 ], [ 629218.749882849864662, 5220815.175070217810571 ], [ 629218.699376765755005, 5220815.072826953604817 ], [ 629218.801116717630066, 5220814.935995053499937 ], [ 629218.869509032345377, 5220814.926921471953392 ], [ 629218.927301045390777, 5220814.961560672149062 ], [ 629218.950114952516742, 5220815.124885046854615 ], [ 629219.024937188252807, 5220815.124882484786212 ], [ 629219.07488248613663, 5220815.074937188066542 ], [ 629219.091853038873523, 5220814.944442976266146 ], [ 629219.199885047622956, 5220814.899885047227144 ], [ 629219.199881483567879, 5220814.800042405724525 ], [ 629219.149904862628318, 5220814.675115928053856 ], [ 629219.030490967794321, 5220814.673078529536724 ], [ 629218.972698954748921, 5220814.638439329341054 ], [ 629218.950481527368538, 5220814.515198286622763 ], [ 629218.986560671590269, 5220814.44769895542413 ], [ 629219.149904862628318, 5220814.399884073063731 ], [ 629219.19988248613663, 5220814.324937188066542 ], [ 629219.200438778381795, 5220813.952120195142925 ], [ 629219.249885047553107, 5220813.850114953704178 ], [ 629218.97511495242361, 5220813.875114953145385 ], [ 629218.959155497723259, 5220813.979017147794366 ], [ 629218.875114952446893, 5220814.025114953517914 ], [ 629218.875114952446893, 5220814.124885046854615 ], [ 629218.980557023314759, 5220814.141853038221598 ], [ 629219.025000000023283, 5220814.234021860174835 ], [ 629218.975117513909936, 5220814.325062811374664 ], [ 629218.958146961173043, 5220814.455557024106383 ], [ 629218.85011495242361, 5220814.500114953145385 ], [ 629218.878149746567942, 5220814.69457721337676 ], [ 629218.854102084646001, 5220814.765219416469336 ], [ 629218.706317189033143, 5220814.870994077064097 ], [ 629218.452454879065044, 5220814.850000000558794 ], [ 629218.400115925935097, 5220814.875095137394965 ], [ 629218.400117513956502, 5220814.999937187880278 ] ] ] } },
{ "type": "Feature", "properties": { "label": "vineyard", "row_structure": null }, "geometry": { "type": "Polygon", "coordinates": [ [ [ 629233.488056698115543, 5220814.936743740923703 ], [ 629233.500159026472829, 5220815.074840973131359 ], [ 629233.599861498572864, 5220815.074843525886536 ], [ 629233.701579388231039, 5220814.923751004040241 ], [ 629233.847914620419033, 5220814.804705962538719 ], [ 629233.924876368837431, 5220814.799840394407511 ], [ 629233.949829190387391, 5220814.749937243759632 ], [ 629233.949829843477346, 5220814.700082747265697 ], [ 629233.849863392533734, 5220814.575157322920859 ], [ 629233.716297977138311, 5220814.611088640987873 ], [ 629233.67851251619868, 5220814.594483183696866 ], [ 629233.649841382051818, 5220814.325143435038626 ], [ 629233.550171164097264, 5220814.272231843322515 ], [ 629233.424913612660021, 5220814.075170701369643 ], [ 629233.350159026449546, 5220814.07515902724117 ], [ 629233.350163951865397, 5220814.174896529875696 ], [ 629233.500123628065921, 5220814.399840396828949 ], [ 629233.645048763370141, 5220814.417254752479494 ], [ 629233.670734281884506, 5220814.614216623827815 ], [ 629233.497791509726085, 5220814.724141880869865 ], [ 629233.300088851712644, 5220814.700173641555011 ], [ 629233.225156965432689, 5220814.75012818351388 ], [ 629233.224999999976717, 5220814.822054241783917 ], [ 629233.488056698115543, 5220814.936743740923703 ] ] ] } },
{ "type": "Feature", "properties": { "label": "vineyard", "row_structure": null }, "geometry": { "type": "Polygon", "coordinates": [ [ [ 629199.824929783702828, 5220814.799882849678397 ], [ 629199.924893627758138, 5220814.724928925745189 ], [ 629199.991853038780391, 5220814.444442976266146 ], [ 629200.045971532235853, 5220814.404305966570973 ], [ 629200.149937188252807, 5220814.399882485158741 ], [ 629200.193132952786982, 5220814.289276754483581 ], [ 629200.249883639859036, 5220814.249913700856268 ], [ 629200.268132952973247, 5220814.039276753552258 ], [ 629200.396565925446339, 5220813.935403375886381 ], [ 629200.474885047529824, 5220813.924885047599673 ], [ 629200.5, 5220813.847545138560236 ], [ 629200.479080047807656, 5220813.647826951928437 ], [ 629200.575000000069849, 5220813.322545138187706 ], [ 629200.574883639928885, 5220813.250086299143732 ], [ 629200.512713523698039, 5220813.202093107625842 ], [ 629200.499885047553107, 5220813.100114953704178 ], [ 629200.275062811793759, 5220813.100117515772581 ], [ 629200.175117513979785, 5220813.200062811374664 ], [ 629200.175117513979785, 5220813.299937189556658 ], [ 629200.224447292042896, 5220813.380478802137077 ], [ 629200.22511495242361, 5220813.549885047599673 ], [ 629200.370710678165779, 5220813.579289322718978 ], [ 629200.395916145993397, 5220813.731582802720368 ], [ 629200.3230429594405, 5220813.800605788826942 ], [ 629200.150095137418248, 5220813.800115928053856 ], [ 629200.075117514003068, 5220813.900062812492251 ], [ 629200.08740122965537, 5220814.080255512148142 ], [ 629200.044792378554121, 5220814.151731596328318 ], [ 629199.950115925981663, 5220814.200095137581229 ], [ 629199.977321139536798, 5220814.385989504866302 ], [ 629199.93206095288042, 5220814.437705447897315 ], [ 629199.825117514003068, 5220814.475062812678516 ], [ 629199.818056286894716, 5220814.550135502591729 ], [ 629199.725117513909936, 5220814.700062811374664 ], [ 629199.72511495242361, 5220814.799885047599673 ], [ 629199.824929783702828, 5220814.799882849678397 ] ] ] } },
{ "type": "Feature", "properties": { "label": "vineyard", "row_structure": null }, "geometry": { "type": "Polygon", "coordinates": [ [ [ 629202.350118516478688, 5220814.574957595206797 ], [ 629202.425114952493459, 5220814.749885046854615 ], [ 629202.499885047553107, 5220814.749885046854615 ], [ 629202.502204722259194, 5220814.495095524005592 ], [ 629202.574881805456243, 5220814.374951042234898 ], [ 629202.604289321927354, 5220814.254289322532713 ], [ 629202.737749606370926, 5220814.225447772070765 ], [ 629202.825086298049428, 5220814.29988363943994 ], [ 629202.949885047622956, 5220814.299885047599673 ], [ 629202.949883639928885, 5220814.225086299702525 ], [ 629202.877071597613394, 5220814.148546037264168 ], [ 629202.850918365526013, 5220813.906988987699151 ], [ 629202.916147038224153, 5220813.82750762719661 ], [ 629203.049885047599673, 5220813.82488504704088 ], [ 629203.049885047599673, 5220813.700114953331649 ], [ 629202.800078020547517, 5220813.650116767734289 ], [ 629202.700115925981663, 5220813.725095137953758 ], [ 629202.691799439839087, 5220813.992956223897636 ], [ 629202.600117513909936, 5220814.075062811374664 ], [ 629202.570710678119212, 5220814.195710678584874 ], [ 629202.425117513979785, 5220814.2500628111884 ], [ 629202.350118516478688, 5220814.574957595206797 ] ] ] } },
{ "type": "Feature", "properties": { "label": "vineyard", "row_structure": null }, "geometry": { "type": "Polygon", "coordinates": [ [ [ 629233.675986576708965, 5220813.750340369530022 ], [ 629234.001858436502516, 5220813.811702897772193 ], [ 629234.225159026449546, 5220814.249840972945094 ], [ 629234.249840973527171, 5220814.249840972945094 ], [ 629234.001726736314595, 5220813.801692761480808 ], [ 629234.000053462805226, 5220813.601854391396046 ], [ 629234.049833986791782, 5220813.325049438513815 ], [ 629233.874913610517979, 5220812.800170707516372 ], [ 629233.750153289176524, 5220812.825104892253876 ], [ 629233.575170752359554, 5220813.175062734633684 ], [ 629233.550070789176971, 5220813.573986083269119 ], [ 629233.675986576708965, 5220813.750340369530022 ] ] ] } },
{ "type": "Feature", "properties": { "label": "vineyard", "row_structure": null }, "geometry": { "type": "Polygon", "coordinates": [ [ [ 629229.700106372241862, 5220814.94992892537266 ], [ 629229.825095137464814, 5220815.124884072691202 ], [ 629229.874885047553107, 5220815.124885046854615 ], [ 629229.916853038826957, 5220814.844442976638675 ], [ 629229.97097153228242, 5220814.804305966943502 ], [ 629230.049904862418771, 5220814.79988407343626 ], [ 629230.124884074088186, 5220814.724904862232506 ], [ 629230.175000000046566, 5220814.5475451387465 ], [ 629230.174881805549376, 5220814.450048957951367 ], [ 629230.128118153079413, 5220814.342406768351793 ], [ 629230.147639111732133, 5220814.186349951662123 ], [ 629230.184672057279386, 5220814.121564368717372 ], [ 629230.249885047553107, 5220814.099885047413409 ], [ 629230.249885047553107, 5220814.025114953517914 ], [ 629230.112691113143228, 5220814.035846232436597 ], [ 629230.04990941286087, 5220814.000116150826216 ], [ 629229.850095137371682, 5220813.975115927867591 ], [ 629229.775118194520473, 5220814.125048957765102 ], [ 629229.781254779780284, 5220814.252173049375415 ], [ 629229.725118516478688, 5220814.400042405351996 ], [ 629229.747928402386606, 5220814.72354603651911 ], [ 629229.675807538907975, 5220814.799838991835713 ], [ 629229.700106372241862, 5220814.94992892537266 ] ] ] } },
{ "type": "Feature", "properties": { "label": "vineyard", "row_structure": null }, "geometry": { "type": "Polygon", "coordinates": [ [ [ 629210.90348049486056, 5220814.390604835003614 ], [ 629210.900114952470176, 5220814.57488504704088 ], [ 629210.999937188229524, 5220814.574882484972477 ], [ 629211.04988180543296, 5220814.499951042234898 ], [ 629211.061095164506696, 5220814.3292186697945 ], [ 629211.174881805549376, 5220814.224951042793691 ], [ 629211.200000000069849, 5220813.997545138001442 ], [ 629211.174904862651601, 5220813.800115928053856 ], [ 629210.875114952446893, 5220813.850114953704178 ], [ 629210.850118516478688, 5220813.925042405724525 ], [ 629210.883901405497454, 5220814.079906767234206 ], [ 629210.850117861176841, 5220814.15005574375391 ], [ 629210.850117150228471, 5220814.324929784052074 ], [ 629210.90348049486056, 5220814.390604835003614 ] ] ] } },
{ "type": "Feature", "properties": { "label": "vineyard", "row_structure": null }, "geometry": { "type": "Polygon", "coordinates": [ [ [ 629230.22507541347295, 5220813.499842102639377 ], [ 629230.374924581614323, 5220813.499842096120119 ], [ 629230.532853622804396, 5220813.332578272558749 ], [ 629230.717589367297478, 5220813.399003271013498 ], [ 629230.793428013799712, 5220813.587637344375253 ], [ 629230.650159194949083, 5220813.750150064006448 ], [ 629230.651095248176716, 5220813.824933766387403 ], [ 629230.724858307861723, 5220813.824839982204139 ], [ 629230.900551493512467, 5220813.674233942292631 ], [ 629230.974846062948927, 5220813.599880259484053 ], [ 629231.052673899685033, 5220813.426306171342731 ], [ 629231.260296800057404, 5220813.404861405491829 ], [ 629231.325077899731696, 5220813.524836516939104 ], [ 629231.424876170931384, 5220813.524841097183526 ], [ 629231.450000000069849, 5220813.402936942875385 ], [ 629231.424284891691059, 5220813.274169653654099 ], [ 629231.374873375636525, 5220813.200156350620091 ], [ 629231.134863595827483, 5220813.191523080691695 ], [ 629231.105825226055458, 5220813.032288456335664 ], [ 629231.277207306586206, 5220812.925859184935689 ], [ 629231.674841622821987, 5220812.899841622449458 ], [ 629231.674841622821987, 5220812.800158376805484 ], [ 629231.37044961634092, 5220812.84857601672411 ], [ 629231.050064296810888, 5220812.800170062109828 ], [ 629231.00015378324315, 5220812.825129758566618 ], [ 629230.926483539980836, 5220813.021174147725105 ], [ 629230.865698365028948, 5220813.06776811927557 ], [ 629230.692784304381348, 5220812.991531423293054 ], [ 629230.69984162284527, 5220812.800158376805484 ], [ 629230.525075413985178, 5220812.800157897174358 ], [ 629230.200383209856227, 5220813.349583685398102 ], [ 629230.174999999930151, 5220813.447063057683408 ], [ 629230.22507541347295, 5220813.499842102639377 ] ] ] } },
{ "type": "Feature", "properties": { "label": "vineyard", "row_structure": null }, "geometry": { "type": "Polygon", "coordinates": [ [ [ 629224.530314480070956, 5220813.881315120495856 ], [ 629224.727945773513056, 5220814.050000000745058 ], [ 629224.849916007020511, 5220814.049830282106996 ], [ 629224.948977597174235, 5220814.000362248159945 ], [ 629224.98880840477068, 5220813.929342340677977 ], [ 629225.123180883121677, 5220813.85195688996464 ], [ 629225.274840973550454, 5220813.849840973503888 ], [ 629225.24987636890728, 5220813.725159606896341 ], [ 629225.126095714629628, 5220813.725066771730781 ], [ 629225.10819888219703, 5220813.798010676167905 ], [ 629224.923304746393114, 5220813.873379277996719 ], [ 629224.831948261475191, 5220813.727212576195598 ], [ 629224.906722609768622, 5220813.570109133608639 ], [ 629225.027037939755246, 5220813.482435844838619 ], [ 629225.102305704262108, 5220813.499952668324113 ], [ 629225.039041813113727, 5220813.459972410462797 ], [ 629224.992309110821225, 5220813.314646414481103 ], [ 629225.03513204830233, 5220813.240532292053103 ], [ 629225.312636581016704, 5220813.308681500144303 ], [ 629225.349840973503888, 5220813.499840972945094 ], [ 629225.326017870102078, 5220813.197047211229801 ], [ 629225.349828488309868, 5220813.124946590512991 ], [ 629225.349829228594899, 5220813.000062741339207 ], [ 629225.274849620182067, 5220812.800161653198302 ], [ 629225.279227879014798, 5220812.892154418863356 ], [ 629225.33275636844337, 5220812.983605649322271 ], [ 629225.325199728598818, 5220813.166613567620516 ], [ 629225.027187324129045, 5220813.180152959190309 ], [ 629224.978767576045357, 5220813.106109991669655 ], [ 629224.962713819346391, 5220812.944747391156852 ], [ 629225.077293792623095, 5220812.800048370845616 ], [ 629225.000143100158311, 5220812.825151803903282 ], [ 629224.875, 5220813.027945760637522 ], [ 629224.875159026472829, 5220813.099840973503888 ], [ 629224.936723157763481, 5220813.111759323626757 ], [ 629224.997627011616714, 5220813.213080181740224 ], [ 629224.878665975411423, 5220813.296975968405604 ], [ 629224.80014841502998, 5220813.300160072743893 ], [ 629224.700879865442403, 5220813.443346443586051 ], [ 629224.600086375023238, 5220813.450170682743192 ], [ 629224.550864627584815, 5220813.499312660656869 ], [ 629224.518087838427164, 5220813.628276395611465 ], [ 629224.400157243595459, 5220813.725136546418071 ], [ 629224.400000000023283, 5220813.847054242156446 ], [ 629224.530314480070956, 5220813.881315120495856 ] ] ] } },
{ "type": "Feature", "properties": { "label": "vineyard", "row_structure": null }, "geometry": { "type": "Polygon", "coordinates": [ [ [ 629218.979559772182256, 5220813.585668884217739 ], [ 629219.175139082013629, 5220813.84983960352838 ], [ 629219.649840973550454, 5220813.799840973690152 ], [ 629219.649829318164848, 5220813.70008637290448 ], [ 629219.521927977795713, 5220813.616185524500906 ], [ 629219.428447619895451, 5220813.407974015921354 ], [ 629219.401259277714416, 5220813.197916798293591 ], [ 629219.44980624713935, 5220812.970844977535307 ], [ 629219.599849630845711, 5220812.949838355183601 ], [ 629219.624840973527171, 5220812.800159027799964 ], [ 629219.425159026519395, 5220812.800159027799964 ], [ 629219.44623482064344, 5220812.967155756428838 ], [ 629219.398161068093032, 5220813.182474361732602 ], [ 629219.250087978085503, 5220813.200158596970141 ], [ 629219.025139022851363, 5220813.300149995833635 ], [ 629218.925158173544332, 5220813.400143458507955 ], [ 629218.875, 5220813.572054241783917 ], [ 629218.979559772182256, 5220813.585668884217739 ] ] ] } },
{ "type": "Feature", "properties": { "label": "vineyard", "row_structure": null }, "geometry": { "type": "Polygon", "coordinates": [ [ [ 629196.925062811817043, 5220814.999882484786212 ], [ 629196.974951041629538, 5220814.999881804920733 ], [ 629197.104988637496717, 5220814.881700719706714 ], [ 629197.272545121028088, 5220814.900000000372529 ], [ 629197.299893627990969, 5220814.874928924255073 ], [ 629197.374881805386394, 5220814.749951042234898 ], [ 629197.424881483544596, 5220814.574957595206797 ], [ 629197.460778112057596, 5220814.21631739102304 ], [ 629197.538716005510651, 5220814.153787859715521 ], [ 629197.674904862651601, 5220814.149884073063731 ], [ 629197.699881805572659, 5220814.099951042793691 ], [ 629197.699882849934511, 5220814.025070217438042 ], [ 629197.602204722235911, 5220813.854904476553202 ], [ 629197.599883233197033, 5220813.650078020989895 ], [ 629197.499951042118482, 5220813.575118196196854 ], [ 629197.400062811793759, 5220813.575117515400052 ], [ 629197.350106372265145, 5220813.625071074813604 ], [ 629197.322543419199064, 5220813.87413134612143 ], [ 629197.200115925981663, 5220813.975095137953758 ], [ 629197.173189450521022, 5220814.056664083153009 ], [ 629197.075106372009031, 5220814.12507107667625 ], [ 629197.009604516206309, 5220814.316833411343396 ], [ 629196.900115458760411, 5220814.400104646570981 ], [ 629196.913401833269745, 5220814.754906759597361 ], [ 629196.87511819449719, 5220814.924951042979956 ], [ 629196.925062811817043, 5220814.999882484786212 ] ] ] } },
{ "type": "Feature", "properties": { "label": "vineyard", "row_structure": null }, "geometry": { "type": "Polygon", "coordinates": [ [ [ 629221.715265771956183, 5220814.18208443839103 ], [ 629221.825048957951367, 5220814.274881804361939 ], [ 629221.949885047622956, 5220814.274885047227144 ], [ 629221.939153775339946, 5220814.062691058963537 ], [ 629221.999882486066781, 5220813.974937189370394 ], [ 629222.022698954679072, 5220813.811560671776533 ], [ 629222.143212754628621, 5220813.775423258543015 ], [ 629222.250062811770476, 5220813.849882485345006 ], [ 629222.324885047622956, 5220813.849885047413409 ], [ 629222.3269662798848, 5220813.688985847868025 ], [ 629222.400000000023283, 5220813.622545138001442 ], [ 629222.399883639882319, 5220813.450086298398674 ], [ 629222.334079760825261, 5220813.370276601985097 ], [ 629222.352204722235911, 5220813.145095524378121 ], [ 629222.408166590495966, 5220813.065395483747125 ], [ 629222.499885047553107, 5220813.049885047599673 ], [ 629222.499882486066781, 5220812.950062811374664 ], [ 629222.449937188415788, 5220812.900117515586317 ], [ 629222.325048957951367, 5220812.900118196383119 ], [ 629222.125117513933219, 5220813.05006281286478 ], [ 629222.150114952470176, 5220813.249885046854615 ], [ 629222.224516373942606, 5220813.270755306817591 ], [ 629222.270919952308759, 5220813.347826953046024 ], [ 629222.257775159669109, 5220813.413910279981792 ], [ 629222.183588207582943, 5220813.487444098107517 ], [ 629222.039010494365357, 5220813.527321138419211 ], [ 629221.982928216923028, 5220813.473044760525227 ], [ 629221.974884074064903, 5220813.375095137394965 ], [ 629221.874951042118482, 5220813.325118196196854 ], [ 629221.775106372078881, 5220813.35007107630372 ], [ 629221.725118194473907, 5220813.450048957951367 ], [ 629221.742387953330763, 5220813.63826834410429 ], [ 629221.697139673749916, 5220813.688192127272487 ], [ 629221.625095137394965, 5220813.700115927495062 ], [ 629221.600118194473907, 5220813.750048957765102 ], [ 629221.60011495242361, 5220814.174885047599673 ], [ 629221.715265771956183, 5220814.18208443839103 ] ] ] } },
{ "type": "Feature", "properties": { "label": "vineyard", "row_structure": null }, "geometry": { "type": "Polygon", "coordinates": [ [ [ 629208.238401832641102, 5220813.645093233324587 ], [ 629208.225117513909936, 5220813.874937187880278 ], [ 629208.250062811770476, 5220813.899882485158741 ], [ 629208.349937188206241, 5220813.899882485158741 ], [ 629208.420982852578163, 5220813.790844501927495 ], [ 629208.599951041629538, 5220813.749881804920733 ], [ 629208.674882486113347, 5220813.699937188066542 ], [ 629208.674881483544596, 5220813.525042405351996 ], [ 629208.625, 5220813.359021860174835 ], [ 629208.649882138939574, 5220813.175055745989084 ], [ 629208.615735243773088, 5220813.08412581961602 ], [ 629208.824884074158035, 5220812.874904861673713 ], [ 629208.824884074158035, 5220812.825095137581229 ], [ 629208.772545121028088, 5220812.800000000745058 ], [ 629208.500062811770476, 5220812.800117515958846 ], [ 629208.475117513909936, 5220812.825062811374664 ], [ 629208.50063177512493, 5220813.043786132708192 ], [ 629208.400115925935097, 5220813.125095137394965 ], [ 629208.387286476441659, 5220813.277093107812107 ], [ 629208.225106372032315, 5220813.400071076117456 ], [ 629208.201114677940495, 5220813.501300762407482 ], [ 629208.238401832641102, 5220813.645093233324587 ] ] ] } },
{ "type": "Feature", "properties": { "label": "vineyard", "row_structure": null }, "geometry": { "type": "Polygon", "coordinates": [ [ [ 629216.906582801253535, 5220813.029083853587508 ], [ 629216.969454218633473, 5220813.083886242471635 ], [ 629216.96738795330748, 5220813.26326834410429 ], [ 629216.922139673726633, 5220813.313192127272487 ], [ 629216.85011495242361, 5220813.325114953331649 ], [ 629216.849999999976717, 5220813.397545138373971 ], [ 629216.953645521309227, 5220813.46323526930064 ], [ 629216.97511495242361, 5220813.549885047599673 ], [ 629217.199885047622956, 5220813.549885047599673 ], [ 629217.19988248613663, 5220813.1250628111884 ], [ 629216.972698954748921, 5220813.03843932878226 ], [ 629216.949885047622956, 5220812.800114953890443 ], [ 629216.750078020151705, 5220812.800116768106818 ], [ 629216.700116766849533, 5220812.850078021176159 ], [ 629216.700115925981663, 5220812.999904862605035 ], [ 629216.906582801253535, 5220813.029083853587508 ] ] ] } },
{ "type": "Feature", "properties": { "label": "vineyard", "row_structure": null }, "geometry": { "type": "Polygon", "coordinates": [ [ [ 629202.939210258191451, 5220813.400150295346975 ], [ 629202.918287773500197, 5220813.434479567222297 ], [ 629202.800158328609541, 5220813.474919097498059 ], [ 629202.899861493729986, 5220813.499831891618669 ], [ 629203.170475441263989, 5220813.27805981785059 ], [ 629203.349840973503888, 5220813.249840972945094 ], [ 629203.331557061406784, 5220813.112085727974772 ], [ 629203.382824621978216, 5220812.972182457335293 ], [ 629203.549838628154248, 5220812.874880731105804 ], [ 629203.549840973573737, 5220812.800159027799964 ], [ 629203.48274974769447, 5220812.887139920145273 ], [ 629203.325159026542678, 5220812.800159027799964 ], [ 629203.323043110431172, 5220812.901819111779332 ], [ 629203.240153872873634, 5220813.041440321132541 ], [ 629203.174173020059243, 5220813.050715493969619 ], [ 629202.998744237818755, 5220813.196963598951697 ], [ 629202.800049747223966, 5220813.202439468353987 ], [ 629202.939210258191451, 5220813.400150295346975 ] ] ] } },
{ "type": "Feature", "properties": { "label": "vineyard", "row_structure": null }, "geometry": { "type": "Polygon", "coordinates": [ [ [ 629205.325115925981663, 5220814.024904862046242 ], [ 629205.382957236259244, 5220814.062793586403131 ], [ 629205.424447292112745, 5220814.155478802509606 ], [ 629205.418056286871433, 5220814.225135502405465 ], [ 629205.375117150135338, 5220814.275070217438042 ], [ 629205.375117513933219, 5220814.374937187880278 ], [ 629205.474885047529824, 5220814.399885047227144 ], [ 629205.52098285255488, 5220814.315844502300024 ], [ 629205.624904862605035, 5220814.29988407343626 ], [ 629205.69988248613663, 5220814.174937189556658 ], [ 629205.650552707957104, 5220813.944521198049188 ], [ 629205.672698954702355, 5220813.811560671776533 ], [ 629205.740198286017403, 5220813.775481527671218 ], [ 629205.92493718827609, 5220813.774882485158741 ], [ 629206.049904862651601, 5220813.724884073249996 ], [ 629206.074881805572659, 5220813.674951042979956 ], [ 629206.074883639928885, 5220813.600086299702525 ], [ 629206.012713523698039, 5220813.552093108184636 ], [ 629205.929937781300396, 5220813.340056913904846 ], [ 629205.925552707980387, 5220813.180478801950812 ], [ 629206.02135447866749, 5220812.96323526930064 ], [ 629206.174882486113347, 5220812.874937187880278 ], [ 629206.174885047599673, 5220812.800114953890443 ], [ 629205.700114952516742, 5220812.800114953890443 ], [ 629205.667155895149335, 5220812.874095113947988 ], [ 629205.60011495242361, 5220812.900114953517914 ], [ 629205.596074064262211, 5220813.09126709215343 ], [ 629205.525000000023283, 5220813.202454862184823 ], [ 629205.578480494907126, 5220813.459395165555179 ], [ 629205.525117150275037, 5220813.52507021650672 ], [ 629205.48890483553987, 5220813.695781330578029 ], [ 629205.400114952470176, 5220813.750114953145385 ], [ 629205.387286476441659, 5220813.852093107998371 ], [ 629205.325807538931258, 5220813.899838991463184 ], [ 629205.325115925981663, 5220814.024904862046242 ] ] ] } },
{ "type": "Feature", "properties": { "label": "vineyard", "row_structure": null }, "geometry": { "type": "Polygon", "coordinates": [ [ [ 629227.379028467810713, 5220813.729305966757238 ], [ 629227.433146961266175, 5220813.76944297645241 ], [ 629227.450114952516742, 5220813.899885047227144 ], [ 629227.534155497793108, 5220813.945982852950692 ], [ 629227.575114952516742, 5220814.099885047413409 ], [ 629227.64988504757639, 5220814.099885047413409 ], [ 629227.654305966454558, 5220814.02097153197974 ], [ 629227.694442976731807, 5220813.966853038407862 ], [ 629227.799885047599673, 5220813.94988504704088 ], [ 629227.807612046715803, 5220813.861731656827033 ], [ 629227.85286032629665, 5220813.811807873658836 ], [ 629227.936283995513804, 5220813.80378786008805 ], [ 629228.000062811770476, 5220813.849882485345006 ], [ 629228.099893627804704, 5220813.82492892537266 ], [ 629228.124883639859036, 5220813.750086299143732 ], [ 629228.06271352362819, 5220813.702093107625842 ], [ 629228.049882486113347, 5220813.6250628111884 ], [ 629227.910525613348, 5220813.591879121027887 ], [ 629227.860168467392214, 5220813.543935131281614 ], [ 629227.808136966195889, 5220813.289360348135233 ], [ 629227.874883639859036, 5220813.199913701973855 ], [ 629227.89254106907174, 5220812.984404960647225 ], [ 629227.968255605432205, 5220812.941205834969878 ], [ 629228.124937188229524, 5220812.974882485345006 ], [ 629228.174882486113347, 5220812.924937189556658 ], [ 629228.149937188252807, 5220812.800117515958846 ], [ 629227.700114952516742, 5220812.800114953890443 ], [ 629227.698196386918426, 5220812.918906866572797 ], [ 629227.665549285127781, 5220812.975520138628781 ], [ 629227.475048957858235, 5220813.025118196383119 ], [ 629227.400106372311711, 5220813.075071074999869 ], [ 629227.375117513933219, 5220813.249937187880278 ], [ 629227.432775162858889, 5220813.31108972709626 ], [ 629227.445919952006079, 5220813.377173050306737 ], [ 629227.417850608122535, 5220813.537131720222533 ], [ 629227.325095137464814, 5220813.600115927867591 ], [ 629227.300114952493459, 5220813.724885047413409 ], [ 629227.379028467810713, 5220813.729305966757238 ] ] ] } },
{ "type": "Feature", "properties": { "label": "vineyard", "row_structure": null }, "geometry": { "type": "Polygon", "coordinates": [ [ [ 629211.149561221711338, 5220813.277120194397867 ], [ 629211.125, 5220813.472545138560236 ], [ 629211.158901404822245, 5220813.554906773380935 ], [ 629211.125, 5220813.697545138187706 ], [ 629211.150114952470176, 5220813.799885047599673 ], [ 629211.174904862418771, 5220813.79988407343626 ], [ 629211.271565926610492, 5220813.710403375327587 ], [ 629211.499882486066781, 5220813.649937188252807 ], [ 629211.49988180550281, 5220813.575048957951367 ], [ 629211.375232446007431, 5220813.392014510929585 ], [ 629211.36954618326854, 5220813.323525900952518 ], [ 629211.417939046048559, 5220813.262294552288949 ], [ 629211.599885047529824, 5220813.19988504704088 ], [ 629211.582287914701737, 5220813.001924238167703 ], [ 629211.724882486043498, 5220812.874937187880278 ], [ 629211.724885047529824, 5220812.800114953890443 ], [ 629211.300114952493459, 5220812.825114953331649 ], [ 629211.294278243440203, 5220812.970080676488578 ], [ 629211.100117513909936, 5220813.075062811374664 ], [ 629211.100117150112055, 5220813.199929783120751 ], [ 629211.149561221711338, 5220813.277120194397867 ] ] ] } },
{ "type": "Feature", "properties": { "label": "vineyard", "row_structure": null }, "geometry": { "type": "Polygon", "coordinates": [ [ [ 629213.621881846920587, 5220814.132593232207 ], [ 629213.600115925888531, 5220814.224904863163829 ], [ 629213.900048957904801, 5220814.349881804548204 ], [ 629213.999904862605035, 5220814.349884073249996 ], [ 629214.038514570565894, 5220814.115775845013559 ], [ 629214.137862934265286, 5220813.982042714953423 ], [ 629214.249882486066781, 5220813.899937188252807 ], [ 629214.249882486066781, 5220813.775062812492251 ], [ 629214.201562778442167, 5220813.6807064358145 ], [ 629214.274881483521312, 5220813.524957595393062 ], [ 629214.275000000023283, 5220813.402454862371087 ], [ 629214.221823566476814, 5220813.170093234628439 ], [ 629214.324881805572659, 5220812.899951042607427 ], [ 629214.324885047622956, 5220812.800114953890443 ], [ 629214.000114952446893, 5220812.800114953890443 ], [ 629214.045919951982796, 5220813.002173050306737 ], [ 629214.000117513933219, 5220813.075062811374664 ], [ 629213.999447292066179, 5220813.319521198049188 ], [ 629213.925118194543757, 5220813.500048957765102 ], [ 629213.920062218792737, 5220813.590056913904846 ], [ 629213.860345113789663, 5220813.669707704335451 ], [ 629213.750114952446893, 5220813.700114953331649 ], [ 629213.752255614846945, 5220813.814837030135095 ], [ 629213.720493860426359, 5220813.87425909563899 ], [ 629213.60011495242361, 5220813.900114953517914 ], [ 629213.621881846920587, 5220814.132593232207 ] ] ] } },
{ "type": "Feature", "properties": { "label": "row", "row_structure": "regular" }, "geometry": { "type": "LineString", "coordinates": [ [ 629196.800000000046566, 5220862.591228069737554 ], [ 629199.5625, 5220856.0 ] ] } },
{ "type": "Feature", "properties": { "label": "row", "row_structure": "regular" }, "geometry": { "type": "LineString", "coordinates": [ [ 629201.5, 5220864.0 ], [ 629204.8125, 5220856.0 ] ] } },
{ "type": "Feature", "properties": { "label": "row", "row_structure": "regular" }, "geometry": { "type": "LineString", "coordinates": [ [ 629204.0, 5220864.0 ], [ 629207.1875, 5220857.0 ] ] } },
{ "type": "Feature", "properties": { "label": "row", "row_structure": "regular" }, "geometry": { "type": "LineString", "coordinates": [ [ 629206.625, 5220864.0 ], [ 629210.4375, 5220856.0 ] ] } },
{ "type": "Feature", "properties": { "label": "row", "row_structure": "regular" }, "geometry": { "type": "LineString", "coordinates": [ [ 629209.8125, 5220864.0 ], [ 629210.8125, 5220859.5 ] ] } },
{ "type": "Feature", "properties": { "label": "row", "row_structure": "regular" }, "geometry": { "type": "LineString", "coordinates": [ [ 629238.668482843553647, 5220859.776569088920951 ], [ 629246.375, 5220841.5 ] ] } },
{ "type": "Feature", "properties": { "label": "row", "row_structure": "regular" }, "geometry": { "type": "LineString", "coordinates": [ [ 629241.5, 5220860.0 ], [ 629244.795961831696332, 5220852.534303207881749 ] ] } },
{ "type": "Feature", "properties": { "label": "row", "row_structure": "regular" }, "geometry": { "type": "LineString", "coordinates": [ [ 629242.9375, 5220863.5 ], [ 629248.0, 5220851.0 ] ] } },
{ "type": "Feature", "properties": { "label": "row", "row_structure": "regular" }, "geometry": { "type": "LineString", "coordinates": [ [ 629245.4375, 5220864.0 ], [ 629247.8125, 5220858.0 ] ] } },
{ "type": "Feature", "properties": { "label": "row", "row_structure": "regular" }, "geometry": { "type": "LineString", "coordinates": [ [ 629236.1875, 5220859.0 ], [ 629244.5, 5220839.5 ] ] } },
{ "type": "Feature", "properties": { "label": "row", "row_structure": "regular" }, "geometry": { "type": "LineString", "coordinates": [ [ 629234.5, 5220857.0 ], [ 629242.75, 5220837.5 ] ] } },
{ "type": "Feature", "properties": { "label": "row", "row_structure": "regular" }, "geometry": { "type": "LineString", "coordinates": [ [ 629231.875, 5220856.5 ], [ 629239.079621926299296, 5220840.003518417477608 ] ] } },
{ "type": "Feature", "properties": { "label": "row", "row_structure": "regular" }, "geometry": { "type": "LineString", "coordinates": [ [ 629231.695799475768581, 5220850.510554596781731 ], [ 629232.4375, 5220848.5 ] ] } },
{ "type": "Feature", "properties": { "label": "row", "row_structure": "regular" }, "geometry": { "type": "LineString", "coordinates": [ [ 629220.875, 5220850.0 ], [ 629224.625, 5220841.0 ] ] } },
{ "type": "Feature", "properties": { "label": "row", "row_structure": "regular" }, "geometry": { "type": "LineString", "coordinates": [ [ 629219.929064185940661, 5220845.329109750688076 ], [ 629233.75, 5220813.0 ] ] } },
{ "type": "Feature", "properties": { "label": "row", "row_structure": "regular" }, "geometry": { "type": "LineString", "coordinates": [ [ 629222.625, 5220852.5 ], [ 629227.551666528219357, 5220840.482097858563066 ] ] } },
{ "type": "Feature", "properties": { "label": "row", "row_structure": "regular" }, "geometry": { "type": "LineString", "coordinates": [ [ 629228.708640516037121, 5220837.714172417297959 ], [ 629230.875, 5220832.5 ] ] } },
{ "type": "Feature", "properties": { "label": "row", "row_structure": "regular" }, "geometry": { "type": "LineString", "coordinates": [ [ 629217.646923573454842, 5220844.675416350364685 ], [ 629230.68974563118536, 5220812.799999999813735 ] ] } },
{ "type": "Feature", "properties": { "label": "row", "row_structure": "regular" }, "geometry": { "type": "LineString", "coordinates": [ [ 629229.0625, 5220850.5 ], [ 629230.943772603874095, 5220845.515917668119073 ] ] } },
{ "type": "Feature", "properties": { "label": "row", "row_structure": "regular" }, "geometry": { "type": "LineString", "coordinates": [ [ 629228.248402661411092, 5220845.497436087578535 ], [ 629232.256926483241841, 5220835.79270837828517 ] ] } },
{ "type": "Feature", "properties": { "label": "row", "row_structure": "regular" }, "geometry": { "type": "LineString", "coordinates": [ [ 629214.574802569695748, 5220845.578174825757742 ], [ 629227.875, 5220813.0 ] ] } },
{ "type": "Feature", "properties": { "label": "row", "row_structure": "regular" }, "geometry": { "type": "LineString", "coordinates": [ [ 629202.625, 5220847.5 ], [ 629216.9375, 5220813.0 ] ] } },
{ "type": "Feature", "properties": { "label": "row", "row_structure": "regular" }, "geometry": { "type": "LineString", "coordinates": [ [ 629205.8125, 5220847.0 ], [ 629219.625, 5220813.0 ] ] } },
{ "type": "Feature", "properties": { "label": "row", "row_structure": "regular" }, "geometry": { "type": "LineString", "coordinates": [ [ 629211.625, 5220846.0 ], [ 629225.25, 5220813.0 ] ] } },
{ "type": "Feature", "properties": { "label": "row", "row_structure": "regular" }, "geometry": { "type": "LineString", "coordinates": [ [ 629209.25, 5220845.5 ], [ 629222.25, 5220813.0 ] ] } },
{ "type": "Feature", "properties": { "label": "row", "row_structure": "regular" }, "geometry": { "type": "LineString", "coordinates": [ [ 629201.992673085886054, 5220842.705425763502717 ], [ 629214.25, 5220813.0 ] ] } },
{ "type": "Feature", "properties": { "label": "row", "row_structure": "regular" }, "geometry": { "type": "LineString", "coordinates": [ [ 629199.701613280805759, 5220841.929509780369699 ], [ 629211.5, 5220813.0 ] ] } },
{ "type": "Feature", "properties": { "label": "row", "row_structure": "regular" }, "geometry": { "type": "LineString", "coordinates": [ [ 629196.800000000046566, 5220841.959183673374355 ], [ 629208.625, 5220813.0 ] ] } },
{ "type": "Feature", "properties": { "label": "row", "row_structure": "regular" }, "geometry": { "type": "LineString", "coordinates": [ [ 629196.800000000046566, 5220835.336111110635102 ], [ 629205.9375, 5220813.0 ] ] } },
{ "type": "Feature", "properties": { "label": "row", "row_structure": "regular" }, "geometry": { "type": "LineString", "coordinates": [ [ 629196.800000000046566, 5220828.748051947914064 ], [ 629203.25, 5220813.0 ] ] } },
{ "type": "Feature", "properties": { "label": "row", "row_structure": "regular" }, "geometry": { "type": "LineString", "coordinates": [ [ 629196.800000000046566, 5220821.939215686172247 ], [ 629200.4375, 5220813.0 ] ] } },
{ "type": "Feature", "properties": { "label": "row", "row_structure": "regular" }, "geometry": { "type": "LineString", "coordinates": [ [ 629196.800000000046566, 5220815.297894736751914 ], [ 629197.5625, 5220813.5 ] ] } },
{ "type": "Feature", "properties": { "label": "interrow_area", "row_structure": null }, "geometry": { "type": "Polygon", "coordinates": [ [ [ 629206.600000000093132, 5220864.0 ], [ 629204.675000000046566, 5220863.125 ], [ 629204.650000000023283, 5220862.849999999627471 ], [ 629204.875, 5220862.775000000372529 ], [ 629204.925000000046566, 5220862.625 ], [ 629205.125, 5220862.450000000186265 ], [ 629205.200000000069849, 5220862.174999999813735 ], [ 629205.375, 5220862.025000000372529 ], [ 629205.325000000069849, 5220861.599999999627471 ], [ 629205.600000000093132, 5220861.525000000372529 ], [ 629205.550000000046566, 5220861.299999999813735 ], [ 629205.600000000093132, 5220860.625 ], [ 629205.725000000093132, 5220860.525000000372529 ], [ 629205.725000000093132, 5220860.375 ], [ 629205.700000000069849, 5220860.25 ], [ 629205.425000000046566, 5220860.049999999813735 ], [ 629205.200000000069849, 5220860.349999999627471 ], [ 629205.200000000069849, 5220860.424999999813735 ], [ 629205.375, 5220860.5 ], [ 629205.300000000046566, 5220860.875 ], [ 629205.150000000023283, 5220860.974999999627471 ], [ 629205.100000000093132, 5220861.125 ], [ 629204.875, 5220861.25 ], [ 629204.900000000023283, 5220861.599999999627471 ], [ 629204.800000000046566, 5220861.875 ], [ 629204.475000000093132, 5220862.099999999627471 ], [ 629204.475000000093132, 5220862.200000000186265 ], [ 629204.700000000069849, 5220862.349999999627471 ], [ 629204.625, 5220862.5 ], [ 629204.425000000046566, 5220862.625 ], [ 629204.5, 5220862.849999999627471 ], [ 629204.025000000023283, 5220863.875 ], [ 629202.25, 5220863.150000000372529 ], [ 629202.25, 5220862.924999999813735 ], [ 629202.375, 5220862.825000000186265 ], [ 629202.400000000023283, 5220862.450000000186265 ], [ 629202.725000000093132, 5220862.349999999627471 ], [ 629202.800000000046566, 5220861.549999999813735 ], [ 629202.975000000093132, 5220861.424999999813735 ], [ 629202.975000000093132, 5220861.125 ], [ 629203.150000000023283, 5220861.0 ], [ 629203.200000000069849, 5220860.799999999813735 ], [ 629203.300000000046566, 5220860.775000000372529 ], [ 629203.300000000046566, 5220860.575000000186265 ], [ 629203.200000000069849, 5220860.474999999627471 ], [ 629203.200000000069849, 5220860.150000000372529 ], [ 629203.125, 5220860.150000000372529 ], [ 629203.100000000093132, 5220860.049999999813735 ], [ 629203.150000000023283, 5220859.924999999813735 ], [ 629203.425000000046566, 5220859.950000000186265 ], [ 629203.475000000093132, 5220859.650000000372529 ], [ 629203.600000000093132, 5220859.450000000186265 ], [ 629203.850000000093132, 5220859.325000000186265 ], [ 629203.900000000023283, 5220858.75 ], [ 629204.100000000093132, 5220858.5 ], [ 629204.100000000093132, 5220858.349999999627471 ], [ 629204.400000000023283, 5220858.049999999813735 ], [ 629204.450000000069849, 5220857.875 ], [ 629204.400000000023283, 5220857.625 ], [ 629204.175000000046566, 5220857.5 ], [ 629204.225000000093132, 5220857.400000000372529 ], [ 629204.5, 5220857.474999999627471 ], [ 629204.600000000093132, 5220857.375 ], [ 629204.725000000093132, 5220856.674999999813735 ], [ 629205.525000000023283, 5220856.75 ], [ 629206.050000000046566, 5220856.5 ], [ 629206.675000000046566, 5220856.849999999627471 ], [ 629207.025000000023283, 5220856.900000000372529 ], [ 629209.275000000023283, 5220857.950000000186265 ], [ 629209.25, 5220858.5 ], [ 629209.050000000046566, 5220858.674999999813735 ], [ 629208.875, 5220858.700000000186265 ], [ 629208.900000000023283, 5220858.924999999813735 ], [ 629208.800000000046566, 5220859.0 ], [ 629208.800000000046566, 5220859.125 ], [ 629208.550000000046566, 5220859.224999999627471 ], [ 629208.600000000093132, 5220859.450000000186265 ], [ 629208.775000000023283, 5220859.424999999813735 ], [ 629208.775000000023283, 5220859.5 ], [ 629208.700000000069849, 5220859.650000000372529 ], [ 629208.625, 5220859.650000000372529 ], [ 629208.675000000046566, 5220859.724999999627471 ], [ 629208.475000000093132, 5220860.125 ], [ 629208.225000000093132, 5220860.200000000186265 ], [ 629208.325000000069849, 5220860.450000000186265 ], [ 629207.625, 5220861.900000000372529 ], [ 629207.550000000046566, 5220861.900000000372529 ], [ 629207.550000000046566, 5220862.025000000372529 ], [ 629207.350000000093132, 5220862.224999999627471 ], [ 629207.25, 5220862.650000000372529 ], [ 629207.150000000023283, 5220862.700000000186265 ], [ 629207.075000000069849, 5220862.974999999627471 ], [ 629206.975000000093132, 5220863.049999999813735 ], [ 629206.925000000046566, 5220863.375 ], [ 629206.600000000093132, 5220864.0 ] ], [ [ 629205.700000000069849, 5220860.200000000186265 ], [ 629205.725000000093132, 5220860.224999999627471 ], [ 629205.725000000093132, 5220860.200000000186265 ], [ 629205.700000000069849, 5220860.200000000186265 ] ], [ [ 629205.725000000093132, 5220860.150000000372529 ], [ 629205.75, 5220860.174999999813735 ], [ 629205.75, 5220860.150000000372529 ], [ 629205.725000000093132, 5220860.150000000372529 ] ], [ [ 629205.75, 5220860.075000000186265 ], [ 629205.775000000023283, 5220860.099999999627471 ], [ 629205.775000000023283, 5220860.075000000186265 ], [ 629205.75, 5220860.075000000186265 ] ], [ [ 629205.725000000093132, 5220860.049999999813735 ], [ 629206.050000000046566, 5220860.0 ], [ 629206.125, 5220859.575000000186265 ], [ 629206.300000000046566, 5220859.674999999813735 ], [ 629206.5, 5220859.650000000372529 ], [ 629206.5, 5220859.525000000372529 ], [ 629206.300000000046566, 5220859.400000000372529 ], [ 629206.275000000023283, 5220859.150000000372529 ], [ 629206.0, 5220858.950000000186265 ], [ 629205.900000000023283, 5220858.974999999627471 ], [ 629205.875, 5220859.150000000372529 ], [ 629206.0, 5220859.200000000186265 ], [ 629206.050000000046566, 5220859.450000000186265 ], [ 629205.950000000069849, 5220859.549999999813735 ], [ 629205.825000000069849, 5220859.549999999813735 ], [ 629205.725000000093132, 5220860.049999999813735 ] ], [ [ 629206.400000000023283, 5220859.099999999627471 ], [ 629206.575000000069849, 5220859.0 ], [ 629206.625, 5220858.599999999627471 ], [ 629206.925000000046566, 5220858.299999999813735 ], [ 629206.875, 5220857.950000000186265 ], [ 629207.150000000023283, 5220857.775000000372529 ], [ 629207.125, 5220857.525000000372529 ], [ 629207.325000000069849, 5220857.375 ], [ 629207.325000000069849, 5220857.299999999813735 ], [ 629207.200000000069849, 5220857.424999999813735 ], [ 629207.025000000023283, 5220857.349999999627471 ], [ 629207.0, 5220857.174999999813735 ], [ 629207.100000000093132, 5220857.025000000372529 ], [ 629206.825000000069849, 5220857.200000000186265 ], [ 629206.600000000093132, 5220857.125 ], [ 629206.600000000093132, 5220857.200000000186265 ], [ 629206.850000000093132, 5220857.400000000372529 ], [ 629206.850000000093132, 5220857.5 ], [ 629206.675000000046566, 5220857.625 ], [ 629206.825000000069849, 5220857.950000000186265 ], [ 629206.775000000023283, 5220858.049999999813735 ], [ 629206.525000000023283, 5220858.099999999627471 ], [ 629206.450000000069849, 5220858.349999999627471 ], [ 629206.225000000093132, 5220858.549999999813735 ], [ 629206.325000000069849, 5220858.724999999627471 ], [ 629206.275000000023283, 5220858.974999999627471 ], [ 629206.375, 5220858.974999999627471 ], [ 629206.400000000023283, 5220859.099999999627471 ] ], [ [ 629206.225000000093132, 5220859.049999999813735 ], [ 629206.25, 5220859.075000000186265 ], [ 629206.25, 5220859.049999999813735 ], [ 629206.225000000093132, 5220859.049999999813735 ] ], [ [ 629206.25, 5220859.0 ], [ 629206.275000000023283, 5220859.025000000372529 ], [ 629206.275000000023283, 5220859.0 ], [ 629206.25, 5220859.0 ] ], [ [ 629207.325000000069849, 5220857.224999999627471 ], [ 629207.350000000093132, 5220857.25 ], [ 629207.350000000093132, 5220857.224999999627471 ], [ 629207.325000000069849, 5220857.224999999627471 ] ], [ [ 629207.100000000093132, 5220857.150000000372529 ], [ 629207.125, 5220857.174999999813735 ], [ 629207.125, 5220857.150000000372529 ], [ 629207.100000000093132, 5220857.150000000372529 ] ], [ [ 629207.100000000093132, 5220857.0 ], [ 629207.125, 5220857.025000000372529 ], [ 629207.125, 5220857.0 ], [ 629207.100000000093132, 5220857.0 ] ] ] } },
{ "type": "Feature", "properties": { "label": "interrow_area", "row_structure": null }, "geometry": { "type": "Polygon", "coordinates": [ [ [ 629196.800000000046566, 5220862.549999999813735 ], [ 629196.850000000093132, 5220857.150000000372529 ], [ 629196.800000000046566, 5220855.75 ], [ 629197.025000000023283, 5220855.549999999813735 ], [ 629199.100000000093132, 5220856.450000000186265 ], [ 629199.100000000093132, 5220856.625 ], [ 629198.925000000046566, 5220856.674999999813735 ], [ 629199.050000000046566, 5220857.0 ], [ 629199.025000000023283, 5220857.224999999627471 ], [ 629198.800000000046566, 5220857.424999999813735 ], [ 629198.825000000069849, 5220857.799999999813735 ], [ 629198.775000000023283, 5220857.75 ], [ 629198.675000000046566, 5220857.924999999813735 ], [ 629198.675000000046566, 5220858.150000000372529 ], [ 629198.350000000093132, 5220858.075000000186265 ], [ 629198.325000000069849, 5220858.174999999813735 ], [ 629198.200000000069849, 5220858.200000000186265 ], [ 629198.075000000069849, 5220858.349999999627471 ], [ 629198.075000000069849, 5220859.474999999627471 ], [ 629197.800000000046566, 5220859.525000000372529 ], [ 629197.75, 5220859.375 ], [ 629197.650000000023283, 5220859.349999999627471 ], [ 629197.575000000069849, 5220859.525000000372529 ], [ 629197.75, 5220859.549999999813735 ], [ 629197.775000000023283, 5220859.700000000186265 ], [ 629197.625, 5220859.775000000372529 ], [ 629197.475000000093132, 5220859.700000000186265 ], [ 629197.400000000023283, 5220859.825000000186265 ], [ 629197.425000000046566, 5220860.549999999813735 ], [ 629197.600000000093132, 5220860.625 ], [ 629197.525000000023283, 5220860.900000000372529 ], [ 629197.25, 5220860.825000000186265 ], [ 629197.225000000093132, 5220860.700000000186265 ], [ 629196.950000000069849, 5220860.900000000372529 ], [ 629197.075000000069849, 5220861.049999999813735 ], [ 629197.075000000069849, 5220861.424999999813735 ], [ 629197.225000000093132, 5220861.650000000372529 ], [ 629197.025000000023283, 5220861.825000000186265 ], [ 629196.875, 5220861.849999999627471 ], [ 629196.850000000093132, 5220862.150000000372529 ], [ 629196.950000000069849, 5220862.150000000372529 ], [ 629196.925000000046566, 5220862.075000000186265 ], [ 629197.025000000023283, 5220862.125 ], [ 629196.800000000046566, 5220862.549999999813735 ] ], [ [ 629198.725000000093132, 5220857.424999999813735 ], [ 629198.775000000023283, 5220857.450000000186265 ], [ 629198.775000000023283, 5220857.424999999813735 ], [ 629198.725000000093132, 5220857.424999999813735 ] ], [ [ 629198.650000000023283, 5220857.400000000372529 ], [ 629198.700000000069849, 5220857.424999999813735 ], [ 629198.700000000069849, 5220857.400000000372529 ], [ 629198.650000000023283, 5220857.400000000372529 ] ], [ [ 629198.525000000023283, 5220857.375 ], [ 629198.625, 5220857.375 ], [ 629198.550000000046566, 5220857.275000000372529 ], [ 629198.525000000023283, 5220857.375 ] ] ] } },
{ "type": "Feature", "properties": { "label": "interrow_area", "row_structure": null }, "geometry": { "type": "Polygon", "coordinates": [ [ [ 629245.325000000069849, 5220863.900000000372529 ], [ 629243.550000000046566, 5220863.174999999813735 ], [ 629243.200000000069849, 5220862.799999999813735 ], [ 629243.5, 5220862.075000000186265 ], [ 629243.650000000023283, 5220862.049999999813735 ], [ 629243.75, 5220861.849999999627471 ], [ 629243.925000000046566, 5220861.724999999627471 ], [ 629243.875, 5220861.349999999627471 ], [ 629244.075000000069849, 5220861.025000000372529 ], [ 629244.075000000069849, 5220860.849999999627471 ], [ 629244.400000000023283, 5220860.349999999627471 ], [ 629244.400000000023283, 5220860.200000000186265 ], [ 629244.200000000069849, 5220860.075000000186265 ], [ 629244.225000000093132, 5220859.950000000186265 ], [ 629244.625, 5220859.799999999813735 ], [ 629244.725000000093132, 5220859.575000000186265 ], [ 629244.725000000093132, 5220859.125 ], [ 629245.100000000093132, 5220859.075000000186265 ], [ 629245.175000000046566, 5220859.0 ], [ 629245.175000000046566, 5220858.474999999627471 ], [ 629245.075000000069849, 5220858.099999999627471 ], [ 629244.875, 5220858.200000000186265 ], [ 629244.850000000093132, 5220858.400000000372529 ], [ 629244.700000000069849, 5220858.525000000372529 ], [ 629244.775000000023283, 5220858.875 ], [ 629244.650000000023283, 5220859.025000000372529 ], [ 629244.475000000093132, 5220859.075000000186265 ], [ 629244.450000000069849, 5220859.275000000372529 ], [ 629244.325000000069849, 5220859.424999999813735 ], [ 629244.325000000069849, 5220859.650000000372529 ], [ 629244.275000000023283, 5220859.674999999813735 ], [ 629244.25, 5220859.724999999627471 ], [ 629244.200000000069849, 5220859.724999999627471 ], [ 629244.200000000069849, 5220859.75 ], [ 629244.025000000023283, 5220859.799999999813735 ], [ 629243.900000000023283, 5220860.625 ], [ 629243.700000000069849, 5220860.974999999627471 ], [ 629242.100000000093132, 5220860.275000000372529 ], [ 629242.100000000093132, 5220860.099999999627471 ], [ 629241.975000000093132, 5220860.125 ], [ 629241.825000000069849, 5220859.849999999627471 ], [ 629241.800000000046566, 5220859.450000000186265 ], [ 629242.0, 5220859.150000000372529 ], [ 629242.325000000069849, 5220859.200000000186265 ], [ 629242.550000000046566, 5220859.325000000186265 ], [ 629242.675000000046566, 5220859.025000000372529 ], [ 629242.300000000046566, 5220859.049999999813735 ], [ 629242.075000000069849, 5220858.875 ], [ 629242.075000000069849, 5220858.525000000372529 ], [ 629242.375, 5220858.424999999813735 ], [ 629242.275000000023283, 5220858.299999999813735 ], [ 629242.25, 5220858.299999999813735 ], [ 629242.25, 5220858.400000000372529 ], [ 629241.650000000023283, 5220858.625 ], [ 629241.375, 5220859.174999999813735 ], [ 629241.425000000046566, 5220859.700000000186265 ], [ 629241.700000000069849, 5220859.900000000372529 ], [ 629241.850000000093132, 5220859.900000000372529 ], [ 629241.950000000069849, 5220860.200000000186265 ], [ 629239.400000000023283, 5220859.125 ], [ 629239.400000000023283, 5220858.900000000372529 ], [ 629239.5, 5220858.75 ], [ 629239.225000000093132, 5220858.849999999627471 ], [ 629239.050000000046566, 5220858.700000000186265 ], [ 629239.0, 5220858.450000000186265 ], [ 629238.950000000069849, 5220858.650000000372529 ], [ 629239.125, 5220858.825000000186265 ], [ 629238.900000000023283, 5220859.0 ], [ 629238.450000000069849, 5220858.775000000372529 ], [ 629238.375, 5220858.775000000372529 ], [ 629238.325000000069849, 5220858.724999999627471 ], [ 629238.275000000023283, 5220858.724999999627471 ], [ 629238.825000000069849, 5220859.125 ], [ 629238.825000000069849, 5220859.424999999813735 ], [ 629238.400000000023283, 5220859.474999999627471 ], [ 629238.375, 5220859.625 ], [ 629236.300000000046566, 5220858.775000000372529 ], [ 629236.450000000069849, 5220858.349999999627471 ], [ 629236.525000000023283, 5220858.400000000372529 ], [ 629237.225000000093132, 5220857.025000000372529 ], [ 629237.075000000069849, 5220856.950000000186265 ], [ 629237.050000000046566, 5220856.724999999627471 ], [ 629236.950000000069849, 5220856.875 ], [ 629236.800000000046566, 5220856.875 ], [ 629236.650000000023283, 5220857.299999999813735 ], [ 629236.475000000093132, 5220857.424999999813735 ], [ 629236.575000000069849, 5220857.599999999627471 ], [ 629236.475000000093132, 5220857.849999999627471 ], [ 629236.025000000023283, 5220857.599999999627471 ], [ 629235.700000000069849, 5220857.525000000372529 ], [ 629232.575000000069849, 5220856.174999999813735 ], [ 629232.5, 5220856.075000000186265 ], [ 629232.575000000069849, 5220855.650000000372529 ], [ 629232.525000000023283, 5220854.974999999627471 ], [ 629232.725000000093132, 5220854.549999999813735 ], [ 629233.0, 5220854.625 ], [ 629233.125, 5220854.525000000372529 ], [ 629233.150000000023283, 5220854.224999999627471 ], [ 629233.050000000046566, 5220854.099999999627471 ], [ 629233.025000000023283, 5220853.849999999627471 ], [ 629233.175000000046566, 5220853.5 ], [ 629233.300000000046566, 5220853.575000000186265 ], [ 629233.375, 5220853.775000000372529 ], [ 629233.550000000046566, 5220853.700000000186265 ], [ 629233.600000000093132, 5220853.125 ], [ 629233.550000000046566, 5220852.900000000372529 ], [ 629233.650000000023283, 5220852.799999999813735 ], [ 629233.825000000069849, 5220852.799999999813735 ], [ 629233.850000000093132, 5220852.674999999813735 ], [ 629233.850000000093132, 5220852.549999999813735 ], [ 629233.650000000023283, 5220852.474999999627471 ], [ 629233.650000000023283, 5220852.400000000372529 ], [ 629233.900000000023283, 5220851.825000000186265 ], [ 629234.025000000023283, 5220851.924999999813735 ], [ 629234.25, 5220851.674999999813735 ], [ 629234.275000000023283, 5220851.125 ], [ 629234.150000000023283, 5220851.025000000372529 ], [ 629234.150000000023283, 5220850.875 ], [ 629234.275000000023283, 5220850.825000000186265 ], [ 629234.475000000093132, 5220850.924999999813735 ], [ 629234.675000000046566, 5220850.775000000372529 ], [ 629234.700000000069849, 5220850.275000000372529 ], [ 629234.350000000093132, 5220850.25 ], [ 629234.225000000093132, 5220850.400000000372529 ], [ 629234.050000000046566, 5220850.400000000372529 ], [ 629234.050000000046566, 5220850.575000000186265 ], [ 629234.225000000093132, 5220850.599999999627471 ], [ 629234.25, 5220850.75 ], [ 629233.975000000093132, 5220850.799999999813735 ], [ 629233.950000000069849, 5220850.974999999627471 ], [ 629233.600000000093132, 5220851.224999999627471 ], [ 629231.700000000069849, 5220850.525000000372529 ], [ 629231.525000000023283, 5220850.349999999627471 ], [ 629231.375, 5220850.400000000372529 ], [ 629229.400000000023283, 5220849.650000000372529 ], [ 629229.575000000069849, 5220849.299999999813735 ], [ 629229.575000000069849, 5220849.125 ], [ 629229.675000000046566, 5220849.025000000372529 ], [ 629230.0, 5220848.974999999627471 ], [ 629230.0, 5220848.849999999627471 ], [ 629229.850000000093132, 5220848.75 ], [ 629229.775000000023283, 5220848.575000000186265 ], [ 629229.925000000046566, 5220848.525000000372529 ], [ 629230.075000000069849, 5220848.625 ], [ 629230.050000000046566, 5220848.150000000372529 ], [ 629230.25, 5220848.025000000372529 ], [ 629230.175000000046566, 5220847.775000000372529 ], [ 629230.275000000023283, 5220847.674999999813735 ], [ 629234.650000000023283, 5220849.299999999813735 ], [ 629234.550000000046566, 5220849.349999999627471 ], [ 629234.550000000046566, 5220849.450000000186265 ], [ 629234.75, 5220849.575000000186265 ], [ 629234.75, 5220849.674999999813735 ], [ 629235.125, 5220849.674999999813735 ], [ 629235.125, 5220849.599999999627471 ], [ 629234.975000000093132, 5220849.525000000372529 ], [ 629235.025000000023283, 5220849.400000000372529 ], [ 629235.25, 5220849.275000000372529 ], [ 629235.325000000069849, 5220849.375 ], [ 629235.525000000023283, 5220849.325000000186265 ], [ 629235.075000000069849, 5220849.150000000372529 ], [ 629235.350000000093132, 5220848.525000000372529 ], [ 629235.400000000023283, 5220848.700000000186265 ], [ 629235.475000000093132, 5220848.700000000186265 ], [ 629235.775000000023283, 5220848.400000000372529 ], [ 629235.800000000046566, 5220848.0 ], [ 629235.675000000046566, 5220848.025000000372529 ], [ 629235.575000000069849, 5220848.0 ], [ 629235.975000000093132, 5220847.075000000186265 ], [ 629236.0, 5220847.200000000186265 ], [ 629236.25, 5220847.25 ], [ 629236.025000000023283, 5220846.974999999627471 ], [ 629236.125, 5220846.75 ], [ 629236.400000000023283, 5220846.849999999627471 ], [ 629236.275000000023283, 5220846.724999999627471 ], [ 629236.275000000023283, 5220846.400000000372529 ], [ 629236.5, 5220845.900000000372529 ], [ 629236.625, 5220845.924999999813735 ], [ 629236.75, 5220846.075000000186265 ], [ 629236.950000000069849, 5220846.099999999627471 ], [ 629237.100000000093132, 5220845.799999999813735 ], [ 629236.950000000069849, 5220845.650000000372529 ], [ 629236.975000000093132, 5220845.775000000372529 ], [ 629236.850000000093132, 5220845.900000000372529 ], [ 629236.725000000093132, 5220845.900000000372529 ], [ 629236.575000000069849, 5220845.700000000186265 ], [ 629236.75, 5220845.299999999813735 ], [ 629236.900000000023283, 5220845.325000000186265 ], [ 629237.050000000046566, 5220845.200000000186265 ], [ 629236.925000000046566, 5220844.900000000372529 ], [ 629237.050000000046566, 5220844.650000000372529 ], [ 629237.25, 5220844.650000000372529 ], [ 629237.150000000023283, 5220844.400000000372529 ], [ 629237.400000000023283, 5220843.825000000186265 ], [ 629237.600000000093132, 5220843.900000000372529 ], [ 629237.550000000046566, 5220844.099999999627471 ], [ 629237.425000000046566, 5220844.174999999813735 ], [ 629237.550000000046566, 5220844.174999999813735 ], [ 629237.675000000046566, 5220844.049999999813735 ], [ 629237.675000000046566, 5220843.599999999627471 ], [ 629237.550000000046566, 5220843.474999999627471 ], [ 629237.600000000093132, 5220843.400000000372529 ], [ 629237.775000000023283, 5220843.424999999813735 ], [ 629237.925000000046566, 5220843.650000000372529 ], [ 629238.075000000069849, 5220843.650000000372529 ], [ 629238.125, 5220843.474999999627471 ], [ 629237.975000000093132, 5220843.424999999813735 ], [ 629237.875, 5220843.25 ], [ 629237.900000000023283, 5220843.075000000186265 ], [ 629238.050000000046566, 5220842.950000000186265 ], [ 629238.125, 5220842.450000000186265 ], [ 629238.375, 5220842.049999999813735 ], [ 629238.5, 5220841.974999999627471 ], [ 629238.600000000093132, 5220841.549999999813735 ], [ 629238.75, 5220841.549999999813735 ], [ 629238.800000000046566, 5220841.700000000186265 ], [ 629239.0, 5220841.650000000372529 ], [ 629239.050000000046566, 5220841.5 ], [ 629238.850000000093132, 5220841.5 ], [ 629238.775000000023283, 5220841.400000000372529 ], [ 629238.800000000046566, 5220841.099999999627471 ], [ 629239.0, 5220840.900000000372529 ], [ 629238.850000000093132, 5220840.575000000186265 ], [ 629239.050000000046566, 5220840.5 ], [ 629239.200000000069849, 5220840.674999999813735 ], [ 629239.400000000023283, 5220840.599999999627471 ], [ 629239.375, 5220840.5 ], [ 629239.075000000069849, 5220840.424999999813735 ], [ 629239.100000000093132, 5220840.150000000372529 ], [ 629239.025000000023283, 5220840.150000000372529 ], [ 629239.075000000069849, 5220840.0 ], [ 629241.275000000023283, 5220840.950000000186265 ], [ 629241.400000000023283, 5220840.625 ], [ 629241.5, 5220840.724999999627471 ], [ 629241.450000000069849, 5220840.525000000372529 ], [ 629241.650000000023283, 5220840.049999999813735 ], [ 629241.800000000046566, 5220840.0 ], [ 629241.725000000093132, 5220839.849999999627471 ], [ 629241.900000000023283, 5220839.450000000186265 ], [ 629242.200000000069849, 5220839.474999999627471 ], [ 629242.525000000023283, 5220839.200000000186265 ], [ 629242.775000000023283, 5220839.450000000186265 ], [ 629242.800000000046566, 5220839.599999999627471 ], [ 629242.875, 5220839.549999999813735 ], [ 629242.725000000093132, 5220838.700000000186265 ], [ 629244.5, 5220839.424999999813735 ], [ 629244.050000000046566, 5220840.525000000372529 ], [ 629246.375, 5220841.5 ], [ 629246.175000000046566, 5220841.599999999627471 ], [ 629246.0, 5220841.549999999813735 ], [ 629245.950000000069849, 5220841.674999999813735 ], [ 629245.700000000069849, 5220841.825000000186265 ], [ 629245.625, 5220841.950000000186265 ], [ 629245.675000000046566, 5220842.200000000186265 ], [ 629245.525000000023283, 5220842.349999999627471 ], [ 629245.675000000046566, 5220842.700000000186265 ], [ 629245.550000000046566, 5220842.900000000372529 ], [ 629245.225000000093132, 5220842.900000000372529 ], [ 629245.150000000023283, 5220842.974999999627471 ], [ 629245.050000000046566, 5220843.25 ], [ 629245.100000000093132, 5220843.474999999627471 ], [ 629245.0, 5220843.549999999813735 ], [ 629245.050000000046566, 5220844.174999999813735 ], [ 629244.925000000046566, 5220844.299999999813735 ], [ 629245.025000000023283, 5220844.424999999813735 ], [ 629245.175000000046566, 5220844.349999999627471 ], [ 629245.075000000069849, 5220844.625 ], [ 629244.925000000046566, 5220844.700000000186265 ], [ 629244.925000000046566, 5220844.974999999627471 ], [ 629244.825000000069849, 5220845.200000000186265 ], [ 629244.625, 5220845.200000000186265 ], [ 629244.525000000023283, 5220845.299999999813735 ], [ 629244.575000000069849, 5220845.474999999627471 ], [ 629244.525000000023283, 5220845.625 ], [ 629244.25, 5220845.825000000186265 ], [ 629244.200000000069849, 5220846.075000000186265 ], [ 629243.950000000069849, 5220846.224999999627471 ], [ 629244.025000000023283, 5220846.400000000372529 ], [ 629243.975000000093132, 5220846.674999999813735 ], [ 629243.700000000069849, 5220846.700000000186265 ], [ 629243.725000000093132, 5220846.875 ], [ 629243.925000000046566, 5220847.075000000186265 ], [ 629243.900000000023283, 5220847.25 ], [ 629243.725000000093132, 5220847.200000000186265 ], [ 629243.400000000023283, 5220847.325000000186265 ], [ 629243.375, 5220847.474999999627471 ], [ 629243.625, 5220847.625 ], [ 629243.650000000023283, 5220847.75 ], [ 629243.325000000069849, 5220848.349999999627471 ], [ 629243.375, 5220848.650000000372529 ], [ 629243.300000000046566, 5220848.825000000186265 ], [ 629243.100000000093132, 5220848.674999999813735 ], [ 629242.825000000069849, 5220848.700000000186265 ], [ 629242.800000000046566, 5220849.099999999627471 ], [ 629242.925000000046566, 5220849.174999999813735 ], [ 629242.925000000046566, 5220849.275000000372529 ], [ 629242.800000000046566, 5220849.599999999627471 ], [ 629242.975000000093132, 5220849.575000000186265 ], [ 629242.975000000093132, 5220849.599999999627471 ], [ 629242.600000000093132, 5220850.474999999627471 ], [ 629242.525000000023283, 5220850.450000000186265 ], [ 629242.550000000046566, 5220850.125 ], [ 629242.350000000093132, 5220850.150000000372529 ], [ 629242.150000000023283, 5220850.450000000186265 ], [ 629242.125, 5220850.599999999627471 ], [ 629242.275000000023283, 5220850.724999999627471 ], [ 629242.200000000069849, 5220851.0 ], [ 629242.300000000046566, 5220851.099999999627471 ], [ 629242.050000000046566, 5220851.200000000186265 ], [ 629242.150000000023283, 5220851.375 ], [ 629242.050000000046566, 5220851.549999999813735 ], [ 629241.925000000046566, 5220851.575000000186265 ], [ 629241.850000000093132, 5220851.700000000186265 ], [ 629241.575000000069849, 5220851.75 ], [ 629241.600000000093132, 5220852.025000000372529 ], [ 629241.5, 5220852.099999999627471 ], [ 629241.525000000023283, 5220852.224999999627471 ], [ 629241.775000000023283, 5220852.400000000372529 ], [ 629242.075000000069849, 5220852.400000000372529 ], [ 629242.125, 5220852.049999999813735 ], [ 629242.200000000069849, 5220851.974999999627471 ], [ 629242.375, 5220851.974999999627471 ], [ 629242.475000000093132, 5220851.825000000186265 ], [ 629242.475000000093132, 5220851.599999999627471 ], [ 629242.400000000023283, 5220851.575000000186265 ], [ 629242.425000000046566, 5220851.525000000372529 ], [ 629244.325000000069849, 5220852.325000000186265 ], [ 629244.300000000046566, 5220852.775000000372529 ], [ 629244.400000000023283, 5220853.099999999627471 ], [ 629244.225000000093132, 5220853.25 ], [ 629244.25, 5220853.400000000372529 ], [ 629244.600000000093132, 5220853.299999999813735 ], [ 629244.700000000069849, 5220853.075000000186265 ], [ 629244.900000000023283, 5220853.0 ], [ 629244.900000000023283, 5220852.799999999813735 ], [ 629245.175000000046566, 5220852.775000000372529 ], [ 629245.200000000069849, 5220852.700000000186265 ], [ 629246.900000000023283, 5220853.450000000186265 ], [ 629246.625, 5220853.599999999627471 ], [ 629246.625, 5220853.974999999627471 ], [ 629246.375, 5220853.974999999627471 ], [ 629246.300000000046566, 5220854.125 ], [ 629246.350000000093132, 5220854.575000000186265 ], [ 629246.525000000023283, 5220854.674999999813735 ], [ 629246.325000000069849, 5220855.174999999813735 ], [ 629246.075000000069849, 5220855.200000000186265 ], [ 629246.0, 5220855.424999999813735 ], [ 629245.850000000093132, 5220855.549999999813735 ], [ 629245.925000000046566, 5220855.799999999813735 ], [ 629245.600000000093132, 5220856.25 ], [ 629245.625, 5220856.450000000186265 ], [ 629245.350000000093132, 5220856.599999999627471 ], [ 629245.300000000046566, 5220856.900000000372529 ], [ 629245.400000000023283, 5220856.950000000186265 ], [ 629245.400000000023283, 5220857.099999999627471 ], [ 629245.275000000023283, 5220857.200000000186265 ], [ 629245.300000000046566, 5220857.424999999813735 ], [ 629245.200000000069849, 5220857.5 ], [ 629245.200000000069849, 5220857.799999999813735 ], [ 629245.400000000023283, 5220857.775000000372529 ], [ 629245.675000000046566, 5220857.299999999813735 ], [ 629245.650000000023283, 5220857.099999999627471 ], [ 629245.725000000093132, 5220857.049999999813735 ], [ 629247.825000000069849, 5220857.900000000372529 ], [ 629247.825000000069849, 5220857.974999999627471 ], [ 629247.700000000069849, 5220858.150000000372529 ], [ 629247.625, 5220858.474999999627471 ], [ 629247.5, 5220858.575000000186265 ], [ 629247.525000000023283, 5220858.75 ], [ 629247.425000000046566, 5220858.974999999627471 ], [ 629247.275000000023283, 5220859.025000000372529 ], [ 629247.200000000069849, 5220859.474999999627471 ], [ 629247.100000000093132, 5220859.525000000372529 ], [ 629247.125, 5220859.75 ], [ 629246.925000000046566, 5220859.875 ], [ 629246.975000000093132, 5220860.099999999627471 ], [ 629246.650000000023283, 5220860.950000000186265 ], [ 629246.400000000023283, 5220861.125 ], [ 629246.400000000023283, 5220861.525000000372529 ], [ 629246.275000000023283, 5220861.625 ], [ 629246.200000000069849, 5220862.075000000186265 ], [ 629246.0, 5220862.174999999813735 ], [ 629245.950000000069849, 5220862.400000000372529 ], [ 629245.75, 5220862.674999999813735 ], [ 629245.825000000069849, 5220863.025000000372529 ], [ 629245.525000000023283, 5220863.775000000372529 ], [ 629245.325000000069849, 5220863.900000000372529 ] ], [ [ 629242.100000000093132, 5220860.049999999813735 ], [ 629242.125, 5220860.075000000186265 ], [ 629242.125, 5220860.049999999813735 ], [ 629242.100000000093132, 5220860.049999999813735 ] ], [ [ 629242.225000000093132, 5220859.849999999627471 ], [ 629242.25, 5220859.875 ], [ 629242.25, 5220859.849999999627471 ], [ 629242.225000000093132, 5220859.849999999627471 ] ], [ [ 629242.275000000023283, 5220859.700000000186265 ], [ 629242.325000000069849, 5220859.799999999813735 ], [ 629242.350000000093132, 5220859.700000000186265 ], [ 629242.275000000023283, 5220859.700000000186265 ] ], [ [ 629244.25, 5220859.650000000372529 ], [ 629244.275000000023283, 5220859.674999999813735 ], [ 629244.275000000023283, 5220859.650000000372529 ], [ 629244.25, 5220859.650000000372529 ] ], [ [ 629242.75, 5220858.825000000186265 ], [ 629243.125, 5220858.075000000186265 ], [ 629243.075000000069849, 5220857.799999999813735 ], [ 629243.275000000023283, 5220857.724999999627471 ], [ 629243.300000000046566, 5220857.525000000372529 ], [ 629243.425000000046566, 5220857.400000000372529 ], [ 629243.400000000023283, 5220857.275000000372529 ], [ 629243.475000000093132, 5220857.224999999627471 ], [ 629243.375, 5220856.799999999813735 ], [ 629243.175000000046566, 5220856.875 ], [ 629243.075000000069849, 5220856.650000000372529 ], [ 629243.050000000046566, 5220856.650000000372529 ], [ 629243.050000000046566, 5220856.900000000372529 ], [ 629243.300000000046566, 5220857.025000000372529 ], [ 629243.325000000069849, 5220857.25 ], [ 629242.975000000093132, 5220857.349999999627471 ], [ 629242.75, 5220856.825000000186265 ], [ 629242.525000000023283, 5220856.724999999627471 ], [ 629242.400000000023283, 5220856.974999999627471 ], [ 629242.425000000046566, 5220857.150000000372529 ], [ 629242.350000000093132, 5220857.200000000186265 ], [ 629242.375, 5220857.450000000186265 ], [ 629242.300000000046566, 5220857.599999999627471 ], [ 629242.100000000093132, 5220857.625 ], [ 629241.975000000093132, 5220857.924999999813735 ], [ 629242.200000000069849, 5220858.224999999627471 ], [ 629242.125, 5220857.825000000186265 ], [ 629242.450000000069849, 5220857.950000000186265 ], [ 629242.475000000093132, 5220857.75 ], [ 629242.650000000023283, 5220857.5 ], [ 629242.975000000093132, 5220857.424999999813735 ], [ 629243.275000000023283, 5220857.474999999627471 ], [ 629243.275000000023283, 5220857.575000000186265 ], [ 629243.100000000093132, 5220857.625 ], [ 629243.050000000046566, 5220857.775000000372529 ], [ 629242.900000000023283, 5220857.775000000372529 ], [ 629242.975000000093132, 5220858.025000000372529 ], [ 629242.850000000093132, 5220858.125 ], [ 629242.875, 5220858.424999999813735 ], [ 629242.700000000069849, 5220858.5 ], [ 629242.75, 5220858.825000000186265 ] ], [ [ 629239.5, 5220858.700000000186265 ], [ 629239.550000000046566, 5220858.724999999627471 ], [ 629239.550000000046566, 5220858.674999999813735 ], [ 629239.5, 5220858.700000000186265 ] ], [ [ 629238.25, 5220858.700000000186265 ], [ 629238.275000000023283, 5220858.724999999627471 ], [ 629238.275000000023283, 5220858.700000000186265 ], [ 629238.25, 5220858.700000000186265 ] ], [ [ 629239.550000000046566, 5220858.650000000372529 ], [ 629239.575000000069849, 5220858.674999999813735 ], [ 629239.575000000069849, 5220858.650000000372529 ], [ 629239.550000000046566, 5220858.650000000372529 ] ], [ [ 629239.575000000069849, 5220858.625 ], [ 629239.600000000093132, 5220858.650000000372529 ], [ 629239.600000000093132, 5220858.625 ], [ 629239.575000000069849, 5220858.625 ] ], [ [ 629242.600000000093132, 5220858.474999999627471 ], [ 629242.650000000023283, 5220858.5 ], [ 629242.650000000023283, 5220858.474999999627471 ], [ 629242.600000000093132, 5220858.474999999627471 ] ], [ [ 629242.5, 5220858.450000000186265 ], [ 629242.525000000023283, 5220858.474999999627471 ], [ 629242.525000000023283, 5220858.450000000186265 ], [ 629242.5, 5220858.450000000186265 ] ], [ [ 629242.400000000023283, 5220858.424999999813735 ], [ 629242.425000000046566, 5220858.450000000186265 ], [ 629242.425000000046566, 5220858.424999999813735 ], [ 629242.400000000023283, 5220858.424999999813735 ] ], [ [ 629239.0, 5220858.375 ], [ 629239.025000000023283, 5220858.400000000372529 ], [ 629239.025000000023283, 5220858.375 ], [ 629239.0, 5220858.375 ] ], [ [ 629239.025000000023283, 5220858.349999999627471 ], [ 629239.050000000046566, 5220858.375 ], [ 629239.050000000046566, 5220858.349999999627471 ], [ 629239.025000000023283, 5220858.349999999627471 ] ], [ [ 629239.050000000046566, 5220858.299999999813735 ], [ 629239.075000000069849, 5220858.349999999627471 ], [ 629239.075000000069849, 5220858.299999999813735 ], [ 629239.050000000046566, 5220858.299999999813735 ] ], [ [ 629239.075000000069849, 5220858.275000000372529 ], [ 629239.100000000093132, 5220858.299999999813735 ], [ 629239.100000000093132, 5220858.275000000372529 ], [ 629239.075000000069849, 5220858.275000000372529 ] ], [ [ 629242.225000000093132, 5220858.275000000372529 ], [ 629242.25, 5220858.299999999813735 ], [ 629242.25, 5220858.275000000372529 ], [ 629242.225000000093132, 5220858.275000000372529 ] ], [ [ 629239.100000000093132, 5220858.224999999627471 ], [ 629239.125, 5220858.275000000372529 ], [ 629239.125, 5220858.224999999627471 ], [ 629239.100000000093132, 5220858.224999999627471 ] ], [ [ 629242.200000000069849, 5220858.224999999627471 ], [ 629242.225000000093132, 5220858.275000000372529 ], [ 629242.225000000093132, 5220858.224999999627471 ], [ 629242.200000000069849, 5220858.224999999627471 ] ], [ [ 629239.125, 5220858.200000000186265 ], [ 629239.150000000023283, 5220858.224999999627471 ], [ 629239.150000000023283, 5220858.200000000186265 ], [ 629239.125, 5220858.200000000186265 ] ], [ [ 629239.150000000023283, 5220858.174999999813735 ], [ 629239.175000000046566, 5220858.200000000186265 ], [ 629239.175000000046566, 5220858.174999999813735 ], [ 629239.150000000023283, 5220858.174999999813735 ] ], [ [ 629239.175000000046566, 5220858.125 ], [ 629239.200000000069849, 5220858.150000000372529 ], [ 629239.200000000069849, 5220858.125 ], [ 629239.175000000046566, 5220858.125 ] ], [ [ 629239.200000000069849, 5220858.099999999627471 ], [ 629239.225000000093132, 5220858.125 ], [ 629239.225000000093132, 5220858.099999999627471 ], [ 629239.200000000069849, 5220858.099999999627471 ] ], [ [ 629239.625, 5220858.099999999627471 ], [ 629239.650000000023283, 5220857.799999999813735 ], [ 629239.425000000046566, 5220857.474999999627471 ], [ 629239.700000000069849, 5220857.599999999627471 ], [ 629239.850000000093132, 5220857.575000000186265 ], [ 629239.975000000093132, 5220857.424999999813735 ], [ 629240.0, 5220857.200000000186265 ], [ 629240.300000000046566, 5220856.924999999813735 ], [ 629240.275000000023283, 5220856.674999999813735 ], [ 629240.125, 5220856.400000000372529 ], [ 629240.225000000093132, 5220856.174999999813735 ], [ 629240.125, 5220856.174999999813735 ], [ 629240.0, 5220856.025000000372529 ], [ 629239.975000000093132, 5220856.025000000372529 ], [ 629239.975000000093132, 5220856.075000000186265 ], [ 629240.100000000093132, 5220856.200000000186265 ], [ 629240.100000000093132, 5220856.349999999627471 ], [ 629239.800000000046566, 5220856.724999999627471 ], [ 629239.475000000093132, 5220856.900000000372529 ], [ 629239.475000000093132, 5220857.150000000372529 ], [ 629239.325000000069849, 5220857.424999999813735 ], [ 629239.275000000023283, 5220858.0 ], [ 629239.625, 5220858.099999999627471 ] ], [ [ 629239.225000000093132, 5220858.049999999813735 ], [ 629239.25, 5220858.075000000186265 ], [ 629239.25, 5220858.049999999813735 ], [ 629239.225000000093132, 5220858.049999999813735 ] ], [ [ 629239.25, 5220858.025000000372529 ], [ 629239.275000000023283, 5220858.049999999813735 ], [ 629239.275000000023283, 5220858.025000000372529 ], [ 629239.25, 5220858.025000000372529 ] ], [ [ 629237.225000000093132, 5220856.950000000186265 ], [ 629237.25, 5220856.974999999627471 ], [ 629237.25, 5220856.950000000186265 ], [ 629237.225000000093132, 5220856.950000000186265 ] ], [ [ 629237.275000000023283, 5220856.875 ], [ 629237.300000000046566, 5220856.900000000372529 ], [ 629237.300000000046566, 5220856.875 ], [ 629237.275000000023283, 5220856.875 ] ], [ [ 629237.300000000046566, 5220856.825000000186265 ], [ 629237.325000000069849, 5220856.849999999627471 ], [ 629237.325000000069849, 5220856.825000000186265 ], [ 629237.300000000046566, 5220856.825000000186265 ] ], [ [ 629234.800000000046566, 5220856.825000000186265 ], [ 629235.050000000046566, 5220856.799999999813735 ], [ 629235.150000000023283, 5220856.375 ], [ 629235.150000000023283, 5220856.224999999627471 ], [ 629235.050000000046566, 5220856.125 ], [ 629234.950000000069849, 5220856.125 ], [ 629234.625, 5220856.375 ], [ 629234.600000000093132, 5220856.5 ], [ 629234.775000000023283, 5220856.625 ], [ 629234.800000000046566, 5220856.825000000186265 ] ], [ [ 629243.375, 5220856.799999999813735 ], [ 629243.675000000046566, 5220856.775000000372529 ], [ 629243.800000000046566, 5220856.325000000186265 ], [ 629244.050000000046566, 5220855.875 ], [ 629244.050000000046566, 5220855.799999999813735 ], [ 629243.925000000046566, 5220855.775000000372529 ], [ 629243.900000000023283, 5220855.525000000372529 ], [ 629244.0, 5220855.400000000372529 ], [ 629244.175000000046566, 5220855.525000000372529 ], [ 629244.600000000093132, 5220854.5 ], [ 629244.050000000046566, 5220854.400000000372529 ], [ 629244.150000000023283, 5220854.025000000372529 ], [ 629244.100000000093132, 5220853.900000000372529 ], [ 629243.725000000093132, 5220854.150000000372529 ], [ 629243.725000000093132, 5220854.325000000186265 ], [ 629243.900000000023283, 5220854.775000000372529 ], [ 629244.075000000069849, 5220854.799999999813735 ], [ 629244.25, 5220854.950000000186265 ], [ 629244.225000000093132, 5220855.150000000372529 ], [ 629244.025000000023283, 5220855.25 ], [ 629243.925000000046566, 5220855.424999999813735 ], [ 629243.725000000093132, 5220855.400000000372529 ], [ 629243.625, 5220855.075000000186265 ], [ 629243.400000000023283, 5220855.200000000186265 ], [ 629243.175000000046566, 5220855.174999999813735 ], [ 629243.025000000023283, 5220855.525000000372529 ], [ 629243.125, 5220855.674999999813735 ], [ 629243.125, 5220855.900000000372529 ], [ 629243.0, 5220856.150000000372529 ], [ 629243.125, 5220856.099999999627471 ], [ 629243.325000000069849, 5220856.200000000186265 ], [ 629243.400000000023283, 5220856.349999999627471 ], [ 629243.375, 5220856.799999999813735 ] ], [ [ 629237.050000000046566, 5220856.575000000186265 ], [ 629237.075000000069849, 5220856.724999999627471 ], [ 629237.075000000069849, 5220856.575000000186265 ], [ 629237.050000000046566, 5220856.575000000186265 ] ], [ [ 629237.150000000023283, 5220856.700000000186265 ], [ 629237.175000000046566, 5220856.724999999627471 ], [ 629237.175000000046566, 5220856.700000000186265 ], [ 629237.150000000023283, 5220856.700000000186265 ] ], [ [ 629237.400000000023283, 5220856.650000000372529 ], [ 629237.425000000046566, 5220856.674999999813735 ], [ 629237.425000000046566, 5220856.650000000372529 ], [ 629237.400000000023283, 5220856.650000000372529 ] ], [ [ 629243.025000000023283, 5220856.599999999627471 ], [ 629243.050000000046566, 5220856.650000000372529 ], [ 629243.050000000046566, 5220856.599999999627471 ], [ 629243.025000000023283, 5220856.599999999627471 ] ], [ [ 629237.425000000046566, 5220856.599999999627471 ], [ 629237.450000000069849, 5220856.625 ], [ 629237.450000000069849, 5220856.599999999627471 ], [ 629237.425000000046566, 5220856.599999999627471 ] ], [ [ 629243.0, 5220856.575000000186265 ], [ 629243.025000000023283, 5220856.599999999627471 ], [ 629243.025000000023283, 5220856.575000000186265 ], [ 629243.0, 5220856.575000000186265 ] ], [ [ 629234.075000000069849, 5220856.549999999813735 ], [ 629234.125, 5220856.575000000186265 ], [ 629234.125, 5220856.549999999813735 ], [ 629234.075000000069849, 5220856.549999999813735 ] ], [ [ 629242.975000000093132, 5220856.549999999813735 ], [ 629243.0, 5220856.575000000186265 ], [ 629243.0, 5220856.549999999813735 ], [ 629242.975000000093132, 5220856.549999999813735 ] ], [ [ 629234.200000000069849, 5220856.525000000372529 ], [ 629234.25, 5220856.549999999813735 ], [ 629234.25, 5220856.525000000372529 ], [ 629234.200000000069849, 5220856.525000000372529 ] ], [ [ 629234.450000000069849, 5220856.5 ], [ 629234.525000000023283, 5220856.525000000372529 ], [ 629234.525000000023283, 5220856.5 ], [ 629234.450000000069849, 5220856.5 ] ], [ [ 629237.075000000069849, 5220856.525000000372529 ], [ 629237.125, 5220856.424999999813735 ], [ 629237.125, 5220856.25 ], [ 629237.025000000023283, 5220856.275000000372529 ], [ 629237.100000000093132, 5220856.299999999813735 ], [ 629237.075000000069849, 5220856.525000000372529 ] ], [ [ 629237.475000000093132, 5220856.5 ], [ 629237.5, 5220856.525000000372529 ], [ 629237.5, 5220856.5 ], [ 629237.475000000093132, 5220856.5 ] ], [ [ 629237.5, 5220856.474999999627471 ], [ 629237.550000000046566, 5220856.450000000186265 ], [ 629237.600000000093132, 5220856.299999999813735 ], [ 629237.525000000023283, 5220856.349999999627471 ], [ 629237.5, 5220856.474999999627471 ] ], [ [ 629236.625, 5220856.424999999813735 ], [ 629236.700000000069849, 5220856.424999999813735 ], [ 629236.800000000046566, 5220856.224999999627471 ], [ 629236.75, 5220856.0 ], [ 629236.600000000093132, 5220856.174999999813735 ], [ 629236.625, 5220856.424999999813735 ] ], [ [ 629237.600000000093132, 5220856.275000000372529 ], [ 629237.625, 5220856.299999999813735 ], [ 629237.625, 5220856.275000000372529 ], [ 629237.600000000093132, 5220856.275000000372529 ] ], [ [ 629236.950000000069849, 5220856.25 ], [ 629237.0, 5220856.275000000372529 ], [ 629237.0, 5220856.25 ], [ 629236.950000000069849, 5220856.25 ] ], [ [ 629236.875, 5220856.224999999627471 ], [ 629236.925000000046566, 5220856.25 ], [ 629236.925000000046566, 5220856.224999999627471 ], [ 629236.875, 5220856.224999999627471 ] ], [ [ 629237.125, 5220856.224999999627471 ], [ 629237.150000000023283, 5220856.25 ], [ 629237.150000000023283, 5220856.224999999627471 ], [ 629237.125, 5220856.224999999627471 ] ], [ [ 629237.625, 5220856.25 ], [ 629237.675000000046566, 5220856.200000000186265 ], [ 629237.650000000023283, 5220856.049999999813735 ], [ 629237.625, 5220856.049999999813735 ], [ 629237.625, 5220856.25 ] ], [ [ 629236.825000000069849, 5220856.200000000186265 ], [ 629236.850000000093132, 5220856.224999999627471 ], [ 629236.850000000093132, 5220856.200000000186265 ], [ 629236.825000000069849, 5220856.200000000186265 ] ], [ [ 629237.150000000023283, 5220856.200000000186265 ], [ 629237.175000000046566, 5220856.224999999627471 ], [ 629237.175000000046566, 5220856.200000000186265 ], [ 629237.150000000023283, 5220856.200000000186265 ] ], [ [ 629237.175000000046566, 5220856.174999999813735 ], [ 629237.200000000069849, 5220856.200000000186265 ], [ 629237.200000000069849, 5220856.174999999813735 ], [ 629237.175000000046566, 5220856.174999999813735 ] ], [ [ 629237.200000000069849, 5220856.150000000372529 ], [ 629237.225000000093132, 5220856.174999999813735 ], [ 629237.225000000093132, 5220856.150000000372529 ], [ 629237.200000000069849, 5220856.150000000372529 ] ], [ [ 629242.975000000093132, 5220856.150000000372529 ], [ 629243.0, 5220856.174999999813735 ], [ 629243.0, 5220856.150000000372529 ], [ 629242.975000000093132, 5220856.150000000372529 ] ], [ [ 629237.225000000093132, 5220856.125 ], [ 629237.25, 5220856.150000000372529 ], [ 629237.25, 5220856.125 ], [ 629237.225000000093132, 5220856.125 ] ], [ [ 629237.600000000093132, 5220856.049999999813735 ], [ 629237.625, 5220856.0 ], [ 629237.575000000069849, 5220855.924999999813735 ], [ 629237.550000000046566, 5220855.924999999813735 ], [ 629237.600000000093132, 5220856.049999999813735 ] ], [ [ 629239.950000000069849, 5220856.0 ], [ 629239.975000000093132, 5220856.025000000372529 ], [ 629239.975000000093132, 5220856.0 ], [ 629239.950000000069849, 5220856.0 ] ], [ [ 629239.900000000023283, 5220856.0 ], [ 629239.925000000046566, 5220855.900000000372529 ], [ 629239.825000000069849, 5220855.900000000372529 ], [ 629239.825000000069849, 5220855.974999999627471 ], [ 629239.900000000023283, 5220856.0 ] ], [ [ 629237.525000000023283, 5220855.875 ], [ 629237.550000000046566, 5220855.924999999813735 ], [ 629237.550000000046566, 5220855.875 ], [ 629237.525000000023283, 5220855.875 ] ], [ [ 629237.5, 5220855.849999999627471 ], [ 629237.525000000023283, 5220855.875 ], [ 629237.525000000023283, 5220855.849999999627471 ], [ 629237.5, 5220855.849999999627471 ] ], [ [ 629237.225000000093132, 5220855.825000000186265 ], [ 629237.275000000023283, 5220855.849999999627471 ], [ 629237.275000000023283, 5220855.825000000186265 ], [ 629237.225000000093132, 5220855.825000000186265 ] ], [ [ 629237.275000000023283, 5220855.799999999813735 ], [ 629237.300000000046566, 5220855.825000000186265 ], [ 629237.300000000046566, 5220855.799999999813735 ], [ 629237.275000000023283, 5220855.799999999813735 ] ], [ [ 629237.300000000046566, 5220855.799999999813735 ], [ 629237.450000000069849, 5220855.799999999813735 ], [ 629237.450000000069849, 5220855.775000000372529 ], [ 629237.325000000069849, 5220855.75 ], [ 629237.300000000046566, 5220855.799999999813735 ] ], [ [ 629240.550000000046566, 5220855.799999999813735 ], [ 629240.800000000046566, 5220855.775000000372529 ], [ 629240.800000000046566, 5220855.674999999813735 ], [ 629240.650000000023283, 5220855.650000000372529 ], [ 629240.625, 5220855.575000000186265 ], [ 629240.625, 5220855.474999999627471 ], [ 629240.800000000046566, 5220855.299999999813735 ], [ 629240.975000000093132, 5220855.200000000186265 ], [ 629241.300000000046566, 5220855.200000000186265 ], [ 629241.300000000046566, 5220854.775000000372529 ], [ 629241.075000000069849, 5220854.625 ], [ 629240.975000000093132, 5220854.625 ], [ 629240.875, 5220854.799999999813735 ], [ 629240.650000000023283, 5220854.799999999813735 ], [ 629240.550000000046566, 5220854.900000000372529 ], [ 629240.550000000046566, 5220855.200000000186265 ], [ 629240.425000000046566, 5220855.349999999627471 ], [ 629240.550000000046566, 5220855.799999999813735 ] ], [ [ 629237.125, 5220855.75 ], [ 629237.150000000023283, 5220855.775000000372529 ], [ 629237.150000000023283, 5220855.75 ], [ 629237.125, 5220855.75 ] ], [ [ 629235.275000000023283, 5220855.724999999627471 ], [ 629235.400000000023283, 5220855.700000000186265 ], [ 629235.625, 5220855.375 ], [ 629235.600000000093132, 5220855.075000000186265 ], [ 629235.75, 5220854.849999999627471 ], [ 629235.75, 5220854.474999999627471 ], [ 629235.825000000069849, 5220854.474999999627471 ], [ 629235.975000000093132, 5220854.049999999813735 ], [ 629236.200000000069849, 5220853.775000000372529 ], [ 629236.25, 5220853.325000000186265 ], [ 629236.375, 5220853.25 ], [ 629236.325000000069849, 5220852.849999999627471 ], [ 629236.550000000046566, 5220852.599999999627471 ], [ 629236.75, 5220852.549999999813735 ], [ 629236.75, 5220852.474999999627471 ], [ 629236.550000000046566, 5220852.349999999627471 ], [ 629236.425000000046566, 5220852.025000000372529 ], [ 629237.025000000023283, 5220851.674999999813735 ], [ 629236.900000000023283, 5220851.400000000372529 ], [ 629236.650000000023283, 5220851.424999999813735 ], [ 629236.400000000023283, 5220851.674999999813735 ], [ 629236.425000000046566, 5220852.0 ], [ 629236.275000000023283, 5220852.075000000186265 ], [ 629236.275000000023283, 5220852.349999999627471 ], [ 629236.025000000023283, 5220852.599999999627471 ], [ 629236.050000000046566, 5220853.525000000372529 ], [ 629235.775000000023283, 5220853.599999999627471 ], [ 629235.625, 5220853.950000000186265 ], [ 629235.300000000046566, 5220853.924999999813735 ], [ 629235.325000000069849, 5220854.049999999813735 ], [ 629235.600000000093132, 5220854.125 ], [ 629235.600000000093132, 5220854.325000000186265 ], [ 629235.400000000023283, 5220854.549999999813735 ], [ 629235.375, 5220854.75 ], [ 629235.200000000069849, 5220854.875 ], [ 629235.25, 5220855.075000000186265 ], [ 629235.175000000046566, 5220855.325000000186265 ], [ 629235.050000000046566, 5220855.424999999813735 ], [ 629235.100000000093132, 5220855.599999999627471 ], [ 629235.275000000023283, 5220855.724999999627471 ] ], [ [ 629237.575000000069849, 5220855.700000000186265 ], [ 629237.600000000093132, 5220855.724999999627471 ], [ 629237.600000000093132, 5220855.700000000186265 ], [ 629237.575000000069849, 5220855.700000000186265 ] ], [ [ 629236.950000000069849, 5220855.674999999813735 ], [ 629237.025000000023283, 5220855.674999999813735 ], [ 629236.975000000093132, 5220855.5 ], [ 629236.925000000046566, 5220855.549999999813735 ], [ 629236.950000000069849, 5220855.674999999813735 ] ], [ [ 629237.650000000023283, 5220855.525000000372529 ], [ 629237.675000000046566, 5220855.549999999813735 ], [ 629237.675000000046566, 5220855.525000000372529 ], [ 629237.650000000023283, 5220855.525000000372529 ] ], [ [ 629237.850000000093132, 5220855.450000000186265 ], [ 629238.0, 5220855.424999999813735 ], [ 629237.975000000093132, 5220855.25 ], [ 629237.800000000046566, 5220855.25 ], [ 629237.775000000023283, 5220855.375 ], [ 629237.850000000093132, 5220855.450000000186265 ] ], [ [ 629237.725000000093132, 5220855.349999999627471 ], [ 629237.75, 5220855.375 ], [ 629237.75, 5220855.349999999627471 ], [ 629237.725000000093132, 5220855.349999999627471 ] ], [ [ 629243.875, 5220855.224999999627471 ], [ 629243.900000000023283, 5220855.25 ], [ 629243.900000000023283, 5220855.224999999627471 ], [ 629243.875, 5220855.224999999627471 ] ], [ [ 629243.775000000023283, 5220855.200000000186265 ], [ 629243.800000000046566, 5220855.224999999627471 ], [ 629243.800000000046566, 5220855.200000000186265 ], [ 629243.775000000023283, 5220855.200000000186265 ] ], [ [ 629237.800000000046566, 5220855.174999999813735 ], [ 629237.825000000069849, 5220855.200000000186265 ], [ 629237.825000000069849, 5220855.174999999813735 ], [ 629237.800000000046566, 5220855.174999999813735 ] ], [ [ 629238.0, 5220854.650000000372529 ], [ 629238.475000000093132, 5220854.450000000186265 ], [ 629238.400000000023283, 5220854.075000000186265 ], [ 629238.525000000023283, 5220853.974999999627471 ], [ 629238.575000000069849, 5220853.799999999813735 ], [ 629238.675000000046566, 5220853.775000000372529 ], [ 629238.5, 5220853.5 ], [ 629238.300000000046566, 5220853.5 ], [ 629238.225000000093132, 5220853.349999999627471 ], [ 629238.125, 5220853.375 ], [ 629238.125, 5220853.450000000186265 ], [ 629238.25, 5220853.5 ], [ 629238.225000000093132, 5220853.900000000372529 ], [ 629238.075000000069849, 5220854.075000000186265 ], [ 629238.0, 5220854.650000000372529 ] ], [ [ 629240.900000000023283, 5220854.099999999627471 ], [ 629240.925000000046566, 5220854.125 ], [ 629240.925000000046566, 5220854.099999999627471 ], [ 629240.900000000023283, 5220854.099999999627471 ] ], [ [ 629241.100000000093132, 5220854.125 ], [ 629241.325000000069849, 5220854.099999999627471 ], [ 629241.450000000069849, 5220853.849999999627471 ], [ 629241.75, 5220853.674999999813735 ], [ 629241.825000000069849, 5220853.474999999627471 ], [ 629241.800000000046566, 5220852.924999999813735 ], [ 629241.325000000069849, 5220852.950000000186265 ], [ 629241.200000000069849, 5220853.099999999627471 ], [ 629241.200000000069849, 5220853.25 ], [ 629241.050000000046566, 5220853.349999999627471 ], [ 629241.050000000046566, 5220853.5 ], [ 629240.925000000046566, 5220853.650000000372529 ], [ 629241.075000000069849, 5220853.825000000186265 ], [ 629241.0, 5220854.025000000372529 ], [ 629241.100000000093132, 5220854.125 ] ], [ [ 629244.650000000023283, 5220854.099999999627471 ], [ 629244.800000000046566, 5220854.049999999813735 ], [ 629244.800000000046566, 5220853.875 ], [ 629244.675000000046566, 5220853.900000000372529 ], [ 629244.650000000023283, 5220854.099999999627471 ] ], [ [ 629244.100000000093132, 5220853.875 ], [ 629244.125, 5220853.900000000372529 ], [ 629244.125, 5220853.875 ], [ 629244.100000000093132, 5220853.875 ] ], [ [ 629244.125, 5220853.775000000372529 ], [ 629244.150000000023283, 5220853.799999999813735 ], [ 629244.150000000023283, 5220853.775000000372529 ], [ 629244.125, 5220853.775000000372529 ] ], [ [ 629244.150000000023283, 5220853.700000000186265 ], [ 629244.175000000046566, 5220853.724999999627471 ], [ 629244.175000000046566, 5220853.700000000186265 ], [ 629244.150000000023283, 5220853.700000000186265 ] ], [ [ 629244.200000000069849, 5220853.525000000372529 ], [ 629244.225000000093132, 5220853.549999999813735 ], [ 629244.225000000093132, 5220853.525000000372529 ], [ 629244.200000000069849, 5220853.525000000372529 ] ], [ [ 629238.575000000069849, 5220853.349999999627471 ], [ 629238.600000000093132, 5220853.375 ], [ 629238.600000000093132, 5220853.349999999627471 ], [ 629238.575000000069849, 5220853.349999999627471 ] ], [ [ 629238.875, 5220853.375 ], [ 629239.025000000023283, 5220853.375 ], [ 629239.175000000046566, 5220853.075000000186265 ], [ 629239.100000000093132, 5220852.825000000186265 ], [ 629238.800000000046566, 5220853.0 ], [ 629238.875, 5220853.375 ] ], [ [ 629238.650000000023283, 5220853.174999999813735 ], [ 629238.675000000046566, 5220853.200000000186265 ], [ 629238.675000000046566, 5220853.174999999813735 ], [ 629238.650000000023283, 5220853.174999999813735 ] ], [ [ 629238.725000000093132, 5220853.0 ], [ 629238.75, 5220853.025000000372529 ], [ 629238.75, 5220853.0 ], [ 629238.725000000093132, 5220853.0 ] ], [ [ 629238.675000000046566, 5220852.950000000186265 ], [ 629238.700000000069849, 5220852.974999999627471 ], [ 629238.700000000069849, 5220852.950000000186265 ], [ 629238.675000000046566, 5220852.950000000186265 ] ], [ [ 629238.550000000046566, 5220852.900000000372529 ], [ 629238.575000000069849, 5220852.924999999813735 ], [ 629238.575000000069849, 5220852.900000000372529 ], [ 629238.550000000046566, 5220852.900000000372529 ] ], [ [ 629238.475000000093132, 5220852.875 ], [ 629238.525000000023283, 5220852.900000000372529 ], [ 629238.525000000023283, 5220852.875 ], [ 629238.475000000093132, 5220852.875 ] ], [ [ 629238.425000000046566, 5220852.849999999627471 ], [ 629238.450000000069849, 5220852.875 ], [ 629238.450000000069849, 5220852.849999999627471 ], [ 629238.425000000046566, 5220852.849999999627471 ] ], [ [ 629238.200000000069849, 5220852.849999999627471 ], [ 629238.325000000069849, 5220852.825000000186265 ], [ 629238.375, 5220852.549999999813735 ], [ 629238.225000000093132, 5220852.674999999813735 ], [ 629238.200000000069849, 5220852.849999999627471 ] ], [ [ 629238.350000000093132, 5220852.825000000186265 ], [ 629238.400000000023283, 5220852.849999999627471 ], [ 629238.400000000023283, 5220852.825000000186265 ], [ 629238.350000000093132, 5220852.825000000186265 ] ], [ [ 629238.800000000046566, 5220852.825000000186265 ], [ 629238.825000000069849, 5220852.849999999627471 ], [ 629238.825000000069849, 5220852.825000000186265 ], [ 629238.800000000046566, 5220852.825000000186265 ] ], [ [ 629239.100000000093132, 5220852.799999999813735 ], [ 629239.125, 5220852.825000000186265 ], [ 629239.125, 5220852.799999999813735 ], [ 629239.100000000093132, 5220852.799999999813735 ] ], [ [ 629239.125, 5220852.724999999627471 ], [ 629239.150000000023283, 5220852.75 ], [ 629239.150000000023283, 5220852.724999999627471 ], [ 629239.125, 5220852.724999999627471 ] ], [ [ 629238.875, 5220852.650000000372529 ], [ 629238.900000000023283, 5220852.674999999813735 ], [ 629238.900000000023283, 5220852.650000000372529 ], [ 629238.875, 5220852.650000000372529 ] ], [ [ 629239.150000000023283, 5220852.650000000372529 ], [ 629239.175000000046566, 5220852.674999999813735 ], [ 629239.175000000046566, 5220852.650000000372529 ], [ 629239.150000000023283, 5220852.650000000372529 ] ], [ [ 629239.175000000046566, 5220852.575000000186265 ], [ 629239.200000000069849, 5220852.599999999627471 ], [ 629239.200000000069849, 5220852.575000000186265 ], [ 629239.175000000046566, 5220852.575000000186265 ] ], [ [ 629238.375, 5220852.5 ], [ 629238.400000000023283, 5220852.549999999813735 ], [ 629238.400000000023283, 5220852.5 ], [ 629238.375, 5220852.5 ] ], [ [ 629239.200000000069849, 5220852.5 ], [ 629239.225000000093132, 5220852.525000000372529 ], [ 629239.225000000093132, 5220852.5 ], [ 629239.200000000069849, 5220852.5 ] ], [ [ 629238.400000000023283, 5220852.450000000186265 ], [ 629238.425000000046566, 5220852.5 ], [ 629238.425000000046566, 5220852.450000000186265 ], [ 629238.400000000023283, 5220852.450000000186265 ] ], [ [ 629238.950000000069849, 5220852.474999999627471 ], [ 629238.975000000093132, 5220852.5 ], [ 629238.975000000093132, 5220852.474999999627471 ], [ 629238.950000000069849, 5220852.474999999627471 ] ], [ [ 629239.225000000093132, 5220852.5 ], [ 629239.300000000046566, 5220852.474999999627471 ], [ 629239.275000000023283, 5220852.325000000186265 ], [ 629239.200000000069849, 5220852.325000000186265 ], [ 629239.225000000093132, 5220852.5 ] ], [ [ 629238.475000000093132, 5220852.375 ], [ 629238.575000000069849, 5220852.325000000186265 ], [ 629238.575000000069849, 5220852.224999999627471 ], [ 629238.475000000093132, 5220852.224999999627471 ], [ 629238.475000000093132, 5220852.375 ] ], [ [ 629239.025000000023283, 5220852.299999999813735 ], [ 629239.050000000046566, 5220852.325000000186265 ], [ 629239.050000000046566, 5220852.299999999813735 ], [ 629239.025000000023283, 5220852.299999999813735 ] ], [ [ 629239.075000000069849, 5220852.174999999813735 ], [ 629239.100000000093132, 5220852.200000000186265 ], [ 629239.100000000093132, 5220852.174999999813735 ], [ 629239.075000000069849, 5220852.174999999813735 ] ], [ [ 629239.100000000093132, 5220852.125 ], [ 629239.125, 5220852.150000000372529 ], [ 629239.125, 5220852.125 ], [ 629239.100000000093132, 5220852.125 ] ], [ [ 629239.150000000023283, 5220852.0 ], [ 629239.175000000046566, 5220852.025000000372529 ], [ 629239.175000000046566, 5220852.0 ], [ 629239.150000000023283, 5220852.0 ] ], [ [ 629239.225000000093132, 5220851.825000000186265 ], [ 629239.25, 5220851.849999999627471 ], [ 629239.25, 5220851.825000000186265 ], [ 629239.225000000093132, 5220851.825000000186265 ] ], [ [ 629239.300000000046566, 5220851.650000000372529 ], [ 629239.325000000069849, 5220851.674999999813735 ], [ 629239.325000000069849, 5220851.650000000372529 ], [ 629239.300000000046566, 5220851.650000000372529 ] ], [ [ 629239.375, 5220851.474999999627471 ], [ 629239.400000000023283, 5220851.5 ], [ 629239.400000000023283, 5220851.474999999627471 ], [ 629239.375, 5220851.474999999627471 ] ], [ [ 629239.450000000069849, 5220851.299999999813735 ], [ 629239.475000000093132, 5220851.325000000186265 ], [ 629239.475000000093132, 5220851.299999999813735 ], [ 629239.450000000069849, 5220851.299999999813735 ] ], [ [ 629239.525000000023283, 5220851.125 ], [ 629239.550000000046566, 5220851.150000000372529 ], [ 629239.550000000046566, 5220851.125 ], [ 629239.525000000023283, 5220851.125 ] ], [ [ 629237.100000000093132, 5220851.099999999627471 ], [ 629237.225000000093132, 5220851.075000000186265 ], [ 629237.5, 5220850.0 ], [ 629237.725000000093132, 5220849.75 ], [ 629237.725000000093132, 5220849.599999999627471 ], [ 629237.100000000093132, 5220849.650000000372529 ], [ 629237.125, 5220850.325000000186265 ], [ 629237.0, 5220850.700000000186265 ], [ 629237.0, 5220851.0 ], [ 629237.100000000093132, 5220851.099999999627471 ] ], [ [ 629239.575000000069849, 5220851.0 ], [ 629239.600000000093132, 5220851.025000000372529 ], [ 629239.600000000093132, 5220851.0 ], [ 629239.575000000069849, 5220851.0 ] ], [ [ 629239.600000000093132, 5220850.950000000186265 ], [ 629239.625, 5220850.974999999627471 ], [ 629239.625, 5220850.950000000186265 ], [ 629239.600000000093132, 5220850.950000000186265 ] ], [ [ 629239.225000000093132, 5220850.849999999627471 ], [ 629239.300000000046566, 5220850.875 ], [ 629239.325000000069849, 5220850.825000000186265 ], [ 629239.225000000093132, 5220850.849999999627471 ] ], [ [ 629239.650000000023283, 5220850.825000000186265 ], [ 629239.675000000046566, 5220850.849999999627471 ], [ 629239.675000000046566, 5220850.825000000186265 ], [ 629239.650000000023283, 5220850.825000000186265 ] ], [ [ 629239.325000000069849, 5220850.825000000186265 ], [ 629239.375, 5220850.799999999813735 ], [ 629239.375, 5220850.549999999813735 ], [ 629239.225000000093132, 5220850.599999999627471 ], [ 629239.350000000093132, 5220850.650000000372529 ], [ 629239.325000000069849, 5220850.825000000186265 ] ], [ [ 629239.675000000046566, 5220850.775000000372529 ], [ 629239.700000000069849, 5220850.799999999813735 ], [ 629239.700000000069849, 5220850.775000000372529 ], [ 629239.675000000046566, 5220850.775000000372529 ] ], [ [ 629239.725000000093132, 5220850.650000000372529 ], [ 629239.75, 5220850.674999999813735 ], [ 629239.75, 5220850.650000000372529 ], [ 629239.725000000093132, 5220850.650000000372529 ] ], [ [ 629239.75, 5220850.599999999627471 ], [ 629239.775000000023283, 5220850.625 ], [ 629239.775000000023283, 5220850.599999999627471 ], [ 629239.75, 5220850.599999999627471 ] ], [ [ 629239.800000000046566, 5220850.474999999627471 ], [ 629239.825000000069849, 5220850.5 ], [ 629239.825000000069849, 5220850.474999999627471 ], [ 629239.800000000046566, 5220850.474999999627471 ] ], [ [ 629239.325000000069849, 5220850.275000000372529 ], [ 629239.350000000093132, 5220850.474999999627471 ], [ 629239.350000000093132, 5220850.275000000372529 ], [ 629239.325000000069849, 5220850.275000000372529 ] ], [ [ 629239.825000000069849, 5220850.424999999813735 ], [ 629239.850000000093132, 5220850.450000000186265 ], [ 629239.850000000093132, 5220850.424999999813735 ], [ 629239.825000000069849, 5220850.424999999813735 ] ], [ [ 629239.875, 5220850.299999999813735 ], [ 629239.900000000023283, 5220850.325000000186265 ], [ 629239.900000000023283, 5220850.299999999813735 ], [ 629239.875, 5220850.299999999813735 ] ], [ [ 629231.75, 5220850.150000000372529 ], [ 629232.050000000046566, 5220850.075000000186265 ], [ 629232.075000000069849, 5220849.825000000186265 ], [ 629232.325000000069849, 5220849.775000000372529 ], [ 629232.400000000023283, 5220849.700000000186265 ], [ 629232.400000000023283, 5220849.5 ], [ 629232.600000000093132, 5220849.375 ], [ 629232.600000000093132, 5220849.125 ], [ 629232.5, 5220849.0 ], [ 629232.625, 5220848.849999999627471 ], [ 629232.575000000069849, 5220848.650000000372529 ], [ 629232.325000000069849, 5220848.625 ], [ 629232.100000000093132, 5220848.799999999813735 ], [ 629232.075000000069849, 5220849.099999999627471 ], [ 629231.950000000069849, 5220849.224999999627471 ], [ 629231.900000000023283, 5220849.549999999813735 ], [ 629231.700000000069849, 5220849.825000000186265 ], [ 629231.75, 5220850.150000000372529 ] ], [ [ 629239.950000000069849, 5220850.125 ], [ 629239.975000000093132, 5220850.150000000372529 ], [ 629239.975000000093132, 5220850.125 ], [ 629239.950000000069849, 5220850.125 ] ], [ [ 629240.0, 5220850.075000000186265 ], [ 629240.200000000069849, 5220849.974999999627471 ], [ 629240.300000000046566, 5220849.700000000186265 ], [ 629240.600000000093132, 5220849.599999999627471 ], [ 629240.575000000069849, 5220849.325000000186265 ], [ 629240.650000000023283, 5220849.075000000186265 ], [ 629240.550000000046566, 5220848.724999999627471 ], [ 629240.225000000093132, 5220848.75 ], [ 629240.275000000023283, 5220849.049999999813735 ], [ 629240.125, 5220849.200000000186265 ], [ 629240.150000000023283, 5220849.5 ], [ 629239.850000000093132, 5220849.674999999813735 ], [ 629240.0, 5220850.075000000186265 ] ], [ [ 629235.125, 5220849.674999999813735 ], [ 629235.150000000023283, 5220849.700000000186265 ], [ 629235.150000000023283, 5220849.674999999813735 ], [ 629235.125, 5220849.674999999813735 ] ], [ [ 629229.775000000023283, 5220849.5 ], [ 629229.875, 5220849.474999999627471 ], [ 629229.950000000069849, 5220849.174999999813735 ], [ 629229.800000000046566, 5220849.299999999813735 ], [ 629229.775000000023283, 5220849.5 ] ], [ [ 629237.275000000023283, 5220849.025000000372529 ], [ 629238.150000000023283, 5220849.0 ], [ 629238.075000000069849, 5220848.599999999627471 ], [ 629238.125, 5220848.474999999627471 ], [ 629238.275000000023283, 5220848.400000000372529 ], [ 629238.325000000069849, 5220848.125 ], [ 629238.450000000069849, 5220848.025000000372529 ], [ 629238.450000000069849, 5220847.875 ], [ 629238.350000000093132, 5220847.75 ], [ 629238.375, 5220847.474999999627471 ], [ 629238.5, 5220847.275000000372529 ], [ 629238.725000000093132, 5220847.325000000186265 ], [ 629238.575000000069849, 5220847.150000000372529 ], [ 629238.75, 5220846.950000000186265 ], [ 629238.900000000023283, 5220846.299999999813735 ], [ 629239.150000000023283, 5220846.375 ], [ 629239.275000000023283, 5220846.575000000186265 ], [ 629239.400000000023283, 5220846.549999999813735 ], [ 629239.400000000023283, 5220846.325000000186265 ], [ 629239.175000000046566, 5220846.349999999627471 ], [ 629238.975000000093132, 5220846.25 ], [ 629239.050000000046566, 5220846.049999999813735 ], [ 629239.575000000069849, 5220846.099999999627471 ], [ 629239.475000000093132, 5220845.700000000186265 ], [ 629239.275000000023283, 5220845.375 ], [ 629239.5, 5220844.875 ], [ 629239.400000000023283, 5220844.575000000186265 ], [ 629239.200000000069849, 5220844.724999999627471 ], [ 629238.800000000046566, 5220845.625 ], [ 629238.800000000046566, 5220845.775000000372529 ], [ 629238.950000000069849, 5220846.0 ], [ 629238.450000000069849, 5220846.424999999813735 ], [ 629238.350000000093132, 5220846.875 ], [ 629238.0, 5220847.674999999813735 ], [ 629238.025000000023283, 5220848.0 ], [ 629237.800000000046566, 5220848.150000000372529 ], [ 629237.600000000093132, 5220848.950000000186265 ], [ 629237.300000000046566, 5220848.950000000186265 ], [ 629237.275000000023283, 5220849.025000000372529 ] ], [ [ 629240.575000000069849, 5220848.650000000372529 ], [ 629240.600000000093132, 5220848.674999999813735 ], [ 629240.600000000093132, 5220848.650000000372529 ], [ 629240.575000000069849, 5220848.650000000372529 ] ], [ [ 629240.600000000093132, 5220848.599999999627471 ], [ 629240.625, 5220848.625 ], [ 629240.625, 5220848.599999999627471 ], [ 629240.600000000093132, 5220848.599999999627471 ] ], [ [ 629240.650000000023283, 5220848.474999999627471 ], [ 629240.675000000046566, 5220848.5 ], [ 629240.675000000046566, 5220848.474999999627471 ], [ 629240.650000000023283, 5220848.474999999627471 ] ], [ [ 629240.675000000046566, 5220848.424999999813735 ], [ 629240.700000000069849, 5220848.450000000186265 ], [ 629240.700000000069849, 5220848.424999999813735 ], [ 629240.675000000046566, 5220848.424999999813735 ] ], [ [ 629240.725000000093132, 5220848.299999999813735 ], [ 629240.75, 5220848.325000000186265 ], [ 629240.75, 5220848.299999999813735 ], [ 629240.725000000093132, 5220848.299999999813735 ] ], [ [ 629240.75, 5220848.25 ], [ 629240.775000000023283, 5220848.275000000372529 ], [ 629240.775000000023283, 5220848.25 ], [ 629240.75, 5220848.25 ] ], [ [ 629240.800000000046566, 5220848.125 ], [ 629240.825000000069849, 5220848.150000000372529 ], [ 629240.825000000069849, 5220848.125 ], [ 629240.800000000046566, 5220848.125 ] ], [ [ 629240.825000000069849, 5220848.075000000186265 ], [ 629240.850000000093132, 5220848.099999999627471 ], [ 629240.850000000093132, 5220848.075000000186265 ], [ 629240.825000000069849, 5220848.075000000186265 ] ], [ [ 629240.800000000046566, 5220847.924999999813735 ], [ 629240.975000000093132, 5220848.0 ], [ 629241.0, 5220847.825000000186265 ], [ 629241.300000000046566, 5220847.549999999813735 ], [ 629241.425000000046566, 5220847.599999999627471 ], [ 629241.325000000069849, 5220847.5 ], [ 629241.400000000023283, 5220847.224999999627471 ], [ 629241.275000000023283, 5220847.150000000372529 ], [ 629241.225000000093132, 5220847.075000000186265 ], [ 629240.850000000093132, 5220847.299999999813735 ], [ 629240.800000000046566, 5220847.924999999813735 ] ], [ [ 629241.450000000069849, 5220847.799999999813735 ], [ 629241.525000000023283, 5220847.775000000372529 ], [ 629241.575000000069849, 5220847.599999999627471 ], [ 629241.425000000046566, 5220847.599999999627471 ], [ 629241.450000000069849, 5220847.799999999813735 ] ], [ [ 629238.850000000093132, 5220847.549999999813735 ], [ 629239.025000000023283, 5220847.474999999627471 ], [ 629239.050000000046566, 5220847.275000000372529 ], [ 629238.900000000023283, 5220847.25 ], [ 629238.775000000023283, 5220847.349999999627471 ], [ 629238.850000000093132, 5220847.549999999813735 ] ], [ [ 629238.725000000093132, 5220847.325000000186265 ], [ 629238.75, 5220847.349999999627471 ], [ 629238.75, 5220847.325000000186265 ], [ 629238.725000000093132, 5220847.325000000186265 ] ], [ [ 629241.25, 5220847.075000000186265 ], [ 629241.275000000023283, 5220847.099999999627471 ], [ 629241.275000000023283, 5220847.075000000186265 ], [ 629241.25, 5220847.075000000186265 ] ], [ [ 629241.175000000046566, 5220847.025000000372529 ], [ 629241.5, 5220846.900000000372529 ], [ 629241.75, 5220846.575000000186265 ], [ 629241.725000000093132, 5220846.349999999627471 ], [ 629241.875, 5220846.200000000186265 ], [ 629241.800000000046566, 5220845.700000000186265 ], [ 629241.900000000023283, 5220845.599999999627471 ], [ 629242.25, 5220845.674999999813735 ], [ 629242.150000000023283, 5220845.599999999627471 ], [ 629242.200000000069849, 5220845.424999999813735 ], [ 629242.125, 5220845.525000000372529 ], [ 629241.925000000046566, 5220845.525000000372529 ], [ 629241.800000000046566, 5220845.424999999813735 ], [ 629241.725000000093132, 5220845.575000000186265 ], [ 629241.775000000023283, 5220845.724999999627471 ], [ 629241.625, 5220845.75 ], [ 629241.425000000046566, 5220845.974999999627471 ], [ 629241.425000000046566, 5220846.125 ], [ 629241.200000000069849, 5220846.474999999627471 ], [ 629241.200000000069849, 5220846.799999999813735 ], [ 629241.075000000069849, 5220846.875 ], [ 629241.075000000069849, 5220846.974999999627471 ], [ 629241.175000000046566, 5220847.025000000372529 ] ], [ [ 629236.475000000093132, 5220846.974999999627471 ], [ 629236.575000000069849, 5220846.950000000186265 ], [ 629236.775000000023283, 5220846.5 ], [ 629236.625, 5220846.525000000372529 ], [ 629236.625, 5220846.724999999627471 ], [ 629236.450000000069849, 5220846.875 ], [ 629236.475000000093132, 5220846.974999999627471 ] ], [ [ 629236.400000000023283, 5220846.849999999627471 ], [ 629236.450000000069849, 5220846.875 ], [ 629236.450000000069849, 5220846.849999999627471 ], [ 629236.400000000023283, 5220846.849999999627471 ] ], [ [ 629241.900000000023283, 5220846.724999999627471 ], [ 629241.925000000046566, 5220846.799999999813735 ], [ 629241.950000000069849, 5220846.724999999627471 ], [ 629241.900000000023283, 5220846.724999999627471 ] ], [ [ 629241.875, 5220846.700000000186265 ], [ 629241.900000000023283, 5220846.724999999627471 ], [ 629241.900000000023283, 5220846.700000000186265 ], [ 629241.875, 5220846.700000000186265 ] ], [ [ 629241.850000000093132, 5220846.674999999813735 ], [ 629241.875, 5220846.700000000186265 ], [ 629241.875, 5220846.674999999813735 ], [ 629241.850000000093132, 5220846.674999999813735 ] ], [ [ 629241.825000000069849, 5220846.650000000372529 ], [ 629241.850000000093132, 5220846.674999999813735 ], [ 629241.850000000093132, 5220846.650000000372529 ], [ 629241.825000000069849, 5220846.650000000372529 ] ], [ [ 629241.800000000046566, 5220846.625 ], [ 629241.825000000069849, 5220846.650000000372529 ], [ 629241.825000000069849, 5220846.625 ], [ 629241.800000000046566, 5220846.625 ] ], [ [ 629241.775000000023283, 5220846.599999999627471 ], [ 629241.800000000046566, 5220846.625 ], [ 629241.800000000046566, 5220846.599999999627471 ], [ 629241.775000000023283, 5220846.599999999627471 ] ], [ [ 629241.75, 5220846.575000000186265 ], [ 629241.775000000023283, 5220846.599999999627471 ], [ 629241.775000000023283, 5220846.575000000186265 ], [ 629241.75, 5220846.575000000186265 ] ], [ [ 629241.825000000069849, 5220845.724999999627471 ], [ 629241.850000000093132, 5220845.75 ], [ 629241.850000000093132, 5220845.724999999627471 ], [ 629241.825000000069849, 5220845.724999999627471 ] ], [ [ 629242.300000000046566, 5220845.674999999813735 ], [ 629242.325000000069849, 5220845.700000000186265 ], [ 629242.325000000069849, 5220845.674999999813735 ], [ 629242.300000000046566, 5220845.674999999813735 ] ], [ [ 629236.925000000046566, 5220845.525000000372529 ], [ 629236.950000000069849, 5220845.575000000186265 ], [ 629236.950000000069849, 5220845.525000000372529 ], [ 629236.925000000046566, 5220845.525000000372529 ] ], [ [ 629241.950000000069849, 5220845.424999999813735 ], [ 629241.975000000093132, 5220845.450000000186265 ], [ 629241.975000000093132, 5220845.424999999813735 ], [ 629241.950000000069849, 5220845.424999999813735 ] ], [ [ 629236.900000000023283, 5220845.375 ], [ 629236.925000000046566, 5220845.424999999813735 ], [ 629236.925000000046566, 5220845.375 ], [ 629236.900000000023283, 5220845.375 ] ], [ [ 629242.200000000069849, 5220845.400000000372529 ], [ 629242.225000000093132, 5220845.424999999813735 ], [ 629242.225000000093132, 5220845.400000000372529 ], [ 629242.200000000069849, 5220845.400000000372529 ] ], [ [ 629241.975000000093132, 5220845.375 ], [ 629242.0, 5220845.400000000372529 ], [ 629242.0, 5220845.375 ], [ 629241.975000000093132, 5220845.375 ] ], [ [ 629242.225000000093132, 5220845.400000000372529 ], [ 629242.350000000093132, 5220845.400000000372529 ], [ 629242.350000000093132, 5220845.375 ], [ 629242.225000000093132, 5220845.325000000186265 ], [ 629242.225000000093132, 5220845.400000000372529 ] ], [ [ 629242.0, 5220845.299999999813735 ], [ 629242.025000000023283, 5220845.325000000186265 ], [ 629242.025000000023283, 5220845.299999999813735 ], [ 629242.0, 5220845.299999999813735 ] ], [ [ 629242.025000000023283, 5220845.25 ], [ 629242.050000000046566, 5220845.275000000372529 ], [ 629242.050000000046566, 5220845.25 ], [ 629242.025000000023283, 5220845.25 ] ], [ [ 629242.200000000069849, 5220845.25 ], [ 629242.225000000093132, 5220845.275000000372529 ], [ 629242.225000000093132, 5220845.25 ], [ 629242.200000000069849, 5220845.25 ] ], [ [ 629242.050000000046566, 5220845.200000000186265 ], [ 629242.075000000069849, 5220845.224999999627471 ], [ 629242.075000000069849, 5220845.200000000186265 ], [ 629242.050000000046566, 5220845.200000000186265 ] ], [ [ 629242.175000000046566, 5220845.150000000372529 ], [ 629242.200000000069849, 5220845.200000000186265 ], [ 629242.200000000069849, 5220845.150000000372529 ], [ 629242.175000000046566, 5220845.150000000372529 ] ], [ [ 629242.0, 5220845.150000000372529 ], [ 629242.200000000069849, 5220845.125 ], [ 629242.25, 5220844.775000000372529 ], [ 629242.125, 5220844.625 ], [ 629242.475000000093132, 5220844.525000000372529 ], [ 629242.550000000046566, 5220844.275000000372529 ], [ 629242.450000000069849, 5220844.075000000186265 ], [ 629242.900000000023283, 5220843.625 ], [ 629242.925000000046566, 5220843.450000000186265 ], [ 629242.800000000046566, 5220843.424999999813735 ], [ 629242.375, 5220844.174999999813735 ], [ 629242.100000000093132, 5220844.400000000372529 ], [ 629242.100000000093132, 5220844.650000000372529 ], [ 629241.875, 5220845.0 ], [ 629242.0, 5220845.150000000372529 ] ], [ [ 629242.25, 5220844.724999999627471 ], [ 629242.275000000023283, 5220844.75 ], [ 629242.275000000023283, 5220844.724999999627471 ], [ 629242.25, 5220844.724999999627471 ] ], [ [ 629242.275000000023283, 5220844.674999999813735 ], [ 629242.300000000046566, 5220844.700000000186265 ], [ 629242.300000000046566, 5220844.674999999813735 ], [ 629242.275000000023283, 5220844.674999999813735 ] ], [ [ 629242.300000000046566, 5220844.599999999627471 ], [ 629242.325000000069849, 5220844.625 ], [ 629242.325000000069849, 5220844.599999999627471 ], [ 629242.300000000046566, 5220844.599999999627471 ] ], [ [ 629237.325000000069849, 5220844.174999999813735 ], [ 629237.350000000093132, 5220844.200000000186265 ], [ 629237.350000000093132, 5220844.174999999813735 ], [ 629237.325000000069849, 5220844.174999999813735 ] ], [ [ 629242.5, 5220844.125 ], [ 629242.525000000023283, 5220844.150000000372529 ], [ 629242.525000000023283, 5220844.125 ], [ 629242.5, 5220844.125 ] ], [ [ 629242.525000000023283, 5220844.075000000186265 ], [ 629242.550000000046566, 5220844.099999999627471 ], [ 629242.550000000046566, 5220844.075000000186265 ], [ 629242.525000000023283, 5220844.075000000186265 ] ], [ [ 629242.550000000046566, 5220844.025000000372529 ], [ 629242.575000000069849, 5220844.049999999813735 ], [ 629242.575000000069849, 5220844.025000000372529 ], [ 629242.550000000046566, 5220844.025000000372529 ] ], [ [ 629239.775000000023283, 5220844.0 ], [ 629239.975000000093132, 5220843.825000000186265 ], [ 629240.150000000023283, 5220843.799999999813735 ], [ 629240.125, 5220843.724999999627471 ], [ 629239.850000000093132, 5220843.724999999627471 ], [ 629239.75, 5220843.825000000186265 ], [ 629239.775000000023283, 5220844.0 ] ], [ [ 629242.575000000069849, 5220843.950000000186265 ], [ 629242.600000000093132, 5220843.974999999627471 ], [ 629242.600000000093132, 5220843.950000000186265 ], [ 629242.575000000069849, 5220843.950000000186265 ] ], [ [ 629240.425000000046566, 5220843.875 ], [ 629240.600000000093132, 5220843.900000000372529 ], [ 629240.675000000046566, 5220843.674999999813735 ], [ 629240.400000000023283, 5220843.775000000372529 ], [ 629240.425000000046566, 5220843.875 ] ], [ [ 629240.25, 5220843.775000000372529 ], [ 629240.300000000046566, 5220843.799999999813735 ], [ 629240.300000000046566, 5220843.775000000372529 ], [ 629240.25, 5220843.775000000372529 ] ], [ [ 629242.825000000069849, 5220843.375 ], [ 629242.850000000093132, 5220843.400000000372529 ], [ 629242.850000000093132, 5220843.375 ], [ 629242.825000000069849, 5220843.375 ] ], [ [ 629242.850000000093132, 5220843.325000000186265 ], [ 629242.875, 5220843.349999999627471 ], [ 629242.875, 5220843.325000000186265 ], [ 629242.850000000093132, 5220843.325000000186265 ] ], [ [ 629242.875, 5220843.25 ], [ 629242.900000000023283, 5220843.275000000372529 ], [ 629242.900000000023283, 5220843.25 ], [ 629242.875, 5220843.25 ] ], [ [ 629242.900000000023283, 5220843.200000000186265 ], [ 629242.925000000046566, 5220843.224999999627471 ], [ 629242.925000000046566, 5220843.200000000186265 ], [ 629242.900000000023283, 5220843.200000000186265 ] ], [ [ 629243.0, 5220843.224999999627471 ], [ 629243.050000000046566, 5220842.950000000186265 ], [ 629243.200000000069849, 5220842.900000000372529 ], [ 629243.375, 5220842.974999999627471 ], [ 629243.5, 5220842.75 ], [ 629243.725000000093132, 5220842.599999999627471 ], [ 629243.800000000046566, 5220842.299999999813735 ], [ 629243.675000000046566, 5220842.325000000186265 ], [ 629243.650000000023283, 5220842.474999999627471 ], [ 629243.525000000023283, 5220842.474999999627471 ], [ 629243.225000000093132, 5220842.224999999627471 ], [ 629243.100000000093132, 5220842.224999999627471 ], [ 629243.125, 5220842.450000000186265 ], [ 629242.900000000023283, 5220842.625 ], [ 629243.0, 5220842.875 ], [ 629242.925000000046566, 5220843.200000000186265 ], [ 629243.0, 5220843.224999999627471 ] ], [ [ 629238.25, 5220843.099999999627471 ], [ 629238.350000000093132, 5220843.075000000186265 ], [ 629238.375, 5220842.924999999813735 ], [ 629238.225000000093132, 5220842.974999999627471 ], [ 629238.25, 5220843.099999999627471 ] ], [ [ 629238.075000000069849, 5220842.950000000186265 ], [ 629238.175000000046566, 5220842.974999999627471 ], [ 629238.175000000046566, 5220842.950000000186265 ], [ 629238.075000000069849, 5220842.950000000186265 ] ], [ [ 629243.300000000046566, 5220842.25 ], [ 629243.325000000069849, 5220842.275000000372529 ], [ 629243.325000000069849, 5220842.25 ], [ 629243.300000000046566, 5220842.25 ] ], [ [ 629243.325000000069849, 5220842.200000000186265 ], [ 629243.350000000093132, 5220842.224999999627471 ], [ 629243.350000000093132, 5220842.200000000186265 ], [ 629243.325000000069849, 5220842.200000000186265 ] ], [ [ 629243.350000000093132, 5220842.150000000372529 ], [ 629243.375, 5220842.174999999813735 ], [ 629243.375, 5220842.150000000372529 ], [ 629243.350000000093132, 5220842.150000000372529 ] ], [ [ 629243.375, 5220842.075000000186265 ], [ 629243.400000000023283, 5220842.099999999627471 ], [ 629243.400000000023283, 5220842.075000000186265 ], [ 629243.375, 5220842.075000000186265 ] ], [ [ 629243.400000000023283, 5220842.025000000372529 ], [ 629243.425000000046566, 5220842.049999999813735 ], [ 629243.425000000046566, 5220842.025000000372529 ], [ 629243.400000000023283, 5220842.025000000372529 ] ], [ [ 629243.425000000046566, 5220841.974999999627471 ], [ 629243.450000000069849, 5220842.0 ], [ 629243.450000000069849, 5220841.974999999627471 ], [ 629243.425000000046566, 5220841.974999999627471 ] ], [ [ 629243.900000000023283, 5220842.0 ], [ 629244.0, 5220841.924999999813735 ], [ 629244.100000000093132, 5220841.525000000372529 ], [ 629243.650000000023283, 5220841.424999999813735 ], [ 629243.700000000069849, 5220840.974999999627471 ], [ 629243.675000000046566, 5220840.875 ], [ 629243.550000000046566, 5220840.849999999627471 ], [ 629243.450000000069849, 5220841.025000000372529 ], [ 629243.475000000093132, 5220841.474999999627471 ], [ 629243.300000000046566, 5220841.674999999813735 ], [ 629243.300000000046566, 5220841.849999999627471 ], [ 629243.425000000046566, 5220841.875 ], [ 629243.475000000093132, 5220841.799999999813735 ], [ 629243.625, 5220841.775000000372529 ], [ 629243.900000000023283, 5220842.0 ] ], [ [ 629243.450000000069849, 5220841.900000000372529 ], [ 629243.475000000093132, 5220841.924999999813735 ], [ 629243.475000000093132, 5220841.900000000372529 ], [ 629243.450000000069849, 5220841.900000000372529 ] ], [ [ 629243.475000000093132, 5220841.849999999627471 ], [ 629243.5, 5220841.875 ], [ 629243.5, 5220841.849999999627471 ], [ 629243.475000000093132, 5220841.849999999627471 ] ], [ [ 629240.850000000093132, 5220841.625 ], [ 629240.925000000046566, 5220841.625 ], [ 629240.925000000046566, 5220841.400000000372529 ], [ 629241.050000000046566, 5220841.25 ], [ 629241.050000000046566, 5220840.924999999813735 ], [ 629240.800000000046566, 5220841.325000000186265 ], [ 629240.850000000093132, 5220841.625 ] ], [ [ 629243.675000000046566, 5220841.375 ], [ 629243.700000000069849, 5220841.400000000372529 ], [ 629243.700000000069849, 5220841.375 ], [ 629243.675000000046566, 5220841.375 ] ], [ [ 629243.700000000069849, 5220841.325000000186265 ], [ 629243.725000000093132, 5220841.349999999627471 ], [ 629243.725000000093132, 5220841.325000000186265 ], [ 629243.700000000069849, 5220841.325000000186265 ] ], [ [ 629243.725000000093132, 5220841.25 ], [ 629243.75, 5220841.299999999813735 ], [ 629243.75, 5220841.25 ], [ 629243.725000000093132, 5220841.25 ] ], [ [ 629243.75, 5220841.200000000186265 ], [ 629243.775000000023283, 5220841.224999999627471 ], [ 629243.775000000023283, 5220841.200000000186265 ], [ 629243.75, 5220841.200000000186265 ] ], [ [ 629243.775000000023283, 5220841.150000000372529 ], [ 629243.800000000046566, 5220841.174999999813735 ], [ 629243.800000000046566, 5220841.150000000372529 ], [ 629243.775000000023283, 5220841.150000000372529 ] ], [ [ 629243.800000000046566, 5220841.075000000186265 ], [ 629243.825000000069849, 5220841.125 ], [ 629243.825000000069849, 5220841.075000000186265 ], [ 629243.800000000046566, 5220841.075000000186265 ] ], [ [ 629243.825000000069849, 5220841.025000000372529 ], [ 629243.850000000093132, 5220841.049999999813735 ], [ 629243.850000000093132, 5220841.025000000372529 ], [ 629243.825000000069849, 5220841.025000000372529 ] ], [ [ 629241.600000000093132, 5220841.0 ], [ 629241.675000000046566, 5220841.0 ], [ 629241.675000000046566, 5220840.924999999813735 ], [ 629241.600000000093132, 5220840.900000000372529 ], [ 629241.600000000093132, 5220841.0 ] ], [ [ 629243.850000000093132, 5220840.974999999627471 ], [ 629243.875, 5220841.0 ], [ 629243.875, 5220840.974999999627471 ], [ 629243.850000000093132, 5220840.974999999627471 ] ], [ [ 629243.875, 5220840.900000000372529 ], [ 629243.900000000023283, 5220840.924999999813735 ], [ 629243.900000000023283, 5220840.900000000372529 ], [ 629243.875, 5220840.900000000372529 ] ], [ [ 629243.900000000023283, 5220840.849999999627471 ], [ 629243.925000000046566, 5220840.875 ], [ 629243.925000000046566, 5220840.849999999627471 ], [ 629243.900000000023283, 5220840.849999999627471 ] ], [ [ 629241.525000000023283, 5220840.775000000372529 ], [ 629241.550000000046566, 5220840.825000000186265 ], [ 629241.550000000046566, 5220840.775000000372529 ], [ 629241.525000000023283, 5220840.775000000372529 ] ], [ [ 629243.925000000046566, 5220840.799999999813735 ], [ 629243.950000000069849, 5220840.825000000186265 ], [ 629243.950000000069849, 5220840.799999999813735 ], [ 629243.925000000046566, 5220840.799999999813735 ] ], [ [ 629241.5, 5220840.724999999627471 ], [ 629241.525000000023283, 5220840.775000000372529 ], [ 629241.525000000023283, 5220840.724999999627471 ], [ 629241.5, 5220840.724999999627471 ] ], [ [ 629243.950000000069849, 5220840.724999999627471 ], [ 629243.975000000093132, 5220840.75 ], [ 629243.975000000093132, 5220840.724999999627471 ], [ 629243.950000000069849, 5220840.724999999627471 ] ], [ [ 629243.975000000093132, 5220840.674999999813735 ], [ 629244.0, 5220840.700000000186265 ], [ 629244.0, 5220840.674999999813735 ], [ 629243.975000000093132, 5220840.674999999813735 ] ], [ [ 629244.0, 5220840.599999999627471 ], [ 629244.025000000023283, 5220840.650000000372529 ], [ 629244.025000000023283, 5220840.599999999627471 ], [ 629244.0, 5220840.599999999627471 ] ], [ [ 629244.025000000023283, 5220840.549999999813735 ], [ 629244.050000000046566, 5220840.575000000186265 ], [ 629244.050000000046566, 5220840.549999999813735 ], [ 629244.025000000023283, 5220840.549999999813735 ] ], [ [ 629242.300000000046566, 5220840.299999999813735 ], [ 629242.375, 5220840.275000000372529 ], [ 629242.425000000046566, 5220840.150000000372529 ], [ 629242.275000000023283, 5220840.150000000372529 ], [ 629242.300000000046566, 5220840.299999999813735 ] ], [ [ 629242.150000000023283, 5220840.099999999627471 ], [ 629242.175000000046566, 5220840.125 ], [ 629242.175000000046566, 5220840.099999999627471 ], [ 629242.150000000023283, 5220840.099999999627471 ] ], [ [ 629241.900000000023283, 5220840.025000000372529 ], [ 629241.925000000046566, 5220840.049999999813735 ], [ 629241.925000000046566, 5220840.025000000372529 ], [ 629241.900000000023283, 5220840.025000000372529 ] ] ] } },
{ "type": "Feature", "properties": { "label": "interrow_area", "row_structure": null }, "geometry": { "type": "Polygon", "coordinates": [ [ [ 629230.950000000069849, 5220838.625 ], [ 629229.125, 5220837.900000000372529 ], [ 629229.125, 5220837.075000000186265 ], [ 629229.175000000046566, 5220836.875 ], [ 629229.325000000069849, 5220836.724999999627471 ], [ 629229.375, 5220836.400000000372529 ], [ 629229.300000000046566, 5220836.25 ], [ 629229.350000000093132, 5220836.275000000372529 ], [ 629229.525000000023283, 5220835.724999999627471 ], [ 629229.650000000023283, 5220835.724999999627471 ], [ 629229.850000000093132, 5220835.525000000372529 ], [ 629229.900000000023283, 5220834.825000000186265 ], [ 629232.25, 5220835.775000000372529 ], [ 629232.075000000069849, 5220836.275000000372529 ], [ 629232.050000000046566, 5220836.174999999813735 ], [ 629231.925000000046566, 5220836.125 ], [ 629231.900000000023283, 5220836.125 ], [ 629231.850000000093132, 5220836.200000000186265 ], [ 629231.850000000093132, 5220836.25 ], [ 629231.800000000046566, 5220836.275000000372529 ], [ 629231.775000000023283, 5220836.5 ], [ 629231.800000000046566, 5220836.474999999627471 ], [ 629231.975000000093132, 5220836.5 ], [ 629231.850000000093132, 5220836.799999999813735 ], [ 629231.75, 5220836.799999999813735 ], [ 629231.775000000023283, 5220837.0 ], [ 629231.425000000046566, 5220836.974999999627471 ], [ 629231.350000000093132, 5220836.799999999813735 ], [ 629231.25, 5220836.799999999813735 ], [ 629231.25, 5220836.950000000186265 ], [ 629231.375, 5220836.950000000186265 ], [ 629231.5, 5220837.150000000372529 ], [ 629231.275000000023283, 5220837.375 ], [ 629231.275000000023283, 5220838.025000000372529 ], [ 629231.100000000093132, 5220838.174999999813735 ], [ 629231.100000000093132, 5220838.375 ], [ 629230.950000000069849, 5220838.625 ] ], [ [ 629231.675000000046566, 5220836.525000000372529 ], [ 629231.700000000069849, 5220836.549999999813735 ], [ 629231.700000000069849, 5220836.525000000372529 ], [ 629231.675000000046566, 5220836.525000000372529 ] ], [ [ 629231.725000000093132, 5220836.525000000372529 ], [ 629231.75, 5220836.549999999813735 ], [ 629231.75, 5220836.525000000372529 ], [ 629231.725000000093132, 5220836.525000000372529 ] ], [ [ 629231.575000000069849, 5220836.5 ], [ 629231.625, 5220836.525000000372529 ], [ 629231.625, 5220836.5 ], [ 629231.575000000069849, 5220836.5 ] ], [ [ 629231.400000000023283, 5220836.474999999627471 ], [ 629231.550000000046566, 5220836.474999999627471 ], [ 629231.450000000069849, 5220836.349999999627471 ], [ 629231.400000000023283, 5220836.474999999627471 ] ], [ [ 629231.875, 5220836.099999999627471 ], [ 629231.900000000023283, 5220836.125 ], [ 629231.900000000023283, 5220836.099999999627471 ], [ 629231.875, 5220836.099999999627471 ] ], [ [ 629231.850000000093132, 5220836.075000000186265 ], [ 629231.875, 5220836.099999999627471 ], [ 629231.875, 5220836.075000000186265 ], [ 629231.850000000093132, 5220836.075000000186265 ] ], [ [ 629231.825000000069849, 5220836.049999999813735 ], [ 629231.850000000093132, 5220836.075000000186265 ], [ 629231.850000000093132, 5220836.049999999813735 ], [ 629231.825000000069849, 5220836.049999999813735 ] ], [ [ 629231.800000000046566, 5220836.025000000372529 ], [ 629231.825000000069849, 5220836.049999999813735 ], [ 629231.825000000069849, 5220836.025000000372529 ], [ 629231.800000000046566, 5220836.025000000372529 ] ], [ [ 629231.775000000023283, 5220836.0 ], [ 629231.800000000046566, 5220836.025000000372529 ], [ 629231.800000000046566, 5220836.0 ], [ 629231.775000000023283, 5220836.0 ] ], [ [ 629231.75, 5220835.974999999627471 ], [ 629231.775000000023283, 5220836.0 ], [ 629231.775000000023283, 5220835.974999999627471 ], [ 629231.75, 5220835.974999999627471 ] ], [ [ 629231.725000000093132, 5220835.950000000186265 ], [ 629231.75, 5220835.974999999627471 ], [ 629231.75, 5220835.950000000186265 ], [ 629231.725000000093132, 5220835.950000000186265 ] ], [ [ 629231.650000000023283, 5220835.950000000186265 ], [ 629231.725000000093132, 5220835.950000000186265 ], [ 629231.725000000093132, 5220835.875 ], [ 629231.650000000023283, 5220835.875 ], [ 629231.650000000023283, 5220835.950000000186265 ] ] ] } },
{ "type": "Feature", "properties": { "label": "interrow_area", "row_structure": null }, "geometry": { "type": "Polygon", "coordinates": [ [ [ 629221.225000000093132, 5220849.200000000186265 ], [ 629221.875, 5220847.575000000186265 ], [ 629222.150000000023283, 5220847.400000000372529 ], [ 629222.050000000046566, 5220847.224999999627471 ], [ 629222.100000000093132, 5220847.025000000372529 ], [ 629222.400000000023283, 5220847.075000000186265 ], [ 629222.400000000023283, 5220846.650000000372529 ], [ 629222.350000000093132, 5220846.75 ], [ 629222.225000000093132, 5220846.724999999627471 ], [ 629222.375, 5220846.5 ], [ 629222.350000000093132, 5220846.424999999813735 ], [ 629222.575000000069849, 5220846.375 ], [ 629222.700000000069849, 5220846.25 ], [ 629222.700000000069849, 5220846.0 ], [ 629222.400000000023283, 5220845.924999999813735 ], [ 629222.300000000046566, 5220846.349999999627471 ], [ 629220.200000000069849, 5220845.450000000186265 ], [ 629220.325000000069849, 5220845.299999999813735 ], [ 629220.325000000069849, 5220845.049999999813735 ], [ 629220.475000000093132, 5220844.825000000186265 ], [ 629220.5, 5220844.174999999813735 ], [ 629220.400000000023283, 5220844.275000000372529 ], [ 629220.400000000023283, 5220844.400000000372529 ], [ 629220.200000000069849, 5220844.450000000186265 ], [ 629219.925000000046566, 5220845.325000000186265 ], [ 629218.050000000046566, 5220844.575000000186265 ], [ 629217.950000000069849, 5220844.400000000372529 ], [ 629217.675000000046566, 5220844.424999999813735 ], [ 629217.700000000069849, 5220844.575000000186265 ], [ 629217.625, 5220844.674999999813735 ], [ 629215.350000000093132, 5220843.75 ], [ 629215.600000000093132, 5220843.650000000372529 ], [ 629215.650000000023283, 5220843.375 ], [ 629215.800000000046566, 5220843.150000000372529 ], [ 629215.850000000093132, 5220842.75 ], [ 629215.700000000069849, 5220842.700000000186265 ], [ 629215.575000000069849, 5220842.775000000372529 ], [ 629215.450000000069849, 5220843.299999999813735 ], [ 629215.075000000069849, 5220843.5 ], [ 629215.175000000046566, 5220843.799999999813735 ], [ 629215.275000000023283, 5220843.825000000186265 ], [ 629215.175000000046566, 5220844.150000000372529 ], [ 629214.875, 5220844.150000000372529 ], [ 629214.600000000093132, 5220844.349999999627471 ], [ 629214.575000000069849, 5220844.450000000186265 ], [ 629214.800000000046566, 5220844.525000000372529 ], [ 629214.850000000093132, 5220844.674999999813735 ], [ 629214.725000000093132, 5220844.849999999627471 ], [ 629214.525000000023283, 5220844.799999999813735 ], [ 629214.550000000046566, 5220845.049999999813735 ], [ 629214.775000000023283, 5220845.025000000372529 ], [ 629214.575000000069849, 5220845.575000000186265 ], [ 629212.200000000069849, 5220844.599999999627471 ], [ 629212.25, 5220844.450000000186265 ], [ 629212.375, 5220844.575000000186265 ], [ 629212.675000000046566, 5220844.5 ], [ 629212.675000000046566, 5220844.400000000372529 ], [ 629212.450000000069849, 5220844.299999999813735 ], [ 629212.375, 5220844.150000000372529 ], [ 629212.525000000023283, 5220843.799999999813735 ], [ 629212.675000000046566, 5220843.900000000372529 ], [ 629212.850000000093132, 5220843.799999999813735 ], [ 629212.800000000046566, 5220843.525000000372529 ], [ 629213.025000000023283, 5220843.375 ], [ 629212.950000000069849, 5220843.224999999627471 ], [ 629212.800000000046566, 5220843.150000000372529 ], [ 629212.900000000023283, 5220842.875 ], [ 629213.025000000023283, 5220842.849999999627471 ], [ 629213.100000000093132, 5220842.525000000372529 ], [ 629213.300000000046566, 5220842.349999999627471 ], [ 629213.275000000023283, 5220842.200000000186265 ], [ 629213.675000000046566, 5220841.849999999627471 ], [ 629213.725000000093132, 5220841.450000000186265 ], [ 629213.550000000046566, 5220841.299999999813735 ], [ 629215.275000000023283, 5220837.125 ], [ 629215.5, 5220837.099999999627471 ], [ 629215.450000000069849, 5220836.700000000186265 ], [ 629215.675000000046566, 5220836.150000000372529 ], [ 629215.725000000093132, 5220836.049999999813735 ], [ 629215.950000000069849, 5220836.0 ], [ 629215.950000000069849, 5220835.775000000372529 ], [ 629216.225000000093132, 5220835.674999999813735 ], [ 629215.925000000046566, 5220835.625 ], [ 629215.925000000046566, 5220835.549999999813735 ], [ 629216.725000000093132, 5220833.625 ], [ 629216.925000000046566, 5220833.599999999627471 ], [ 629216.975000000093132, 5220833.525000000372529 ], [ 629216.950000000069849, 5220833.150000000372529 ], [ 629217.050000000046566, 5220832.825000000186265 ], [ 629217.25, 5220832.849999999627471 ], [ 629217.400000000023283, 5220832.674999999813735 ], [ 629217.425000000046566, 5220832.5 ], [ 629217.575000000069849, 5220832.400000000372529 ], [ 629217.575000000069849, 5220832.275000000372529 ], [ 629217.400000000023283, 5220832.200000000186265 ], [ 629217.400000000023283, 5220831.974999999627471 ], [ 629217.675000000046566, 5220831.325000000186265 ], [ 629217.75, 5220831.299999999813735 ], [ 629217.725000000093132, 5220831.200000000186265 ], [ 629217.925000000046566, 5220830.724999999627471 ], [ 629218.050000000046566, 5220830.674999999813735 ], [ 629218.025000000023283, 5220830.474999999627471 ], [ 629218.350000000093132, 5220829.674999999813735 ], [ 629218.550000000046566, 5220829.525000000372529 ], [ 629218.5, 5220829.325000000186265 ], [ 629219.050000000046566, 5220827.974999999627471 ], [ 629218.475000000093132, 5220829.349999999627471 ], [ 629218.400000000023283, 5220829.200000000186265 ], [ 629218.200000000069849, 5220829.325000000186265 ], [ 629218.200000000069849, 5220829.474999999627471 ], [ 629218.375, 5220829.599999999627471 ], [ 629218.0, 5220830.5 ], [ 629217.700000000069849, 5220830.5 ], [ 629217.600000000093132, 5220830.575000000186265 ], [ 629217.675000000046566, 5220830.724999999627471 ], [ 629217.600000000093132, 5220830.875 ], [ 629217.375, 5220830.825000000186265 ], [ 629217.275000000023283, 5220830.900000000372529 ], [ 629217.325000000069849, 5220831.5 ], [ 629217.5, 5220831.474999999627471 ], [ 629217.625, 5220831.349999999627471 ], [ 629217.350000000093132, 5220832.049999999813735 ], [ 629217.25, 5220832.025000000372529 ], [ 629217.125, 5220831.775000000372529 ], [ 629216.875, 5220831.825000000186265 ], [ 629216.875, 5220831.974999999627471 ], [ 629217.0, 5220832.150000000372529 ], [ 629216.925000000046566, 5220832.275000000372529 ], [ 629216.950000000069849, 5220832.625 ], [ 629216.725000000093132, 5220832.724999999627471 ], [ 629216.575000000069849, 5220833.049999999813735 ], [ 629216.675000000046566, 5220833.474999999627471 ], [ 629216.400000000023283, 5220833.599999999627471 ], [ 629216.400000000023283, 5220833.799999999813735 ], [ 629216.225000000093132, 5220834.075000000186265 ], [ 629216.225000000093132, 5220834.224999999627471 ], [ 629216.400000000023283, 5220834.275000000372529 ], [ 629216.400000000023283, 5220834.349999999627471 ], [ 629215.875, 5220835.599999999627471 ], [ 629215.700000000069849, 5220835.700000000186265 ], [ 629215.675000000046566, 5220836.099999999627471 ], [ 629215.425000000046566, 5220836.674999999813735 ], [ 629215.350000000093132, 5220836.599999999627471 ], [ 629214.975000000093132, 5220836.575000000186265 ], [ 629214.900000000023283, 5220836.700000000186265 ], [ 629214.875, 5220836.875 ], [ 629214.975000000093132, 5220836.950000000186265 ], [ 629215.200000000069849, 5220836.924999999813735 ], [ 629215.275000000023283, 5220837.0 ], [ 629215.25, 5220837.125 ], [ 629214.700000000069849, 5220838.450000000186265 ], [ 629214.5, 5220838.400000000372529 ], [ 629214.350000000093132, 5220838.549999999813735 ], [ 629214.350000000093132, 5220838.625 ], [ 629214.475000000093132, 5220838.674999999813735 ], [ 629214.450000000069849, 5220838.849999999627471 ], [ 629214.525000000023283, 5220838.724999999627471 ], [ 629214.575000000069849, 5220838.75 ], [ 629213.475000000093132, 5220841.400000000372529 ], [ 629213.275000000023283, 5220841.5 ], [ 629213.225000000093132, 5220842.0 ], [ 629213.100000000093132, 5220842.200000000186265 ], [ 629212.925000000046566, 5220842.25 ], [ 629212.800000000046566, 5220842.625 ], [ 629212.850000000093132, 5220842.900000000372529 ], [ 629212.600000000093132, 5220843.474999999627471 ], [ 629212.475000000093132, 5220843.450000000186265 ], [ 629212.5, 5220843.75 ], [ 629211.725000000093132, 5220845.599999999627471 ], [ 629210.975000000093132, 5220845.650000000372529 ], [ 629209.5, 5220845.049999999813735 ], [ 629209.700000000069849, 5220844.900000000372529 ], [ 629209.625, 5220844.650000000372529 ], [ 629210.050000000046566, 5220844.424999999813735 ], [ 629210.100000000093132, 5220843.875 ], [ 629210.275000000023283, 5220843.674999999813735 ], [ 629210.325000000069849, 5220843.400000000372529 ], [ 629210.300000000046566, 5220843.049999999813735 ], [ 629210.600000000093132, 5220842.799999999813735 ], [ 629210.625, 5220842.424999999813735 ], [ 629210.800000000046566, 5220842.174999999813735 ], [ 629210.800000000046566, 5220842.099999999627471 ], [ 629210.550000000046566, 5220842.0 ], [ 629210.325000000069849, 5220842.0 ], [ 629210.350000000093132, 5220842.349999999627471 ], [ 629210.200000000069849, 5220842.599999999627471 ], [ 629210.200000000069849, 5220842.775000000372529 ], [ 629209.925000000046566, 5220842.924999999813735 ], [ 629209.875, 5220843.700000000186265 ], [ 629209.650000000023283, 5220843.849999999627471 ], [ 629209.600000000093132, 5220844.025000000372529 ], [ 629209.425000000046566, 5220844.150000000372529 ], [ 629209.550000000046566, 5220844.700000000186265 ], [ 629209.425000000046566, 5220844.825000000186265 ], [ 629209.350000000093132, 5220845.200000000186265 ], [ 629209.225000000093132, 5220845.200000000186265 ], [ 629209.075000000069849, 5220845.049999999813735 ], [ 629208.75, 5220844.924999999813735 ], [ 629208.25, 5220844.924999999813735 ], [ 629208.025000000023283, 5220845.0 ], [ 629206.825000000069849, 5220844.5 ], [ 629206.725000000093132, 5220844.799999999813735 ], [ 629206.600000000093132, 5220844.825000000186265 ], [ 629206.600000000093132, 5220845.099999999627471 ], [ 629206.5, 5220845.325000000186265 ], [ 629206.175000000046566, 5220845.349999999627471 ], [ 629206.075000000069849, 5220845.450000000186265 ], [ 629206.050000000046566, 5220845.625 ], [ 629206.150000000023283, 5220845.775000000372529 ], [ 629205.975000000093132, 5220845.825000000186265 ], [ 629205.800000000046566, 5220846.049999999813735 ], [ 629205.625, 5220846.125 ], [ 629205.575000000069849, 5220846.299999999813735 ], [ 629205.225000000093132, 5220846.450000000186265 ], [ 629204.475000000093132, 5220846.525000000372529 ], [ 629203.275000000023283, 5220846.025000000372529 ], [ 629203.450000000069849, 5220845.775000000372529 ], [ 629203.600000000093132, 5220845.825000000186265 ], [ 629203.700000000069849, 5220845.700000000186265 ], [ 629203.700000000069849, 5220845.599999999627471 ], [ 629203.600000000093132, 5220845.549999999813735 ], [ 629203.725000000093132, 5220845.275000000372529 ], [ 629203.725000000093132, 5220845.049999999813735 ], [ 629204.050000000046566, 5220844.775000000372529 ], [ 629204.050000000046566, 5220844.474999999627471 ], [ 629204.100000000093132, 5220844.349999999627471 ], [ 629204.25, 5220844.275000000372529 ], [ 629204.325000000069849, 5220843.700000000186265 ], [ 629204.175000000046566, 5220843.5 ], [ 629204.0, 5220843.549999999813735 ], [ 629199.975000000093132, 5220841.900000000372529 ], [ 629199.975000000093132, 5220841.625 ], [ 629200.125, 5220841.375 ], [ 629200.125, 5220841.224999999627471 ], [ 629199.975000000093132, 5220841.049999999813735 ], [ 629199.950000000069849, 5220841.049999999813735 ], [ 629199.950000000069849, 5220841.075000000186265 ], [ 629199.825000000069849, 5220841.125 ], [ 629200.075000000069849, 5220841.200000000186265 ], [ 629199.950000000069849, 5220841.625 ], [ 629199.775000000023283, 5220841.674999999813735 ], [ 629199.775000000023283, 5220841.75 ], [ 629199.550000000046566, 5220841.875 ], [ 629197.25, 5220840.924999999813735 ], [ 629197.400000000023283, 5220840.724999999627471 ], [ 629197.525000000023283, 5220840.700000000186265 ], [ 629197.550000000046566, 5220840.224999999627471 ], [ 629197.475000000093132, 5220840.099999999627471 ], [ 629197.800000000046566, 5220839.825000000186265 ], [ 629197.75, 5220839.525000000372529 ], [ 629198.125, 5220839.299999999813735 ], [ 629198.200000000069849, 5220838.825000000186265 ], [ 629198.325000000069849, 5220838.775000000372529 ], [ 629198.325000000069849, 5220838.599999999627471 ], [ 629198.125, 5220838.450000000186265 ], [ 629198.175000000046566, 5220838.325000000186265 ], [ 629198.350000000093132, 5220838.325000000186265 ], [ 629198.300000000046566, 5220838.150000000372529 ], [ 629198.075000000069849, 5220838.174999999813735 ], [ 629198.025000000023283, 5220838.299999999813735 ], [ 629197.925000000046566, 5220838.325000000186265 ], [ 629197.950000000069849, 5220838.525000000372529 ], [ 629197.800000000046566, 5220838.625 ], [ 629197.800000000046566, 5220838.799999999813735 ], [ 629197.725000000093132, 5220838.849999999627471 ], [ 629197.850000000093132, 5220839.125 ], [ 629197.825000000069849, 5220839.349999999627471 ], [ 629197.775000000023283, 5220839.450000000186265 ], [ 629197.650000000023283, 5220839.474999999627471 ], [ 629197.525000000023283, 5220839.849999999627471 ], [ 629197.300000000046566, 5220840.0 ], [ 629197.25, 5220840.724999999627471 ], [ 629197.100000000093132, 5220840.849999999627471 ], [ 629197.150000000023283, 5220841.125 ], [ 629197.050000000046566, 5220841.375 ], [ 629197.025000000023283, 5220841.299999999813735 ], [ 629196.800000000046566, 5220841.375 ], [ 629196.800000000046566, 5220835.275000000372529 ], [ 629197.0, 5220835.375 ], [ 629197.225000000093132, 5220834.924999999813735 ], [ 629197.225000000093132, 5220834.799999999813735 ], [ 629197.100000000093132, 5220834.700000000186265 ], [ 629196.850000000093132, 5220834.724999999627471 ], [ 629196.800000000046566, 5220834.650000000372529 ], [ 629196.800000000046566, 5220829.049999999813735 ], [ 629197.0, 5220828.825000000186265 ], [ 629197.175000000046566, 5220828.075000000186265 ], [ 629197.400000000023283, 5220827.924999999813735 ], [ 629197.350000000093132, 5220827.474999999627471 ], [ 629197.5, 5220827.5 ], [ 629197.600000000093132, 5220827.400000000372529 ], [ 629197.650000000023283, 5220827.200000000186265 ], [ 629197.900000000023283, 5220826.924999999813735 ], [ 629197.925000000046566, 5220826.700000000186265 ], [ 629197.825000000069849, 5220826.575000000186265 ], [ 629197.875, 5220826.275000000372529 ], [ 629198.175000000046566, 5220826.025000000372529 ], [ 629198.200000000069849, 5220825.75 ], [ 629198.425000000046566, 5220825.724999999627471 ], [ 629198.625, 5220825.5 ], [ 629198.550000000046566, 5220825.349999999627471 ], [ 629198.200000000069849, 5220825.325000000186265 ], [ 629198.100000000093132, 5220825.125 ], [ 629198.0, 5220825.125 ], [ 629197.850000000093132, 5220825.299999999813735 ], [ 629197.925000000046566, 5220825.575000000186265 ], [ 629197.650000000023283, 5220825.924999999813735 ], [ 629197.675000000046566, 5220826.25 ], [ 629197.525000000023283, 5220826.474999999627471 ], [ 629197.525000000023283, 5220826.700000000186265 ], [ 629197.300000000046566, 5220826.75 ], [ 629197.200000000069849, 5220826.924999999813735 ], [ 629197.200000000069849, 5220827.375 ], [ 629197.275000000023283, 5220827.474999999627471 ], [ 629197.125, 5220827.474999999627471 ], [ 629196.950000000069849, 5220828.049999999813735 ], [ 629196.800000000046566, 5220828.150000000372529 ], [ 629196.800000000046566, 5220822.25 ], [ 629196.900000000023283, 5220822.200000000186265 ], [ 629196.875, 5220821.950000000186265 ], [ 629197.075000000069849, 5220821.674999999813735 ], [ 629197.075000000069849, 5220821.525000000372529 ], [ 629197.200000000069849, 5220821.450000000186265 ], [ 629197.200000000069849, 5220821.25 ], [ 629197.300000000046566, 5220821.200000000186265 ], [ 629197.275000000023283, 5220821.099999999627471 ], [ 629197.125, 5220821.099999999627471 ], [ 629197.100000000093132, 5220821.349999999627471 ], [ 629196.900000000023283, 5220821.450000000186265 ], [ 629196.800000000046566, 5220821.700000000186265 ], [ 629196.800000000046566, 5220816.025000000372529 ], [ 629196.900000000023283, 5220815.924999999813735 ], [ 629196.900000000023283, 5220815.325000000186265 ], [ 629196.800000000046566, 5220815.275000000372529 ], [ 629196.800000000046566, 5220814.325000000186265 ], [ 629196.925000000046566, 5220814.349999999627471 ], [ 629196.875, 5220814.950000000186265 ], [ 629197.0, 5220815.0 ], [ 629197.100000000093132, 5220814.875 ], [ 629197.275000000023283, 5220814.900000000372529 ], [ 629197.425000000046566, 5220814.625 ], [ 629197.450000000069849, 5220814.224999999627471 ], [ 629197.700000000069849, 5220814.125 ], [ 629197.550000000046566, 5220813.5 ], [ 629199.825000000069849, 5220814.450000000186265 ], [ 629199.725000000093132, 5220814.799999999813735 ], [ 629199.850000000093132, 5220814.799999999813735 ], [ 629200.0, 5220814.424999999813735 ], [ 629200.150000000023283, 5220814.400000000372529 ], [ 629200.25, 5220814.25 ], [ 629200.275000000023283, 5220814.025000000372529 ], [ 629200.5, 5220813.875 ], [ 629200.475000000093132, 5220813.625 ], [ 629200.575000000069849, 5220813.25 ], [ 629200.5, 5220813.099999999627471 ], [ 629200.400000000023283, 5220813.099999999627471 ], [ 629200.475000000093132, 5220813.0 ], [ 629202.675000000046566, 5220813.900000000372529 ], [ 629202.700000000069849, 5220814.0 ], [ 629202.575000000069849, 5220814.200000000186265 ], [ 629202.425000000046566, 5220814.25 ], [ 629202.350000000093132, 5220814.525000000372529 ], [ 629202.400000000023283, 5220814.724999999627471 ], [ 629202.5, 5220814.75 ], [ 629202.5, 5220814.474999999627471 ], [ 629202.600000000093132, 5220814.25 ], [ 629202.950000000069849, 5220814.299999999813735 ], [ 629202.850000000093132, 5220813.950000000186265 ], [ 629202.900000000023283, 5220813.825000000186265 ], [ 629203.050000000046566, 5220813.825000000186265 ], [ 629203.0, 5220813.575000000186265 ], [ 629203.150000000023283, 5220813.275000000372529 ], [ 629203.350000000093132, 5220813.25 ], [ 629203.350000000093132, 5220813.049999999813735 ], [ 629205.350000000093132, 5220813.849999999627471 ], [ 629205.325000000069849, 5220814.025000000372529 ], [ 629205.425000000046566, 5220814.125 ], [ 629205.375, 5220814.375 ], [ 629205.475000000093132, 5220814.400000000372529 ], [ 629205.700000000069849, 5220814.200000000186265 ], [ 629205.675000000046566, 5220813.799999999813735 ], [ 629206.075000000069849, 5220813.700000000186265 ], [ 629205.925000000046566, 5220813.349999999627471 ], [ 629205.925000000046566, 5220813.150000000372529 ], [ 629206.025000000023283, 5220813.025000000372529 ], [ 629208.100000000093132, 5220813.875 ], [ 629208.075000000069849, 5220814.224999999627471 ], [ 629207.975000000093132, 5220814.400000000372529 ], [ 629208.0, 5220814.474999999627471 ], [ 629208.375, 5220814.200000000186265 ], [ 629208.375, 5220814.099999999627471 ], [ 629208.225000000093132, 5220813.974999999627471 ], [ 629208.25, 5220813.900000000372529 ], [ 629208.675000000046566, 5220813.700000000186265 ], [ 629208.625, 5220813.049999999813735 ], [ 629208.725000000093132, 5220813.025000000372529 ], [ 629210.850000000093132, 5220813.900000000372529 ], [ 629210.900000000023283, 5220814.575000000186265 ], [ 629211.0, 5220814.575000000186265 ], [ 629211.050000000046566, 5220814.325000000186265 ], [ 629211.175000000046566, 5220814.224999999627471 ], [ 629211.175000000046566, 5220813.799999999813735 ], [ 629211.5, 5220813.650000000372529 ], [ 629211.375, 5220813.299999999813735 ], [ 629211.575000000069849, 5220813.224999999627471 ], [ 629211.650000000023283, 5220813.049999999813735 ], [ 629213.650000000023283, 5220813.875 ], [ 629213.600000000093132, 5220814.25 ], [ 629213.425000000046566, 5220814.375 ], [ 629213.400000000023283, 5220814.700000000186265 ], [ 629213.025000000023283, 5220814.974999999627471 ], [ 629213.050000000046566, 5220815.400000000372529 ], [ 629212.950000000069849, 5220815.650000000372529 ], [ 629212.800000000046566, 5220815.775000000372529 ], [ 629212.725000000093132, 5220816.325000000186265 ], [ 629212.550000000046566, 5220816.525000000372529 ], [ 629212.550000000046566, 5220816.599999999627471 ], [ 629212.775000000023283, 5220816.625 ], [ 629212.800000000046566, 5220816.825000000186265 ], [ 629212.975000000093132, 5220816.799999999813735 ], [ 629213.0, 5220816.125 ], [ 629213.200000000069849, 5220816.075000000186265 ], [ 629213.375, 5220815.875 ], [ 629213.400000000023283, 5220815.549999999813735 ], [ 629213.650000000023283, 5220815.125 ], [ 629213.600000000093132, 5220814.849999999627471 ], [ 629213.75, 5220814.799999999813735 ], [ 629213.875, 5220814.450000000186265 ], [ 629214.0, 5220814.349999999627471 ], [ 629214.050000000046566, 5220814.075000000186265 ], [ 629214.25, 5220813.900000000372529 ], [ 629214.200000000069849, 5220813.650000000372529 ], [ 629214.275000000023283, 5220813.549999999813735 ], [ 629214.275000000023283, 5220813.025000000372529 ], [ 629216.525000000023283, 5220813.950000000186265 ], [ 629216.900000000023283, 5220813.049999999813735 ], [ 629216.975000000093132, 5220813.075000000186265 ], [ 629216.975000000093132, 5220813.275000000372529 ], [ 629216.850000000093132, 5220813.325000000186265 ], [ 629216.850000000093132, 5220813.400000000372529 ], [ 629216.975000000093132, 5220813.549999999813735 ], [ 629217.200000000069849, 5220813.549999999813735 ], [ 629217.200000000069849, 5220813.125 ], [ 629217.275000000023283, 5220813.125 ], [ 629219.025000000023283, 5220813.849999999627471 ], [ 629218.875, 5220814.025000000372529 ], [ 629218.875, 5220814.125 ], [ 629219.025000000023283, 5220814.200000000186265 ], [ 629218.950000000069849, 5220814.474999999627471 ], [ 629218.850000000093132, 5220814.5 ], [ 629218.875, 5220814.75 ], [ 629218.725000000093132, 5220814.875 ], [ 629218.400000000023283, 5220814.875 ], [ 629218.400000000023283, 5220815.025000000372529 ], [ 629218.650000000023283, 5220815.275000000372529 ], [ 629218.75, 5220815.275000000372529 ], [ 629218.700000000069849, 5220815.049999999813735 ], [ 629218.800000000046566, 5220814.924999999813735 ], [ 629218.925000000046566, 5220814.950000000186265 ], [ 629218.950000000069849, 5220815.125 ], [ 629219.025000000023283, 5220815.125 ], [ 629219.100000000093132, 5220814.924999999813735 ], [ 629219.200000000069849, 5220814.900000000372529 ], [ 629219.175000000046566, 5220814.700000000186265 ], [ 629218.975000000093132, 5220814.650000000372529 ], [ 629218.950000000069849, 5220814.5 ], [ 629219.200000000069849, 5220814.349999999627471 ], [ 629219.200000000069849, 5220813.950000000186265 ], [ 629219.275000000023283, 5220813.849999999627471 ], [ 629219.650000000023283, 5220813.799999999813735 ], [ 629219.650000000023283, 5220813.700000000186265 ], [ 629219.450000000069849, 5220813.474999999627471 ], [ 629219.625, 5220813.0 ], [ 629221.575000000069849, 5220813.775000000372529 ], [ 629221.600000000093132, 5220814.174999999813735 ], [ 629221.725000000093132, 5220814.174999999813735 ], [ 629221.800000000046566, 5220814.275000000372529 ], [ 629221.950000000069849, 5220814.275000000372529 ], [ 629222.025000000023283, 5220813.799999999813735 ], [ 629222.325000000069849, 5220813.849999999627471 ], [ 629222.325000000069849, 5220813.674999999813735 ], [ 629222.400000000023283, 5220813.625 ], [ 629222.400000000023283, 5220813.424999999813735 ], [ 629222.325000000069849, 5220813.375 ], [ 629222.400000000023283, 5220813.075000000186265 ], [ 629224.600000000093132, 5220813.924999999813735 ], [ 629224.725000000093132, 5220814.049999999813735 ], [ 629224.925000000046566, 5220814.025000000372529 ], [ 629225.100000000093132, 5220813.849999999627471 ], [ 629225.275000000023283, 5220813.849999999627471 ], [ 629225.25, 5220813.724999999627471 ], [ 629224.900000000023283, 5220813.849999999627471 ], [ 629225.125, 5220813.275000000372529 ], [ 629225.325000000069849, 5220813.299999999813735 ], [ 629225.325000000069849, 5220813.174999999813735 ], [ 629225.175000000046566, 5220813.174999999813735 ], [ 629225.25, 5220813.0 ], [ 629225.325000000069849, 5220813.025000000372529 ], [ 629225.325000000069849, 5220813.150000000372529 ], [ 629225.400000000023283, 5220813.049999999813735 ], [ 629227.525000000023283, 5220813.924999999813735 ], [ 629227.575000000069849, 5220814.099999999627471 ], [ 629227.800000000046566, 5220813.950000000186265 ], [ 629227.850000000093132, 5220813.799999999813735 ], [ 629228.050000000046566, 5220813.849999999627471 ], [ 629228.125, 5220813.775000000372529 ], [ 629228.050000000046566, 5220813.625 ], [ 629227.850000000093132, 5220813.549999999813735 ], [ 629227.800000000046566, 5220813.275000000372529 ], [ 629227.875, 5220813.224999999627471 ], [ 629227.900000000023283, 5220813.025000000372529 ], [ 629230.175000000046566, 5220813.950000000186265 ], [ 629230.525000000023283, 5220813.325000000186265 ], [ 629230.725000000093132, 5220813.400000000372529 ], [ 629230.800000000046566, 5220813.575000000186265 ], [ 629230.650000000023283, 5220813.724999999627471 ], [ 629230.650000000023283, 5220813.825000000186265 ], [ 629230.75, 5220813.825000000186265 ], [ 629230.925000000046566, 5220813.650000000372529 ], [ 629231.050000000046566, 5220813.424999999813735 ], [ 629231.275000000023283, 5220813.400000000372529 ], [ 629231.325000000069849, 5220813.525000000372529 ], [ 629231.425000000046566, 5220813.525000000372529 ], [ 629231.425000000046566, 5220813.25 ], [ 629231.125, 5220813.200000000186265 ], [ 629231.100000000093132, 5220813.025000000372529 ], [ 629231.25, 5220812.924999999813735 ], [ 629231.675000000046566, 5220812.849999999627471 ], [ 629233.5, 5220813.599999999627471 ], [ 629232.825000000069849, 5220815.125 ], [ 629232.825000000069849, 5220815.200000000186265 ], [ 629232.75, 5220815.299999999813735 ], [ 629232.75, 5220815.375 ], [ 629232.675000000046566, 5220815.474999999627471 ], [ 629232.675000000046566, 5220815.549999999813735 ], [ 629232.600000000093132, 5220815.650000000372529 ], [ 629232.600000000093132, 5220815.724999999627471 ], [ 629232.525000000023283, 5220815.825000000186265 ], [ 629232.525000000023283, 5220815.900000000372529 ], [ 629232.450000000069849, 5220816.0 ], [ 629232.450000000069849, 5220816.075000000186265 ], [ 629232.375, 5220816.174999999813735 ], [ 629232.325000000069849, 5220816.375 ], [ 629232.25, 5220816.474999999627471 ], [ 629232.25, 5220816.549999999813735 ], [ 629232.175000000046566, 5220816.650000000372529 ], [ 629232.175000000046566, 5220816.724999999627471 ], [ 629232.150000000023283, 5220816.724999999627471 ], [ 629232.125, 5220816.825000000186265 ], [ 629232.100000000093132, 5220816.825000000186265 ], [ 629232.100000000093132, 5220816.900000000372529 ], [ 629232.025000000023283, 5220817.0 ], [ 629232.025000000023283, 5220817.075000000186265 ], [ 629231.950000000069849, 5220817.174999999813735 ], [ 629231.950000000069849, 5220817.25 ], [ 629231.875, 5220817.349999999627471 ], [ 629231.875, 5220817.424999999813735 ], [ 629231.800000000046566, 5220817.525000000372529 ], [ 629231.800000000046566, 5220817.599999999627471 ], [ 629231.725000000093132, 5220817.700000000186265 ], [ 629231.725000000093132, 5220817.775000000372529 ], [ 629231.650000000023283, 5220817.875 ], [ 629231.650000000023283, 5220817.950000000186265 ], [ 629231.575000000069849, 5220818.049999999813735 ], [ 629231.575000000069849, 5220818.125 ], [ 629231.5, 5220818.224999999627471 ], [ 629231.5, 5220818.299999999813735 ], [ 629231.425000000046566, 5220818.400000000372529 ], [ 629231.425000000046566, 5220818.474999999627471 ], [ 629231.350000000093132, 5220818.575000000186265 ], [ 629231.350000000093132, 5220818.650000000372529 ], [ 629231.275000000023283, 5220818.75 ], [ 629231.275000000023283, 5220818.825000000186265 ], [ 629231.200000000069849, 5220818.924999999813735 ], [ 629231.200000000069849, 5220819.0 ], [ 629231.125, 5220819.099999999627471 ], [ 629231.125, 5220819.174999999813735 ], [ 629231.050000000046566, 5220819.275000000372529 ], [ 629231.025000000023283, 5220819.400000000372529 ], [ 629230.875, 5220819.049999999813735 ], [ 629230.650000000023283, 5220819.049999999813735 ], [ 629230.650000000023283, 5220819.299999999813735 ], [ 629230.925000000046566, 5220819.625 ], [ 629230.850000000093132, 5220819.825000000186265 ], [ 629230.75, 5220819.825000000186265 ], [ 629230.825000000069849, 5220819.875 ], [ 629230.575000000069849, 5220820.450000000186265 ], [ 629230.325000000069849, 5220820.349999999627471 ], [ 629230.375, 5220820.099999999627471 ], [ 629230.525000000023283, 5220819.924999999813735 ], [ 629230.475000000093132, 5220819.849999999627471 ], [ 629230.350000000093132, 5220819.900000000372529 ], [ 629230.100000000093132, 5220820.25 ], [ 629230.075000000069849, 5220820.5 ], [ 629230.475000000093132, 5220820.700000000186265 ], [ 629229.950000000069849, 5220821.924999999813735 ], [ 629229.850000000093132, 5220821.849999999627471 ], [ 629229.850000000093132, 5220821.950000000186265 ], [ 629229.925000000046566, 5220821.974999999627471 ], [ 629228.800000000046566, 5220824.599999999627471 ], [ 629228.800000000046566, 5220824.025000000372529 ], [ 629228.900000000023283, 5220823.974999999627471 ], [ 629228.900000000023283, 5220823.775000000372529 ], [ 629228.675000000046566, 5220823.799999999813735 ], [ 629228.775000000023283, 5220824.075000000186265 ], [ 629228.475000000093132, 5220824.200000000186265 ], [ 629228.550000000046566, 5220824.424999999813735 ], [ 629228.400000000023283, 5220824.474999999627471 ], [ 629228.225000000093132, 5220824.950000000186265 ], [ 629228.475000000093132, 5220824.950000000186265 ], [ 629228.575000000069849, 5220824.849999999627471 ], [ 629228.675000000046566, 5220824.900000000372529 ], [ 629227.900000000023283, 5220826.724999999627471 ], [ 629227.825000000069849, 5220826.674999999813735 ], [ 629227.875, 5220826.25 ], [ 629227.725000000093132, 5220826.25 ], [ 629227.600000000093132, 5220826.375 ], [ 629227.25, 5220827.174999999813735 ], [ 629227.0, 5220827.5 ], [ 629227.025000000023283, 5220827.724999999627471 ], [ 629227.200000000069849, 5220827.724999999627471 ], [ 629227.425000000046566, 5220827.474999999627471 ], [ 629227.575000000069849, 5220827.450000000186265 ], [ 629226.925000000046566, 5220828.974999999627471 ], [ 629226.875, 5220828.599999999627471 ], [ 629226.700000000069849, 5220828.650000000372529 ], [ 629226.725000000093132, 5220828.950000000186265 ], [ 629226.900000000023283, 5220829.025000000372529 ], [ 629226.850000000093132, 5220829.174999999813735 ], [ 629226.625, 5220829.700000000186265 ], [ 629226.600000000093132, 5220829.674999999813735 ], [ 629226.550000000046566, 5220829.674999999813735 ], [ 629226.575000000069849, 5220829.825000000186265 ], [ 629225.600000000093132, 5220832.099999999627471 ], [ 629225.475000000093132, 5220832.075000000186265 ], [ 629225.5, 5220832.025000000372529 ], [ 629225.475000000093132, 5220831.875 ], [ 629225.400000000023283, 5220832.075000000186265 ], [ 629225.075000000069849, 5220832.25 ], [ 629225.100000000093132, 5220832.325000000186265 ], [ 629225.275000000023283, 5220832.325000000186265 ], [ 629225.425000000046566, 5220832.450000000186265 ], [ 629225.375, 5220832.625 ], [ 629224.575000000069849, 5220834.5 ], [ 629224.375, 5220834.450000000186265 ], [ 629224.200000000069849, 5220834.599999999627471 ], [ 629224.050000000046566, 5220834.599999999627471 ], [ 629224.075000000069849, 5220835.099999999627471 ], [ 629223.900000000023283, 5220835.275000000372529 ], [ 629223.825000000069849, 5220835.650000000372529 ], [ 629223.825000000069849, 5220835.75 ], [ 629223.975000000093132, 5220835.900000000372529 ], [ 629223.900000000023283, 5220836.075000000186265 ], [ 629223.775000000023283, 5220836.075000000186265 ], [ 629223.600000000093132, 5220836.25 ], [ 629223.575000000069849, 5220836.5 ], [ 629223.275000000023283, 5220836.724999999627471 ], [ 629223.200000000069849, 5220837.099999999627471 ], [ 629223.400000000023283, 5220837.174999999813735 ], [ 629223.300000000046566, 5220837.474999999627471 ], [ 629223.100000000093132, 5220837.599999999627471 ], [ 629222.950000000069849, 5220837.599999999627471 ], [ 629222.800000000046566, 5220837.825000000186265 ], [ 629222.725000000093132, 5220838.150000000372529 ], [ 629223.0, 5220838.174999999813735 ], [ 629222.525000000023283, 5220839.275000000372529 ], [ 629222.450000000069849, 5220839.275000000372529 ], [ 629222.400000000023283, 5220839.049999999813735 ], [ 629222.575000000069849, 5220838.825000000186265 ], [ 629222.400000000023283, 5220838.825000000186265 ], [ 629222.275000000023283, 5220839.174999999813735 ], [ 629222.425000000046566, 5220839.525000000372529 ], [ 629222.25, 5220840.0 ], [ 629224.425000000046566, 5220840.900000000372529 ], [ 629224.225000000093132, 5220841.200000000186265 ], [ 629224.075000000069849, 5220841.200000000186265 ], [ 629224.025000000023283, 5220841.275000000372529 ], [ 629224.200000000069849, 5220841.799999999813735 ], [ 629224.200000000069849, 5220841.900000000372529 ], [ 629224.025000000023283, 5220842.0 ], [ 629224.425000000046566, 5220842.0 ], [ 629224.375, 5220841.674999999813735 ], [ 629224.700000000069849, 5220841.224999999627471 ], [ 629224.675000000046566, 5220841.025000000372529 ], [ 629226.925000000046566, 5220841.974999999627471 ], [ 629226.975000000093132, 5220841.924999999813735 ], [ 629226.975000000093132, 5220842.0 ], [ 629227.150000000023283, 5220841.950000000186265 ], [ 629227.200000000069849, 5220841.799999999813735 ], [ 629227.150000000023283, 5220841.424999999813735 ], [ 629227.225000000093132, 5220841.25 ], [ 629227.375, 5220841.25 ], [ 629227.400000000023283, 5220841.049999999813735 ], [ 629227.825000000069849, 5220840.924999999813735 ], [ 629228.050000000046566, 5220840.700000000186265 ], [ 629229.75, 5220841.375 ], [ 629229.75, 5220841.5 ], [ 629229.600000000093132, 5220841.599999999627471 ], [ 629229.625, 5220842.200000000186265 ], [ 629229.525000000023283, 5220842.424999999813735 ], [ 629229.300000000046566, 5220842.575000000186265 ], [ 629229.300000000046566, 5220842.974999999627471 ], [ 629229.125, 5220843.125 ], [ 629228.950000000069849, 5220843.099999999627471 ], [ 629228.875, 5220843.174999999813735 ], [ 629228.975000000093132, 5220843.775000000372529 ], [ 629228.625, 5220844.575000000186265 ], [ 629230.825000000069849, 5220845.450000000186265 ], [ 629230.925000000046566, 5220845.5 ], [ 629230.900000000023283, 5220845.674999999813735 ], [ 629230.650000000023283, 5220846.325000000186265 ], [ 629230.450000000069849, 5220846.299999999813735 ], [ 629230.350000000093132, 5220846.375 ], [ 629225.975000000093132, 5220844.549999999813735 ], [ 629225.625, 5220844.625 ], [ 629225.525000000023283, 5220845.075000000186265 ], [ 629225.275000000023283, 5220845.224999999627471 ], [ 629225.200000000069849, 5220845.700000000186265 ], [ 629225.0, 5220846.0 ], [ 629225.100000000093132, 5220846.5 ], [ 629224.875, 5220846.825000000186265 ], [ 629224.900000000023283, 5220846.974999999627471 ], [ 629224.725000000093132, 5220847.400000000372529 ], [ 629224.475000000093132, 5220847.5 ], [ 629224.5, 5220847.950000000186265 ], [ 629224.225000000093132, 5220848.224999999627471 ], [ 629224.225000000093132, 5220848.400000000372529 ], [ 629224.300000000046566, 5220848.450000000186265 ], [ 629223.275000000023283, 5220848.474999999627471 ], [ 629222.950000000069849, 5220848.625 ], [ 629222.625, 5220848.625 ], [ 629222.625, 5220848.349999999627471 ], [ 629222.875, 5220848.299999999813735 ], [ 629222.775000000023283, 5220848.075000000186265 ], [ 629222.650000000023283, 5220848.075000000186265 ], [ 629222.5, 5220848.200000000186265 ], [ 629222.150000000023283, 5220848.174999999813735 ], [ 629222.200000000069849, 5220848.400000000372529 ], [ 629221.950000000069849, 5220848.674999999813735 ], [ 629221.975000000093132, 5220848.849999999627471 ], [ 629221.225000000093132, 5220849.200000000186265 ] ], [ [ 629222.875, 5220848.299999999813735 ], [ 629222.900000000023283, 5220848.325000000186265 ], [ 629222.900000000023283, 5220848.299999999813735 ], [ 629222.875, 5220848.299999999813735 ] ], [ [ 629222.925000000046566, 5220844.799999999813735 ], [ 629223.300000000046566, 5220844.875 ], [ 629223.400000000023283, 5220844.75 ], [ 629223.475000000093132, 5220844.299999999813735 ], [ 629223.350000000093132, 5220844.224999999627471 ], [ 629223.100000000093132, 5220844.25 ], [ 629222.975000000093132, 5220844.375 ], [ 629222.925000000046566, 5220844.799999999813735 ] ], [ [ 629217.450000000069849, 5220844.5 ], [ 629217.5, 5220844.525000000372529 ], [ 629217.5, 5220844.5 ], [ 629217.450000000069849, 5220844.5 ] ], [ [ 629209.150000000023283, 5220844.349999999627471 ], [ 629209.175000000046566, 5220844.375 ], [ 629209.175000000046566, 5220844.349999999627471 ], [ 629209.150000000023283, 5220844.349999999627471 ] ], [ [ 629226.125, 5220844.349999999627471 ], [ 629226.25, 5220844.25 ], [ 629226.25, 5220843.974999999627471 ], [ 629226.75, 5220843.049999999813735 ], [ 629226.725000000093132, 5220842.849999999627471 ], [ 629226.5, 5220842.849999999627471 ], [ 629226.300000000046566, 5220842.674999999813735 ], [ 629226.150000000023283, 5220842.674999999813735 ], [ 629226.350000000093132, 5220843.125 ], [ 629226.175000000046566, 5220843.299999999813735 ], [ 629226.150000000023283, 5220843.75 ], [ 629226.025000000023283, 5220844.099999999627471 ], [ 629226.125, 5220844.349999999627471 ] ], [ [ 629220.5, 5220844.099999999627471 ], [ 629220.650000000023283, 5220844.049999999813735 ], [ 629220.625, 5220843.900000000372529 ], [ 629220.725000000093132, 5220843.724999999627471 ], [ 629220.675000000046566, 5220843.525000000372529 ], [ 629220.475000000093132, 5220843.599999999627471 ], [ 629220.5, 5220844.099999999627471 ] ], [ [ 629218.150000000023283, 5220844.025000000372529 ], [ 629218.300000000046566, 5220843.974999999627471 ], [ 629218.350000000093132, 5220843.75 ], [ 629218.575000000069849, 5220843.700000000186265 ], [ 629218.600000000093132, 5220843.5 ], [ 629218.25, 5220843.625 ], [ 629218.125, 5220843.474999999627471 ], [ 629217.975000000093132, 5220843.474999999627471 ], [ 629217.975000000093132, 5220843.549999999813735 ], [ 629218.175000000046566, 5220843.625 ], [ 629218.150000000023283, 5220844.025000000372529 ] ], [ [ 629209.425000000046566, 5220843.924999999813735 ], [ 629209.450000000069849, 5220843.950000000186265 ], [ 629209.450000000069849, 5220843.924999999813735 ], [ 629209.425000000046566, 5220843.924999999813735 ] ], [ [ 629207.125, 5220843.924999999813735 ], [ 629207.375, 5220843.900000000372529 ], [ 629207.5, 5220843.575000000186265 ], [ 629207.600000000093132, 5220843.5 ], [ 629207.675000000046566, 5220842.950000000186265 ], [ 629207.5, 5220842.799999999813735 ], [ 629207.200000000069849, 5220842.849999999627471 ], [ 629207.200000000069849, 5220843.224999999627471 ], [ 629207.100000000093132, 5220843.299999999813735 ], [ 629207.025000000023283, 5220843.799999999813735 ], [ 629207.125, 5220843.924999999813735 ] ], [ [ 629204.300000000046566, 5220843.424999999813735 ], [ 629204.325000000069849, 5220843.450000000186265 ], [ 629204.325000000069849, 5220843.424999999813735 ], [ 629204.300000000046566, 5220843.424999999813735 ] ], [ [ 629220.600000000093132, 5220843.349999999627471 ], [ 629220.825000000069849, 5220843.349999999627471 ], [ 629221.050000000046566, 5220843.075000000186265 ], [ 629221.575000000069849, 5220843.075000000186265 ], [ 629221.600000000093132, 5220843.0 ], [ 629221.050000000046566, 5220842.974999999627471 ], [ 629221.025000000023283, 5220842.724999999627471 ], [ 629221.325000000069849, 5220842.474999999627471 ], [ 629221.275000000023283, 5220842.099999999627471 ], [ 629220.850000000093132, 5220842.174999999813735 ], [ 629220.875, 5220842.825000000186265 ], [ 629220.950000000069849, 5220843.025000000372529 ], [ 629220.800000000046566, 5220843.150000000372529 ], [ 629220.650000000023283, 5220843.150000000372529 ], [ 629220.600000000093132, 5220843.349999999627471 ] ], [ [ 629204.350000000093132, 5220843.299999999813735 ], [ 629204.375, 5220843.325000000186265 ], [ 629204.375, 5220843.299999999813735 ], [ 629204.350000000093132, 5220843.299999999813735 ] ], [ [ 629218.600000000093132, 5220843.325000000186265 ], [ 629218.700000000069849, 5220843.299999999813735 ], [ 629218.700000000069849, 5220843.224999999627471 ], [ 629218.650000000023283, 5220843.224999999627471 ], [ 629218.650000000023283, 5220843.200000000186265 ], [ 629218.600000000093132, 5220843.200000000186265 ], [ 629218.600000000093132, 5220843.325000000186265 ] ], [ [ 629223.725000000093132, 5220843.275000000372529 ], [ 629223.875, 5220843.25 ], [ 629223.875, 5220842.950000000186265 ], [ 629223.650000000023283, 5220842.875 ], [ 629223.575000000069849, 5220843.0 ], [ 629223.700000000069849, 5220843.099999999627471 ], [ 629223.725000000093132, 5220843.275000000372529 ] ], [ [ 629218.575000000069849, 5220843.174999999813735 ], [ 629218.600000000093132, 5220843.200000000186265 ], [ 629218.600000000093132, 5220843.174999999813735 ], [ 629218.575000000069849, 5220843.174999999813735 ] ], [ [ 629218.550000000046566, 5220843.125 ], [ 629218.575000000069849, 5220843.150000000372529 ], [ 629218.575000000069849, 5220843.125 ], [ 629218.550000000046566, 5220843.125 ] ], [ [ 629218.525000000023283, 5220843.125 ], [ 629218.550000000046566, 5220843.049999999813735 ], [ 629218.475000000093132, 5220842.799999999813735 ], [ 629218.325000000069849, 5220842.700000000186265 ], [ 629218.300000000046566, 5220842.875 ], [ 629218.450000000069849, 5220842.950000000186265 ], [ 629218.525000000023283, 5220843.125 ] ], [ [ 629204.475000000093132, 5220843.0 ], [ 629204.5, 5220843.025000000372529 ], [ 629204.5, 5220843.0 ], [ 629204.475000000093132, 5220843.0 ] ], [ [ 629217.850000000093132, 5220842.974999999627471 ], [ 629217.950000000069849, 5220842.950000000186265 ], [ 629217.975000000093132, 5220842.875 ], [ 629217.875, 5220842.849999999627471 ], [ 629217.850000000093132, 5220842.974999999627471 ] ], [ [ 629213.475000000093132, 5220842.799999999813735 ], [ 629213.550000000046566, 5220842.799999999813735 ], [ 629213.600000000093132, 5220842.549999999813735 ], [ 629213.5, 5220842.525000000372529 ], [ 629213.475000000093132, 5220842.799999999813735 ] ], [ [ 629204.550000000046566, 5220842.700000000186265 ], [ 629204.850000000093132, 5220842.775000000372529 ], [ 629204.950000000069849, 5220842.525000000372529 ], [ 629205.075000000069849, 5220842.5 ], [ 629205.050000000046566, 5220842.25 ], [ 629204.600000000093132, 5220842.25 ], [ 629204.725000000093132, 5220842.474999999627471 ], [ 629204.675000000046566, 5220842.625 ], [ 629204.550000000046566, 5220842.700000000186265 ] ], [ [ 629215.75, 5220842.575000000186265 ], [ 629215.950000000069849, 5220842.474999999627471 ], [ 629216.175000000046566, 5220842.049999999813735 ], [ 629216.150000000023283, 5220841.825000000186265 ], [ 629216.0, 5220841.875 ], [ 629215.925000000046566, 5220842.099999999627471 ], [ 629215.675000000046566, 5220842.325000000186265 ], [ 629215.75, 5220842.575000000186265 ] ], [ [ 629204.575000000069849, 5220842.525000000372529 ], [ 629204.600000000093132, 5220842.549999999813735 ], [ 629204.600000000093132, 5220842.525000000372529 ], [ 629204.575000000069849, 5220842.525000000372529 ] ], [ [ 629207.875, 5220842.525000000372529 ], [ 629207.975000000093132, 5220842.474999999627471 ], [ 629208.0, 5220842.125 ], [ 629208.075000000069849, 5220842.049999999813735 ], [ 629208.025000000023283, 5220841.700000000186265 ], [ 629207.775000000023283, 5220841.724999999627471 ], [ 629207.75, 5220842.0 ], [ 629207.850000000093132, 5220842.025000000372529 ], [ 629207.875, 5220842.125 ], [ 629207.650000000023283, 5220842.275000000372529 ], [ 629207.675000000046566, 5220842.400000000372529 ], [ 629207.875, 5220842.525000000372529 ] ], [ [ 629223.900000000023283, 5220842.525000000372529 ], [ 629224.100000000093132, 5220842.474999999627471 ], [ 629224.025000000023283, 5220842.0 ], [ 629223.850000000093132, 5220842.075000000186265 ], [ 629223.900000000023283, 5220842.525000000372529 ] ], [ [ 629202.075000000069849, 5220842.375 ], [ 629202.275000000023283, 5220842.474999999627471 ], [ 629202.5, 5220842.25 ], [ 629202.650000000023283, 5220841.900000000372529 ], [ 629202.525000000023283, 5220841.525000000372529 ], [ 629202.550000000046566, 5220841.099999999627471 ], [ 629202.475000000093132, 5220841.099999999627471 ], [ 629202.400000000023283, 5220841.674999999813735 ], [ 629202.200000000069849, 5220841.775000000372529 ], [ 629202.025000000023283, 5220842.0 ], [ 629202.075000000069849, 5220842.375 ] ], [ [ 629213.350000000093132, 5220842.400000000372529 ], [ 629213.375, 5220842.424999999813735 ], [ 629213.375, 5220842.400000000372529 ], [ 629213.350000000093132, 5220842.400000000372529 ] ], [ [ 629213.325000000069849, 5220842.375 ], [ 629213.350000000093132, 5220842.400000000372529 ], [ 629213.350000000093132, 5220842.375 ], [ 629213.325000000069849, 5220842.375 ] ], [ [ 629213.300000000046566, 5220842.349999999627471 ], [ 629213.325000000069849, 5220842.375 ], [ 629213.325000000069849, 5220842.349999999627471 ], [ 629213.300000000046566, 5220842.349999999627471 ] ], [ [ 629218.175000000046566, 5220842.150000000372529 ], [ 629218.325000000069849, 5220842.099999999627471 ], [ 629218.300000000046566, 5220841.950000000186265 ], [ 629218.25, 5220841.950000000186265 ], [ 629218.175000000046566, 5220842.150000000372529 ] ], [ [ 629204.950000000069849, 5220842.025000000372529 ], [ 629205.125, 5220842.099999999627471 ], [ 629205.150000000023283, 5220841.875 ], [ 629205.25, 5220841.799999999813735 ], [ 629205.150000000023283, 5220841.5 ], [ 629205.425000000046566, 5220841.25 ], [ 629205.350000000093132, 5220840.900000000372529 ], [ 629205.050000000046566, 5220841.049999999813735 ], [ 629204.900000000023283, 5220841.275000000372529 ], [ 629204.900000000023283, 5220841.349999999627471 ], [ 629205.075000000069849, 5220841.450000000186265 ], [ 629205.075000000069849, 5220841.549999999813735 ], [ 629204.950000000069849, 5220841.599999999627471 ], [ 629204.950000000069849, 5220842.025000000372529 ] ], [ [ 629218.550000000046566, 5220842.099999999627471 ], [ 629218.700000000069849, 5220842.099999999627471 ], [ 629218.850000000093132, 5220841.924999999813735 ], [ 629218.725000000093132, 5220841.875 ], [ 629218.525000000023283, 5220842.025000000372529 ], [ 629218.550000000046566, 5220842.099999999627471 ] ], [ [ 629218.425000000046566, 5220842.025000000372529 ], [ 629218.450000000069849, 5220842.049999999813735 ], [ 629218.450000000069849, 5220842.025000000372529 ], [ 629218.425000000046566, 5220842.025000000372529 ] ], [ [ 629204.900000000023283, 5220841.974999999627471 ], [ 629204.925000000046566, 5220842.0 ], [ 629204.925000000046566, 5220841.974999999627471 ], [ 629204.900000000023283, 5220841.974999999627471 ] ], [ [ 629216.175000000046566, 5220841.775000000372529 ], [ 629216.200000000069849, 5220841.799999999813735 ], [ 629216.200000000069849, 5220841.775000000372529 ], [ 629216.175000000046566, 5220841.775000000372529 ] ], [ [ 629216.200000000069849, 5220841.775000000372529 ], [ 629216.325000000069849, 5220841.599999999627471 ], [ 629216.525000000023283, 5220841.599999999627471 ], [ 629216.475000000093132, 5220841.349999999627471 ], [ 629216.300000000046566, 5220841.400000000372529 ], [ 629216.200000000069849, 5220841.775000000372529 ] ], [ [ 629207.575000000069849, 5220841.650000000372529 ], [ 629207.600000000093132, 5220841.674999999813735 ], [ 629207.600000000093132, 5220841.650000000372529 ], [ 629207.575000000069849, 5220841.650000000372529 ] ], [ [ 629208.100000000093132, 5220841.5 ], [ 629208.475000000093132, 5220841.150000000372529 ], [ 629208.675000000046566, 5220840.724999999627471 ], [ 629208.925000000046566, 5220840.575000000186265 ], [ 629208.825000000069849, 5220840.400000000372529 ], [ 629208.550000000046566, 5220840.400000000372529 ], [ 629208.300000000046566, 5220840.575000000186265 ], [ 629208.275000000023283, 5220840.849999999627471 ], [ 629208.175000000046566, 5220841.0 ], [ 629208.075000000069849, 5220841.0 ], [ 629208.125, 5220841.349999999627471 ], [ 629208.025000000023283, 5220841.474999999627471 ], [ 629208.100000000093132, 5220841.5 ] ], [ [ 629199.725000000093132, 5220841.349999999627471 ], [ 629199.775000000023283, 5220841.299999999813735 ], [ 629199.775000000023283, 5220841.174999999813735 ], [ 629199.700000000069849, 5220841.200000000186265 ], [ 629199.725000000093132, 5220841.349999999627471 ] ], [ [ 629219.125, 5220841.325000000186265 ], [ 629219.400000000023283, 5220841.125 ], [ 629219.600000000093132, 5220840.825000000186265 ], [ 629219.600000000093132, 5220840.549999999813735 ], [ 629219.5, 5220840.325000000186265 ], [ 629219.650000000023283, 5220840.174999999813735 ], [ 629219.800000000046566, 5220840.150000000372529 ], [ 629219.875, 5220839.974999999627471 ], [ 629220.0, 5220839.950000000186265 ], [ 629220.025000000023283, 5220839.799999999813735 ], [ 629220.125, 5220839.775000000372529 ], [ 629220.125, 5220839.549999999813735 ], [ 629220.225000000093132, 5220839.424999999813735 ], [ 629220.225000000093132, 5220839.075000000186265 ], [ 629220.125, 5220839.0 ], [ 629220.325000000069849, 5220838.799999999813735 ], [ 629220.625, 5220838.724999999627471 ], [ 629220.725000000093132, 5220838.549999999813735 ], [ 629220.600000000093132, 5220838.424999999813735 ], [ 629220.25, 5220838.400000000372529 ], [ 629220.225000000093132, 5220837.974999999627471 ], [ 629220.025000000023283, 5220838.150000000372529 ], [ 629220.025000000023283, 5220838.275000000372529 ], [ 629220.100000000093132, 5220838.400000000372529 ], [ 629220.25, 5220838.424999999813735 ], [ 629220.300000000046566, 5220838.575000000186265 ], [ 629219.925000000046566, 5220838.724999999627471 ], [ 629220.0, 5220839.25 ], [ 629219.900000000023283, 5220839.325000000186265 ], [ 629219.700000000069849, 5220839.299999999813735 ], [ 629219.775000000023283, 5220839.599999999627471 ], [ 629219.875, 5220839.650000000372529 ], [ 629219.850000000093132, 5220839.799999999813735 ], [ 629219.725000000093132, 5220839.849999999627471 ], [ 629219.675000000046566, 5220839.775000000372529 ], [ 629219.200000000069849, 5220839.775000000372529 ], [ 629219.200000000069849, 5220839.950000000186265 ], [ 629219.400000000023283, 5220840.049999999813735 ], [ 629219.375, 5220840.349999999627471 ], [ 629219.25, 5220840.424999999813735 ], [ 629219.25, 5220840.775000000372529 ], [ 629219.100000000093132, 5220841.200000000186265 ], [ 629218.825000000069849, 5220841.200000000186265 ], [ 629219.075000000069849, 5220841.224999999627471 ], [ 629219.125, 5220841.325000000186265 ] ], [ [ 629218.550000000046566, 5220841.224999999627471 ], [ 629218.600000000093132, 5220841.275000000372529 ], [ 629218.625, 5220841.200000000186265 ], [ 629218.550000000046566, 5220841.224999999627471 ] ], [ [ 629199.775000000023283, 5220841.150000000372529 ], [ 629199.825000000069849, 5220841.174999999813735 ], [ 629199.825000000069849, 5220841.150000000372529 ], [ 629199.775000000023283, 5220841.150000000372529 ] ], [ [ 629199.925000000046566, 5220841.025000000372529 ], [ 629199.950000000069849, 5220841.049999999813735 ], [ 629199.950000000069849, 5220841.025000000372529 ], [ 629199.925000000046566, 5220841.025000000372529 ] ], [ [ 629216.475000000093132, 5220841.049999999813735 ], [ 629216.675000000046566, 5220840.950000000186265 ], [ 629216.625, 5220840.799999999813735 ], [ 629216.400000000023283, 5220840.825000000186265 ], [ 629216.475000000093132, 5220841.049999999813735 ] ], [ [ 629199.900000000023283, 5220840.924999999813735 ], [ 629199.925000000046566, 5220840.974999999627471 ], [ 629199.925000000046566, 5220840.924999999813735 ], [ 629199.900000000023283, 5220840.924999999813735 ] ], [ [ 629199.875, 5220840.825000000186265 ], [ 629199.900000000023283, 5220840.875 ], [ 629199.900000000023283, 5220840.825000000186265 ], [ 629199.875, 5220840.825000000186265 ] ], [ [ 629199.775000000023283, 5220840.674999999813735 ], [ 629199.875, 5220840.799999999813735 ], [ 629199.850000000093132, 5220840.674999999813735 ], [ 629199.775000000023283, 5220840.674999999813735 ] ], [ [ 629200.150000000023283, 5220840.724999999627471 ], [ 629200.25, 5220840.724999999627471 ], [ 629200.650000000023283, 5220840.400000000372529 ], [ 629200.625, 5220840.299999999813735 ], [ 629200.425000000046566, 5220840.174999999813735 ], [ 629200.425000000046566, 5220840.075000000186265 ], [ 629200.25, 5220840.075000000186265 ], [ 629200.175000000046566, 5220840.174999999813735 ], [ 629199.925000000046566, 5220840.150000000372529 ], [ 629199.900000000023283, 5220840.299999999813735 ], [ 629199.700000000069849, 5220840.5 ], [ 629199.700000000069849, 5220840.625 ], [ 629199.775000000023283, 5220840.625 ], [ 629199.950000000069849, 5220840.25 ], [ 629200.050000000046566, 5220840.25 ], [ 629200.175000000046566, 5220840.349999999627471 ], [ 629200.150000000023283, 5220840.724999999627471 ] ], [ [ 629205.450000000069849, 5220840.650000000372529 ], [ 629205.475000000093132, 5220840.674999999813735 ], [ 629205.475000000093132, 5220840.650000000372529 ], [ 629205.450000000069849, 5220840.650000000372529 ] ], [ [ 629205.425000000046566, 5220840.549999999813735 ], [ 629205.800000000046566, 5220840.525000000372529 ], [ 629205.800000000046566, 5220840.125 ], [ 629205.725000000093132, 5220840.049999999813735 ], [ 629205.550000000046566, 5220840.049999999813735 ], [ 629205.200000000069849, 5220840.299999999813735 ], [ 629205.200000000069849, 5220840.450000000186265 ], [ 629205.425000000046566, 5220840.549999999813735 ] ], [ [ 629203.025000000023283, 5220840.299999999813735 ], [ 629203.125, 5220840.275000000372529 ], [ 629203.175000000046566, 5220840.0 ], [ 629203.325000000069849, 5220840.0 ], [ 629203.350000000093132, 5220839.575000000186265 ], [ 629203.175000000046566, 5220839.575000000186265 ], [ 629203.175000000046566, 5220839.775000000372529 ], [ 629203.050000000046566, 5220839.825000000186265 ], [ 629203.025000000023283, 5220840.299999999813735 ] ], [ [ 629200.425000000046566, 5220840.049999999813735 ], [ 629200.450000000069849, 5220840.075000000186265 ], [ 629200.450000000069849, 5220840.049999999813735 ], [ 629200.425000000046566, 5220840.049999999813735 ] ], [ [ 629200.450000000069849, 5220840.049999999813735 ], [ 629200.600000000093132, 5220839.900000000372529 ], [ 629200.800000000046566, 5220839.924999999813735 ], [ 629200.850000000093132, 5220839.5 ], [ 629201.0, 5220839.400000000372529 ], [ 629201.0, 5220839.075000000186265 ], [ 629201.125, 5220838.950000000186265 ], [ 629201.150000000023283, 5220838.724999999627471 ], [ 629201.375, 5220838.625 ], [ 629201.450000000069849, 5220838.299999999813735 ], [ 629201.325000000069849, 5220838.224999999627471 ], [ 629201.325000000069849, 5220838.075000000186265 ], [ 629201.525000000023283, 5220837.924999999813735 ], [ 629201.525000000023283, 5220837.625 ], [ 629201.800000000046566, 5220837.174999999813735 ], [ 629201.875, 5220836.825000000186265 ], [ 629201.575000000069849, 5220836.875 ], [ 629201.475000000093132, 5220837.049999999813735 ], [ 629201.5, 5220837.325000000186265 ], [ 629201.425000000046566, 5220837.375 ], [ 629201.425000000046566, 5220837.575000000186265 ], [ 629201.325000000069849, 5220837.700000000186265 ], [ 629201.200000000069849, 5220837.700000000186265 ], [ 629201.300000000046566, 5220837.924999999813735 ], [ 629201.275000000023283, 5220838.049999999813735 ], [ 629201.025000000023283, 5220838.325000000186265 ], [ 629200.850000000093132, 5220838.349999999627471 ], [ 629200.650000000023283, 5220838.5 ], [ 629200.650000000023283, 5220838.825000000186265 ], [ 629200.725000000093132, 5220838.974999999627471 ], [ 629200.650000000023283, 5220839.025000000372529 ], [ 629200.575000000069849, 5220839.474999999627471 ], [ 629200.775000000023283, 5220839.599999999627471 ], [ 629200.775000000023283, 5220839.674999999813735 ], [ 629200.575000000069849, 5220839.75 ], [ 629200.450000000069849, 5220840.049999999813735 ] ], [ [ 629205.75, 5220839.924999999813735 ], [ 629205.775000000023283, 5220839.950000000186265 ], [ 629205.775000000023283, 5220839.924999999813735 ], [ 629205.75, 5220839.924999999813735 ] ], [ [ 629208.600000000093132, 5220839.75 ], [ 629208.625, 5220839.950000000186265 ], [ 629208.625, 5220839.75 ], [ 629208.600000000093132, 5220839.75 ] ], [ [ 629208.875, 5220839.924999999813735 ], [ 629208.900000000023283, 5220839.950000000186265 ], [ 629208.900000000023283, 5220839.924999999813735 ], [ 629208.875, 5220839.924999999813735 ] ], [ [ 629208.900000000023283, 5220839.924999999813735 ], [ 629209.075000000069849, 5220839.775000000372529 ], [ 629209.075000000069849, 5220839.625 ], [ 629208.925000000046566, 5220839.474999999627471 ], [ 629208.875, 5220839.125 ], [ 629208.75, 5220839.075000000186265 ], [ 629208.700000000069849, 5220839.224999999627471 ], [ 629208.825000000069849, 5220839.400000000372529 ], [ 629208.775000000023283, 5220839.625 ], [ 629208.975000000093132, 5220839.599999999627471 ], [ 629208.900000000023283, 5220839.924999999813735 ] ], [ [ 629217.050000000046566, 5220839.875 ], [ 629217.175000000046566, 5220839.875 ], [ 629217.200000000069849, 5220839.775000000372529 ], [ 629217.050000000046566, 5220839.799999999813735 ], [ 629216.975000000093132, 5220839.724999999627471 ], [ 629217.025000000023283, 5220839.525000000372529 ], [ 629216.875, 5220839.549999999813735 ], [ 629216.825000000069849, 5220839.724999999627471 ], [ 629216.975000000093132, 5220839.75 ], [ 629217.050000000046566, 5220839.875 ] ], [ [ 629217.200000000069849, 5220839.724999999627471 ], [ 629217.25, 5220839.75 ], [ 629217.25, 5220839.700000000186265 ], [ 629217.200000000069849, 5220839.724999999627471 ] ], [ [ 629211.525000000023283, 5220839.724999999627471 ], [ 629211.75, 5220839.75 ], [ 629211.700000000069849, 5220839.5 ], [ 629211.5, 5220839.599999999627471 ], [ 629211.525000000023283, 5220839.724999999627471 ] ], [ [ 629208.650000000023283, 5220839.700000000186265 ], [ 629208.675000000046566, 5220839.724999999627471 ], [ 629208.675000000046566, 5220839.700000000186265 ], [ 629208.650000000023283, 5220839.700000000186265 ] ], [ [ 629208.675000000046566, 5220839.674999999813735 ], [ 629208.700000000069849, 5220839.700000000186265 ], [ 629208.700000000069849, 5220839.674999999813735 ], [ 629208.675000000046566, 5220839.674999999813735 ] ], [ [ 629217.25, 5220839.674999999813735 ], [ 629217.275000000023283, 5220839.700000000186265 ], [ 629217.275000000023283, 5220839.674999999813735 ], [ 629217.25, 5220839.674999999813735 ] ], [ [ 629205.875, 5220839.625 ], [ 629205.900000000023283, 5220839.650000000372529 ], [ 629205.900000000023283, 5220839.625 ], [ 629205.875, 5220839.625 ] ], [ [ 629217.050000000046566, 5220839.5 ], [ 629217.075000000069849, 5220839.525000000372529 ], [ 629217.075000000069849, 5220839.5 ], [ 629217.050000000046566, 5220839.5 ] ], [ [ 629217.075000000069849, 5220839.474999999627471 ], [ 629217.100000000093132, 5220839.5 ], [ 629217.100000000093132, 5220839.474999999627471 ], [ 629217.075000000069849, 5220839.474999999627471 ] ], [ [ 629217.100000000093132, 5220839.450000000186265 ], [ 629217.125, 5220839.474999999627471 ], [ 629217.125, 5220839.450000000186265 ], [ 629217.100000000093132, 5220839.450000000186265 ] ], [ [ 629217.125, 5220839.450000000186265 ], [ 629217.300000000046566, 5220839.424999999813735 ], [ 629217.25, 5220839.325000000186265 ], [ 629217.375, 5220839.075000000186265 ], [ 629217.200000000069849, 5220839.075000000186265 ], [ 629217.25, 5220839.275000000372529 ], [ 629217.125, 5220839.450000000186265 ] ], [ [ 629217.300000000046566, 5220839.424999999813735 ], [ 629217.325000000069849, 5220839.450000000186265 ], [ 629217.325000000069849, 5220839.424999999813735 ], [ 629217.300000000046566, 5220839.424999999813735 ] ], [ [ 629206.0, 5220839.325000000186265 ], [ 629206.025000000023283, 5220839.349999999627471 ], [ 629206.025000000023283, 5220839.325000000186265 ], [ 629206.0, 5220839.325000000186265 ] ], [ [ 629203.450000000069849, 5220839.200000000186265 ], [ 629203.600000000093132, 5220839.200000000186265 ], [ 629203.75, 5220838.974999999627471 ], [ 629203.725000000093132, 5220838.625 ], [ 629203.650000000023283, 5220838.625 ], [ 629203.650000000023283, 5220838.75 ], [ 629203.525000000023283, 5220838.849999999627471 ], [ 629203.450000000069849, 5220839.200000000186265 ] ], [ [ 629206.125, 5220839.025000000372529 ], [ 629206.150000000023283, 5220839.049999999813735 ], [ 629206.150000000023283, 5220839.025000000372529 ], [ 629206.125, 5220839.025000000372529 ] ], [ [ 629214.325000000069849, 5220839.025000000372529 ], [ 629214.425000000046566, 5220839.0 ], [ 629214.425000000046566, 5220838.900000000372529 ], [ 629214.325000000069849, 5220838.924999999813735 ], [ 629214.325000000069849, 5220839.025000000372529 ] ], [ [ 629211.625, 5220839.0 ], [ 629211.850000000093132, 5220838.950000000186265 ], [ 629211.925000000046566, 5220838.5 ], [ 629211.725000000093132, 5220838.5 ], [ 629211.625, 5220839.0 ] ], [ [ 629206.175000000046566, 5220838.924999999813735 ], [ 629206.5, 5220838.799999999813735 ], [ 629206.525000000023283, 5220838.599999999627471 ], [ 629206.425000000046566, 5220838.349999999627471 ], [ 629206.200000000069849, 5220838.375 ], [ 629206.225000000093132, 5220838.625 ], [ 629206.075000000069849, 5220838.75 ], [ 629206.175000000046566, 5220838.924999999813735 ] ], [ [ 629214.425000000046566, 5220838.849999999627471 ], [ 629214.450000000069849, 5220838.900000000372529 ], [ 629214.450000000069849, 5220838.849999999627471 ], [ 629214.425000000046566, 5220838.849999999627471 ] ], [ [ 629217.400000000023283, 5220838.75 ], [ 629217.5, 5220838.75 ], [ 629217.550000000046566, 5220838.599999999627471 ], [ 629217.75, 5220838.575000000186265 ], [ 629217.775000000023283, 5220838.275000000372529 ], [ 629217.625, 5220838.25 ], [ 629217.600000000093132, 5220838.0 ], [ 629217.375, 5220838.200000000186265 ], [ 629217.325000000069849, 5220838.549999999813735 ], [ 629217.400000000023283, 5220838.599999999627471 ], [ 629217.400000000023283, 5220838.75 ] ], [ [ 629211.925000000046566, 5220838.450000000186265 ], [ 629211.950000000069849, 5220838.474999999627471 ], [ 629211.950000000069849, 5220838.450000000186265 ], [ 629211.925000000046566, 5220838.450000000186265 ] ], [ [ 629209.400000000023283, 5220838.424999999813735 ], [ 629209.600000000093132, 5220838.400000000372529 ], [ 629209.575000000069849, 5220838.200000000186265 ], [ 629209.375, 5220838.325000000186265 ], [ 629209.400000000023283, 5220838.424999999813735 ] ], [ [ 629211.950000000069849, 5220838.375 ], [ 629211.975000000093132, 5220838.424999999813735 ], [ 629211.975000000093132, 5220838.375 ], [ 629211.950000000069849, 5220838.375 ] ], [ [ 629203.825000000069849, 5220838.349999999627471 ], [ 629204.050000000046566, 5220838.224999999627471 ], [ 629204.125, 5220837.799999999813735 ], [ 629203.900000000023283, 5220837.799999999813735 ], [ 629203.975000000093132, 5220838.125 ], [ 629203.825000000069849, 5220838.200000000186265 ], [ 629203.825000000069849, 5220838.349999999627471 ] ], [ [ 629211.975000000093132, 5220838.299999999813735 ], [ 629212.0, 5220838.349999999627471 ], [ 629212.0, 5220838.299999999813735 ], [ 629211.975000000093132, 5220838.299999999813735 ] ], [ [ 629206.425000000046566, 5220838.299999999813735 ], [ 629206.450000000069849, 5220838.325000000186265 ], [ 629206.450000000069849, 5220838.299999999813735 ], [ 629206.425000000046566, 5220838.299999999813735 ] ], [ [ 629212.0, 5220838.299999999813735 ], [ 629212.100000000093132, 5220838.299999999813735 ], [ 629212.225000000093132, 5220838.150000000372529 ], [ 629211.975000000093132, 5220838.099999999627471 ], [ 629211.975000000093132, 5220837.900000000372529 ], [ 629212.275000000023283, 5220837.849999999627471 ], [ 629212.200000000069849, 5220837.75 ], [ 629212.325000000069849, 5220837.549999999813735 ], [ 629212.575000000069849, 5220837.375 ], [ 629212.600000000093132, 5220837.049999999813735 ], [ 629212.400000000023283, 5220837.075000000186265 ], [ 629212.275000000023283, 5220837.200000000186265 ], [ 629212.25, 5220837.650000000372529 ], [ 629212.200000000069849, 5220837.724999999627471 ], [ 629212.050000000046566, 5220837.724999999627471 ], [ 629211.900000000023283, 5220837.950000000186265 ], [ 629212.0, 5220838.299999999813735 ] ], [ [ 629212.225000000093132, 5220838.125 ], [ 629212.25, 5220838.150000000372529 ], [ 629212.25, 5220838.125 ], [ 629212.225000000093132, 5220838.125 ] ], [ [ 629220.675000000046566, 5220838.125 ], [ 629220.850000000093132, 5220838.125 ], [ 629220.950000000069849, 5220837.599999999627471 ], [ 629220.925000000046566, 5220837.5 ], [ 629220.550000000046566, 5220837.450000000186265 ], [ 629220.525000000023283, 5220837.325000000186265 ], [ 629220.75, 5220837.099999999627471 ], [ 629220.650000000023283, 5220836.950000000186265 ], [ 629220.550000000046566, 5220836.950000000186265 ], [ 629220.325000000069849, 5220837.650000000372529 ], [ 629220.5, 5220837.599999999627471 ], [ 629220.675000000046566, 5220837.724999999627471 ], [ 629220.675000000046566, 5220838.125 ] ], [ [ 629209.5, 5220838.0 ], [ 629209.525000000023283, 5220838.075000000186265 ], [ 629209.525000000023283, 5220838.0 ], [ 629209.5, 5220838.0 ] ], [ [ 629214.5, 5220837.974999999627471 ], [ 629214.775000000023283, 5220838.075000000186265 ], [ 629214.775000000023283, 5220837.974999999627471 ], [ 629214.675000000046566, 5220837.875 ], [ 629214.525000000023283, 5220837.875 ], [ 629214.5, 5220837.974999999627471 ] ], [ [ 629206.550000000046566, 5220838.0 ], [ 629206.575000000069849, 5220838.025000000372529 ], [ 629206.575000000069849, 5220838.0 ], [ 629206.550000000046566, 5220838.0 ] ], [ [ 629198.375, 5220837.974999999627471 ], [ 629198.475000000093132, 5220837.950000000186265 ], [ 629198.475000000093132, 5220837.75 ], [ 629198.600000000093132, 5220837.549999999813735 ], [ 629198.725000000093132, 5220837.525000000372529 ], [ 629198.725000000093132, 5220837.349999999627471 ], [ 629198.825000000069849, 5220837.275000000372529 ], [ 629198.850000000093132, 5220837.125 ], [ 629199.125, 5220836.924999999813735 ], [ 629199.100000000093132, 5220836.525000000372529 ], [ 629199.275000000023283, 5220836.450000000186265 ], [ 629199.400000000023283, 5220836.049999999813735 ], [ 629199.600000000093132, 5220835.825000000186265 ], [ 629199.700000000069849, 5220835.400000000372529 ], [ 629199.575000000069849, 5220835.200000000186265 ], [ 629199.800000000046566, 5220834.849999999627471 ], [ 629199.575000000069849, 5220834.849999999627471 ], [ 629199.525000000023283, 5220834.950000000186265 ], [ 629199.350000000093132, 5220835.0 ], [ 629199.350000000093132, 5220835.25 ], [ 629199.550000000046566, 5220835.474999999627471 ], [ 629199.5, 5220835.599999999627471 ], [ 629199.350000000093132, 5220835.599999999627471 ], [ 629199.25, 5220835.700000000186265 ], [ 629199.150000000023283, 5220836.0 ], [ 629198.950000000069849, 5220836.150000000372529 ], [ 629198.975000000093132, 5220836.25 ], [ 629199.100000000093132, 5220836.299999999813735 ], [ 629199.100000000093132, 5220836.450000000186265 ], [ 629198.775000000023283, 5220836.5 ], [ 629198.725000000093132, 5220836.924999999813735 ], [ 629198.525000000023283, 5220837.049999999813735 ], [ 629198.475000000093132, 5220837.549999999813735 ], [ 629198.300000000046566, 5220837.599999999627471 ], [ 629198.375, 5220837.974999999627471 ] ], [ [ 629220.225000000093132, 5220837.950000000186265 ], [ 629220.25, 5220837.974999999627471 ], [ 629220.25, 5220837.950000000186265 ], [ 629220.225000000093132, 5220837.950000000186265 ] ], [ [ 629206.700000000069849, 5220837.924999999813735 ], [ 629206.975000000093132, 5220837.924999999813735 ], [ 629206.925000000046566, 5220837.650000000372529 ], [ 629207.200000000069849, 5220837.599999999627471 ], [ 629207.200000000069849, 5220837.450000000186265 ], [ 629207.050000000046566, 5220837.25 ], [ 629207.100000000093132, 5220836.950000000186265 ], [ 629207.025000000023283, 5220836.875 ], [ 629206.825000000069849, 5220836.924999999813735 ], [ 629206.875, 5220837.150000000372529 ], [ 629206.800000000046566, 5220837.450000000186265 ], [ 629206.675000000046566, 5220837.474999999627471 ], [ 629206.5, 5220837.375 ], [ 629206.600000000093132, 5220837.525000000372529 ], [ 629206.5, 5220837.775000000372529 ], [ 629206.625, 5220837.799999999813735 ], [ 629206.700000000069849, 5220837.924999999813735 ] ], [ [ 629220.25, 5220837.849999999627471 ], [ 629220.275000000023283, 5220837.900000000372529 ], [ 629220.275000000023283, 5220837.849999999627471 ], [ 629220.25, 5220837.849999999627471 ] ], [ [ 629209.450000000069849, 5220837.875 ], [ 629209.600000000093132, 5220837.775000000372529 ], [ 629209.675000000046566, 5220837.525000000372529 ], [ 629209.975000000093132, 5220837.400000000372529 ], [ 629209.925000000046566, 5220837.125 ], [ 629210.200000000069849, 5220836.924999999813735 ], [ 629210.175000000046566, 5220836.674999999813735 ], [ 629210.325000000069849, 5220836.5 ], [ 629210.225000000093132, 5220836.25 ], [ 629210.275000000023283, 5220836.025000000372529 ], [ 629210.400000000023283, 5220835.974999999627471 ], [ 629210.325000000069849, 5220835.75 ], [ 629210.175000000046566, 5220835.775000000372529 ], [ 629210.050000000046566, 5220836.099999999627471 ], [ 629209.900000000023283, 5220836.25 ], [ 629209.925000000046566, 5220836.400000000372529 ], [ 629209.775000000023283, 5220836.549999999813735 ], [ 629209.850000000093132, 5220837.075000000186265 ], [ 629209.600000000093132, 5220837.099999999627471 ], [ 629209.400000000023283, 5220837.450000000186265 ], [ 629209.350000000093132, 5220837.799999999813735 ], [ 629209.450000000069849, 5220837.875 ] ], [ [ 629220.275000000023283, 5220837.775000000372529 ], [ 629220.300000000046566, 5220837.825000000186265 ], [ 629220.300000000046566, 5220837.775000000372529 ], [ 629220.275000000023283, 5220837.775000000372529 ] ], [ [ 629217.575000000069849, 5220837.799999999813735 ], [ 629217.800000000046566, 5220837.799999999813735 ], [ 629217.975000000093132, 5220837.625 ], [ 629217.975000000093132, 5220837.525000000372529 ], [ 629218.075000000069849, 5220837.5 ], [ 629217.975000000093132, 5220837.474999999627471 ], [ 629217.900000000023283, 5220837.325000000186265 ], [ 629217.900000000023283, 5220837.025000000372529 ], [ 629218.150000000023283, 5220836.950000000186265 ], [ 629218.450000000069849, 5220836.974999999627471 ], [ 629218.375, 5220836.825000000186265 ], [ 629218.25, 5220836.849999999627471 ], [ 629218.025000000023283, 5220836.75 ], [ 629217.850000000093132, 5220836.825000000186265 ], [ 629217.825000000069849, 5220837.299999999813735 ], [ 629217.625, 5220837.5 ], [ 629217.575000000069849, 5220837.799999999813735 ] ], [ [ 629220.300000000046566, 5220837.674999999813735 ], [ 629220.325000000069849, 5220837.75 ], [ 629220.325000000069849, 5220837.674999999813735 ], [ 629220.300000000046566, 5220837.674999999813735 ] ], [ [ 629218.125, 5220837.450000000186265 ], [ 629218.200000000069849, 5220837.474999999627471 ], [ 629218.200000000069849, 5220837.450000000186265 ], [ 629218.125, 5220837.450000000186265 ] ], [ [ 629218.25, 5220837.450000000186265 ], [ 629218.400000000023283, 5220837.424999999813735 ], [ 629218.400000000023283, 5220837.349999999627471 ], [ 629218.325000000069849, 5220837.349999999627471 ], [ 629218.25, 5220837.450000000186265 ] ], [ [ 629221.100000000093132, 5220837.150000000372529 ], [ 629221.225000000093132, 5220837.150000000372529 ], [ 629221.325000000069849, 5220837.049999999813735 ], [ 629221.300000000046566, 5220836.825000000186265 ], [ 629220.925000000046566, 5220836.724999999627471 ], [ 629220.850000000093132, 5220836.474999999627471 ], [ 629220.675000000046566, 5220836.450000000186265 ], [ 629220.550000000046566, 5220836.224999999627471 ], [ 629220.450000000069849, 5220836.625 ], [ 629220.550000000046566, 5220836.75 ], [ 629220.900000000023283, 5220836.775000000372529 ], [ 629221.125, 5220837.0 ], [ 629221.100000000093132, 5220837.150000000372529 ] ], [ [ 629220.875, 5220837.099999999627471 ], [ 629220.975000000093132, 5220837.125 ], [ 629220.975000000093132, 5220837.099999999627471 ], [ 629220.875, 5220837.099999999627471 ] ], [ [ 629201.875, 5220836.775000000372529 ], [ 629202.100000000093132, 5220836.700000000186265 ], [ 629202.075000000069849, 5220836.325000000186265 ], [ 629202.275000000023283, 5220836.25 ], [ 629202.325000000069849, 5220835.950000000186265 ], [ 629202.400000000023283, 5220835.900000000372529 ], [ 629202.375, 5220835.224999999627471 ], [ 629202.450000000069849, 5220835.150000000372529 ], [ 629202.700000000069849, 5220835.174999999813735 ], [ 629202.725000000093132, 5220834.424999999813735 ], [ 629203.050000000046566, 5220834.224999999627471 ], [ 629202.975000000093132, 5220833.900000000372529 ], [ 629203.175000000046566, 5220833.799999999813735 ], [ 629203.100000000093132, 5220833.5 ], [ 629203.375, 5220833.5 ], [ 629203.300000000046566, 5220833.275000000372529 ], [ 629203.025000000023283, 5220833.25 ], [ 629202.950000000069849, 5220833.400000000372529 ], [ 629202.850000000093132, 5220833.424999999813735 ], [ 629202.800000000046566, 5220833.75 ], [ 629202.950000000069849, 5220833.825000000186265 ], [ 629202.950000000069849, 5220833.924999999813735 ], [ 629202.675000000046566, 5220834.025000000372529 ], [ 629202.675000000046566, 5220834.349999999627471 ], [ 629202.5, 5220834.5 ], [ 629202.450000000069849, 5220834.650000000372529 ], [ 629202.550000000046566, 5220834.75 ], [ 629202.550000000046566, 5220834.875 ], [ 629201.925000000046566, 5220835.599999999627471 ], [ 629201.925000000046566, 5220835.700000000186265 ], [ 629202.150000000023283, 5220835.700000000186265 ], [ 629202.200000000069849, 5220835.900000000372529 ], [ 629201.800000000046566, 5220835.924999999813735 ], [ 629201.800000000046566, 5220836.025000000372529 ], [ 629201.900000000023283, 5220836.075000000186265 ], [ 629201.875, 5220836.775000000372529 ] ], [ [ 629212.650000000023283, 5220836.724999999627471 ], [ 629212.775000000023283, 5220836.700000000186265 ], [ 629212.800000000046566, 5220836.549999999813735 ], [ 629212.925000000046566, 5220836.450000000186265 ], [ 629212.925000000046566, 5220836.25 ], [ 629213.300000000046566, 5220836.200000000186265 ], [ 629213.400000000023283, 5220836.099999999627471 ], [ 629213.425000000046566, 5220835.400000000372529 ], [ 629213.175000000046566, 5220835.174999999813735 ], [ 629213.050000000046566, 5220835.224999999627471 ], [ 629212.975000000093132, 5220835.650000000372529 ], [ 629212.800000000046566, 5220835.875 ], [ 629212.800000000046566, 5220836.150000000372529 ], [ 629212.525000000023283, 5220836.400000000372529 ], [ 629212.650000000023283, 5220836.724999999627471 ] ], [ [ 629207.100000000093132, 5220836.674999999813735 ], [ 629207.125, 5220836.700000000186265 ], [ 629207.125, 5220836.674999999813735 ], [ 629207.100000000093132, 5220836.674999999813735 ] ], [ [ 629204.625, 5220836.650000000372529 ], [ 629204.75, 5220836.599999999627471 ], [ 629204.75, 5220836.400000000372529 ], [ 629204.525000000023283, 5220836.325000000186265 ], [ 629204.450000000069849, 5220836.400000000372529 ], [ 629204.475000000093132, 5220836.599999999627471 ], [ 629204.625, 5220836.650000000372529 ] ], [ [ 629207.150000000023283, 5220836.549999999813735 ], [ 629207.175000000046566, 5220836.575000000186265 ], [ 629207.175000000046566, 5220836.549999999813735 ], [ 629207.150000000023283, 5220836.549999999813735 ] ], [ [ 629207.300000000046566, 5220836.5 ], [ 629207.475000000093132, 5220836.424999999813735 ], [ 629207.700000000069849, 5220836.474999999627471 ], [ 629207.600000000093132, 5220836.174999999813735 ], [ 629207.725000000093132, 5220836.049999999813735 ], [ 629208.0, 5220835.974999999627471 ], [ 629207.925000000046566, 5220835.474999999627471 ], [ 629208.050000000046566, 5220835.099999999627471 ], [ 629207.950000000069849, 5220835.0 ], [ 629207.950000000069849, 5220834.700000000186265 ], [ 629207.850000000093132, 5220834.724999999627471 ], [ 629207.75, 5220835.025000000372529 ], [ 629207.5, 5220835.150000000372529 ], [ 629207.550000000046566, 5220835.299999999813735 ], [ 629207.700000000069849, 5220835.325000000186265 ], [ 629207.800000000046566, 5220835.599999999627471 ], [ 629207.700000000069849, 5220835.799999999813735 ], [ 629207.425000000046566, 5220835.849999999627471 ], [ 629207.375, 5220836.049999999813735 ], [ 629207.225000000093132, 5220836.075000000186265 ], [ 629207.200000000069849, 5220836.224999999627471 ], [ 629207.300000000046566, 5220836.5 ] ], [ [ 629220.850000000093132, 5220836.450000000186265 ], [ 629220.875, 5220836.474999999627471 ], [ 629220.875, 5220836.450000000186265 ], [ 629220.850000000093132, 5220836.450000000186265 ] ], [ [ 629215.775000000023283, 5220836.400000000372529 ], [ 629215.850000000093132, 5220836.400000000372529 ], [ 629215.825000000069849, 5220836.299999999813735 ], [ 629215.775000000023283, 5220836.299999999813735 ], [ 629215.775000000023283, 5220836.400000000372529 ] ], [ [ 629220.900000000023283, 5220836.375 ], [ 629220.925000000046566, 5220836.400000000372529 ], [ 629220.925000000046566, 5220836.375 ], [ 629220.900000000023283, 5220836.375 ] ], [ [ 629220.925000000046566, 5220836.349999999627471 ], [ 629220.950000000069849, 5220836.375 ], [ 629220.950000000069849, 5220836.349999999627471 ], [ 629220.925000000046566, 5220836.349999999627471 ] ], [ [ 629221.0, 5220836.275000000372529 ], [ 629221.200000000069849, 5220836.224999999627471 ], [ 629221.325000000069849, 5220836.025000000372529 ], [ 629221.350000000093132, 5220835.599999999627471 ], [ 629221.125, 5220835.674999999813735 ], [ 629221.125, 5220835.825000000186265 ], [ 629220.975000000093132, 5220836.049999999813735 ], [ 629221.0, 5220836.275000000372529 ] ], [ [ 629215.75, 5220836.099999999627471 ], [ 629215.775000000023283, 5220836.25 ], [ 629215.775000000023283, 5220836.099999999627471 ], [ 629215.75, 5220836.099999999627471 ] ], [ [ 629207.525000000023283, 5220835.650000000372529 ], [ 629207.550000000046566, 5220835.674999999813735 ], [ 629207.550000000046566, 5220835.650000000372529 ], [ 629207.525000000023283, 5220835.650000000372529 ] ], [ [ 629216.225000000093132, 5220835.650000000372529 ], [ 629216.325000000069849, 5220835.650000000372529 ], [ 629216.325000000069849, 5220835.575000000186265 ], [ 629216.25, 5220835.575000000186265 ], [ 629216.225000000093132, 5220835.650000000372529 ] ], [ [ 629205.0, 5220835.599999999627471 ], [ 629205.100000000093132, 5220835.599999999627471 ], [ 629205.200000000069849, 5220835.474999999627471 ], [ 629205.200000000069849, 5220835.125 ], [ 629205.425000000046566, 5220834.799999999813735 ], [ 629205.5, 5220834.400000000372529 ], [ 629205.600000000093132, 5220834.400000000372529 ], [ 629205.575000000069849, 5220834.174999999813735 ], [ 629205.675000000046566, 5220834.099999999627471 ], [ 629205.725000000093132, 5220833.75 ], [ 629205.850000000093132, 5220833.674999999813735 ], [ 629205.875, 5220833.349999999627471 ], [ 629205.75, 5220833.349999999627471 ], [ 629205.700000000069849, 5220833.549999999813735 ], [ 629205.475000000093132, 5220833.724999999627471 ], [ 629205.475000000093132, 5220833.875 ], [ 629205.400000000023283, 5220833.924999999813735 ], [ 629205.475000000093132, 5220834.150000000372529 ], [ 629205.325000000069849, 5220834.5 ], [ 629205.225000000093132, 5220834.549999999813735 ], [ 629205.225000000093132, 5220834.674999999813735 ], [ 629205.125, 5220834.724999999627471 ], [ 629205.125, 5220835.150000000372529 ], [ 629205.0, 5220835.25 ], [ 629204.950000000069849, 5220835.474999999627471 ], [ 629205.0, 5220835.599999999627471 ] ], [ [ 629221.875, 5220835.349999999627471 ], [ 629221.950000000069849, 5220835.224999999627471 ], [ 629221.800000000046566, 5220834.900000000372529 ], [ 629221.975000000093132, 5220834.625 ], [ 629222.0, 5220834.349999999627471 ], [ 629222.400000000023283, 5220834.325000000186265 ], [ 629222.350000000093132, 5220834.150000000372529 ], [ 629222.275000000023283, 5220834.200000000186265 ], [ 629222.050000000046566, 5220834.099999999627471 ], [ 629221.75, 5220834.099999999627471 ], [ 629221.700000000069849, 5220834.950000000186265 ], [ 629221.875, 5220835.349999999627471 ] ], [ [ 629218.675000000046566, 5220835.25 ], [ 629219.0, 5220835.099999999627471 ], [ 629218.925000000046566, 5220834.900000000372529 ], [ 629219.0, 5220834.700000000186265 ], [ 629218.975000000093132, 5220834.474999999627471 ], [ 629218.725000000093132, 5220834.525000000372529 ], [ 629218.725000000093132, 5220834.625 ], [ 629218.850000000093132, 5220834.700000000186265 ], [ 629218.850000000093132, 5220834.849999999627471 ], [ 629218.600000000093132, 5220834.950000000186265 ], [ 629218.575000000069849, 5220835.125 ], [ 629218.675000000046566, 5220835.25 ] ], [ [ 629210.675000000046566, 5220835.200000000186265 ], [ 629210.775000000023283, 5220835.200000000186265 ], [ 629210.800000000046566, 5220835.075000000186265 ], [ 629211.0, 5220834.950000000186265 ], [ 629210.975000000093132, 5220834.674999999813735 ], [ 629211.100000000093132, 5220834.625 ], [ 629211.150000000023283, 5220834.400000000372529 ], [ 629210.675000000046566, 5220834.349999999627471 ], [ 629210.675000000046566, 5220834.424999999813735 ], [ 629210.875, 5220834.450000000186265 ], [ 629210.900000000023283, 5220834.549999999813735 ], [ 629210.900000000023283, 5220834.650000000372529 ], [ 629210.675000000046566, 5220834.799999999813735 ], [ 629210.675000000046566, 5220834.950000000186265 ], [ 629210.600000000093132, 5220835.0 ], [ 629210.675000000046566, 5220835.200000000186265 ] ], [ [ 629199.800000000046566, 5220834.825000000186265 ], [ 629199.825000000069849, 5220834.849999999627471 ], [ 629199.825000000069849, 5220834.825000000186265 ], [ 629199.800000000046566, 5220834.825000000186265 ] ], [ [ 629199.825000000069849, 5220834.799999999813735 ], [ 629199.900000000023283, 5220834.599999999627471 ], [ 629199.650000000023283, 5220834.525000000372529 ], [ 629199.600000000093132, 5220834.599999999627471 ], [ 629199.800000000046566, 5220834.599999999627471 ], [ 629199.825000000069849, 5220834.799999999813735 ] ], [ [ 629213.25, 5220834.75 ], [ 629213.400000000023283, 5220834.724999999627471 ], [ 629213.400000000023283, 5220834.525000000372529 ], [ 629213.200000000069849, 5220834.525000000372529 ], [ 629213.25, 5220834.75 ] ], [ [ 629207.950000000069849, 5220834.625 ], [ 629207.975000000093132, 5220834.650000000372529 ], [ 629207.975000000093132, 5220834.625 ], [ 629207.950000000069849, 5220834.625 ] ], [ [ 629213.400000000023283, 5220834.5 ], [ 629213.425000000046566, 5220834.525000000372529 ], [ 629213.425000000046566, 5220834.5 ], [ 629213.400000000023283, 5220834.5 ] ], [ [ 629213.425000000046566, 5220834.474999999627471 ], [ 629213.450000000069849, 5220834.5 ], [ 629213.450000000069849, 5220834.474999999627471 ], [ 629213.425000000046566, 5220834.474999999627471 ] ], [ [ 629213.450000000069849, 5220834.450000000186265 ], [ 629213.475000000093132, 5220834.474999999627471 ], [ 629213.475000000093132, 5220834.450000000186265 ], [ 629213.450000000069849, 5220834.450000000186265 ] ], [ [ 629213.475000000093132, 5220834.424999999813735 ], [ 629213.5, 5220834.450000000186265 ], [ 629213.5, 5220834.424999999813735 ], [ 629213.475000000093132, 5220834.424999999813735 ] ], [ [ 629213.5, 5220834.400000000372529 ], [ 629213.525000000023283, 5220834.424999999813735 ], [ 629213.525000000023283, 5220834.400000000372529 ], [ 629213.5, 5220834.400000000372529 ] ], [ [ 629211.150000000023283, 5220834.400000000372529 ], [ 629211.25, 5220834.400000000372529 ], [ 629211.350000000093132, 5220833.674999999813735 ], [ 629211.425000000046566, 5220833.625 ], [ 629211.425000000046566, 5220833.5 ], [ 629211.300000000046566, 5220833.424999999813735 ], [ 629211.025000000023283, 5220833.474999999627471 ], [ 629211.075000000069849, 5220834.224999999627471 ], [ 629211.150000000023283, 5220834.400000000372529 ] ], [ [ 629213.525000000023283, 5220834.400000000372529 ], [ 629214.075000000069849, 5220834.325000000186265 ], [ 629214.050000000046566, 5220834.174999999813735 ], [ 629214.275000000023283, 5220833.900000000372529 ], [ 629214.325000000069849, 5220833.349999999627471 ], [ 629214.625, 5220833.075000000186265 ], [ 629214.625, 5220832.924999999813735 ], [ 629214.425000000046566, 5220832.724999999627471 ], [ 629214.400000000023283, 5220832.525000000372529 ], [ 629214.200000000069849, 5220832.325000000186265 ], [ 629214.125, 5220832.325000000186265 ], [ 629214.125, 5220832.700000000186265 ], [ 629214.25, 5220832.875 ], [ 629214.150000000023283, 5220833.125 ], [ 629213.950000000069849, 5220833.174999999813735 ], [ 629213.575000000069849, 5220833.599999999627471 ], [ 629213.600000000093132, 5220833.775000000372529 ], [ 629213.475000000093132, 5220833.974999999627471 ], [ 629213.525000000023283, 5220834.400000000372529 ] ], [ [ 629208.125, 5220834.224999999627471 ], [ 629208.575000000069849, 5220834.200000000186265 ], [ 629208.550000000046566, 5220833.849999999627471 ], [ 629208.925000000046566, 5220833.424999999813735 ], [ 629208.925000000046566, 5220833.200000000186265 ], [ 629208.775000000023283, 5220833.049999999813735 ], [ 629209.025000000023283, 5220833.049999999813735 ], [ 629208.975000000093132, 5220832.200000000186265 ], [ 629209.200000000069849, 5220832.125 ], [ 629209.350000000093132, 5220831.900000000372529 ], [ 629209.450000000069849, 5220831.450000000186265 ], [ 629209.400000000023283, 5220831.25 ], [ 629209.675000000046566, 5220831.075000000186265 ], [ 629209.675000000046566, 5220830.875 ], [ 629209.575000000069849, 5220830.825000000186265 ], [ 629209.675000000046566, 5220830.599999999627471 ], [ 629209.675000000046566, 5220830.400000000372529 ], [ 629209.600000000093132, 5220830.325000000186265 ], [ 629209.350000000093132, 5220830.349999999627471 ], [ 629209.400000000023283, 5220830.75 ], [ 629209.125, 5220830.924999999813735 ], [ 629209.150000000023283, 5220831.125 ], [ 629208.975000000093132, 5220831.400000000372529 ], [ 629208.850000000093132, 5220832.224999999627471 ], [ 629208.700000000069849, 5220832.450000000186265 ], [ 629208.75, 5220832.950000000186265 ], [ 629208.625, 5220833.025000000372529 ], [ 629208.700000000069849, 5220833.299999999813735 ], [ 629208.5, 5220833.400000000372529 ], [ 629208.225000000093132, 5220833.375 ], [ 629207.950000000069849, 5220833.599999999627471 ], [ 629207.950000000069849, 5220833.674999999813735 ], [ 629208.300000000046566, 5220833.700000000186265 ], [ 629208.150000000023283, 5220833.974999999627471 ], [ 629208.125, 5220834.224999999627471 ] ], [ [ 629197.225000000093132, 5220834.0 ], [ 629197.400000000023283, 5220833.924999999813735 ], [ 629197.450000000069849, 5220833.599999999627471 ], [ 629197.200000000069849, 5220833.724999999627471 ], [ 629197.225000000093132, 5220834.0 ] ], [ [ 629219.200000000069849, 5220833.974999999627471 ], [ 629219.350000000093132, 5220833.900000000372529 ], [ 629219.325000000069849, 5220833.650000000372529 ], [ 629219.425000000046566, 5220833.424999999813735 ], [ 629219.225000000093132, 5220833.450000000186265 ], [ 629219.175000000046566, 5220833.599999999627471 ], [ 629218.975000000093132, 5220833.599999999627471 ], [ 629218.850000000093132, 5220833.724999999627471 ], [ 629218.850000000093132, 5220833.799999999813735 ], [ 629219.150000000023283, 5220833.875 ], [ 629219.200000000069849, 5220833.974999999627471 ] ], [ [ 629222.275000000023283, 5220833.950000000186265 ], [ 629222.300000000046566, 5220833.5 ], [ 629222.200000000069849, 5220833.424999999813735 ], [ 629222.200000000069849, 5220833.200000000186265 ], [ 629222.100000000093132, 5220833.200000000186265 ], [ 629221.875, 5220833.349999999627471 ], [ 629221.875, 5220833.474999999627471 ], [ 629222.075000000069849, 5220833.599999999627471 ], [ 629222.275000000023283, 5220833.950000000186265 ] ], [ [ 629197.450000000069849, 5220833.599999999627471 ], [ 629197.775000000023283, 5220833.474999999627471 ], [ 629197.800000000046566, 5220833.075000000186265 ], [ 629197.725000000093132, 5220832.875 ], [ 629197.525000000023283, 5220832.900000000372529 ], [ 629197.550000000046566, 5220833.200000000186265 ], [ 629197.450000000069849, 5220833.599999999627471 ] ], [ [ 629200.125, 5220833.525000000372529 ], [ 629200.375, 5220833.400000000372529 ], [ 629200.5, 5220833.0 ], [ 629200.450000000069849, 5220832.724999999627471 ], [ 629200.550000000046566, 5220832.625 ], [ 629200.725000000093132, 5220832.650000000372529 ], [ 629200.675000000046566, 5220832.174999999813735 ], [ 629200.425000000046566, 5220832.275000000372529 ], [ 629200.425000000046566, 5220832.674999999813735 ], [ 629200.275000000023283, 5220832.724999999627471 ], [ 629200.100000000093132, 5220832.974999999627471 ], [ 629200.075000000069849, 5220833.224999999627471 ], [ 629200.175000000046566, 5220833.325000000186265 ], [ 629200.125, 5220833.525000000372529 ] ], [ [ 629205.925000000046566, 5220833.325000000186265 ], [ 629206.0, 5220833.325000000186265 ], [ 629206.0, 5220833.174999999813735 ], [ 629206.125, 5220833.099999999627471 ], [ 629206.150000000023283, 5220832.825000000186265 ], [ 629206.25, 5220832.700000000186265 ], [ 629206.175000000046566, 5220832.474999999627471 ], [ 629206.100000000093132, 5220832.474999999627471 ], [ 629205.925000000046566, 5220832.700000000186265 ], [ 629205.925000000046566, 5220833.325000000186265 ] ], [ [ 629211.450000000069849, 5220833.099999999627471 ], [ 629211.550000000046566, 5220833.099999999627471 ], [ 629211.725000000093132, 5220832.924999999813735 ], [ 629211.775000000023283, 5220832.549999999813735 ], [ 629211.675000000046566, 5220832.525000000372529 ], [ 629211.550000000046566, 5220832.75 ], [ 629211.200000000069849, 5220832.599999999627471 ], [ 629211.450000000069849, 5220833.099999999627471 ] ], [ [ 629208.675000000046566, 5220832.875 ], [ 629208.700000000069849, 5220832.900000000372529 ], [ 629208.700000000069849, 5220832.875 ], [ 629208.675000000046566, 5220832.875 ] ], [ [ 629222.725000000093132, 5220832.799999999813735 ], [ 629222.800000000046566, 5220832.799999999813735 ], [ 629222.800000000046566, 5220832.724999999627471 ], [ 629222.725000000093132, 5220832.700000000186265 ], [ 629222.725000000093132, 5220832.799999999813735 ] ], [ [ 629202.950000000069849, 5220832.700000000186265 ], [ 629203.475000000093132, 5220832.700000000186265 ], [ 629203.675000000046566, 5220832.450000000186265 ], [ 629203.75, 5220832.200000000186265 ], [ 629204.075000000069849, 5220831.950000000186265 ], [ 629204.075000000069849, 5220831.150000000372529 ], [ 629204.200000000069849, 5220831.099999999627471 ], [ 629204.200000000069849, 5220830.724999999627471 ], [ 629204.475000000093132, 5220830.599999999627471 ], [ 629204.625, 5220830.299999999813735 ], [ 629204.675000000046566, 5220829.650000000372529 ], [ 629204.925000000046566, 5220829.5 ], [ 629204.850000000093132, 5220829.125 ], [ 629204.700000000069849, 5220829.150000000372529 ], [ 629204.675000000046566, 5220829.299999999813735 ], [ 629204.550000000046566, 5220829.349999999627471 ], [ 629204.450000000069849, 5220829.825000000186265 ], [ 629204.175000000046566, 5220830.0 ], [ 629204.275000000023283, 5220830.200000000186265 ], [ 629204.200000000069849, 5220830.400000000372529 ], [ 629204.275000000023283, 5220830.599999999627471 ], [ 629204.200000000069849, 5220830.700000000186265 ], [ 629204.075000000069849, 5220830.700000000186265 ], [ 629204.050000000046566, 5220830.875 ], [ 629203.950000000069849, 5220830.950000000186265 ], [ 629203.975000000093132, 5220831.450000000186265 ], [ 629203.725000000093132, 5220831.400000000372529 ], [ 629203.575000000069849, 5220831.575000000186265 ], [ 629203.575000000069849, 5220832.349999999627471 ], [ 629203.350000000093132, 5220832.575000000186265 ], [ 629202.950000000069849, 5220832.599999999627471 ], [ 629202.950000000069849, 5220832.700000000186265 ] ], [ [ 629222.675000000046566, 5220832.625 ], [ 629222.700000000069849, 5220832.650000000372529 ], [ 629222.700000000069849, 5220832.625 ], [ 629222.675000000046566, 5220832.625 ] ], [ [ 629222.650000000023283, 5220832.575000000186265 ], [ 629222.675000000046566, 5220832.599999999627471 ], [ 629222.675000000046566, 5220832.575000000186265 ], [ 629222.650000000023283, 5220832.575000000186265 ] ], [ [ 629222.625, 5220832.525000000372529 ], [ 629222.650000000023283, 5220832.575000000186265 ], [ 629222.650000000023283, 5220832.525000000372529 ], [ 629222.625, 5220832.525000000372529 ] ], [ [ 629222.600000000093132, 5220832.525000000372529 ], [ 629222.625, 5220832.450000000186265 ], [ 629222.575000000069849, 5220832.375 ], [ 629222.800000000046566, 5220832.299999999813735 ], [ 629222.800000000046566, 5220832.150000000372529 ], [ 629222.5, 5220832.174999999813735 ], [ 629222.350000000093132, 5220832.325000000186265 ], [ 629222.350000000093132, 5220832.400000000372529 ], [ 629222.525000000023283, 5220832.375 ], [ 629222.600000000093132, 5220832.525000000372529 ] ], [ [ 629197.925000000046566, 5220832.474999999627471 ], [ 629198.100000000093132, 5220832.474999999627471 ], [ 629198.150000000023283, 5220832.275000000372529 ], [ 629198.25, 5220832.25 ], [ 629198.275000000023283, 5220832.0 ], [ 629198.200000000069849, 5220831.825000000186265 ], [ 629198.075000000069849, 5220831.849999999627471 ], [ 629198.050000000046566, 5220832.0 ], [ 629197.900000000023283, 5220832.025000000372529 ], [ 629197.925000000046566, 5220832.474999999627471 ] ], [ [ 629211.875, 5220832.174999999813735 ], [ 629212.050000000046566, 5220832.275000000372529 ], [ 629212.125, 5220832.075000000186265 ], [ 629212.100000000093132, 5220831.799999999813735 ], [ 629211.900000000023283, 5220831.825000000186265 ], [ 629211.875, 5220832.174999999813735 ] ], [ [ 629200.725000000093132, 5220832.075000000186265 ], [ 629200.925000000046566, 5220832.0 ], [ 629201.125, 5220831.799999999813735 ], [ 629201.150000000023283, 5220831.474999999627471 ], [ 629201.350000000093132, 5220831.275000000372529 ], [ 629201.525000000023283, 5220831.25 ], [ 629201.375, 5220830.799999999813735 ], [ 629201.550000000046566, 5220830.525000000372529 ], [ 629201.600000000093132, 5220830.275000000372529 ], [ 629201.775000000023283, 5220830.125 ], [ 629201.775000000023283, 5220829.775000000372529 ], [ 629201.925000000046566, 5220829.450000000186265 ], [ 629201.925000000046566, 5220829.25 ], [ 629201.700000000069849, 5220829.299999999813735 ], [ 629201.575000000069849, 5220829.424999999813735 ], [ 629201.600000000093132, 5220829.724999999627471 ], [ 629201.400000000023283, 5220829.875 ], [ 629201.400000000023283, 5220830.224999999627471 ], [ 629201.225000000093132, 5220830.450000000186265 ], [ 629201.075000000069849, 5220830.5 ], [ 629201.050000000046566, 5220830.75 ], [ 629200.875, 5220831.0 ], [ 629200.900000000023283, 5220831.424999999813735 ], [ 629200.725000000093132, 5220831.599999999627471 ], [ 629200.725000000093132, 5220832.075000000186265 ] ], [ [ 629220.050000000046566, 5220832.025000000372529 ], [ 629220.150000000023283, 5220832.025000000372529 ], [ 629220.125, 5220831.775000000372529 ], [ 629220.350000000093132, 5220831.625 ], [ 629220.350000000093132, 5220831.450000000186265 ], [ 629220.425000000046566, 5220831.375 ], [ 629220.600000000093132, 5220831.400000000372529 ], [ 629220.600000000093132, 5220831.25 ], [ 629220.5, 5220831.224999999627471 ], [ 629220.475000000093132, 5220831.125 ], [ 629220.225000000093132, 5220831.299999999813735 ], [ 629220.25, 5220831.474999999627471 ], [ 629220.100000000093132, 5220831.575000000186265 ], [ 629220.050000000046566, 5220831.775000000372529 ], [ 629219.800000000046566, 5220831.799999999813735 ], [ 629219.825000000069849, 5220831.900000000372529 ], [ 629219.950000000069849, 5220831.900000000372529 ], [ 629220.050000000046566, 5220832.025000000372529 ] ], [ [ 629225.5, 5220831.825000000186265 ], [ 629225.525000000023283, 5220831.875 ], [ 629225.525000000023283, 5220831.825000000186265 ], [ 629225.5, 5220831.825000000186265 ] ], [ [ 629225.525000000023283, 5220831.825000000186265 ], [ 629225.650000000023283, 5220831.799999999813735 ], [ 629225.700000000069849, 5220831.700000000186265 ], [ 629225.700000000069849, 5220831.525000000372529 ], [ 629225.625, 5220831.450000000186265 ], [ 629225.475000000093132, 5220831.549999999813735 ], [ 629225.525000000023283, 5220831.825000000186265 ] ], [ [ 629214.775000000023283, 5220831.450000000186265 ], [ 629214.950000000069849, 5220831.450000000186265 ], [ 629215.025000000023283, 5220831.375 ], [ 629215.275000000023283, 5220830.875 ], [ 629215.225000000093132, 5220830.674999999813735 ], [ 629215.050000000046566, 5220830.674999999813735 ], [ 629215.0, 5220830.825000000186265 ], [ 629214.725000000093132, 5220830.799999999813735 ], [ 629214.625, 5220830.900000000372529 ], [ 629214.625, 5220831.099999999627471 ], [ 629214.775000000023283, 5220831.450000000186265 ] ], [ [ 629198.375, 5220831.400000000372529 ], [ 629198.5, 5220831.349999999627471 ], [ 629198.450000000069849, 5220831.099999999627471 ], [ 629198.300000000046566, 5220831.200000000186265 ], [ 629198.375, 5220831.400000000372529 ] ], [ [ 629206.725000000093132, 5220831.400000000372529 ], [ 629206.950000000069849, 5220831.25 ], [ 629207.025000000023283, 5220830.974999999627471 ], [ 629206.850000000093132, 5220830.75 ], [ 629206.600000000093132, 5220830.775000000372529 ], [ 629206.650000000023283, 5220831.150000000372529 ], [ 629206.475000000093132, 5220831.275000000372529 ], [ 629206.475000000093132, 5220831.349999999627471 ], [ 629206.725000000093132, 5220831.400000000372529 ] ], [ [ 629225.725000000093132, 5220831.150000000372529 ], [ 629225.850000000093132, 5220831.125 ], [ 629225.825000000069849, 5220830.950000000186265 ], [ 629225.650000000023283, 5220830.950000000186265 ], [ 629225.725000000093132, 5220831.150000000372529 ] ], [ [ 629223.275000000023283, 5220831.099999999627471 ], [ 629223.350000000093132, 5220831.099999999627471 ], [ 629223.400000000023283, 5220830.974999999627471 ], [ 629223.650000000023283, 5220830.900000000372529 ], [ 629223.650000000023283, 5220830.799999999813735 ], [ 629223.425000000046566, 5220830.775000000372529 ], [ 629223.325000000069849, 5220830.575000000186265 ], [ 629223.400000000023283, 5220830.5 ], [ 629223.600000000093132, 5220830.5 ], [ 629223.75, 5220830.325000000186265 ], [ 629223.900000000023283, 5220830.275000000372529 ], [ 629223.875, 5220830.125 ], [ 629223.75, 5220830.049999999813735 ], [ 629223.775000000023283, 5220829.924999999813735 ], [ 629223.975000000093132, 5220829.525000000372529 ], [ 629224.200000000069849, 5220829.575000000186265 ], [ 629224.200000000069849, 5220829.5 ], [ 629224.050000000046566, 5220829.450000000186265 ], [ 629224.150000000023283, 5220829.0 ], [ 629224.300000000046566, 5220828.875 ], [ 629224.375, 5220828.650000000372529 ], [ 629224.575000000069849, 5220828.674999999813735 ], [ 629224.550000000046566, 5220828.525000000372529 ], [ 629224.350000000093132, 5220828.599999999627471 ], [ 629224.100000000093132, 5220828.5 ], [ 629223.800000000046566, 5220828.525000000372529 ], [ 629223.775000000023283, 5220829.275000000372529 ], [ 629223.700000000069849, 5220829.349999999627471 ], [ 629223.525000000023283, 5220829.325000000186265 ], [ 629223.5, 5220829.450000000186265 ], [ 629223.350000000093132, 5220829.5 ], [ 629223.300000000046566, 5220829.625 ], [ 629223.375, 5220829.775000000372529 ], [ 629223.5, 5220829.799999999813735 ], [ 629223.525000000023283, 5220830.0 ], [ 629223.400000000023283, 5220830.099999999627471 ], [ 629223.175000000046566, 5220830.125 ], [ 629223.25, 5220830.575000000186265 ], [ 629223.125, 5220830.875 ], [ 629223.275000000023283, 5220831.099999999627471 ] ], [ [ 629212.400000000023283, 5220831.075000000186265 ], [ 629212.5, 5220831.075000000186265 ], [ 629212.550000000046566, 5220830.450000000186265 ], [ 629212.850000000093132, 5220830.200000000186265 ], [ 629212.775000000023283, 5220829.950000000186265 ], [ 629212.625, 5220829.950000000186265 ], [ 629212.550000000046566, 5220830.200000000186265 ], [ 629212.325000000069849, 5220830.25 ], [ 629212.325000000069849, 5220830.5 ], [ 629212.400000000023283, 5220830.549999999813735 ], [ 629212.325000000069849, 5220830.924999999813735 ], [ 629212.400000000023283, 5220831.075000000186265 ] ], [ [ 629206.850000000093132, 5220830.724999999627471 ], [ 629206.875, 5220830.75 ], [ 629206.875, 5220830.724999999627471 ], [ 629206.850000000093132, 5220830.724999999627471 ] ], [ [ 629206.900000000023283, 5220830.700000000186265 ], [ 629206.925000000046566, 5220830.724999999627471 ], [ 629206.925000000046566, 5220830.700000000186265 ], [ 629206.900000000023283, 5220830.700000000186265 ] ], [ [ 629206.950000000069849, 5220830.674999999813735 ], [ 629207.075000000069849, 5220830.674999999813735 ], [ 629207.200000000069849, 5220830.450000000186265 ], [ 629207.275000000023283, 5220830.025000000372529 ], [ 629207.475000000093132, 5220829.924999999813735 ], [ 629207.450000000069849, 5220829.650000000372529 ], [ 629207.650000000023283, 5220829.424999999813735 ], [ 629207.650000000023283, 5220829.299999999813735 ], [ 629207.575000000069849, 5220829.299999999813735 ], [ 629207.5, 5220829.450000000186265 ], [ 629207.325000000069849, 5220829.474999999627471 ], [ 629207.325000000069849, 5220829.650000000372529 ], [ 629207.150000000023283, 5220829.724999999627471 ], [ 629207.175000000046566, 5220829.924999999813735 ], [ 629207.0, 5220830.200000000186265 ], [ 629206.700000000069849, 5220830.125 ], [ 629206.700000000069849, 5220830.299999999813735 ], [ 629206.875, 5220830.400000000372529 ], [ 629206.950000000069849, 5220830.674999999813735 ] ], [ [ 629209.775000000023283, 5220830.224999999627471 ], [ 629209.800000000046566, 5220830.25 ], [ 629209.800000000046566, 5220830.224999999627471 ], [ 629209.775000000023283, 5220830.224999999627471 ] ], [ [ 629215.300000000046566, 5220830.224999999627471 ], [ 629215.425000000046566, 5220830.224999999627471 ], [ 629215.550000000046566, 5220829.924999999813735 ], [ 629215.700000000069849, 5220829.849999999627471 ], [ 629215.675000000046566, 5220829.575000000186265 ], [ 629215.925000000046566, 5220829.325000000186265 ], [ 629216.0, 5220829.125 ], [ 629215.950000000069849, 5220828.700000000186265 ], [ 629215.825000000069849, 5220828.599999999627471 ], [ 629215.625, 5220828.650000000372529 ], [ 629215.600000000093132, 5220828.924999999813735 ], [ 629215.450000000069849, 5220829.075000000186265 ], [ 629215.425000000046566, 5220829.375 ], [ 629215.275000000023283, 5220829.474999999627471 ], [ 629215.200000000069849, 5220830.025000000372529 ], [ 629215.300000000046566, 5220830.224999999627471 ] ], [ [ 629220.850000000093132, 5220830.099999999627471 ], [ 629221.025000000023283, 5220830.075000000186265 ], [ 629221.0, 5220829.799999999813735 ], [ 629221.075000000069849, 5220829.599999999627471 ], [ 629221.050000000046566, 5220829.349999999627471 ], [ 629220.925000000046566, 5220829.299999999813735 ], [ 629220.900000000023283, 5220829.299999999813735 ], [ 629220.825000000069849, 5220829.875 ], [ 629220.850000000093132, 5220830.099999999627471 ] ], [ [ 629212.775000000023283, 5220829.950000000186265 ], [ 629212.875, 5220829.875 ], [ 629212.950000000069849, 5220829.349999999627471 ], [ 629213.375, 5220829.125 ], [ 629213.400000000023283, 5220828.5 ], [ 629213.325000000069849, 5220828.424999999813735 ], [ 629213.225000000093132, 5220828.424999999813735 ], [ 629213.150000000023283, 5220829.049999999813735 ], [ 629212.925000000046566, 5220829.224999999627471 ], [ 629212.775000000023283, 5220829.224999999627471 ], [ 629212.775000000023283, 5220829.325000000186265 ], [ 629212.625, 5220829.474999999627471 ], [ 629212.650000000023283, 5220829.825000000186265 ], [ 629212.775000000023283, 5220829.950000000186265 ] ], [ [ 629226.475000000093132, 5220829.674999999813735 ], [ 629226.5, 5220829.700000000186265 ], [ 629226.5, 5220829.674999999813735 ], [ 629226.475000000093132, 5220829.674999999813735 ] ], [ [ 629226.5, 5220829.674999999813735 ], [ 629226.550000000046566, 5220829.674999999813735 ], [ 629226.525000000023283, 5220829.575000000186265 ], [ 629226.625, 5220829.5 ], [ 629226.525000000023283, 5220829.5 ], [ 629226.5, 5220829.674999999813735 ] ], [ [ 629199.225000000093132, 5220829.599999999627471 ], [ 629199.400000000023283, 5220829.575000000186265 ], [ 629199.575000000069849, 5220829.299999999813735 ], [ 629199.425000000046566, 5220828.974999999627471 ], [ 629199.600000000093132, 5220828.625 ], [ 629199.325000000069849, 5220828.650000000372529 ], [ 629199.175000000046566, 5220828.974999999627471 ], [ 629199.0, 5220829.125 ], [ 629198.975000000093132, 5220829.299999999813735 ], [ 629199.225000000093132, 5220829.599999999627471 ] ], [ [ 629210.075000000069849, 5220829.5 ], [ 629210.100000000093132, 5220829.525000000372529 ], [ 629210.100000000093132, 5220829.5 ], [ 629210.075000000069849, 5220829.5 ] ], [ [ 629210.125, 5220829.349999999627471 ], [ 629210.200000000069849, 5220829.349999999627471 ], [ 629210.25, 5220829.224999999627471 ], [ 629210.25, 5220828.974999999627471 ], [ 629210.350000000093132, 5220828.875 ], [ 629210.575000000069849, 5220828.875 ], [ 629210.525000000023283, 5220828.625 ], [ 629210.725000000093132, 5220828.575000000186265 ], [ 629210.825000000069849, 5220828.424999999813735 ], [ 629210.75, 5220828.224999999627471 ], [ 629210.825000000069849, 5220827.849999999627471 ], [ 629210.900000000023283, 5220827.799999999813735 ], [ 629210.825000000069849, 5220827.549999999813735 ], [ 629211.0, 5220827.400000000372529 ], [ 629211.175000000046566, 5220827.400000000372529 ], [ 629211.150000000023283, 5220826.875 ], [ 629211.475000000093132, 5220826.700000000186265 ], [ 629211.550000000046566, 5220826.375 ], [ 629211.675000000046566, 5220826.349999999627471 ], [ 629211.675000000046566, 5220826.25 ], [ 629211.425000000046566, 5220826.025000000372529 ], [ 629211.475000000093132, 5220825.900000000372529 ], [ 629211.75, 5220825.900000000372529 ], [ 629211.825000000069849, 5220825.799999999813735 ], [ 629211.775000000023283, 5220825.450000000186265 ], [ 629211.650000000023283, 5220825.325000000186265 ], [ 629211.25, 5220825.400000000372529 ], [ 629211.275000000023283, 5220825.5 ], [ 629211.550000000046566, 5220825.5 ], [ 629211.600000000093132, 5220825.75 ], [ 629211.375, 5220825.799999999813735 ], [ 629211.375, 5220826.349999999627471 ], [ 629211.150000000023283, 5220826.400000000372529 ], [ 629211.150000000023283, 5220826.599999999627471 ], [ 629210.850000000093132, 5220826.875 ], [ 629210.800000000046566, 5220827.200000000186265 ], [ 629210.725000000093132, 5220827.25 ], [ 629210.75, 5220827.599999999627471 ], [ 629210.525000000023283, 5220827.650000000372529 ], [ 629210.425000000046566, 5220827.799999999813735 ], [ 629210.450000000069849, 5220828.0 ], [ 629210.675000000046566, 5220828.075000000186265 ], [ 629210.675000000046566, 5220828.224999999627471 ], [ 629210.600000000093132, 5220828.400000000372529 ], [ 629210.300000000046566, 5220828.599999999627471 ], [ 629210.025000000023283, 5220828.575000000186265 ], [ 629210.150000000023283, 5220828.924999999813735 ], [ 629209.975000000093132, 5220828.974999999627471 ], [ 629209.975000000093132, 5220829.075000000186265 ], [ 629210.125, 5220829.174999999813735 ], [ 629210.125, 5220829.349999999627471 ] ], [ [ 629220.875, 5220829.275000000372529 ], [ 629220.900000000023283, 5220829.299999999813735 ], [ 629220.900000000023283, 5220829.275000000372529 ], [ 629220.875, 5220829.275000000372529 ] ], [ [ 629220.850000000093132, 5220829.174999999813735 ], [ 629220.875, 5220829.224999999627471 ], [ 629220.875, 5220829.174999999813735 ], [ 629220.850000000093132, 5220829.174999999813735 ] ], [ [ 629220.825000000069849, 5220829.099999999627471 ], [ 629220.850000000093132, 5220829.150000000372529 ], [ 629220.850000000093132, 5220829.099999999627471 ], [ 629220.825000000069849, 5220829.099999999627471 ] ], [ [ 629221.725000000093132, 5220829.099999999627471 ], [ 629221.825000000069849, 5220829.049999999813735 ], [ 629221.825000000069849, 5220828.900000000372529 ], [ 629221.725000000093132, 5220828.950000000186265 ], [ 629221.725000000093132, 5220829.099999999627471 ] ], [ [ 629201.975000000093132, 5220829.075000000186265 ], [ 629202.100000000093132, 5220829.075000000186265 ], [ 629202.175000000046566, 5220828.849999999627471 ], [ 629202.350000000093132, 5220828.700000000186265 ], [ 629202.475000000093132, 5220828.450000000186265 ], [ 629202.450000000069849, 5220828.224999999627471 ], [ 629202.75, 5220827.875 ], [ 629202.800000000046566, 5220827.200000000186265 ], [ 629202.725000000093132, 5220827.049999999813735 ], [ 629202.775000000023283, 5220826.950000000186265 ], [ 629202.950000000069849, 5220826.924999999813735 ], [ 629202.975000000093132, 5220826.799999999813735 ], [ 629203.200000000069849, 5220826.799999999813735 ], [ 629203.25, 5220826.474999999627471 ], [ 629203.175000000046566, 5220826.400000000372529 ], [ 629203.350000000093132, 5220826.25 ], [ 629203.350000000093132, 5220825.950000000186265 ], [ 629203.450000000069849, 5220825.825000000186265 ], [ 629203.5, 5220825.525000000372529 ], [ 629203.875, 5220825.125 ], [ 629203.925000000046566, 5220824.724999999627471 ], [ 629204.125, 5220824.474999999627471 ], [ 629204.125, 5220824.275000000372529 ], [ 629203.875, 5220824.125 ], [ 629203.775000000023283, 5220824.125 ], [ 629203.600000000093132, 5220824.375 ], [ 629203.600000000093132, 5220824.849999999627471 ], [ 629203.300000000046566, 5220825.025000000372529 ], [ 629203.325000000069849, 5220825.325000000186265 ], [ 629203.200000000069849, 5220825.424999999813735 ], [ 629202.950000000069849, 5220826.099999999627471 ], [ 629202.900000000023283, 5220826.674999999813735 ], [ 629202.600000000093132, 5220826.924999999813735 ], [ 629202.650000000023283, 5220827.150000000372529 ], [ 629202.350000000093132, 5220827.575000000186265 ], [ 629202.300000000046566, 5220828.174999999813735 ], [ 629202.0, 5220828.5 ], [ 629201.925000000046566, 5220828.775000000372529 ], [ 629201.975000000093132, 5220829.075000000186265 ] ], [ [ 629220.800000000046566, 5220829.025000000372529 ], [ 629220.825000000069849, 5220829.075000000186265 ], [ 629220.825000000069849, 5220829.025000000372529 ], [ 629220.800000000046566, 5220829.025000000372529 ] ], [ [ 629220.775000000023283, 5220828.974999999627471 ], [ 629220.800000000046566, 5220829.0 ], [ 629220.800000000046566, 5220828.974999999627471 ], [ 629220.775000000023283, 5220828.974999999627471 ] ], [ [ 629204.925000000046566, 5220828.974999999627471 ], [ 629205.325000000069849, 5220828.849999999627471 ], [ 629205.25, 5220828.650000000372529 ], [ 629205.300000000046566, 5220828.474999999627471 ], [ 629205.150000000023283, 5220828.450000000186265 ], [ 629205.125, 5220828.325000000186265 ], [ 629205.200000000069849, 5220828.25 ], [ 629205.375, 5220828.25 ], [ 629205.5, 5220828.125 ], [ 629205.600000000093132, 5220827.924999999813735 ], [ 629205.550000000046566, 5220827.650000000372529 ], [ 629205.400000000023283, 5220827.650000000372529 ], [ 629205.375, 5220827.825000000186265 ], [ 629205.100000000093132, 5220827.924999999813735 ], [ 629205.025000000023283, 5220828.150000000372529 ], [ 629205.050000000046566, 5220828.474999999627471 ], [ 629204.75, 5220828.650000000372529 ], [ 629204.800000000046566, 5220828.775000000372529 ], [ 629204.925000000046566, 5220828.825000000186265 ], [ 629204.925000000046566, 5220828.974999999627471 ] ], [ [ 629221.800000000046566, 5220828.75 ], [ 629221.825000000069849, 5220828.799999999813735 ], [ 629221.825000000069849, 5220828.75 ], [ 629221.800000000046566, 5220828.75 ] ], [ [ 629207.700000000069849, 5220828.700000000186265 ], [ 629207.950000000069849, 5220828.650000000372529 ], [ 629207.925000000046566, 5220828.450000000186265 ], [ 629208.125, 5220828.349999999627471 ], [ 629208.050000000046566, 5220827.875 ], [ 629208.325000000069849, 5220827.775000000372529 ], [ 629208.25, 5220827.474999999627471 ], [ 629207.950000000069849, 5220827.5 ], [ 629208.0, 5220827.75 ], [ 629207.75, 5220828.099999999627471 ], [ 629207.775000000023283, 5220828.400000000372529 ], [ 629207.625, 5220828.450000000186265 ], [ 629207.625, 5220828.625 ], [ 629207.700000000069849, 5220828.700000000186265 ] ], [ [ 629215.975000000093132, 5220828.674999999813735 ], [ 629216.0, 5220828.700000000186265 ], [ 629216.0, 5220828.674999999813735 ], [ 629215.975000000093132, 5220828.674999999813735 ] ], [ [ 629216.050000000046566, 5220828.625 ], [ 629216.075000000069849, 5220828.650000000372529 ], [ 629216.075000000069849, 5220828.625 ], [ 629216.050000000046566, 5220828.625 ] ], [ [ 629221.800000000046566, 5220828.650000000372529 ], [ 629221.900000000023283, 5220828.625 ], [ 629221.900000000023283, 5220828.525000000372529 ], [ 629221.800000000046566, 5220828.525000000372529 ], [ 629221.800000000046566, 5220828.650000000372529 ] ], [ [ 629216.075000000069849, 5220828.599999999627471 ], [ 629216.100000000093132, 5220828.625 ], [ 629216.100000000093132, 5220828.599999999627471 ], [ 629216.075000000069849, 5220828.599999999627471 ] ], [ [ 629216.125, 5220828.575000000186265 ], [ 629216.225000000093132, 5220828.575000000186265 ], [ 629216.25, 5220828.25 ], [ 629216.325000000069849, 5220828.150000000372529 ], [ 629216.350000000093132, 5220827.575000000186265 ], [ 629216.675000000046566, 5220827.5 ], [ 629216.675000000046566, 5220827.400000000372529 ], [ 629216.5, 5220827.299999999813735 ], [ 629216.5, 5220827.099999999627471 ], [ 629216.425000000046566, 5220827.049999999813735 ], [ 629216.25, 5220827.075000000186265 ], [ 629216.225000000093132, 5220827.200000000186265 ], [ 629216.375, 5220827.224999999627471 ], [ 629216.400000000023283, 5220827.375 ], [ 629216.175000000046566, 5220827.525000000372529 ], [ 629216.175000000046566, 5220827.799999999813735 ], [ 629216.0, 5220827.950000000186265 ], [ 629216.025000000023283, 5220828.049999999813735 ], [ 629216.175000000046566, 5220828.099999999627471 ], [ 629216.175000000046566, 5220828.25 ], [ 629216.100000000093132, 5220828.275000000372529 ], [ 629216.125, 5220828.575000000186265 ] ], [ [ 629221.450000000069849, 5220828.549999999813735 ], [ 629221.625, 5220828.424999999813735 ], [ 629221.525000000023283, 5220828.25 ], [ 629221.375, 5220828.224999999627471 ], [ 629221.450000000069849, 5220828.549999999813735 ] ], [ [ 629221.75, 5220828.525000000372529 ], [ 629221.775000000023283, 5220828.549999999813735 ], [ 629221.775000000023283, 5220828.525000000372529 ], [ 629221.75, 5220828.525000000372529 ] ], [ [ 629221.700000000069849, 5220828.5 ], [ 629221.725000000093132, 5220828.525000000372529 ], [ 629221.725000000093132, 5220828.5 ], [ 629221.700000000069849, 5220828.5 ] ], [ [ 629221.650000000023283, 5220828.474999999627471 ], [ 629221.675000000046566, 5220828.5 ], [ 629221.675000000046566, 5220828.474999999627471 ], [ 629221.650000000023283, 5220828.474999999627471 ] ], [ [ 629210.625, 5220828.174999999813735 ], [ 629210.650000000023283, 5220828.200000000186265 ], [ 629210.650000000023283, 5220828.174999999813735 ], [ 629210.625, 5220828.174999999813735 ] ], [ [ 629213.600000000093132, 5220828.099999999627471 ], [ 629213.975000000093132, 5220827.900000000372529 ], [ 629214.0, 5220827.575000000186265 ], [ 629214.075000000069849, 5220827.5 ], [ 629214.075000000069849, 5220827.075000000186265 ], [ 629214.0, 5220827.0 ], [ 629213.75, 5220827.025000000372529 ], [ 629213.725000000093132, 5220827.424999999813735 ], [ 629213.600000000093132, 5220827.5 ], [ 629213.600000000093132, 5220828.099999999627471 ] ], [ [ 629219.475000000093132, 5220828.025000000372529 ], [ 629219.5, 5220828.075000000186265 ], [ 629219.5, 5220828.025000000372529 ], [ 629219.475000000093132, 5220828.025000000372529 ] ], [ [ 629219.450000000069849, 5220827.950000000186265 ], [ 629219.475000000093132, 5220828.025000000372529 ], [ 629219.475000000093132, 5220827.950000000186265 ], [ 629219.450000000069849, 5220827.950000000186265 ] ], [ [ 629219.050000000046566, 5220827.974999999627471 ], [ 629219.175000000046566, 5220827.700000000186265 ], [ 629219.375, 5220827.75 ], [ 629219.25, 5220827.674999999813735 ], [ 629219.25, 5220827.525000000372529 ], [ 629219.400000000023283, 5220827.424999999813735 ], [ 629219.350000000093132, 5220827.25 ], [ 629219.200000000069849, 5220827.525000000372529 ], [ 629219.050000000046566, 5220827.549999999813735 ], [ 629219.150000000023283, 5220827.700000000186265 ], [ 629219.050000000046566, 5220827.974999999627471 ] ], [ [ 629219.425000000046566, 5220827.875 ], [ 629219.450000000069849, 5220827.924999999813735 ], [ 629219.450000000069849, 5220827.875 ], [ 629219.425000000046566, 5220827.875 ] ], [ [ 629219.400000000023283, 5220827.799999999813735 ], [ 629219.425000000046566, 5220827.825000000186265 ], [ 629219.425000000046566, 5220827.799999999813735 ], [ 629219.400000000023283, 5220827.799999999813735 ] ], [ [ 629200.050000000046566, 5220827.674999999813735 ], [ 629200.150000000023283, 5220827.674999999813735 ], [ 629200.200000000069849, 5220827.525000000372529 ], [ 629200.300000000046566, 5220827.5 ], [ 629200.300000000046566, 5220827.325000000186265 ], [ 629200.225000000093132, 5220827.125 ], [ 629200.025000000023283, 5220826.924999999813735 ], [ 629199.925000000046566, 5220826.924999999813735 ], [ 629199.900000000023283, 5220827.075000000186265 ], [ 629200.0, 5220827.125 ], [ 629200.025000000023283, 5220827.299999999813735 ], [ 629199.825000000069849, 5220827.349999999627471 ], [ 629199.75, 5220827.575000000186265 ], [ 629199.950000000069849, 5220827.549999999813735 ], [ 629200.050000000046566, 5220827.674999999813735 ] ], [ [ 629205.625, 5220827.599999999627471 ], [ 629205.775000000023283, 5220827.599999999627471 ], [ 629205.875, 5220827.450000000186265 ], [ 629205.900000000023283, 5220827.075000000186265 ], [ 629206.050000000046566, 5220826.924999999813735 ], [ 629206.075000000069849, 5220826.650000000372529 ], [ 629206.0, 5220826.575000000186265 ], [ 629205.700000000069849, 5220826.625 ], [ 629205.625, 5220826.474999999627471 ], [ 629205.550000000046566, 5220826.474999999627471 ], [ 629205.425000000046566, 5220826.799999999813735 ], [ 629205.650000000023283, 5220826.924999999813735 ], [ 629205.725000000093132, 5220827.150000000372529 ], [ 629205.450000000069849, 5220827.5 ], [ 629205.575000000069849, 5220827.5 ], [ 629205.625, 5220827.599999999627471 ] ], [ [ 629224.525000000023283, 5220827.575000000186265 ], [ 629224.625, 5220827.375 ], [ 629224.825000000069849, 5220827.575000000186265 ], [ 629224.950000000069849, 5220827.5 ], [ 629224.925000000046566, 5220827.450000000186265 ], [ 629224.850000000093132, 5220827.525000000372529 ], [ 629224.650000000023283, 5220827.299999999813735 ], [ 629224.975000000093132, 5220827.099999999627471 ], [ 629224.875, 5220826.974999999627471 ], [ 629224.900000000023283, 5220826.75 ], [ 629224.425000000046566, 5220826.575000000186265 ], [ 629224.400000000023283, 5220826.650000000372529 ], [ 629224.600000000093132, 5220826.825000000186265 ], [ 629224.600000000093132, 5220827.025000000372529 ], [ 629224.675000000046566, 5220827.099999999627471 ], [ 629224.600000000093132, 5220827.349999999627471 ], [ 629224.5, 5220827.424999999813735 ], [ 629224.525000000023283, 5220827.575000000186265 ] ], [ [ 629224.950000000069849, 5220827.424999999813735 ], [ 629224.975000000093132, 5220827.450000000186265 ], [ 629224.975000000093132, 5220827.424999999813735 ], [ 629224.950000000069849, 5220827.424999999813735 ] ], [ [ 629219.350000000093132, 5220827.25 ], [ 629219.425000000046566, 5220827.150000000372529 ], [ 629219.425000000046566, 5220827.075000000186265 ], [ 629219.350000000093132, 5220827.174999999813735 ], [ 629219.350000000093132, 5220827.25 ] ], [ [ 629208.450000000069849, 5220827.174999999813735 ], [ 629208.550000000046566, 5220827.150000000372529 ], [ 629208.800000000046566, 5220826.825000000186265 ], [ 629209.050000000046566, 5220825.549999999813735 ], [ 629209.200000000069849, 5220825.424999999813735 ], [ 629209.200000000069849, 5220825.099999999627471 ], [ 629209.400000000023283, 5220825.0 ], [ 629209.425000000046566, 5220824.849999999627471 ], [ 629209.175000000046566, 5220824.799999999813735 ], [ 629209.050000000046566, 5220825.125 ], [ 629208.75, 5220825.325000000186265 ], [ 629208.75, 5220825.599999999627471 ], [ 629208.550000000046566, 5220825.974999999627471 ], [ 629208.675000000046566, 5220826.200000000186265 ], [ 629208.550000000046566, 5220826.275000000372529 ], [ 629208.525000000023283, 5220826.599999999627471 ], [ 629208.25, 5220826.825000000186265 ], [ 629208.25, 5220826.974999999627471 ], [ 629208.450000000069849, 5220827.174999999813735 ] ], [ [ 629219.425000000046566, 5220827.075000000186265 ], [ 629219.475000000093132, 5220827.025000000372529 ], [ 629219.475000000093132, 5220826.950000000186265 ], [ 629219.425000000046566, 5220827.0 ], [ 629219.425000000046566, 5220827.075000000186265 ] ], [ [ 629219.475000000093132, 5220826.950000000186265 ], [ 629219.525000000023283, 5220826.900000000372529 ], [ 629219.525000000023283, 5220826.825000000186265 ], [ 629219.475000000093132, 5220826.875 ], [ 629219.475000000093132, 5220826.950000000186265 ] ], [ [ 629214.100000000093132, 5220826.924999999813735 ], [ 629214.300000000046566, 5220826.875 ], [ 629214.300000000046566, 5220826.525000000372529 ], [ 629214.025000000023283, 5220826.125 ], [ 629213.700000000069849, 5220826.25 ], [ 629213.625, 5220826.424999999813735 ], [ 629213.725000000093132, 5220826.575000000186265 ], [ 629213.975000000093132, 5220826.674999999813735 ], [ 629214.100000000093132, 5220826.924999999813735 ] ], [ [ 629219.525000000023283, 5220826.825000000186265 ], [ 629219.600000000093132, 5220826.724999999627471 ], [ 629219.600000000093132, 5220826.650000000372529 ], [ 629219.525000000023283, 5220826.75 ], [ 629219.525000000023283, 5220826.825000000186265 ] ], [ [ 629222.275000000023283, 5220826.799999999813735 ], [ 629222.525000000023283, 5220826.75 ], [ 629222.525000000023283, 5220826.525000000372529 ], [ 629222.100000000093132, 5220826.349999999627471 ], [ 629222.275000000023283, 5220826.549999999813735 ], [ 629222.275000000023283, 5220826.799999999813735 ] ], [ [ 629219.425000000046566, 5220826.700000000186265 ], [ 629219.5, 5220826.700000000186265 ], [ 629219.525000000023283, 5220826.575000000186265 ], [ 629219.625, 5220826.650000000372529 ], [ 629219.700000000069849, 5220826.400000000372529 ], [ 629219.475000000093132, 5220826.325000000186265 ], [ 629219.5, 5220826.599999999627471 ], [ 629219.425000000046566, 5220826.700000000186265 ] ], [ [ 629216.575000000069849, 5220826.625 ], [ 629216.900000000023283, 5220826.599999999627471 ], [ 629217.025000000023283, 5220826.424999999813735 ], [ 629217.275000000023283, 5220826.325000000186265 ], [ 629217.125, 5220826.049999999813735 ], [ 629217.200000000069849, 5220825.825000000186265 ], [ 629216.975000000093132, 5220825.625 ], [ 629216.875, 5220825.650000000372529 ], [ 629216.800000000046566, 5220826.150000000372529 ], [ 629216.550000000046566, 5220826.424999999813735 ], [ 629216.575000000069849, 5220826.625 ] ], [ [ 629199.975000000093132, 5220826.525000000372529 ], [ 629200.075000000069849, 5220826.525000000372529 ], [ 629200.125, 5220826.400000000372529 ], [ 629200.650000000023283, 5220826.224999999627471 ], [ 629200.850000000093132, 5220825.549999999813735 ], [ 629200.825000000069849, 5220825.299999999813735 ], [ 629200.700000000069849, 5220825.325000000186265 ], [ 629200.650000000023283, 5220825.525000000372529 ], [ 629200.450000000069849, 5220825.775000000372529 ], [ 629200.400000000023283, 5220826.049999999813735 ], [ 629200.5, 5220826.25 ], [ 629200.125, 5220826.375 ], [ 629199.950000000069849, 5220826.349999999627471 ], [ 629199.975000000093132, 5220826.525000000372529 ] ], [ [ 629197.425000000046566, 5220826.400000000372529 ], [ 629197.450000000069849, 5220826.424999999813735 ], [ 629197.450000000069849, 5220826.400000000372529 ], [ 629197.425000000046566, 5220826.400000000372529 ] ], [ [ 629219.700000000069849, 5220826.349999999627471 ], [ 629219.725000000093132, 5220826.400000000372529 ], [ 629219.725000000093132, 5220826.349999999627471 ], [ 629219.700000000069849, 5220826.349999999627471 ] ], [ [ 629219.725000000093132, 5220826.349999999627471 ], [ 629219.775000000023283, 5220826.299999999813735 ], [ 629219.775000000023283, 5220826.224999999627471 ], [ 629219.725000000093132, 5220826.275000000372529 ], [ 629219.725000000093132, 5220826.349999999627471 ] ], [ [ 629206.100000000093132, 5220826.224999999627471 ], [ 629206.200000000069849, 5220826.224999999627471 ], [ 629206.325000000069849, 5220825.924999999813735 ], [ 629206.600000000093132, 5220825.849999999627471 ], [ 629206.600000000093132, 5220825.700000000186265 ], [ 629206.675000000046566, 5220825.650000000372529 ], [ 629206.625, 5220825.450000000186265 ], [ 629206.800000000046566, 5220825.349999999627471 ], [ 629206.650000000023283, 5220824.875 ], [ 629206.950000000069849, 5220824.625 ], [ 629207.075000000069849, 5220824.025000000372529 ], [ 629207.275000000023283, 5220823.950000000186265 ], [ 629207.300000000046566, 5220823.525000000372529 ], [ 629207.475000000093132, 5220823.450000000186265 ], [ 629207.425000000046566, 5220823.174999999813735 ], [ 629207.550000000046566, 5220823.075000000186265 ], [ 629207.600000000093132, 5220822.799999999813735 ], [ 629207.550000000046566, 5220822.875 ], [ 629207.300000000046566, 5220822.875 ], [ 629207.325000000069849, 5220823.150000000372529 ], [ 629207.175000000046566, 5220823.200000000186265 ], [ 629207.200000000069849, 5220823.400000000372529 ], [ 629206.900000000023283, 5220823.674999999813735 ], [ 629206.900000000023283, 5220823.75 ], [ 629207.100000000093132, 5220823.849999999627471 ], [ 629207.100000000093132, 5220823.974999999627471 ], [ 629206.775000000023283, 5220824.049999999813735 ], [ 629206.75, 5220824.400000000372529 ], [ 629206.5, 5220824.575000000186265 ], [ 629206.575000000069849, 5220824.849999999627471 ], [ 629206.525000000023283, 5220824.974999999627471 ], [ 629206.425000000046566, 5220825.0 ], [ 629206.400000000023283, 5220825.299999999813735 ], [ 629206.25, 5220825.525000000372529 ], [ 629206.325000000069849, 5220825.849999999627471 ], [ 629206.125, 5220825.900000000372529 ], [ 629206.100000000093132, 5220826.224999999627471 ] ], [ [ 629219.775000000023283, 5220826.224999999627471 ], [ 629219.825000000069849, 5220826.174999999813735 ], [ 629219.825000000069849, 5220826.099999999627471 ], [ 629219.775000000023283, 5220826.150000000372529 ], [ 629219.775000000023283, 5220826.224999999627471 ] ], [ [ 629219.825000000069849, 5220826.049999999813735 ], [ 629219.850000000093132, 5220826.099999999627471 ], [ 629219.850000000093132, 5220826.049999999813735 ], [ 629219.825000000069849, 5220826.049999999813735 ] ], [ [ 629222.725000000093132, 5220826.099999999627471 ], [ 629223.025000000023283, 5220826.0 ], [ 629222.975000000093132, 5220825.599999999627471 ], [ 629222.825000000069849, 5220825.599999999627471 ], [ 629222.825000000069849, 5220825.724999999627471 ], [ 629222.625, 5220825.849999999627471 ], [ 629222.625, 5220826.0 ], [ 629222.725000000093132, 5220826.099999999627471 ] ], [ [ 629219.850000000093132, 5220826.049999999813735 ], [ 629219.900000000023283, 5220826.0 ], [ 629219.900000000023283, 5220825.924999999813735 ], [ 629219.850000000093132, 5220825.974999999627471 ], [ 629219.850000000093132, 5220826.049999999813735 ] ], [ [ 629225.350000000093132, 5220826.049999999813735 ], [ 629225.5, 5220826.049999999813735 ], [ 629225.575000000069849, 5220825.724999999627471 ], [ 629225.600000000093132, 5220825.075000000186265 ], [ 629225.425000000046566, 5220825.025000000372529 ], [ 629225.350000000093132, 5220825.049999999813735 ], [ 629225.25, 5220825.424999999813735 ], [ 629224.950000000069849, 5220825.400000000372529 ], [ 629224.950000000069849, 5220825.525000000372529 ], [ 629225.150000000023283, 5220825.75 ], [ 629225.150000000023283, 5220825.900000000372529 ], [ 629225.350000000093132, 5220826.049999999813735 ] ], [ [ 629214.575000000069849, 5220825.974999999627471 ], [ 629214.700000000069849, 5220825.875 ], [ 629214.650000000023283, 5220825.400000000372529 ], [ 629214.825000000069849, 5220825.375 ], [ 629214.925000000046566, 5220825.125 ], [ 629214.900000000023283, 5220825.0 ], [ 629214.600000000093132, 5220824.924999999813735 ], [ 629214.525000000023283, 5220824.950000000186265 ], [ 629214.525000000023283, 5220825.049999999813735 ], [ 629214.675000000046566, 5220825.174999999813735 ], [ 629214.675000000046566, 5220825.275000000372529 ], [ 629214.5, 5220825.724999999627471 ], [ 629214.575000000069849, 5220825.974999999627471 ] ], [ [ 629222.175000000046566, 5220825.974999999627471 ], [ 629222.300000000046566, 5220825.974999999627471 ], [ 629222.375, 5220825.799999999813735 ], [ 629222.575000000069849, 5220825.849999999627471 ], [ 629222.625, 5220825.825000000186265 ], [ 629222.400000000023283, 5220825.674999999813735 ], [ 629222.25, 5220825.674999999813735 ], [ 629222.175000000046566, 5220825.75 ], [ 629222.175000000046566, 5220825.974999999627471 ] ], [ [ 629219.900000000023283, 5220825.924999999813735 ], [ 629219.950000000069849, 5220825.875 ], [ 629219.950000000069849, 5220825.799999999813735 ], [ 629219.900000000023283, 5220825.849999999627471 ], [ 629219.900000000023283, 5220825.924999999813735 ] ], [ [ 629219.950000000069849, 5220825.75 ], [ 629219.975000000093132, 5220825.799999999813735 ], [ 629219.975000000093132, 5220825.75 ], [ 629219.950000000069849, 5220825.75 ] ], [ [ 629219.975000000093132, 5220825.674999999813735 ], [ 629220.0, 5220825.75 ], [ 629220.0, 5220825.674999999813735 ], [ 629219.975000000093132, 5220825.674999999813735 ] ], [ [ 629220.0, 5220825.625 ], [ 629220.025000000023283, 5220825.674999999813735 ], [ 629220.025000000023283, 5220825.625 ], [ 629220.0, 5220825.625 ] ], [ [ 629220.025000000023283, 5220825.625 ], [ 629220.075000000069849, 5220825.575000000186265 ], [ 629220.075000000069849, 5220825.5 ], [ 629220.025000000023283, 5220825.549999999813735 ], [ 629220.025000000023283, 5220825.625 ] ], [ [ 629222.975000000093132, 5220825.575000000186265 ], [ 629223.0, 5220825.599999999627471 ], [ 629223.0, 5220825.575000000186265 ], [ 629222.975000000093132, 5220825.575000000186265 ] ], [ [ 629219.825000000069849, 5220825.525000000372529 ], [ 629219.925000000046566, 5220825.5 ], [ 629220.075000000069849, 5220825.125 ], [ 629220.200000000069849, 5220825.125 ], [ 629220.200000000069849, 5220825.200000000186265 ], [ 629220.25, 5220825.125 ], [ 629220.400000000023283, 5220825.125 ], [ 629220.325000000069849, 5220824.900000000372529 ], [ 629220.100000000093132, 5220824.924999999813735 ], [ 629219.925000000046566, 5220825.049999999813735 ], [ 629219.825000000069849, 5220825.525000000372529 ] ], [ [ 629220.075000000069849, 5220825.5 ], [ 629220.125, 5220825.450000000186265 ], [ 629220.125, 5220825.375 ], [ 629220.075000000069849, 5220825.424999999813735 ], [ 629220.075000000069849, 5220825.5 ] ], [ [ 629223.150000000023283, 5220825.424999999813735 ], [ 629223.175000000046566, 5220825.450000000186265 ], [ 629223.175000000046566, 5220825.424999999813735 ], [ 629223.150000000023283, 5220825.424999999813735 ] ], [ [ 629223.175000000046566, 5220825.424999999813735 ], [ 629223.25, 5220825.424999999813735 ], [ 629223.275000000023283, 5220825.174999999813735 ], [ 629223.125, 5220824.900000000372529 ], [ 629223.475000000093132, 5220824.724999999627471 ], [ 629223.675000000046566, 5220824.474999999627471 ], [ 629223.625, 5220824.200000000186265 ], [ 629223.325000000069849, 5220823.849999999627471 ], [ 629223.125, 5220823.875 ], [ 629223.125, 5220823.974999999627471 ], [ 629223.450000000069849, 5220824.200000000186265 ], [ 629223.475000000093132, 5220824.424999999813735 ], [ 629223.375, 5220824.674999999813735 ], [ 629223.100000000093132, 5220824.825000000186265 ], [ 629223.0, 5220824.674999999813735 ], [ 629223.0, 5220824.474999999627471 ], [ 629222.800000000046566, 5220824.450000000186265 ], [ 629222.700000000069849, 5220824.900000000372529 ], [ 629222.775000000023283, 5220825.099999999627471 ], [ 629223.0, 5220825.075000000186265 ], [ 629223.175000000046566, 5220825.174999999813735 ], [ 629223.175000000046566, 5220825.424999999813735 ] ], [ [ 629220.125, 5220825.325000000186265 ], [ 629220.150000000023283, 5220825.375 ], [ 629220.150000000023283, 5220825.325000000186265 ], [ 629220.125, 5220825.325000000186265 ] ], [ [ 629220.150000000023283, 5220825.25 ], [ 629220.175000000046566, 5220825.325000000186265 ], [ 629220.175000000046566, 5220825.25 ], [ 629220.150000000023283, 5220825.25 ] ], [ [ 629198.200000000069849, 5220825.25 ], [ 629198.225000000093132, 5220825.299999999813735 ], [ 629198.225000000093132, 5220825.25 ], [ 629198.200000000069849, 5220825.25 ] ], [ [ 629198.225000000093132, 5220825.200000000186265 ], [ 629198.25, 5220825.25 ], [ 629198.25, 5220825.200000000186265 ], [ 629198.225000000093132, 5220825.200000000186265 ] ], [ [ 629220.175000000046566, 5220825.200000000186265 ], [ 629220.200000000069849, 5220825.25 ], [ 629220.200000000069849, 5220825.200000000186265 ], [ 629220.175000000046566, 5220825.200000000186265 ] ], [ [ 629217.700000000069849, 5220825.200000000186265 ], [ 629217.850000000093132, 5220825.174999999813735 ], [ 629217.850000000093132, 5220825.099999999627471 ], [ 629217.75, 5220825.0 ], [ 629217.625, 5220824.974999999627471 ], [ 629217.475000000093132, 5220824.974999999627471 ], [ 629217.700000000069849, 5220825.200000000186265 ] ], [ [ 629198.25, 5220825.150000000372529 ], [ 629198.275000000023283, 5220825.174999999813735 ], [ 629198.275000000023283, 5220825.150000000372529 ], [ 629198.25, 5220825.150000000372529 ] ], [ [ 629198.275000000023283, 5220825.075000000186265 ], [ 629198.300000000046566, 5220825.125 ], [ 629198.300000000046566, 5220825.075000000186265 ], [ 629198.275000000023283, 5220825.075000000186265 ] ], [ [ 629198.300000000046566, 5220825.025000000372529 ], [ 629198.325000000069849, 5220825.049999999813735 ], [ 629198.325000000069849, 5220825.025000000372529 ], [ 629198.300000000046566, 5220825.025000000372529 ] ], [ [ 629198.325000000069849, 5220824.950000000186265 ], [ 629198.350000000093132, 5220825.0 ], [ 629198.350000000093132, 5220824.950000000186265 ], [ 629198.325000000069849, 5220824.950000000186265 ] ], [ [ 629217.450000000069849, 5220824.950000000186265 ], [ 629217.475000000093132, 5220824.974999999627471 ], [ 629217.475000000093132, 5220824.950000000186265 ], [ 629217.450000000069849, 5220824.950000000186265 ] ], [ [ 629211.75, 5220824.950000000186265 ], [ 629211.875, 5220824.924999999813735 ], [ 629211.900000000023283, 5220824.775000000372529 ], [ 629212.125, 5220824.75 ], [ 629212.075000000069849, 5220824.525000000372529 ], [ 629211.675000000046566, 5220824.599999999627471 ], [ 629211.75, 5220824.950000000186265 ] ], [ [ 629217.100000000093132, 5220824.924999999813735 ], [ 629217.425000000046566, 5220824.924999999813735 ], [ 629217.275000000023283, 5220824.849999999627471 ], [ 629217.200000000069849, 5220824.674999999813735 ], [ 629217.0, 5220824.700000000186265 ], [ 629216.975000000093132, 5220824.799999999813735 ], [ 629217.100000000093132, 5220824.924999999813735 ] ], [ [ 629198.350000000093132, 5220824.900000000372529 ], [ 629198.375, 5220824.924999999813735 ], [ 629198.375, 5220824.900000000372529 ], [ 629198.350000000093132, 5220824.900000000372529 ] ], [ [ 629220.325000000069849, 5220824.900000000372529 ], [ 629220.375, 5220824.849999999627471 ], [ 629220.375, 5220824.775000000372529 ], [ 629220.325000000069849, 5220824.825000000186265 ], [ 629220.325000000069849, 5220824.900000000372529 ] ], [ [ 629198.375, 5220824.825000000186265 ], [ 629198.400000000023283, 5220824.875 ], [ 629198.400000000023283, 5220824.825000000186265 ], [ 629198.375, 5220824.825000000186265 ] ], [ [ 629214.600000000093132, 5220824.775000000372529 ], [ 629214.625, 5220824.875 ], [ 629214.625, 5220824.775000000372529 ], [ 629214.600000000093132, 5220824.775000000372529 ] ], [ [ 629212.025000000023283, 5220824.799999999813735 ], [ 629212.050000000046566, 5220824.825000000186265 ], [ 629212.050000000046566, 5220824.799999999813735 ], [ 629212.025000000023283, 5220824.799999999813735 ] ], [ [ 629198.400000000023283, 5220824.775000000372529 ], [ 629198.425000000046566, 5220824.799999999813735 ], [ 629198.425000000046566, 5220824.775000000372529 ], [ 629198.400000000023283, 5220824.775000000372529 ] ], [ [ 629220.375, 5220824.724999999627471 ], [ 629220.400000000023283, 5220824.775000000372529 ], [ 629220.400000000023283, 5220824.724999999627471 ], [ 629220.375, 5220824.724999999627471 ] ], [ [ 629198.425000000046566, 5220824.724999999627471 ], [ 629198.450000000069849, 5220824.75 ], [ 629198.450000000069849, 5220824.724999999627471 ], [ 629198.425000000046566, 5220824.724999999627471 ] ], [ [ 629214.625, 5220824.724999999627471 ], [ 629214.700000000069849, 5220824.700000000186265 ], [ 629214.700000000069849, 5220824.625 ], [ 629214.625, 5220824.625 ], [ 629214.625, 5220824.724999999627471 ] ], [ [ 629220.400000000023283, 5220824.650000000372529 ], [ 629220.425000000046566, 5220824.724999999627471 ], [ 629220.425000000046566, 5220824.650000000372529 ], [ 629220.400000000023283, 5220824.650000000372529 ] ], [ [ 629198.450000000069849, 5220824.650000000372529 ], [ 629198.475000000093132, 5220824.700000000186265 ], [ 629198.475000000093132, 5220824.650000000372529 ], [ 629198.450000000069849, 5220824.650000000372529 ] ], [ [ 629225.900000000023283, 5220824.700000000186265 ], [ 629226.375, 5220824.650000000372529 ], [ 629226.350000000093132, 5220824.549999999813735 ], [ 629226.225000000093132, 5220824.5 ], [ 629226.225000000093132, 5220824.400000000372529 ], [ 629226.400000000023283, 5220824.275000000372529 ], [ 629226.425000000046566, 5220824.025000000372529 ], [ 629226.625, 5220824.0 ], [ 629226.575000000069849, 5220823.849999999627471 ], [ 629226.425000000046566, 5220823.849999999627471 ], [ 629226.375, 5220823.775000000372529 ], [ 629226.400000000023283, 5220823.549999999813735 ], [ 629226.725000000093132, 5220823.424999999813735 ], [ 629226.800000000046566, 5220823.075000000186265 ], [ 629226.900000000023283, 5220823.0 ], [ 629226.900000000023283, 5220822.875 ], [ 629226.775000000023283, 5220822.799999999813735 ], [ 629226.875, 5220822.599999999627471 ], [ 629227.150000000023283, 5220822.5 ], [ 629227.300000000046566, 5220822.349999999627471 ], [ 629227.375, 5220822.125 ], [ 629227.325000000069849, 5220821.825000000186265 ], [ 629227.175000000046566, 5220821.775000000372529 ], [ 629227.050000000046566, 5220821.599999999627471 ], [ 629227.450000000069849, 5220821.599999999627471 ], [ 629227.625, 5220821.5 ], [ 629227.5, 5220821.075000000186265 ], [ 629227.850000000093132, 5220820.849999999627471 ], [ 629227.900000000023283, 5220820.724999999627471 ], [ 629227.650000000023283, 5220820.724999999627471 ], [ 629227.600000000093132, 5220820.474999999627471 ], [ 629227.875, 5220820.575000000186265 ], [ 629228.0, 5220819.775000000372529 ], [ 629228.200000000069849, 5220819.450000000186265 ], [ 629228.275000000023283, 5220818.5 ], [ 629228.475000000093132, 5220818.224999999627471 ], [ 629228.525000000023283, 5220817.974999999627471 ], [ 629228.725000000093132, 5220817.825000000186265 ], [ 629228.75, 5220817.325000000186265 ], [ 629228.850000000093132, 5220817.174999999813735 ], [ 629228.625, 5220817.299999999813735 ], [ 629228.525000000023283, 5220817.275000000372529 ], [ 629228.5, 5220817.150000000372529 ], [ 629228.350000000093132, 5220817.549999999813735 ], [ 629228.450000000069849, 5220817.950000000186265 ], [ 629228.225000000093132, 5220817.974999999627471 ], [ 629228.100000000093132, 5220818.075000000186265 ], [ 629228.025000000023283, 5220818.599999999627471 ], [ 629227.75, 5220818.700000000186265 ], [ 629227.900000000023283, 5220819.200000000186265 ], [ 629227.800000000046566, 5220819.400000000372529 ], [ 629227.800000000046566, 5220819.625 ], [ 629227.475000000093132, 5220819.75 ], [ 629227.550000000046566, 5220820.075000000186265 ], [ 629227.325000000069849, 5220820.174999999813735 ], [ 629227.400000000023283, 5220820.400000000372529 ], [ 629227.25, 5220820.400000000372529 ], [ 629227.275000000023283, 5220820.849999999627471 ], [ 629226.900000000023283, 5220821.0 ], [ 629226.875, 5220820.724999999627471 ], [ 629226.800000000046566, 5220820.775000000372529 ], [ 629226.650000000023283, 5220821.25 ], [ 629226.975000000093132, 5220821.25 ], [ 629226.975000000093132, 5220821.599999999627471 ], [ 629226.825000000069849, 5220821.924999999813735 ], [ 629227.175000000046566, 5220821.900000000372529 ], [ 629227.225000000093132, 5220822.150000000372529 ], [ 629227.100000000093132, 5220822.25 ], [ 629226.850000000093132, 5220822.25 ], [ 629226.725000000093132, 5220822.400000000372529 ], [ 629226.525000000023283, 5220822.299999999813735 ], [ 629226.400000000023283, 5220822.299999999813735 ], [ 629226.300000000046566, 5220822.400000000372529 ], [ 629226.325000000069849, 5220822.5 ], [ 629226.575000000069849, 5220822.5 ], [ 629226.700000000069849, 5220822.724999999627471 ], [ 629226.5, 5220822.724999999627471 ], [ 629226.5, 5220822.799999999813735 ], [ 629226.675000000046566, 5220822.849999999627471 ], [ 629226.650000000023283, 5220823.049999999813735 ], [ 629226.5, 5220823.099999999627471 ], [ 629226.325000000069849, 5220822.974999999627471 ], [ 629226.350000000093132, 5220823.125 ], [ 629226.700000000069849, 5220823.174999999813735 ], [ 629226.725000000093132, 5220823.275000000372529 ], [ 629226.425000000046566, 5220823.375 ], [ 629226.450000000069849, 5220823.450000000186265 ], [ 629226.25, 5220823.375 ], [ 629226.0, 5220823.400000000372529 ], [ 629226.050000000046566, 5220823.799999999813735 ], [ 629225.925000000046566, 5220823.950000000186265 ], [ 629225.925000000046566, 5220824.125 ], [ 629225.725000000093132, 5220824.150000000372529 ], [ 629225.700000000069849, 5220824.25 ], [ 629225.700000000069849, 5220824.375 ], [ 629225.900000000023283, 5220824.700000000186265 ] ], [ [ 629220.425000000046566, 5220824.599999999627471 ], [ 629220.450000000069849, 5220824.650000000372529 ], [ 629220.450000000069849, 5220824.599999999627471 ], [ 629220.425000000046566, 5220824.599999999627471 ] ], [ [ 629198.475000000093132, 5220824.599999999627471 ], [ 629198.5, 5220824.625 ], [ 629198.5, 5220824.599999999627471 ], [ 629198.475000000093132, 5220824.599999999627471 ] ], [ [ 629220.450000000069849, 5220824.525000000372529 ], [ 629220.475000000093132, 5220824.599999999627471 ], [ 629220.475000000093132, 5220824.525000000372529 ], [ 629220.450000000069849, 5220824.525000000372529 ] ], [ [ 629198.5, 5220824.525000000372529 ], [ 629198.525000000023283, 5220824.575000000186265 ], [ 629198.525000000023283, 5220824.525000000372529 ], [ 629198.5, 5220824.525000000372529 ] ], [ [ 629201.200000000069849, 5220824.549999999813735 ], [ 629201.375, 5220824.525000000372529 ], [ 629201.350000000093132, 5220824.224999999627471 ], [ 629201.700000000069849, 5220823.924999999813735 ], [ 629201.75, 5220823.375 ], [ 629201.975000000093132, 5220823.125 ], [ 629201.950000000069849, 5220823.0 ], [ 629201.925000000046566, 5220823.0 ], [ 629201.900000000023283, 5220823.025000000372529 ], [ 629201.825000000069849, 5220823.275000000372529 ], [ 629201.650000000023283, 5220823.325000000186265 ], [ 629201.575000000069849, 5220823.174999999813735 ], [ 629201.350000000093132, 5220823.724999999627471 ], [ 629201.200000000069849, 5220823.849999999627471 ], [ 629201.100000000093132, 5220824.075000000186265 ], [ 629201.100000000093132, 5220824.375 ], [ 629201.200000000069849, 5220824.549999999813735 ] ], [ [ 629215.0, 5220824.525000000372529 ], [ 629215.150000000023283, 5220824.5 ], [ 629215.175000000046566, 5220824.375 ], [ 629215.325000000069849, 5220824.25 ], [ 629215.400000000023283, 5220823.650000000372529 ], [ 629215.550000000046566, 5220823.575000000186265 ], [ 629215.550000000046566, 5220823.5 ], [ 629215.300000000046566, 5220823.525000000372529 ], [ 629215.300000000046566, 5220823.650000000372529 ], [ 629215.200000000069849, 5220823.724999999627471 ], [ 629215.25, 5220823.974999999627471 ], [ 629214.925000000046566, 5220824.375 ], [ 629215.0, 5220824.525000000372529 ] ], [ [ 629220.475000000093132, 5220824.474999999627471 ], [ 629220.5, 5220824.525000000372529 ], [ 629220.5, 5220824.474999999627471 ], [ 629220.475000000093132, 5220824.474999999627471 ] ], [ [ 629220.525000000023283, 5220824.525000000372529 ], [ 629220.650000000023283, 5220824.450000000186265 ], [ 629220.600000000093132, 5220824.174999999813735 ], [ 629220.600000000093132, 5220823.900000000372529 ], [ 629220.525000000023283, 5220824.049999999813735 ], [ 629220.400000000023283, 5220824.075000000186265 ], [ 629220.525000000023283, 5220824.525000000372529 ] ], [ [ 629198.525000000023283, 5220824.474999999627471 ], [ 629198.550000000046566, 5220824.5 ], [ 629198.550000000046566, 5220824.474999999627471 ], [ 629198.525000000023283, 5220824.474999999627471 ] ], [ [ 629209.350000000093132, 5220824.5 ], [ 629209.425000000046566, 5220824.5 ], [ 629209.425000000046566, 5220824.375 ], [ 629209.350000000093132, 5220824.400000000372529 ], [ 629209.350000000093132, 5220824.5 ] ], [ [ 629198.550000000046566, 5220824.400000000372529 ], [ 629198.575000000069849, 5220824.450000000186265 ], [ 629198.575000000069849, 5220824.400000000372529 ], [ 629198.550000000046566, 5220824.400000000372529 ] ], [ [ 629198.575000000069849, 5220824.349999999627471 ], [ 629198.600000000093132, 5220824.375 ], [ 629198.600000000093132, 5220824.349999999627471 ], [ 629198.575000000069849, 5220824.349999999627471 ] ], [ [ 629198.600000000093132, 5220824.275000000372529 ], [ 629198.625, 5220824.325000000186265 ], [ 629198.625, 5220824.275000000372529 ], [ 629198.600000000093132, 5220824.275000000372529 ] ], [ [ 629209.400000000023283, 5220824.275000000372529 ], [ 629209.425000000046566, 5220824.325000000186265 ], [ 629209.425000000046566, 5220824.275000000372529 ], [ 629209.400000000023283, 5220824.275000000372529 ] ], [ [ 629212.425000000046566, 5220824.325000000186265 ], [ 629212.600000000093132, 5220824.25 ], [ 629212.525000000023283, 5220823.700000000186265 ], [ 629212.550000000046566, 5220823.474999999627471 ], [ 629212.650000000023283, 5220823.424999999813735 ], [ 629212.600000000093132, 5220823.200000000186265 ], [ 629212.5, 5220823.200000000186265 ], [ 629212.400000000023283, 5220823.349999999627471 ], [ 629212.225000000093132, 5220823.349999999627471 ], [ 629212.100000000093132, 5220823.625 ], [ 629212.150000000023283, 5220824.0 ], [ 629212.350000000093132, 5220824.099999999627471 ], [ 629212.425000000046566, 5220824.325000000186265 ] ], [ [ 629198.625, 5220824.224999999627471 ], [ 629198.650000000023283, 5220824.25 ], [ 629198.650000000023283, 5220824.224999999627471 ], [ 629198.625, 5220824.224999999627471 ] ], [ [ 629198.650000000023283, 5220824.174999999813735 ], [ 629198.675000000046566, 5220824.200000000186265 ], [ 629198.675000000046566, 5220824.174999999813735 ], [ 629198.650000000023283, 5220824.174999999813735 ] ], [ [ 629209.350000000093132, 5220824.174999999813735 ], [ 629209.550000000046566, 5220823.724999999627471 ], [ 629209.525000000023283, 5220823.599999999627471 ], [ 629209.300000000046566, 5220823.799999999813735 ], [ 629209.350000000093132, 5220824.174999999813735 ] ], [ [ 629220.625, 5220824.125 ], [ 629220.650000000023283, 5220824.174999999813735 ], [ 629220.650000000023283, 5220824.125 ], [ 629220.625, 5220824.125 ] ], [ [ 629198.675000000046566, 5220824.099999999627471 ], [ 629198.700000000069849, 5220824.150000000372529 ], [ 629198.700000000069849, 5220824.099999999627471 ], [ 629198.675000000046566, 5220824.099999999627471 ] ], [ [ 629220.650000000023283, 5220824.049999999813735 ], [ 629220.675000000046566, 5220824.099999999627471 ], [ 629220.675000000046566, 5220824.049999999813735 ], [ 629220.650000000023283, 5220824.049999999813735 ] ], [ [ 629198.700000000069849, 5220824.049999999813735 ], [ 629198.725000000093132, 5220824.075000000186265 ], [ 629198.725000000093132, 5220824.049999999813735 ], [ 629198.700000000069849, 5220824.049999999813735 ] ], [ [ 629220.675000000046566, 5220824.0 ], [ 629220.700000000069849, 5220824.049999999813735 ], [ 629220.700000000069849, 5220824.0 ], [ 629220.675000000046566, 5220824.0 ] ], [ [ 629198.725000000093132, 5220823.974999999627471 ], [ 629198.75, 5220824.025000000372529 ], [ 629198.75, 5220823.974999999627471 ], [ 629198.725000000093132, 5220823.974999999627471 ] ], [ [ 629220.700000000069849, 5220823.924999999813735 ], [ 629220.725000000093132, 5220824.0 ], [ 629220.725000000093132, 5220823.924999999813735 ], [ 629220.700000000069849, 5220823.924999999813735 ] ], [ [ 629204.0, 5220823.974999999627471 ], [ 629204.225000000093132, 5220823.974999999627471 ], [ 629204.300000000046566, 5220823.875 ], [ 629204.300000000046566, 5220823.525000000372529 ], [ 629204.5, 5220823.450000000186265 ], [ 629204.400000000023283, 5220823.125 ], [ 629204.025000000023283, 5220823.450000000186265 ], [ 629203.950000000069849, 5220823.900000000372529 ], [ 629204.0, 5220823.974999999627471 ] ], [ [ 629198.75, 5220823.924999999813735 ], [ 629198.775000000023283, 5220823.950000000186265 ], [ 629198.775000000023283, 5220823.924999999813735 ], [ 629198.75, 5220823.924999999813735 ] ], [ [ 629220.725000000093132, 5220823.875 ], [ 629220.75, 5220823.924999999813735 ], [ 629220.75, 5220823.875 ], [ 629220.725000000093132, 5220823.875 ] ], [ [ 629198.75, 5220823.900000000372529 ], [ 629199.025000000023283, 5220823.775000000372529 ], [ 629199.100000000093132, 5220823.650000000372529 ], [ 629199.025000000023283, 5220823.400000000372529 ], [ 629199.325000000069849, 5220823.224999999627471 ], [ 629199.300000000046566, 5220822.674999999813735 ], [ 629199.425000000046566, 5220822.650000000372529 ], [ 629199.550000000046566, 5220822.474999999627471 ], [ 629199.475000000093132, 5220822.224999999627471 ], [ 629199.200000000069849, 5220822.325000000186265 ], [ 629199.175000000046566, 5220822.549999999813735 ], [ 629198.950000000069849, 5220822.825000000186265 ], [ 629198.900000000023283, 5220823.400000000372529 ], [ 629198.725000000093132, 5220823.525000000372529 ], [ 629198.700000000069849, 5220823.650000000372529 ], [ 629198.75, 5220823.900000000372529 ] ], [ [ 629220.600000000093132, 5220823.900000000372529 ], [ 629220.800000000046566, 5220823.599999999627471 ], [ 629220.725000000093132, 5220823.400000000372529 ], [ 629220.650000000023283, 5220823.400000000372529 ], [ 629220.700000000069849, 5220823.625 ], [ 629220.600000000093132, 5220823.724999999627471 ], [ 629220.600000000093132, 5220823.900000000372529 ] ], [ [ 629220.75, 5220823.799999999813735 ], [ 629220.775000000023283, 5220823.875 ], [ 629220.775000000023283, 5220823.799999999813735 ], [ 629220.75, 5220823.799999999813735 ] ], [ [ 629220.775000000023283, 5220823.75 ], [ 629220.800000000046566, 5220823.799999999813735 ], [ 629220.800000000046566, 5220823.75 ], [ 629220.775000000023283, 5220823.75 ] ], [ [ 629223.475000000093132, 5220823.799999999813735 ], [ 629223.700000000069849, 5220823.650000000372529 ], [ 629223.725000000093132, 5220823.525000000372529 ], [ 629223.725000000093132, 5220823.424999999813735 ], [ 629223.525000000023283, 5220823.299999999813735 ], [ 629223.600000000093132, 5220823.125 ], [ 629223.275000000023283, 5220823.224999999627471 ], [ 629223.200000000069849, 5220823.349999999627471 ], [ 629223.200000000069849, 5220823.450000000186265 ], [ 629223.475000000093132, 5220823.700000000186265 ], [ 629223.475000000093132, 5220823.799999999813735 ] ], [ [ 629220.800000000046566, 5220823.700000000186265 ], [ 629220.825000000069849, 5220823.75 ], [ 629220.825000000069849, 5220823.700000000186265 ], [ 629220.800000000046566, 5220823.700000000186265 ] ], [ [ 629220.825000000069849, 5220823.625 ], [ 629220.850000000093132, 5220823.674999999813735 ], [ 629220.850000000093132, 5220823.625 ], [ 629220.825000000069849, 5220823.625 ] ], [ [ 629220.850000000093132, 5220823.575000000186265 ], [ 629220.875, 5220823.625 ], [ 629220.875, 5220823.575000000186265 ], [ 629220.850000000093132, 5220823.575000000186265 ] ], [ [ 629220.875, 5220823.5 ], [ 629220.900000000023283, 5220823.575000000186265 ], [ 629220.900000000023283, 5220823.5 ], [ 629220.875, 5220823.5 ] ], [ [ 629212.575000000069849, 5220823.474999999627471 ], [ 629212.600000000093132, 5220823.5 ], [ 629212.600000000093132, 5220823.474999999627471 ], [ 629212.575000000069849, 5220823.474999999627471 ] ], [ [ 629220.900000000023283, 5220823.450000000186265 ], [ 629220.925000000046566, 5220823.5 ], [ 629220.925000000046566, 5220823.450000000186265 ], [ 629220.900000000023283, 5220823.450000000186265 ] ], [ [ 629220.925000000046566, 5220823.400000000372529 ], [ 629220.950000000069849, 5220823.450000000186265 ], [ 629220.950000000069849, 5220823.400000000372529 ], [ 629220.925000000046566, 5220823.400000000372529 ] ], [ [ 629220.950000000069849, 5220823.325000000186265 ], [ 629220.975000000093132, 5220823.375 ], [ 629220.975000000093132, 5220823.325000000186265 ], [ 629220.950000000069849, 5220823.325000000186265 ] ], [ [ 629217.925000000046566, 5220823.325000000186265 ], [ 629218.075000000069849, 5220823.299999999813735 ], [ 629218.175000000046566, 5220823.150000000372529 ], [ 629218.450000000069849, 5220823.174999999813735 ], [ 629218.5, 5220822.924999999813735 ], [ 629218.400000000023283, 5220822.825000000186265 ], [ 629218.400000000023283, 5220822.700000000186265 ], [ 629218.650000000023283, 5220822.674999999813735 ], [ 629218.825000000069849, 5220822.450000000186265 ], [ 629218.925000000046566, 5220822.025000000372529 ], [ 629218.850000000093132, 5220821.200000000186265 ], [ 629218.600000000093132, 5220821.200000000186265 ], [ 629218.625, 5220821.549999999813735 ], [ 629218.175000000046566, 5220822.224999999627471 ], [ 629218.275000000023283, 5220822.450000000186265 ], [ 629218.225000000093132, 5220822.75 ], [ 629217.850000000093132, 5220822.974999999627471 ], [ 629217.825000000069849, 5220823.200000000186265 ], [ 629217.925000000046566, 5220823.325000000186265 ] ], [ [ 629220.975000000093132, 5220823.275000000372529 ], [ 629221.0, 5220823.325000000186265 ], [ 629221.0, 5220823.275000000372529 ], [ 629220.975000000093132, 5220823.275000000372529 ] ], [ [ 629221.0, 5220823.200000000186265 ], [ 629221.025000000023283, 5220823.275000000372529 ], [ 629221.025000000023283, 5220823.200000000186265 ], [ 629221.0, 5220823.200000000186265 ] ], [ [ 629221.025000000023283, 5220823.150000000372529 ], [ 629221.050000000046566, 5220823.200000000186265 ], [ 629221.050000000046566, 5220823.150000000372529 ], [ 629221.025000000023283, 5220823.150000000372529 ] ], [ [ 629221.050000000046566, 5220823.099999999627471 ], [ 629221.075000000069849, 5220823.150000000372529 ], [ 629221.075000000069849, 5220823.099999999627471 ], [ 629221.050000000046566, 5220823.099999999627471 ] ], [ [ 629223.600000000093132, 5220823.099999999627471 ], [ 629223.650000000023283, 5220823.125 ], [ 629223.650000000023283, 5220823.099999999627471 ], [ 629223.600000000093132, 5220823.099999999627471 ] ], [ [ 629223.675000000046566, 5220823.075000000186265 ], [ 629223.700000000069849, 5220823.099999999627471 ], [ 629223.700000000069849, 5220823.075000000186265 ], [ 629223.675000000046566, 5220823.075000000186265 ] ], [ [ 629221.075000000069849, 5220823.025000000372529 ], [ 629221.100000000093132, 5220823.075000000186265 ], [ 629221.100000000093132, 5220823.025000000372529 ], [ 629221.075000000069849, 5220823.025000000372529 ] ], [ [ 629223.725000000093132, 5220823.049999999813735 ], [ 629224.050000000046566, 5220823.025000000372529 ], [ 629224.050000000046566, 5220822.849999999627471 ], [ 629223.75, 5220822.950000000186265 ], [ 629223.725000000093132, 5220823.049999999813735 ] ], [ [ 629221.100000000093132, 5220822.974999999627471 ], [ 629221.125, 5220823.025000000372529 ], [ 629221.125, 5220822.974999999627471 ], [ 629221.100000000093132, 5220822.974999999627471 ] ], [ [ 629201.900000000023283, 5220823.0 ], [ 629201.925000000046566, 5220822.75 ], [ 629201.850000000093132, 5220822.849999999627471 ], [ 629201.625, 5220822.849999999627471 ], [ 629201.800000000046566, 5220822.875 ], [ 629201.900000000023283, 5220823.0 ] ], [ [ 629212.575000000069849, 5220823.0 ], [ 629212.725000000093132, 5220822.950000000186265 ], [ 629212.825000000069849, 5220822.724999999627471 ], [ 629213.050000000046566, 5220822.650000000372529 ], [ 629212.975000000093132, 5220822.400000000372529 ], [ 629212.800000000046566, 5220822.375 ], [ 629212.5, 5220822.575000000186265 ], [ 629212.575000000069849, 5220823.0 ] ], [ [ 629204.475000000093132, 5220822.974999999627471 ], [ 629204.75, 5220822.900000000372529 ], [ 629204.800000000046566, 5220822.775000000372529 ], [ 629204.675000000046566, 5220822.299999999813735 ], [ 629205.025000000023283, 5220822.125 ], [ 629205.025000000023283, 5220821.724999999627471 ], [ 629204.900000000023283, 5220821.650000000372529 ], [ 629204.700000000069849, 5220821.700000000186265 ], [ 629204.700000000069849, 5220821.950000000186265 ], [ 629204.800000000046566, 5220822.0 ], [ 629204.800000000046566, 5220822.099999999627471 ], [ 629204.575000000069849, 5220822.200000000186265 ], [ 629204.575000000069849, 5220822.400000000372529 ], [ 629204.475000000093132, 5220822.450000000186265 ], [ 629204.575000000069849, 5220822.599999999627471 ], [ 629204.475000000093132, 5220822.974999999627471 ] ], [ [ 629221.125, 5220822.900000000372529 ], [ 629221.150000000023283, 5220822.950000000186265 ], [ 629221.150000000023283, 5220822.900000000372529 ], [ 629221.125, 5220822.900000000372529 ] ], [ [ 629221.150000000023283, 5220822.849999999627471 ], [ 629221.175000000046566, 5220822.900000000372529 ], [ 629221.175000000046566, 5220822.849999999627471 ], [ 629221.150000000023283, 5220822.849999999627471 ] ], [ [ 629224.300000000046566, 5220822.875 ], [ 629224.375, 5220822.799999999813735 ], [ 629224.325000000069849, 5220822.724999999627471 ], [ 629224.300000000046566, 5220822.724999999627471 ], [ 629224.300000000046566, 5220822.875 ] ], [ [ 629221.175000000046566, 5220822.799999999813735 ], [ 629221.200000000069849, 5220822.849999999627471 ], [ 629221.200000000069849, 5220822.799999999813735 ], [ 629221.175000000046566, 5220822.799999999813735 ] ], [ [ 629215.525000000023283, 5220822.799999999813735 ], [ 629215.650000000023283, 5220822.775000000372529 ], [ 629215.725000000093132, 5220822.5 ], [ 629215.925000000046566, 5220822.375 ], [ 629216.0, 5220822.200000000186265 ], [ 629216.175000000046566, 5220822.200000000186265 ], [ 629216.300000000046566, 5220821.5 ], [ 629216.300000000046566, 5220821.200000000186265 ], [ 629216.225000000093132, 5220821.125 ], [ 629216.100000000093132, 5220821.174999999813735 ], [ 629216.100000000093132, 5220821.599999999627471 ], [ 629215.725000000093132, 5220821.75 ], [ 629215.725000000093132, 5220821.825000000186265 ], [ 629215.900000000023283, 5220821.924999999813735 ], [ 629215.925000000046566, 5220822.125 ], [ 629215.775000000023283, 5220822.349999999627471 ], [ 629215.550000000046566, 5220822.474999999627471 ], [ 629215.525000000023283, 5220822.799999999813735 ] ], [ [ 629207.600000000093132, 5220822.775000000372529 ], [ 629207.700000000069849, 5220822.75 ], [ 629207.75, 5220822.5 ], [ 629207.525000000023283, 5220822.575000000186265 ], [ 629207.5, 5220822.450000000186265 ], [ 629207.5, 5220822.599999999627471 ], [ 629207.600000000093132, 5220822.775000000372529 ] ], [ [ 629212.875, 5220822.75 ], [ 629212.900000000023283, 5220822.775000000372529 ], [ 629212.900000000023283, 5220822.75 ], [ 629212.875, 5220822.75 ] ], [ [ 629221.200000000069849, 5220822.724999999627471 ], [ 629221.225000000093132, 5220822.775000000372529 ], [ 629221.225000000093132, 5220822.724999999627471 ], [ 629221.200000000069849, 5220822.724999999627471 ] ], [ [ 629201.925000000046566, 5220822.75 ], [ 629202.200000000069849, 5220822.625 ], [ 629202.350000000093132, 5220822.450000000186265 ], [ 629202.400000000023283, 5220821.450000000186265 ], [ 629202.625, 5220821.224999999627471 ], [ 629202.600000000093132, 5220821.049999999813735 ], [ 629202.5, 5220821.075000000186265 ], [ 629202.5, 5220821.174999999813735 ], [ 629201.975000000093132, 5220821.875 ], [ 629202.075000000069849, 5220822.549999999813735 ], [ 629201.925000000046566, 5220822.650000000372529 ], [ 629201.925000000046566, 5220822.75 ] ], [ [ 629220.900000000023283, 5220822.724999999627471 ], [ 629221.0, 5220822.724999999627471 ], [ 629220.950000000069849, 5220822.549999999813735 ], [ 629220.875, 5220822.599999999627471 ], [ 629220.900000000023283, 5220822.724999999627471 ] ], [ [ 629221.225000000093132, 5220822.674999999813735 ], [ 629221.25, 5220822.724999999627471 ], [ 629221.25, 5220822.674999999813735 ], [ 629221.225000000093132, 5220822.674999999813735 ] ], [ [ 629224.275000000023283, 5220822.700000000186265 ], [ 629224.300000000046566, 5220822.724999999627471 ], [ 629224.300000000046566, 5220822.700000000186265 ], [ 629224.275000000023283, 5220822.700000000186265 ] ], [ [ 629221.050000000046566, 5220822.674999999813735 ], [ 629221.100000000093132, 5220822.700000000186265 ], [ 629221.100000000093132, 5220822.650000000372529 ], [ 629221.050000000046566, 5220822.674999999813735 ] ], [ [ 629221.25, 5220822.599999999627471 ], [ 629221.275000000023283, 5220822.650000000372529 ], [ 629221.275000000023283, 5220822.599999999627471 ], [ 629221.25, 5220822.599999999627471 ] ], [ [ 629224.25, 5220822.599999999627471 ], [ 629224.275000000023283, 5220822.650000000372529 ], [ 629224.275000000023283, 5220822.599999999627471 ], [ 629224.25, 5220822.599999999627471 ] ], [ [ 629221.100000000093132, 5220822.575000000186265 ], [ 629221.125, 5220822.625 ], [ 629221.125, 5220822.575000000186265 ], [ 629221.100000000093132, 5220822.575000000186265 ] ], [ [ 629221.275000000023283, 5220822.549999999813735 ], [ 629221.300000000046566, 5220822.599999999627471 ], [ 629221.300000000046566, 5220822.549999999813735 ], [ 629221.275000000023283, 5220822.549999999813735 ] ], [ [ 629223.725000000093132, 5220822.599999999627471 ], [ 629223.900000000023283, 5220822.599999999627471 ], [ 629224.025000000023283, 5220822.400000000372529 ], [ 629224.200000000069849, 5220822.424999999813735 ], [ 629224.175000000046566, 5220822.25 ], [ 629224.025000000023283, 5220822.125 ], [ 629224.050000000046566, 5220821.924999999813735 ], [ 629223.650000000023283, 5220821.900000000372529 ], [ 629223.775000000023283, 5220822.049999999813735 ], [ 629223.725000000093132, 5220822.599999999627471 ] ], [ [ 629224.225000000093132, 5220822.5 ], [ 629224.25, 5220822.575000000186265 ], [ 629224.25, 5220822.5 ], [ 629224.225000000093132, 5220822.5 ] ], [ [ 629221.125, 5220822.5 ], [ 629221.150000000023283, 5220822.525000000372529 ], [ 629221.150000000023283, 5220822.5 ], [ 629221.125, 5220822.5 ] ], [ [ 629221.300000000046566, 5220822.5 ], [ 629221.325000000069849, 5220822.525000000372529 ], [ 629221.325000000069849, 5220822.5 ], [ 629221.300000000046566, 5220822.5 ] ], [ [ 629207.75, 5220822.474999999627471 ], [ 629207.775000000023283, 5220822.5 ], [ 629207.775000000023283, 5220822.474999999627471 ], [ 629207.75, 5220822.474999999627471 ] ], [ [ 629221.150000000023283, 5220822.474999999627471 ], [ 629221.175000000046566, 5220822.5 ], [ 629221.175000000046566, 5220822.474999999627471 ], [ 629221.150000000023283, 5220822.474999999627471 ] ], [ [ 629224.200000000069849, 5220822.424999999813735 ], [ 629224.225000000093132, 5220822.5 ], [ 629224.225000000093132, 5220822.424999999813735 ], [ 629224.200000000069849, 5220822.424999999813735 ] ], [ [ 629207.775000000023283, 5220822.450000000186265 ], [ 629207.800000000046566, 5220822.474999999627471 ], [ 629207.800000000046566, 5220822.450000000186265 ], [ 629207.775000000023283, 5220822.450000000186265 ] ], [ [ 629210.425000000046566, 5220822.474999999627471 ], [ 629210.5, 5220822.474999999627471 ], [ 629210.525000000023283, 5220822.325000000186265 ], [ 629210.425000000046566, 5220822.400000000372529 ], [ 629210.425000000046566, 5220822.474999999627471 ] ], [ [ 629221.175000000046566, 5220822.450000000186265 ], [ 629221.200000000069849, 5220822.474999999627471 ], [ 629221.200000000069849, 5220822.450000000186265 ], [ 629221.175000000046566, 5220822.450000000186265 ] ], [ [ 629221.325000000069849, 5220822.424999999813735 ], [ 629221.350000000093132, 5220822.474999999627471 ], [ 629221.350000000093132, 5220822.424999999813735 ], [ 629221.325000000069849, 5220822.424999999813735 ] ], [ [ 629207.525000000023283, 5220822.450000000186265 ], [ 629207.800000000046566, 5220822.224999999627471 ], [ 629207.775000000023283, 5220822.150000000372529 ], [ 629207.700000000069849, 5220822.150000000372529 ], [ 629207.525000000023283, 5220822.450000000186265 ] ], [ [ 629207.800000000046566, 5220822.424999999813735 ], [ 629207.825000000069849, 5220822.450000000186265 ], [ 629207.825000000069849, 5220822.424999999813735 ], [ 629207.800000000046566, 5220822.424999999813735 ] ], [ [ 629221.200000000069849, 5220822.424999999813735 ], [ 629221.225000000093132, 5220822.450000000186265 ], [ 629221.225000000093132, 5220822.424999999813735 ], [ 629221.200000000069849, 5220822.424999999813735 ] ], [ [ 629221.225000000093132, 5220822.400000000372529 ], [ 629221.25, 5220822.424999999813735 ], [ 629221.25, 5220822.400000000372529 ], [ 629221.225000000093132, 5220822.400000000372529 ] ], [ [ 629221.350000000093132, 5220822.424999999813735 ], [ 629221.375, 5220822.349999999627471 ], [ 629221.25, 5220822.275000000372529 ], [ 629221.300000000046566, 5220822.174999999813735 ], [ 629221.225000000093132, 5220822.174999999813735 ], [ 629221.25, 5220822.400000000372529 ], [ 629221.350000000093132, 5220822.424999999813735 ] ], [ [ 629221.375, 5220822.299999999813735 ], [ 629221.400000000023283, 5220822.349999999627471 ], [ 629221.400000000023283, 5220822.299999999813735 ], [ 629221.375, 5220822.299999999813735 ] ], [ [ 629221.400000000023283, 5220822.25 ], [ 629221.425000000046566, 5220822.299999999813735 ], [ 629221.425000000046566, 5220822.25 ], [ 629221.400000000023283, 5220822.25 ] ], [ [ 629210.525000000023283, 5220822.200000000186265 ], [ 629210.550000000046566, 5220822.25 ], [ 629210.550000000046566, 5220822.200000000186265 ], [ 629210.525000000023283, 5220822.200000000186265 ] ], [ [ 629212.775000000023283, 5220822.150000000372529 ], [ 629212.800000000046566, 5220822.224999999627471 ], [ 629212.800000000046566, 5220822.150000000372529 ], [ 629212.775000000023283, 5220822.150000000372529 ] ], [ [ 629221.425000000046566, 5220822.174999999813735 ], [ 629221.450000000069849, 5220822.224999999627471 ], [ 629221.450000000069849, 5220822.174999999813735 ], [ 629221.425000000046566, 5220822.174999999813735 ] ], [ [ 629199.475000000093132, 5220822.174999999813735 ], [ 629199.525000000023283, 5220822.125 ], [ 629199.5, 5220822.075000000186265 ], [ 629199.475000000093132, 5220822.075000000186265 ], [ 629199.475000000093132, 5220822.174999999813735 ] ], [ [ 629210.525000000023283, 5220822.174999999813735 ], [ 629210.725000000093132, 5220822.075000000186265 ], [ 629210.775000000023283, 5220821.75 ], [ 629210.900000000023283, 5220821.700000000186265 ], [ 629210.925000000046566, 5220821.474999999627471 ], [ 629210.850000000093132, 5220821.349999999627471 ], [ 629210.725000000093132, 5220821.375 ], [ 629210.450000000069849, 5220821.724999999627471 ], [ 629210.525000000023283, 5220822.174999999813735 ] ], [ [ 629221.325000000069849, 5220822.150000000372529 ], [ 629221.350000000093132, 5220822.174999999813735 ], [ 629221.350000000093132, 5220822.150000000372529 ], [ 629221.325000000069849, 5220822.150000000372529 ] ], [ [ 629221.450000000069849, 5220822.125 ], [ 629221.475000000093132, 5220822.174999999813735 ], [ 629221.475000000093132, 5220822.125 ], [ 629221.450000000069849, 5220822.125 ] ], [ [ 629221.475000000093132, 5220822.075000000186265 ], [ 629221.5, 5220822.125 ], [ 629221.5, 5220822.075000000186265 ], [ 629221.475000000093132, 5220822.075000000186265 ] ], [ [ 629224.650000000023283, 5220822.125 ], [ 629224.725000000093132, 5220821.75 ], [ 629224.600000000093132, 5220821.625 ], [ 629224.600000000093132, 5220821.5 ], [ 629224.350000000093132, 5220821.424999999813735 ], [ 629224.225000000093132, 5220821.299999999813735 ], [ 629223.975000000093132, 5220821.325000000186265 ], [ 629224.0, 5220821.450000000186265 ], [ 629224.200000000069849, 5220821.549999999813735 ], [ 629224.175000000046566, 5220821.849999999627471 ], [ 629224.25, 5220821.849999999627471 ], [ 629224.275000000023283, 5220821.974999999627471 ], [ 629224.575000000069849, 5220821.974999999627471 ], [ 629224.650000000023283, 5220822.125 ] ], [ [ 629199.525000000023283, 5220822.025000000372529 ], [ 629199.550000000046566, 5220822.075000000186265 ], [ 629199.550000000046566, 5220822.025000000372529 ], [ 629199.525000000023283, 5220822.025000000372529 ] ], [ [ 629221.5, 5220822.0 ], [ 629221.525000000023283, 5220822.049999999813735 ], [ 629221.525000000023283, 5220822.0 ], [ 629221.5, 5220822.0 ] ], [ [ 629199.5, 5220822.025000000372529 ], [ 629199.675000000046566, 5220822.0 ], [ 629199.725000000093132, 5220821.825000000186265 ], [ 629199.400000000023283, 5220821.674999999813735 ], [ 629199.25, 5220821.700000000186265 ], [ 629199.5, 5220822.025000000372529 ] ], [ [ 629212.725000000093132, 5220822.0 ], [ 629212.900000000023283, 5220821.924999999813735 ], [ 629213.325000000069849, 5220822.0 ], [ 629213.375, 5220821.825000000186265 ], [ 629213.275000000023283, 5220821.625 ], [ 629213.200000000069849, 5220821.625 ], [ 629213.025000000023283, 5220821.849999999627471 ], [ 629212.775000000023283, 5220821.799999999813735 ], [ 629212.700000000069849, 5220821.875 ], [ 629212.725000000093132, 5220822.0 ] ], [ [ 629221.525000000023283, 5220821.950000000186265 ], [ 629221.550000000046566, 5220822.0 ], [ 629221.550000000046566, 5220821.950000000186265 ], [ 629221.525000000023283, 5220821.950000000186265 ] ], [ [ 629221.550000000046566, 5220821.875 ], [ 629221.575000000069849, 5220821.924999999813735 ], [ 629221.575000000069849, 5220821.875 ], [ 629221.550000000046566, 5220821.875 ] ], [ [ 629224.050000000046566, 5220821.900000000372529 ], [ 629224.075000000069849, 5220821.924999999813735 ], [ 629224.075000000069849, 5220821.900000000372529 ], [ 629224.050000000046566, 5220821.900000000372529 ] ], [ [ 629224.100000000093132, 5220821.875 ], [ 629224.125, 5220821.900000000372529 ], [ 629224.125, 5220821.875 ], [ 629224.100000000093132, 5220821.875 ] ], [ [ 629221.575000000069849, 5220821.825000000186265 ], [ 629221.600000000093132, 5220821.875 ], [ 629221.600000000093132, 5220821.825000000186265 ], [ 629221.575000000069849, 5220821.825000000186265 ] ], [ [ 629224.125, 5220821.849999999627471 ], [ 629224.175000000046566, 5220821.875 ], [ 629224.175000000046566, 5220821.849999999627471 ], [ 629224.125, 5220821.849999999627471 ] ], [ [ 629221.600000000093132, 5220821.775000000372529 ], [ 629221.625, 5220821.799999999813735 ], [ 629221.625, 5220821.775000000372529 ], [ 629221.600000000093132, 5220821.775000000372529 ] ], [ [ 629221.400000000023283, 5220821.775000000372529 ], [ 629221.675000000046566, 5220821.549999999813735 ], [ 629221.675000000046566, 5220821.400000000372529 ], [ 629221.525000000023283, 5220821.200000000186265 ], [ 629221.300000000046566, 5220821.299999999813735 ], [ 629221.325000000069849, 5220821.75 ], [ 629221.400000000023283, 5220821.775000000372529 ] ], [ [ 629199.650000000023283, 5220821.724999999627471 ], [ 629199.675000000046566, 5220821.75 ], [ 629199.675000000046566, 5220821.724999999627471 ], [ 629199.650000000023283, 5220821.724999999627471 ] ], [ [ 629221.625, 5220821.700000000186265 ], [ 629221.650000000023283, 5220821.75 ], [ 629221.650000000023283, 5220821.700000000186265 ], [ 629221.625, 5220821.700000000186265 ] ], [ [ 629199.675000000046566, 5220821.674999999813735 ], [ 629199.700000000069849, 5220821.700000000186265 ], [ 629199.700000000069849, 5220821.674999999813735 ], [ 629199.675000000046566, 5220821.674999999813735 ] ], [ [ 629221.650000000023283, 5220821.650000000372529 ], [ 629221.675000000046566, 5220821.700000000186265 ], [ 629221.675000000046566, 5220821.650000000372529 ], [ 629221.650000000023283, 5220821.650000000372529 ] ], [ [ 629229.625, 5220821.650000000372529 ], [ 629229.75, 5220821.650000000372529 ], [ 629229.75, 5220821.575000000186265 ], [ 629229.650000000023283, 5220821.599999999627471 ], [ 629229.625, 5220821.650000000372529 ] ], [ [ 629199.700000000069849, 5220821.599999999627471 ], [ 629199.725000000093132, 5220821.625 ], [ 629199.725000000093132, 5220821.599999999627471 ], [ 629199.700000000069849, 5220821.599999999627471 ] ], [ [ 629221.675000000046566, 5220821.575000000186265 ], [ 629221.700000000069849, 5220821.625 ], [ 629221.700000000069849, 5220821.575000000186265 ], [ 629221.675000000046566, 5220821.575000000186265 ] ], [ [ 629199.725000000093132, 5220821.549999999813735 ], [ 629199.75, 5220821.575000000186265 ], [ 629199.75, 5220821.549999999813735 ], [ 629199.725000000093132, 5220821.549999999813735 ] ], [ [ 629221.700000000069849, 5220821.525000000372529 ], [ 629221.725000000093132, 5220821.575000000186265 ], [ 629221.725000000093132, 5220821.525000000372529 ], [ 629221.700000000069849, 5220821.525000000372529 ] ], [ [ 629229.75, 5220821.549999999813735 ], [ 629229.775000000023283, 5220821.424999999813735 ], [ 629229.75, 5220821.400000000372529 ], [ 629229.700000000069849, 5220821.400000000372529 ], [ 629229.75, 5220821.549999999813735 ] ], [ [ 629199.75, 5220821.5 ], [ 629199.775000000023283, 5220821.525000000372529 ], [ 629199.775000000023283, 5220821.5 ], [ 629199.75, 5220821.5 ] ], [ [ 629221.725000000093132, 5220821.474999999627471 ], [ 629221.75, 5220821.5 ], [ 629221.75, 5220821.474999999627471 ], [ 629221.725000000093132, 5220821.474999999627471 ] ], [ [ 629222.125, 5220821.5 ], [ 629222.225000000093132, 5220821.424999999813735 ], [ 629222.425000000046566, 5220820.875 ], [ 629222.275000000023283, 5220820.875 ], [ 629222.0, 5220820.5 ], [ 629222.100000000093132, 5220820.400000000372529 ], [ 629222.550000000046566, 5220820.400000000372529 ], [ 629222.575000000069849, 5220819.924999999813735 ], [ 629222.825000000069849, 5220819.875 ], [ 629222.925000000046566, 5220819.775000000372529 ], [ 629222.925000000046566, 5220819.450000000186265 ], [ 629222.600000000093132, 5220819.450000000186265 ], [ 629222.475000000093132, 5220819.125 ], [ 629222.650000000023283, 5220818.924999999813735 ], [ 629222.800000000046566, 5220819.025000000372529 ], [ 629222.75, 5220819.25 ], [ 629222.875, 5220819.275000000372529 ], [ 629223.075000000069849, 5220818.775000000372529 ], [ 629222.900000000023283, 5220818.724999999627471 ], [ 629222.650000000023283, 5220818.474999999627471 ], [ 629222.300000000046566, 5220818.575000000186265 ], [ 629222.375, 5220819.125 ], [ 629222.25, 5220819.125 ], [ 629222.125, 5220819.25 ], [ 629222.175000000046566, 5220819.525000000372529 ], [ 629222.325000000069849, 5220819.525000000372529 ], [ 629222.425000000046566, 5220819.625 ], [ 629222.475000000093132, 5220819.875 ], [ 629222.425000000046566, 5220819.875 ], [ 629222.375, 5220819.900000000372529 ], [ 629222.300000000046566, 5220819.974999999627471 ], [ 629222.200000000069849, 5220819.974999999627471 ], [ 629222.200000000069849, 5220820.0 ], [ 629221.900000000023283, 5220819.924999999813735 ], [ 629221.775000000023283, 5220820.0 ], [ 629221.850000000093132, 5220820.424999999813735 ], [ 629221.775000000023283, 5220820.525000000372529 ], [ 629221.900000000023283, 5220820.775000000372529 ], [ 629221.525000000023283, 5220821.150000000372529 ], [ 629221.550000000046566, 5220821.200000000186265 ], [ 629221.775000000023283, 5220821.125 ], [ 629222.125, 5220821.5 ] ], [ [ 629204.975000000093132, 5220821.400000000372529 ], [ 629205.200000000069849, 5220821.474999999627471 ], [ 629205.225000000093132, 5220821.325000000186265 ], [ 629205.400000000023283, 5220821.200000000186265 ], [ 629205.425000000046566, 5220820.724999999627471 ], [ 629205.600000000093132, 5220820.575000000186265 ], [ 629205.525000000023283, 5220820.275000000372529 ], [ 629205.350000000093132, 5220820.325000000186265 ], [ 629205.25, 5220820.849999999627471 ], [ 629205.025000000023283, 5220821.174999999813735 ], [ 629204.975000000093132, 5220821.400000000372529 ] ], [ [ 629224.900000000023283, 5220821.474999999627471 ], [ 629224.950000000069849, 5220821.424999999813735 ], [ 629224.925000000046566, 5220821.375 ], [ 629224.900000000023283, 5220821.375 ], [ 629224.900000000023283, 5220821.474999999627471 ] ], [ [ 629199.775000000023283, 5220821.424999999813735 ], [ 629199.800000000046566, 5220821.450000000186265 ], [ 629199.800000000046566, 5220821.424999999813735 ], [ 629199.775000000023283, 5220821.424999999813735 ] ], [ [ 629213.425000000046566, 5220821.424999999813735 ], [ 629213.450000000069849, 5220821.450000000186265 ], [ 629213.450000000069849, 5220821.424999999813735 ], [ 629213.425000000046566, 5220821.424999999813735 ] ], [ [ 629221.75, 5220821.400000000372529 ], [ 629221.775000000023283, 5220821.450000000186265 ], [ 629221.775000000023283, 5220821.400000000372529 ], [ 629221.75, 5220821.400000000372529 ] ], [ [ 629199.775000000023283, 5220821.400000000372529 ], [ 629200.200000000069849, 5220821.375 ], [ 629200.200000000069849, 5220821.275000000372529 ], [ 629200.0, 5220821.150000000372529 ], [ 629200.0, 5220820.799999999813735 ], [ 629200.125, 5220820.700000000186265 ], [ 629200.050000000046566, 5220820.549999999813735 ], [ 629199.875, 5220820.599999999627471 ], [ 629199.725000000093132, 5220820.950000000186265 ], [ 629199.700000000069849, 5220821.224999999627471 ], [ 629199.775000000023283, 5220821.400000000372529 ] ], [ [ 629213.625, 5220821.400000000372529 ], [ 629213.800000000046566, 5220821.400000000372529 ], [ 629213.725000000093132, 5220821.174999999813735 ], [ 629213.175000000046566, 5220821.150000000372529 ], [ 629213.200000000069849, 5220821.25 ], [ 629213.375, 5220821.25 ], [ 629213.625, 5220821.400000000372529 ] ], [ [ 629229.625, 5220821.375 ], [ 629229.700000000069849, 5220821.400000000372529 ], [ 629229.700000000069849, 5220821.375 ], [ 629229.625, 5220821.375 ] ], [ [ 629221.775000000023283, 5220821.349999999627471 ], [ 629221.800000000046566, 5220821.375 ], [ 629221.800000000046566, 5220821.349999999627471 ], [ 629221.775000000023283, 5220821.349999999627471 ] ], [ [ 629221.800000000046566, 5220821.275000000372529 ], [ 629221.825000000069849, 5220821.325000000186265 ], [ 629221.825000000069849, 5220821.275000000372529 ], [ 629221.800000000046566, 5220821.275000000372529 ] ], [ [ 629221.825000000069849, 5220821.224999999627471 ], [ 629221.850000000093132, 5220821.275000000372529 ], [ 629221.850000000093132, 5220821.224999999627471 ], [ 629221.825000000069849, 5220821.224999999627471 ] ], [ [ 629224.825000000069849, 5220821.25 ], [ 629224.850000000093132, 5220821.275000000372529 ], [ 629224.850000000093132, 5220821.25 ], [ 629224.825000000069849, 5220821.25 ] ], [ [ 629224.800000000046566, 5220821.200000000186265 ], [ 629224.825000000069849, 5220821.224999999627471 ], [ 629224.825000000069849, 5220821.200000000186265 ], [ 629224.800000000046566, 5220821.200000000186265 ] ], [ [ 629224.775000000023283, 5220821.150000000372529 ], [ 629224.800000000046566, 5220821.174999999813735 ], [ 629224.800000000046566, 5220821.150000000372529 ], [ 629224.775000000023283, 5220821.150000000372529 ] ], [ [ 629210.850000000093132, 5220821.150000000372529 ], [ 629210.875, 5220820.924999999813735 ], [ 629210.725000000093132, 5220820.900000000372529 ], [ 629210.75, 5220821.025000000372529 ], [ 629210.850000000093132, 5220821.150000000372529 ] ], [ [ 629213.725000000093132, 5220821.075000000186265 ], [ 629213.775000000023283, 5220820.700000000186265 ], [ 629213.675000000046566, 5220820.599999999627471 ], [ 629213.725000000093132, 5220820.299999999813735 ], [ 629213.625, 5220820.299999999813735 ], [ 629213.450000000069849, 5220820.424999999813735 ], [ 629213.400000000023283, 5220820.700000000186265 ], [ 629213.475000000093132, 5220820.900000000372529 ], [ 629213.700000000069849, 5220820.974999999627471 ], [ 629213.725000000093132, 5220821.075000000186265 ] ], [ [ 629224.700000000069849, 5220821.049999999813735 ], [ 629224.725000000093132, 5220820.924999999813735 ], [ 629224.600000000093132, 5220820.950000000186265 ], [ 629224.600000000093132, 5220821.025000000372529 ], [ 629224.700000000069849, 5220821.049999999813735 ] ], [ [ 629208.175000000046566, 5220820.950000000186265 ], [ 629208.475000000093132, 5220820.875 ], [ 629208.600000000093132, 5220820.674999999813735 ], [ 629208.600000000093132, 5220820.375 ], [ 629208.800000000046566, 5220820.299999999813735 ], [ 629208.800000000046566, 5220820.049999999813735 ], [ 629208.975000000093132, 5220819.950000000186265 ], [ 629208.675000000046566, 5220819.974999999627471 ], [ 629208.5, 5220819.775000000372529 ], [ 629208.575000000069849, 5220819.525000000372529 ], [ 629208.775000000023283, 5220819.349999999627471 ], [ 629208.875, 5220818.700000000186265 ], [ 629208.625, 5220818.825000000186265 ], [ 629208.675000000046566, 5220819.200000000186265 ], [ 629208.350000000093132, 5220819.549999999813735 ], [ 629208.425000000046566, 5220819.875 ], [ 629208.25, 5220819.950000000186265 ], [ 629208.300000000046566, 5220820.400000000372529 ], [ 629208.125, 5220820.775000000372529 ], [ 629208.175000000046566, 5220820.950000000186265 ] ], [ [ 629218.850000000093132, 5220820.924999999813735 ], [ 629219.025000000023283, 5220820.875 ], [ 629219.100000000093132, 5220820.625 ], [ 629219.375, 5220820.650000000372529 ], [ 629219.450000000069849, 5220820.575000000186265 ], [ 629219.350000000093132, 5220820.325000000186265 ], [ 629219.350000000093132, 5220820.174999999813735 ], [ 629219.425000000046566, 5220820.150000000372529 ], [ 629219.375, 5220820.025000000372529 ], [ 629219.200000000069849, 5220820.099999999627471 ], [ 629219.200000000069849, 5220820.275000000372529 ], [ 629219.025000000023283, 5220820.375 ], [ 629219.025000000023283, 5220820.575000000186265 ], [ 629218.800000000046566, 5220820.799999999813735 ], [ 629218.850000000093132, 5220820.924999999813735 ] ], [ [ 629200.025000000023283, 5220820.825000000186265 ], [ 629200.050000000046566, 5220820.849999999627471 ], [ 629200.050000000046566, 5220820.825000000186265 ], [ 629200.025000000023283, 5220820.825000000186265 ] ], [ [ 629224.700000000069849, 5220820.674999999813735 ], [ 629224.825000000069849, 5220820.650000000372529 ], [ 629224.850000000093132, 5220820.549999999813735 ], [ 629224.600000000093132, 5220820.525000000372529 ], [ 629224.700000000069849, 5220820.674999999813735 ] ], [ [ 629202.725000000093132, 5220820.625 ], [ 629202.900000000023283, 5220820.549999999813735 ], [ 629203.175000000046566, 5220819.825000000186265 ], [ 629203.375, 5220819.674999999813735 ], [ 629203.475000000093132, 5220819.224999999627471 ], [ 629203.700000000069849, 5220819.075000000186265 ], [ 629203.725000000093132, 5220818.474999999627471 ], [ 629203.625, 5220818.325000000186265 ], [ 629203.325000000069849, 5220818.424999999813735 ], [ 629203.325000000069849, 5220818.900000000372529 ], [ 629202.800000000046566, 5220819.549999999813735 ], [ 629202.800000000046566, 5220820.125 ], [ 629202.675000000046566, 5220820.5 ], [ 629202.725000000093132, 5220820.625 ] ], [ [ 629216.525000000023283, 5220820.625 ], [ 629216.700000000069849, 5220820.625 ], [ 629216.900000000023283, 5220820.474999999627471 ], [ 629216.850000000093132, 5220820.25 ], [ 629216.725000000093132, 5220820.224999999627471 ], [ 629216.525000000023283, 5220820.400000000372529 ], [ 629216.525000000023283, 5220820.625 ] ], [ [ 629200.125, 5220820.575000000186265 ], [ 629200.150000000023283, 5220820.599999999627471 ], [ 629200.150000000023283, 5220820.575000000186265 ], [ 629200.125, 5220820.575000000186265 ] ], [ [ 629222.100000000093132, 5220820.549999999813735 ], [ 629222.125, 5220820.599999999627471 ], [ 629222.125, 5220820.549999999813735 ], [ 629222.100000000093132, 5220820.549999999813735 ] ], [ [ 629200.150000000023283, 5220820.525000000372529 ], [ 629200.175000000046566, 5220820.549999999813735 ], [ 629200.175000000046566, 5220820.525000000372529 ], [ 629200.150000000023283, 5220820.525000000372529 ] ], [ [ 629222.125, 5220820.5 ], [ 629222.150000000023283, 5220820.549999999813735 ], [ 629222.150000000023283, 5220820.5 ], [ 629222.125, 5220820.5 ] ], [ [ 629200.175000000046566, 5220820.450000000186265 ], [ 629200.200000000069849, 5220820.474999999627471 ], [ 629200.200000000069849, 5220820.450000000186265 ], [ 629200.175000000046566, 5220820.450000000186265 ] ], [ [ 629222.150000000023283, 5220820.450000000186265 ], [ 629222.175000000046566, 5220820.474999999627471 ], [ 629222.175000000046566, 5220820.450000000186265 ], [ 629222.150000000023283, 5220820.450000000186265 ] ], [ [ 629200.200000000069849, 5220820.400000000372529 ], [ 629200.225000000093132, 5220820.424999999813735 ], [ 629200.225000000093132, 5220820.400000000372529 ], [ 629200.200000000069849, 5220820.400000000372529 ] ], [ [ 629213.850000000093132, 5220820.400000000372529 ], [ 629213.875, 5220820.424999999813735 ], [ 629213.875, 5220820.400000000372529 ], [ 629213.850000000093132, 5220820.400000000372529 ] ], [ [ 629197.375, 5220820.349999999627471 ], [ 629197.525000000023283, 5220820.349999999627471 ], [ 629197.525000000023283, 5220820.224999999627471 ], [ 629197.650000000023283, 5220820.125 ], [ 629197.650000000023283, 5220819.974999999627471 ], [ 629197.775000000023283, 5220819.825000000186265 ], [ 629197.75, 5220819.674999999813735 ], [ 629197.575000000069849, 5220819.674999999813735 ], [ 629197.600000000093132, 5220819.950000000186265 ], [ 629197.450000000069849, 5220820.099999999627471 ], [ 629197.200000000069849, 5220820.075000000186265 ], [ 629197.200000000069849, 5220820.150000000372529 ], [ 629197.350000000093132, 5220820.200000000186265 ], [ 629197.375, 5220820.349999999627471 ] ], [ [ 629200.225000000093132, 5220820.325000000186265 ], [ 629200.25, 5220820.349999999627471 ], [ 629200.25, 5220820.325000000186265 ], [ 629200.225000000093132, 5220820.325000000186265 ] ], [ [ 629200.075000000069849, 5220820.325000000186265 ], [ 629200.275000000023283, 5220820.299999999813735 ], [ 629200.575000000069849, 5220819.625 ], [ 629200.600000000093132, 5220819.400000000372529 ], [ 629200.850000000093132, 5220819.224999999627471 ], [ 629200.875, 5220819.150000000372529 ], [ 629200.575000000069849, 5220819.150000000372529 ], [ 629200.600000000093132, 5220819.224999999627471 ], [ 629200.400000000023283, 5220819.349999999627471 ], [ 629200.100000000093132, 5220819.799999999813735 ], [ 629200.025000000023283, 5220820.174999999813735 ], [ 629200.075000000069849, 5220820.325000000186265 ] ], [ [ 629224.475000000093132, 5220820.224999999627471 ], [ 629224.75, 5220820.325000000186265 ], [ 629224.875, 5220820.174999999813735 ], [ 629225.050000000046566, 5220820.174999999813735 ], [ 629225.075000000069849, 5220820.075000000186265 ], [ 629225.200000000069849, 5220820.049999999813735 ], [ 629225.200000000069849, 5220819.875 ], [ 629225.350000000093132, 5220819.825000000186265 ], [ 629225.075000000069849, 5220819.5 ], [ 629224.925000000046566, 5220819.5 ], [ 629224.975000000093132, 5220819.799999999813735 ], [ 629224.900000000023283, 5220820.025000000372529 ], [ 629224.475000000093132, 5220820.099999999627471 ], [ 629224.475000000093132, 5220820.224999999627471 ] ], [ [ 629229.775000000023283, 5220820.275000000372529 ], [ 629229.800000000046566, 5220820.299999999813735 ], [ 629229.800000000046566, 5220820.275000000372529 ], [ 629229.775000000023283, 5220820.275000000372529 ] ], [ [ 629213.900000000023283, 5220820.099999999627471 ], [ 629214.200000000069849, 5220820.224999999627471 ], [ 629214.225000000093132, 5220820.150000000372529 ], [ 629214.150000000023283, 5220819.875 ], [ 629214.325000000069849, 5220819.625 ], [ 629214.350000000093132, 5220819.325000000186265 ], [ 629214.5, 5220819.299999999813735 ], [ 629214.5, 5220819.099999999627471 ], [ 629214.175000000046566, 5220818.974999999627471 ], [ 629214.025000000023283, 5220818.974999999627471 ], [ 629214.025000000023283, 5220819.525000000372529 ], [ 629213.875, 5220819.700000000186265 ], [ 629213.900000000023283, 5220820.099999999627471 ] ], [ [ 629211.125, 5220820.150000000372529 ], [ 629211.425000000046566, 5220820.075000000186265 ], [ 629211.450000000069849, 5220819.849999999627471 ], [ 629211.375, 5220819.724999999627471 ], [ 629211.25, 5220819.75 ], [ 629211.150000000023283, 5220819.924999999813735 ], [ 629211.050000000046566, 5220819.924999999813735 ], [ 629211.125, 5220820.150000000372529 ] ], [ [ 629216.75, 5220820.049999999813735 ], [ 629216.775000000023283, 5220820.125 ], [ 629216.775000000023283, 5220820.049999999813735 ], [ 629216.75, 5220820.049999999813735 ] ], [ [ 629216.725000000093132, 5220819.924999999813735 ], [ 629217.050000000046566, 5220819.849999999627471 ], [ 629217.225000000093132, 5220819.400000000372529 ], [ 629217.075000000069849, 5220818.875 ], [ 629216.975000000093132, 5220818.875 ], [ 629217.0, 5220819.25 ], [ 629216.600000000093132, 5220819.474999999627471 ], [ 629216.725000000093132, 5220819.924999999813735 ] ], [ [ 629219.75, 5220819.900000000372529 ], [ 629219.825000000069849, 5220819.900000000372529 ], [ 629219.875, 5220819.650000000372529 ], [ 629219.875, 5220819.549999999813735 ], [ 629219.725000000093132, 5220819.400000000372529 ], [ 629219.800000000046566, 5220819.150000000372529 ], [ 629219.75, 5220819.0 ], [ 629219.575000000069849, 5220818.974999999627471 ], [ 629219.475000000093132, 5220819.025000000372529 ], [ 629219.450000000069849, 5220819.25 ], [ 629219.525000000023283, 5220819.400000000372529 ], [ 629219.800000000046566, 5220819.599999999627471 ], [ 629219.75, 5220819.900000000372529 ] ], [ [ 629222.400000000023283, 5220819.849999999627471 ], [ 629222.425000000046566, 5220819.875 ], [ 629222.425000000046566, 5220819.849999999627471 ], [ 629222.400000000023283, 5220819.849999999627471 ] ], [ [ 629230.575000000069849, 5220819.849999999627471 ], [ 629230.675000000046566, 5220819.875 ], [ 629230.675000000046566, 5220819.849999999627471 ], [ 629230.575000000069849, 5220819.849999999627471 ] ], [ [ 629205.800000000046566, 5220819.75 ], [ 629205.900000000023283, 5220819.75 ], [ 629205.975000000093132, 5220819.375 ], [ 629205.800000000046566, 5220819.474999999627471 ], [ 629205.800000000046566, 5220819.75 ] ], [ [ 629211.375, 5220819.674999999813735 ], [ 629211.400000000023283, 5220819.700000000186265 ], [ 629211.400000000023283, 5220819.674999999813735 ], [ 629211.375, 5220819.674999999813735 ] ], [ [ 629211.400000000023283, 5220819.575000000186265 ], [ 629211.425000000046566, 5220819.599999999627471 ], [ 629211.425000000046566, 5220819.575000000186265 ], [ 629211.400000000023283, 5220819.575000000186265 ] ], [ [ 629211.350000000093132, 5220819.5 ], [ 629211.75, 5220819.599999999627471 ], [ 629211.800000000046566, 5220819.424999999813735 ], [ 629211.675000000046566, 5220819.25 ], [ 629211.525000000023283, 5220819.25 ], [ 629211.350000000093132, 5220819.400000000372529 ], [ 629211.350000000093132, 5220819.5 ] ], [ [ 629222.600000000093132, 5220819.349999999627471 ], [ 629222.625, 5220819.400000000372529 ], [ 629222.625, 5220819.349999999627471 ], [ 629222.600000000093132, 5220819.349999999627471 ] ], [ [ 629205.975000000093132, 5220819.375 ], [ 629206.150000000023283, 5220819.349999999627471 ], [ 629206.200000000069849, 5220819.200000000186265 ], [ 629206.0, 5220819.275000000372529 ], [ 629205.975000000093132, 5220819.375 ] ], [ [ 629222.625, 5220819.299999999813735 ], [ 629222.650000000023283, 5220819.325000000186265 ], [ 629222.650000000023283, 5220819.299999999813735 ], [ 629222.625, 5220819.299999999813735 ] ], [ [ 629225.525000000023283, 5220819.299999999813735 ], [ 629225.625, 5220819.299999999813735 ], [ 629225.650000000023283, 5220819.200000000186265 ], [ 629225.475000000093132, 5220819.174999999813735 ], [ 629225.325000000069849, 5220818.974999999627471 ], [ 629225.350000000093132, 5220818.599999999627471 ], [ 629225.75, 5220818.525000000372529 ], [ 629225.900000000023283, 5220818.400000000372529 ], [ 629225.875, 5220818.299999999813735 ], [ 629225.600000000093132, 5220818.150000000372529 ], [ 629225.800000000046566, 5220818.025000000372529 ], [ 629225.950000000069849, 5220818.174999999813735 ], [ 629226.050000000046566, 5220818.174999999813735 ], [ 629226.075000000069849, 5220817.799999999813735 ], [ 629225.75, 5220817.799999999813735 ], [ 629225.725000000093132, 5220817.950000000186265 ], [ 629225.525000000023283, 5220818.049999999813735 ], [ 629225.450000000069849, 5220818.325000000186265 ], [ 629225.175000000046566, 5220818.575000000186265 ], [ 629225.100000000093132, 5220818.924999999813735 ], [ 629224.825000000069849, 5220819.049999999813735 ], [ 629224.825000000069849, 5220819.174999999813735 ], [ 629225.25, 5220819.049999999813735 ], [ 629225.525000000023283, 5220819.299999999813735 ] ], [ [ 629222.650000000023283, 5220819.224999999627471 ], [ 629222.675000000046566, 5220819.275000000372529 ], [ 629222.675000000046566, 5220819.224999999627471 ], [ 629222.650000000023283, 5220819.224999999627471 ] ], [ [ 629222.675000000046566, 5220819.174999999813735 ], [ 629222.700000000069849, 5220819.200000000186265 ], [ 629222.700000000069849, 5220819.174999999813735 ], [ 629222.675000000046566, 5220819.174999999813735 ] ], [ [ 629209.150000000023283, 5220819.150000000372529 ], [ 629209.175000000046566, 5220819.174999999813735 ], [ 629209.175000000046566, 5220819.150000000372529 ], [ 629209.150000000023283, 5220819.150000000372529 ] ], [ [ 629200.550000000046566, 5220819.099999999627471 ], [ 629200.575000000069849, 5220819.150000000372529 ], [ 629200.575000000069849, 5220819.099999999627471 ], [ 629200.550000000046566, 5220819.099999999627471 ] ], [ [ 629200.875, 5220819.099999999627471 ], [ 629200.900000000023283, 5220819.150000000372529 ], [ 629200.900000000023283, 5220819.099999999627471 ], [ 629200.875, 5220819.099999999627471 ] ], [ [ 629209.175000000046566, 5220819.125 ], [ 629209.200000000069849, 5220819.150000000372529 ], [ 629209.200000000069849, 5220819.125 ], [ 629209.175000000046566, 5220819.125 ] ], [ [ 629222.700000000069849, 5220819.125 ], [ 629222.725000000093132, 5220819.150000000372529 ], [ 629222.725000000093132, 5220819.125 ], [ 629222.700000000069849, 5220819.125 ] ], [ [ 629209.200000000069849, 5220819.075000000186265 ], [ 629209.225000000093132, 5220819.099999999627471 ], [ 629209.225000000093132, 5220819.075000000186265 ], [ 629209.200000000069849, 5220819.075000000186265 ] ], [ [ 629211.650000000023283, 5220819.099999999627471 ], [ 629211.975000000093132, 5220819.049999999813735 ], [ 629212.0, 5220818.674999999813735 ], [ 629212.225000000093132, 5220818.549999999813735 ], [ 629212.175000000046566, 5220818.25 ], [ 629212.400000000023283, 5220818.150000000372529 ], [ 629212.350000000093132, 5220817.599999999627471 ], [ 629212.675000000046566, 5220817.325000000186265 ], [ 629212.75, 5220817.150000000372529 ], [ 629212.700000000069849, 5220816.924999999813735 ], [ 629212.800000000046566, 5220816.825000000186265 ], [ 629212.450000000069849, 5220816.924999999813735 ], [ 629212.5, 5220817.299999999813735 ], [ 629212.300000000046566, 5220817.450000000186265 ], [ 629212.325000000069849, 5220817.599999999627471 ], [ 629212.125, 5220817.625 ], [ 629212.050000000046566, 5220817.799999999813735 ], [ 629212.100000000093132, 5220818.049999999813735 ], [ 629211.900000000023283, 5220818.325000000186265 ], [ 629211.900000000023283, 5220818.474999999627471 ], [ 629211.800000000046566, 5220818.525000000372529 ], [ 629211.800000000046566, 5220818.724999999627471 ], [ 629211.725000000093132, 5220818.775000000372529 ], [ 629211.650000000023283, 5220819.099999999627471 ] ], [ [ 629200.75, 5220819.049999999813735 ], [ 629200.775000000023283, 5220819.075000000186265 ], [ 629200.775000000023283, 5220819.049999999813735 ], [ 629200.75, 5220819.049999999813735 ] ], [ [ 629200.900000000023283, 5220819.075000000186265 ], [ 629200.925000000046566, 5220818.875 ], [ 629200.900000000023283, 5220818.875 ], [ 629200.900000000023283, 5220818.75 ], [ 629200.875, 5220818.75 ], [ 629200.875, 5220818.674999999813735 ], [ 629200.850000000093132, 5220818.674999999813735 ], [ 629200.900000000023283, 5220819.075000000186265 ] ], [ [ 629209.225000000093132, 5220819.049999999813735 ], [ 629209.25, 5220819.075000000186265 ], [ 629209.25, 5220819.049999999813735 ], [ 629209.225000000093132, 5220819.049999999813735 ] ], [ [ 629222.725000000093132, 5220819.049999999813735 ], [ 629222.75, 5220819.075000000186265 ], [ 629222.75, 5220819.049999999813735 ], [ 629222.725000000093132, 5220819.049999999813735 ] ], [ [ 629200.525000000023283, 5220819.025000000372529 ], [ 629200.550000000046566, 5220819.049999999813735 ], [ 629200.550000000046566, 5220819.025000000372529 ], [ 629200.525000000023283, 5220819.025000000372529 ] ], [ [ 629214.650000000023283, 5220819.0 ], [ 629214.775000000023283, 5220819.0 ], [ 629214.675000000046566, 5220818.900000000372529 ], [ 629214.950000000069849, 5220818.674999999813735 ], [ 629214.800000000046566, 5220818.474999999627471 ], [ 629215.025000000023283, 5220818.349999999627471 ], [ 629215.075000000069849, 5220817.849999999627471 ], [ 629215.350000000093132, 5220817.700000000186265 ], [ 629215.425000000046566, 5220817.400000000372529 ], [ 629215.350000000093132, 5220816.974999999627471 ], [ 629215.725000000093132, 5220816.724999999627471 ], [ 629215.800000000046566, 5220816.099999999627471 ], [ 629216.075000000069849, 5220816.025000000372529 ], [ 629216.150000000023283, 5220815.450000000186265 ], [ 629216.400000000023283, 5220815.125 ], [ 629216.300000000046566, 5220814.775000000372529 ], [ 629216.425000000046566, 5220814.575000000186265 ], [ 629216.575000000069849, 5220814.549999999813735 ], [ 629216.675000000046566, 5220814.275000000372529 ], [ 629216.650000000023283, 5220814.125 ], [ 629216.450000000069849, 5220814.174999999813735 ], [ 629216.275000000023283, 5220814.375 ], [ 629216.275000000023283, 5220814.825000000186265 ], [ 629215.925000000046566, 5220814.849999999627471 ], [ 629215.850000000093132, 5220815.200000000186265 ], [ 629215.975000000093132, 5220815.400000000372529 ], [ 629215.75, 5220815.424999999813735 ], [ 629215.725000000093132, 5220815.575000000186265 ], [ 629215.75, 5220815.700000000186265 ], [ 629215.975000000093132, 5220815.775000000372529 ], [ 629215.975000000093132, 5220815.875 ], [ 629215.900000000023283, 5220815.950000000186265 ], [ 629215.600000000093132, 5220815.974999999627471 ], [ 629215.600000000093132, 5220816.150000000372529 ], [ 629215.425000000046566, 5220816.275000000372529 ], [ 629215.475000000093132, 5220816.5 ], [ 629215.325000000069849, 5220816.625 ], [ 629215.375, 5220816.849999999627471 ], [ 629215.050000000046566, 5220817.200000000186265 ], [ 629214.850000000093132, 5220818.125 ], [ 629214.575000000069849, 5220818.200000000186265 ], [ 629214.550000000046566, 5220818.375 ], [ 629214.400000000023283, 5220818.450000000186265 ], [ 629214.400000000023283, 5220818.625 ], [ 629214.650000000023283, 5220819.0 ] ], [ [ 629209.300000000046566, 5220818.950000000186265 ], [ 629209.325000000069849, 5220818.974999999627471 ], [ 629209.325000000069849, 5220818.950000000186265 ], [ 629209.300000000046566, 5220818.950000000186265 ] ], [ [ 629200.800000000046566, 5220818.924999999813735 ], [ 629200.825000000069849, 5220818.950000000186265 ], [ 629200.825000000069849, 5220818.924999999813735 ], [ 629200.800000000046566, 5220818.924999999813735 ] ], [ [ 629209.325000000069849, 5220818.924999999813735 ], [ 629209.375, 5220818.775000000372529 ], [ 629209.25, 5220818.575000000186265 ], [ 629209.575000000069849, 5220818.349999999627471 ], [ 629209.550000000046566, 5220818.099999999627471 ], [ 629209.725000000093132, 5220817.900000000372529 ], [ 629209.725000000093132, 5220817.474999999627471 ], [ 629209.800000000046566, 5220817.450000000186265 ], [ 629209.625, 5220817.349999999627471 ], [ 629209.600000000093132, 5220817.450000000186265 ], [ 629209.350000000093132, 5220817.575000000186265 ], [ 629209.325000000069849, 5220817.849999999627471 ], [ 629209.100000000093132, 5220818.049999999813735 ], [ 629209.125, 5220818.275000000372529 ], [ 629208.950000000069849, 5220818.400000000372529 ], [ 629208.950000000069849, 5220818.599999999627471 ], [ 629209.150000000023283, 5220818.549999999813735 ], [ 629209.300000000046566, 5220818.724999999627471 ], [ 629209.325000000069849, 5220818.924999999813735 ] ], [ [ 629200.825000000069849, 5220818.875 ], [ 629200.850000000093132, 5220818.900000000372529 ], [ 629200.850000000093132, 5220818.875 ], [ 629200.825000000069849, 5220818.875 ] ], [ [ 629220.0, 5220818.825000000186265 ], [ 629220.25, 5220818.75 ], [ 629220.450000000069849, 5220818.224999999627471 ], [ 629220.425000000046566, 5220818.0 ], [ 629220.325000000069849, 5220817.900000000372529 ], [ 629220.675000000046566, 5220817.549999999813735 ], [ 629220.725000000093132, 5220817.224999999627471 ], [ 629220.650000000023283, 5220816.875 ], [ 629220.375, 5220816.950000000186265 ], [ 629220.200000000069849, 5220817.549999999813735 ], [ 629220.100000000093132, 5220817.599999999627471 ], [ 629220.025000000023283, 5220817.799999999813735 ], [ 629220.025000000023283, 5220818.049999999813735 ], [ 629219.800000000046566, 5220818.375 ], [ 629219.800000000046566, 5220818.575000000186265 ], [ 629220.0, 5220818.825000000186265 ] ], [ [ 629223.300000000046566, 5220818.75 ], [ 629223.600000000093132, 5220818.150000000372529 ], [ 629223.700000000069849, 5220817.674999999813735 ], [ 629223.875, 5220817.474999999627471 ], [ 629224.0, 5220816.900000000372529 ], [ 629224.175000000046566, 5220816.75 ], [ 629224.225000000093132, 5220816.474999999627471 ], [ 629224.5, 5220815.924999999813735 ], [ 629224.475000000093132, 5220815.474999999627471 ], [ 629224.75, 5220815.275000000372529 ], [ 629224.950000000069849, 5220814.674999999813735 ], [ 629224.850000000093132, 5220814.674999999813735 ], [ 629224.675000000046566, 5220814.900000000372529 ], [ 629224.150000000023283, 5220814.950000000186265 ], [ 629224.225000000093132, 5220815.5 ], [ 629224.025000000023283, 5220815.625 ], [ 629224.025000000023283, 5220815.724999999627471 ], [ 629224.300000000046566, 5220816.075000000186265 ], [ 629224.050000000046566, 5220816.125 ], [ 629224.025000000023283, 5220816.275000000372529 ], [ 629223.875, 5220816.400000000372529 ], [ 629224.050000000046566, 5220816.575000000186265 ], [ 629224.050000000046566, 5220816.75 ], [ 629223.900000000023283, 5220816.900000000372529 ], [ 629223.550000000046566, 5220816.799999999813735 ], [ 629223.5, 5220816.974999999627471 ], [ 629223.150000000023283, 5220817.049999999813735 ], [ 629223.150000000023283, 5220817.125 ], [ 629223.275000000023283, 5220817.125 ], [ 629223.400000000023283, 5220817.25 ], [ 629223.125, 5220817.700000000186265 ], [ 629223.050000000046566, 5220818.174999999813735 ], [ 629223.050000000046566, 5220818.299999999813735 ], [ 629223.200000000069849, 5220818.474999999627471 ], [ 629223.175000000046566, 5220818.650000000372529 ], [ 629223.300000000046566, 5220818.75 ] ], [ [ 629208.875, 5220818.674999999813735 ], [ 629208.900000000023283, 5220818.700000000186265 ], [ 629208.900000000023283, 5220818.674999999813735 ], [ 629208.875, 5220818.674999999813735 ] ], [ [ 629200.825000000069849, 5220818.674999999813735 ], [ 629200.900000000023283, 5220818.424999999813735 ], [ 629201.050000000046566, 5220818.400000000372529 ], [ 629201.150000000023283, 5220818.275000000372529 ], [ 629201.150000000023283, 5220817.875 ], [ 629201.350000000093132, 5220817.799999999813735 ], [ 629201.5, 5220817.625 ], [ 629201.450000000069849, 5220817.224999999627471 ], [ 629201.475000000093132, 5220817.0 ], [ 629201.575000000069849, 5220816.924999999813735 ], [ 629201.525000000023283, 5220816.799999999813735 ], [ 629201.5, 5220816.799999999813735 ], [ 629201.475000000093132, 5220816.849999999627471 ], [ 629201.450000000069849, 5220816.950000000186265 ], [ 629201.375, 5220817.025000000372529 ], [ 629201.25, 5220817.075000000186265 ], [ 629201.25, 5220817.174999999813735 ], [ 629201.375, 5220817.25 ], [ 629201.375, 5220817.450000000186265 ], [ 629201.175000000046566, 5220817.650000000372529 ], [ 629201.100000000093132, 5220817.875 ], [ 629200.875, 5220818.075000000186265 ], [ 629200.825000000069849, 5220818.450000000186265 ], [ 629200.550000000046566, 5220818.575000000186265 ], [ 629200.825000000069849, 5220818.674999999813735 ] ], [ [ 629217.275000000023283, 5220818.625 ], [ 629217.550000000046566, 5220818.674999999813735 ], [ 629217.550000000046566, 5220818.549999999813735 ], [ 629217.525000000023283, 5220818.424999999813735 ], [ 629217.400000000023283, 5220818.375 ], [ 629217.300000000046566, 5220818.450000000186265 ], [ 629217.275000000023283, 5220818.625 ] ], [ [ 629200.925000000046566, 5220818.625 ], [ 629200.950000000069849, 5220818.650000000372529 ], [ 629200.950000000069849, 5220818.625 ], [ 629200.925000000046566, 5220818.625 ] ], [ [ 629208.900000000023283, 5220818.625 ], [ 629208.925000000046566, 5220818.650000000372529 ], [ 629208.925000000046566, 5220818.625 ], [ 629208.900000000023283, 5220818.625 ] ], [ [ 629222.900000000023283, 5220818.625 ], [ 629222.925000000046566, 5220818.650000000372529 ], [ 629222.925000000046566, 5220818.625 ], [ 629222.900000000023283, 5220818.625 ] ], [ [ 629200.525000000023283, 5220818.599999999627471 ], [ 629200.550000000046566, 5220818.625 ], [ 629200.550000000046566, 5220818.599999999627471 ], [ 629200.525000000023283, 5220818.599999999627471 ] ], [ [ 629208.925000000046566, 5220818.599999999627471 ], [ 629208.950000000069849, 5220818.625 ], [ 629208.950000000069849, 5220818.599999999627471 ], [ 629208.925000000046566, 5220818.599999999627471 ] ], [ [ 629222.925000000046566, 5220818.575000000186265 ], [ 629222.950000000069849, 5220818.599999999627471 ], [ 629222.950000000069849, 5220818.575000000186265 ], [ 629222.925000000046566, 5220818.575000000186265 ] ], [ [ 629222.950000000069849, 5220818.525000000372529 ], [ 629222.975000000093132, 5220818.549999999813735 ], [ 629222.975000000093132, 5220818.525000000372529 ], [ 629222.950000000069849, 5220818.525000000372529 ] ], [ [ 629200.975000000093132, 5220818.5 ], [ 629201.0, 5220818.525000000372529 ], [ 629201.0, 5220818.5 ], [ 629200.975000000093132, 5220818.5 ] ], [ [ 629201.0, 5220818.450000000186265 ], [ 629201.025000000023283, 5220818.474999999627471 ], [ 629201.025000000023283, 5220818.450000000186265 ], [ 629201.0, 5220818.450000000186265 ] ], [ [ 629222.975000000093132, 5220818.450000000186265 ], [ 629223.0, 5220818.474999999627471 ], [ 629223.0, 5220818.450000000186265 ], [ 629222.975000000093132, 5220818.450000000186265 ] ], [ [ 629223.0, 5220818.400000000372529 ], [ 629223.025000000023283, 5220818.424999999813735 ], [ 629223.025000000023283, 5220818.400000000372529 ], [ 629223.0, 5220818.400000000372529 ] ], [ [ 629223.025000000023283, 5220818.325000000186265 ], [ 629223.050000000046566, 5220818.349999999627471 ], [ 629223.050000000046566, 5220818.325000000186265 ], [ 629223.025000000023283, 5220818.325000000186265 ] ], [ [ 629230.975000000093132, 5220818.275000000372529 ], [ 629231.350000000093132, 5220818.25 ], [ 629231.350000000093132, 5220818.200000000186265 ], [ 629231.0, 5220818.125 ], [ 629230.975000000093132, 5220818.275000000372529 ] ], [ [ 629231.375, 5220818.224999999627471 ], [ 629231.475000000093132, 5220818.224999999627471 ], [ 629231.475000000093132, 5220817.849999999627471 ], [ 629231.400000000023283, 5220817.849999999627471 ], [ 629231.375, 5220818.224999999627471 ] ], [ [ 629203.475000000093132, 5220818.0 ], [ 629203.675000000046566, 5220818.0 ], [ 629203.825000000069849, 5220817.724999999627471 ], [ 629203.975000000093132, 5220817.775000000372529 ], [ 629204.200000000069849, 5220817.724999999627471 ], [ 629204.350000000093132, 5220817.299999999813735 ], [ 629204.350000000093132, 5220816.950000000186265 ], [ 629204.475000000093132, 5220816.775000000372529 ], [ 629204.475000000093132, 5220816.549999999813735 ], [ 629204.675000000046566, 5220816.349999999627471 ], [ 629204.800000000046566, 5220816.325000000186265 ], [ 629204.800000000046566, 5220815.924999999813735 ], [ 629204.700000000069849, 5220815.950000000186265 ], [ 629204.600000000093132, 5220816.400000000372529 ], [ 629204.475000000093132, 5220816.525000000372529 ], [ 629204.150000000023283, 5220816.575000000186265 ], [ 629204.050000000046566, 5220816.775000000372529 ], [ 629204.100000000093132, 5220817.025000000372529 ], [ 629203.925000000046566, 5220817.299999999813735 ], [ 629203.700000000069849, 5220817.474999999627471 ], [ 629203.650000000023283, 5220817.674999999813735 ], [ 629203.5, 5220817.775000000372529 ], [ 629203.475000000093132, 5220818.0 ] ], [ [ 629201.200000000069849, 5220817.950000000186265 ], [ 629201.225000000093132, 5220817.974999999627471 ], [ 629201.225000000093132, 5220817.950000000186265 ], [ 629201.200000000069849, 5220817.950000000186265 ] ], [ [ 629201.225000000093132, 5220817.900000000372529 ], [ 629201.25, 5220817.924999999813735 ], [ 629201.25, 5220817.900000000372529 ], [ 629201.225000000093132, 5220817.900000000372529 ] ], [ [ 629225.325000000069849, 5220817.799999999813735 ], [ 629225.350000000093132, 5220817.825000000186265 ], [ 629225.350000000093132, 5220817.799999999813735 ], [ 629225.325000000069849, 5220817.799999999813735 ] ], [ [ 629225.350000000093132, 5220817.799999999813735 ], [ 629225.600000000093132, 5220817.575000000186265 ], [ 629225.650000000023283, 5220817.349999999627471 ], [ 629225.850000000093132, 5220817.299999999813735 ], [ 629225.725000000093132, 5220817.299999999813735 ], [ 629225.575000000069849, 5220817.174999999813735 ], [ 629225.350000000093132, 5220817.799999999813735 ] ], [ [ 629226.075000000069849, 5220817.775000000372529 ], [ 629226.100000000093132, 5220817.799999999813735 ], [ 629226.100000000093132, 5220817.775000000372529 ], [ 629226.075000000069849, 5220817.775000000372529 ] ], [ [ 629226.100000000093132, 5220817.700000000186265 ], [ 629226.125, 5220817.724999999627471 ], [ 629226.125, 5220817.700000000186265 ], [ 629226.100000000093132, 5220817.700000000186265 ] ], [ [ 629217.75, 5220817.700000000186265 ], [ 629217.875, 5220817.700000000186265 ], [ 629217.975000000093132, 5220817.450000000186265 ], [ 629218.25, 5220817.275000000372529 ], [ 629218.25, 5220817.049999999813735 ], [ 629218.550000000046566, 5220817.025000000372529 ], [ 629218.650000000023283, 5220816.825000000186265 ], [ 629218.575000000069849, 5220816.599999999627471 ], [ 629218.300000000046566, 5220816.474999999627471 ], [ 629218.200000000069849, 5220816.299999999813735 ], [ 629218.300000000046566, 5220816.224999999627471 ], [ 629218.5, 5220816.275000000372529 ], [ 629218.5, 5220815.924999999813735 ], [ 629218.600000000093132, 5220815.849999999627471 ], [ 629218.400000000023283, 5220815.724999999627471 ], [ 629218.375, 5220815.575000000186265 ], [ 629218.600000000093132, 5220815.450000000186265 ], [ 629218.350000000093132, 5220815.450000000186265 ], [ 629218.400000000023283, 5220816.150000000372529 ], [ 629218.275000000023283, 5220816.200000000186265 ], [ 629218.175000000046566, 5220816.075000000186265 ], [ 629217.975000000093132, 5220816.099999999627471 ], [ 629217.925000000046566, 5220816.25 ], [ 629218.050000000046566, 5220816.325000000186265 ], [ 629218.025000000023283, 5220816.525000000372529 ], [ 629217.675000000046566, 5220816.5 ], [ 629217.575000000069849, 5220816.674999999813735 ], [ 629217.600000000093132, 5220816.900000000372529 ], [ 629217.825000000069849, 5220817.075000000186265 ], [ 629217.825000000069849, 5220817.174999999813735 ], [ 629217.700000000069849, 5220817.275000000372529 ], [ 629217.75, 5220817.700000000186265 ] ], [ [ 629231.550000000046566, 5220817.650000000372529 ], [ 629231.575000000069849, 5220817.674999999813735 ], [ 629231.575000000069849, 5220817.650000000372529 ], [ 629231.550000000046566, 5220817.650000000372529 ] ], [ [ 629226.125, 5220817.625 ], [ 629226.150000000023283, 5220817.650000000372529 ], [ 629226.150000000023283, 5220817.625 ], [ 629226.125, 5220817.625 ] ], [ [ 629226.150000000023283, 5220817.625 ], [ 629226.25, 5220817.599999999627471 ], [ 629226.175000000046566, 5220817.25 ], [ 629226.325000000069849, 5220817.200000000186265 ], [ 629226.325000000069849, 5220817.099999999627471 ], [ 629225.925000000046566, 5220817.025000000372529 ], [ 629226.0, 5220817.224999999627471 ], [ 629225.925000000046566, 5220817.349999999627471 ], [ 629226.150000000023283, 5220817.625 ] ], [ [ 629231.575000000069849, 5220817.625 ], [ 629231.675000000046566, 5220817.599999999627471 ], [ 629231.650000000023283, 5220817.349999999627471 ], [ 629231.525000000023283, 5220817.174999999813735 ], [ 629231.300000000046566, 5220817.150000000372529 ], [ 629231.375, 5220817.474999999627471 ], [ 629231.575000000069849, 5220817.625 ] ], [ [ 629209.875, 5220817.375 ], [ 629209.900000000023283, 5220817.174999999813735 ], [ 629210.050000000046566, 5220816.875 ], [ 629209.875, 5220817.025000000372529 ], [ 629209.875, 5220817.375 ] ], [ [ 629209.575000000069849, 5220817.299999999813735 ], [ 629209.600000000093132, 5220817.150000000372529 ], [ 629209.5, 5220817.075000000186265 ], [ 629209.575000000069849, 5220817.224999999627471 ], [ 629209.575000000069849, 5220817.299999999813735 ] ], [ [ 629201.5, 5220817.224999999627471 ], [ 629201.525000000023283, 5220817.25 ], [ 629201.525000000023283, 5220817.224999999627471 ], [ 629201.5, 5220817.224999999627471 ] ], [ [ 629198.825000000069849, 5220817.174999999813735 ], [ 629199.050000000046566, 5220817.150000000372529 ], [ 629199.050000000046566, 5220816.950000000186265 ], [ 629199.150000000023283, 5220816.900000000372529 ], [ 629199.0, 5220816.549999999813735 ], [ 629198.800000000046566, 5220816.599999999627471 ], [ 629198.800000000046566, 5220817.075000000186265 ], [ 629198.825000000069849, 5220817.174999999813735 ] ], [ [ 629228.850000000093132, 5220817.150000000372529 ], [ 629228.875, 5220817.174999999813735 ], [ 629228.875, 5220817.150000000372529 ], [ 629228.850000000093132, 5220817.150000000372529 ] ], [ [ 629228.875, 5220817.150000000372529 ], [ 629228.975000000093132, 5220817.150000000372529 ], [ 629228.975000000093132, 5220817.075000000186265 ], [ 629228.875, 5220817.075000000186265 ], [ 629228.875, 5220817.150000000372529 ] ], [ [ 629201.550000000046566, 5220817.099999999627471 ], [ 629201.575000000069849, 5220817.125 ], [ 629201.575000000069849, 5220817.099999999627471 ], [ 629201.550000000046566, 5220817.099999999627471 ] ], [ [ 629209.475000000093132, 5220816.900000000372529 ], [ 629209.5, 5220817.049999999813735 ], [ 629209.5, 5220816.900000000372529 ], [ 629209.475000000093132, 5220816.900000000372529 ] ], [ [ 629226.450000000069849, 5220817.0 ], [ 629226.625, 5220816.900000000372529 ], [ 629226.625, 5220816.700000000186265 ], [ 629226.875, 5220816.674999999813735 ], [ 629226.975000000093132, 5220816.450000000186265 ], [ 629227.0, 5220816.325000000186265 ], [ 629226.800000000046566, 5220816.150000000372529 ], [ 629226.925000000046566, 5220815.825000000186265 ], [ 629226.575000000069849, 5220815.950000000186265 ], [ 629226.200000000069849, 5220815.700000000186265 ], [ 629226.275000000023283, 5220815.849999999627471 ], [ 629226.225000000093132, 5220816.400000000372529 ], [ 629225.875, 5220816.400000000372529 ], [ 629225.775000000023283, 5220816.724999999627471 ], [ 629225.875, 5220816.599999999627471 ], [ 629225.975000000093132, 5220816.599999999627471 ], [ 629226.075000000069849, 5220816.724999999627471 ], [ 629226.300000000046566, 5220816.700000000186265 ], [ 629226.450000000069849, 5220817.0 ] ], [ [ 629231.825000000069849, 5220816.950000000186265 ], [ 629231.950000000069849, 5220816.950000000186265 ], [ 629231.950000000069849, 5220816.799999999813735 ], [ 629232.150000000023283, 5220816.625 ], [ 629232.050000000046566, 5220816.424999999813735 ], [ 629232.175000000046566, 5220816.25 ], [ 629232.125, 5220816.099999999627471 ], [ 629231.925000000046566, 5220816.099999999627471 ], [ 629231.850000000093132, 5220816.200000000186265 ], [ 629231.900000000023283, 5220816.424999999813735 ], [ 629231.600000000093132, 5220816.625 ], [ 629231.600000000093132, 5220816.775000000372529 ], [ 629231.825000000069849, 5220816.950000000186265 ] ], [ [ 629209.5, 5220816.875 ], [ 629209.525000000023283, 5220816.900000000372529 ], [ 629209.525000000023283, 5220816.875 ], [ 629209.5, 5220816.875 ] ], [ [ 629210.050000000046566, 5220816.849999999627471 ], [ 629210.075000000069849, 5220816.875 ], [ 629210.075000000069849, 5220816.849999999627471 ], [ 629210.050000000046566, 5220816.849999999627471 ] ], [ [ 629220.650000000023283, 5220816.849999999627471 ], [ 629220.675000000046566, 5220816.875 ], [ 629220.675000000046566, 5220816.849999999627471 ], [ 629220.650000000023283, 5220816.849999999627471 ] ], [ [ 629228.450000000069849, 5220816.825000000186265 ], [ 629228.5, 5220816.875 ], [ 629228.5, 5220816.799999999813735 ], [ 629228.450000000069849, 5220816.825000000186265 ] ], [ [ 629198.350000000093132, 5220816.799999999813735 ], [ 629198.375, 5220816.849999999627471 ], [ 629198.375, 5220816.799999999813735 ], [ 629198.350000000093132, 5220816.799999999813735 ] ], [ [ 629209.550000000046566, 5220816.825000000186265 ], [ 629209.575000000069849, 5220816.849999999627471 ], [ 629209.575000000069849, 5220816.825000000186265 ], [ 629209.550000000046566, 5220816.825000000186265 ] ], [ [ 629220.675000000046566, 5220816.825000000186265 ], [ 629220.700000000069849, 5220816.849999999627471 ], [ 629220.700000000069849, 5220816.825000000186265 ], [ 629220.675000000046566, 5220816.825000000186265 ] ], [ [ 629201.675000000046566, 5220816.799999999813735 ], [ 629201.700000000069849, 5220816.825000000186265 ], [ 629201.700000000069849, 5220816.799999999813735 ], [ 629201.675000000046566, 5220816.799999999813735 ] ], [ [ 629209.575000000069849, 5220816.799999999813735 ], [ 629209.600000000093132, 5220816.825000000186265 ], [ 629209.600000000093132, 5220816.799999999813735 ], [ 629209.575000000069849, 5220816.799999999813735 ] ], [ [ 629220.700000000069849, 5220816.825000000186265 ], [ 629220.800000000046566, 5220816.825000000186265 ], [ 629220.800000000046566, 5220816.724999999627471 ], [ 629220.700000000069849, 5220816.724999999627471 ], [ 629220.700000000069849, 5220816.825000000186265 ] ], [ [ 629201.475000000093132, 5220816.650000000372529 ], [ 629201.5, 5220816.799999999813735 ], [ 629201.5, 5220816.650000000372529 ], [ 629201.475000000093132, 5220816.650000000372529 ] ], [ [ 629209.600000000093132, 5220816.775000000372529 ], [ 629209.625, 5220816.799999999813735 ], [ 629209.625, 5220816.775000000372529 ], [ 629209.600000000093132, 5220816.775000000372529 ] ], [ [ 629209.650000000023283, 5220816.75 ], [ 629209.675000000046566, 5220816.775000000372529 ], [ 629209.675000000046566, 5220816.75 ], [ 629209.650000000023283, 5220816.75 ] ], [ [ 629209.675000000046566, 5220816.75 ], [ 629209.725000000093132, 5220816.700000000186265 ], [ 629209.75, 5220816.400000000372529 ], [ 629209.725000000093132, 5220816.474999999627471 ], [ 629209.5, 5220816.525000000372529 ], [ 629209.675000000046566, 5220816.75 ] ], [ [ 629223.700000000069849, 5220816.700000000186265 ], [ 629223.725000000093132, 5220816.724999999627471 ], [ 629223.725000000093132, 5220816.700000000186265 ], [ 629223.700000000069849, 5220816.700000000186265 ] ], [ [ 629232.125, 5220816.700000000186265 ], [ 629232.150000000023283, 5220816.724999999627471 ], [ 629232.150000000023283, 5220816.700000000186265 ], [ 629232.125, 5220816.700000000186265 ] ], [ [ 629201.725000000093132, 5220816.674999999813735 ], [ 629201.75, 5220816.700000000186265 ], [ 629201.75, 5220816.674999999813735 ], [ 629201.725000000093132, 5220816.674999999813735 ] ], [ [ 629223.725000000093132, 5220816.650000000372529 ], [ 629223.75, 5220816.674999999813735 ], [ 629223.75, 5220816.650000000372529 ], [ 629223.725000000093132, 5220816.650000000372529 ] ], [ [ 629201.5, 5220816.650000000372529 ], [ 629201.600000000093132, 5220816.575000000186265 ], [ 629201.600000000093132, 5220816.549999999813735 ], [ 629201.5, 5220816.575000000186265 ], [ 629201.5, 5220816.650000000372529 ] ], [ [ 629223.5, 5220816.625 ], [ 629223.600000000093132, 5220816.625 ], [ 629223.725000000093132, 5220816.450000000186265 ], [ 629223.525000000023283, 5220816.375 ], [ 629223.5, 5220816.625 ] ], [ [ 629201.775000000023283, 5220816.549999999813735 ], [ 629201.800000000046566, 5220816.575000000186265 ], [ 629201.800000000046566, 5220816.549999999813735 ], [ 629201.775000000023283, 5220816.549999999813735 ] ], [ [ 629220.575000000069849, 5220816.525000000372529 ], [ 629220.600000000093132, 5220816.549999999813735 ], [ 629220.600000000093132, 5220816.525000000372529 ], [ 629220.575000000069849, 5220816.525000000372529 ] ], [ [ 629223.775000000023283, 5220816.525000000372529 ], [ 629223.800000000046566, 5220816.549999999813735 ], [ 629223.800000000046566, 5220816.525000000372529 ], [ 629223.775000000023283, 5220816.525000000372529 ] ], [ [ 629229.300000000046566, 5220816.549999999813735 ], [ 629229.400000000023283, 5220816.525000000372529 ], [ 629229.375, 5220816.275000000372529 ], [ 629229.450000000069849, 5220816.150000000372529 ], [ 629229.550000000046566, 5220816.150000000372529 ], [ 629229.700000000069849, 5220816.349999999627471 ], [ 629229.825000000069849, 5220816.349999999627471 ], [ 629229.925000000046566, 5220816.224999999627471 ], [ 629229.900000000023283, 5220816.049999999813735 ], [ 629229.675000000046566, 5220815.974999999627471 ], [ 629229.600000000093132, 5220815.674999999813735 ], [ 629229.650000000023283, 5220815.549999999813735 ], [ 629229.825000000069849, 5220815.450000000186265 ], [ 629229.925000000046566, 5220814.825000000186265 ], [ 629230.150000000023283, 5220814.674999999813735 ], [ 629230.125, 5220814.275000000372529 ], [ 629230.25, 5220814.025000000372529 ], [ 629229.825000000069849, 5220814.0 ], [ 629229.725000000093132, 5220814.375 ], [ 629229.75, 5220814.724999999627471 ], [ 629229.675000000046566, 5220814.775000000372529 ], [ 629229.700000000069849, 5220814.974999999627471 ], [ 629229.825000000069849, 5220815.125 ], [ 629229.550000000046566, 5220815.075000000186265 ], [ 629229.475000000093132, 5220815.150000000372529 ], [ 629229.5, 5220815.450000000186265 ], [ 629229.425000000046566, 5220815.525000000372529 ], [ 629229.200000000069849, 5220815.525000000372529 ], [ 629229.25, 5220816.025000000372529 ], [ 629229.100000000093132, 5220816.099999999627471 ], [ 629229.075000000069849, 5220816.200000000186265 ], [ 629229.150000000023283, 5220816.25 ], [ 629229.150000000023283, 5220816.424999999813735 ], [ 629229.300000000046566, 5220816.549999999813735 ] ], [ [ 629210.075000000069849, 5220816.525000000372529 ], [ 629210.225000000093132, 5220816.375 ], [ 629210.225000000093132, 5220816.325000000186265 ], [ 629210.075000000069849, 5220816.450000000186265 ], [ 629210.075000000069849, 5220816.525000000372529 ] ], [ [ 629223.825000000069849, 5220816.400000000372529 ], [ 629223.850000000093132, 5220816.424999999813735 ], [ 629223.850000000093132, 5220816.400000000372529 ], [ 629223.825000000069849, 5220816.400000000372529 ] ], [ [ 629201.850000000093132, 5220816.375 ], [ 629201.875, 5220816.400000000372529 ], [ 629201.875, 5220816.375 ], [ 629201.850000000093132, 5220816.375 ] ], [ [ 629207.300000000046566, 5220816.375 ], [ 629207.475000000093132, 5220816.275000000372529 ], [ 629207.550000000046566, 5220816.099999999627471 ], [ 629207.675000000046566, 5220815.424999999813735 ], [ 629207.925000000046566, 5220815.325000000186265 ], [ 629207.900000000023283, 5220814.700000000186265 ], [ 629207.975000000093132, 5220814.474999999627471 ], [ 629207.800000000046566, 5220814.525000000372529 ], [ 629207.800000000046566, 5220814.799999999813735 ], [ 629207.600000000093132, 5220814.900000000372529 ], [ 629207.575000000069849, 5220815.375 ], [ 629207.350000000093132, 5220815.474999999627471 ], [ 629207.425000000046566, 5220816.0 ], [ 629207.300000000046566, 5220816.125 ], [ 629207.300000000046566, 5220816.375 ] ], [ [ 629209.75, 5220816.349999999627471 ], [ 629209.775000000023283, 5220816.375 ], [ 629209.775000000023283, 5220816.349999999627471 ], [ 629209.75, 5220816.349999999627471 ] ], [ [ 629209.800000000046566, 5220816.299999999813735 ], [ 629209.825000000069849, 5220816.349999999627471 ], [ 629209.850000000093132, 5220816.299999999813735 ], [ 629209.800000000046566, 5220816.299999999813735 ] ], [ [ 629220.825000000069849, 5220816.224999999627471 ], [ 629221.075000000069849, 5220816.349999999627471 ], [ 629221.050000000046566, 5220816.0 ], [ 629220.925000000046566, 5220815.950000000186265 ], [ 629220.825000000069849, 5220816.224999999627471 ] ], [ [ 629210.225000000093132, 5220816.275000000372529 ], [ 629210.25, 5220816.325000000186265 ], [ 629210.25, 5220816.275000000372529 ], [ 629210.225000000093132, 5220816.275000000372529 ] ], [ [ 629209.850000000093132, 5220816.299999999813735 ], [ 629209.925000000046566, 5220816.275000000372529 ], [ 629210.025000000023283, 5220816.125 ], [ 629210.25, 5220816.075000000186265 ], [ 629210.225000000093132, 5220816.0 ], [ 629209.950000000069849, 5220816.099999999627471 ], [ 629209.850000000093132, 5220816.299999999813735 ] ], [ [ 629223.875, 5220816.275000000372529 ], [ 629223.900000000023283, 5220816.299999999813735 ], [ 629223.900000000023283, 5220816.275000000372529 ], [ 629223.875, 5220816.275000000372529 ] ], [ [ 629198.925000000046566, 5220816.275000000372529 ], [ 629199.100000000093132, 5220816.25 ], [ 629199.100000000093132, 5220816.174999999813735 ], [ 629198.900000000023283, 5220816.150000000372529 ], [ 629198.925000000046566, 5220816.275000000372529 ] ], [ [ 629201.900000000023283, 5220816.25 ], [ 629201.925000000046566, 5220816.275000000372529 ], [ 629201.925000000046566, 5220816.25 ], [ 629201.900000000023283, 5220816.25 ] ], [ [ 629210.200000000069849, 5220816.25 ], [ 629210.225000000093132, 5220816.275000000372529 ], [ 629210.225000000093132, 5220816.25 ], [ 629210.200000000069849, 5220816.25 ] ], [ [ 629210.175000000046566, 5220816.224999999627471 ], [ 629210.200000000069849, 5220816.25 ], [ 629210.200000000069849, 5220816.224999999627471 ], [ 629210.175000000046566, 5220816.224999999627471 ] ], [ [ 629223.900000000023283, 5220816.224999999627471 ], [ 629223.925000000046566, 5220816.25 ], [ 629223.925000000046566, 5220816.224999999627471 ], [ 629223.900000000023283, 5220816.224999999627471 ] ], [ [ 629210.150000000023283, 5220816.174999999813735 ], [ 629210.175000000046566, 5220816.224999999627471 ], [ 629210.175000000046566, 5220816.174999999813735 ], [ 629210.150000000023283, 5220816.174999999813735 ] ], [ [ 629199.100000000093132, 5220816.150000000372529 ], [ 629199.125, 5220816.174999999813735 ], [ 629199.125, 5220816.150000000372529 ], [ 629199.100000000093132, 5220816.150000000372529 ] ], [ [ 629210.125, 5220816.150000000372529 ], [ 629210.150000000023283, 5220816.174999999813735 ], [ 629210.150000000023283, 5220816.150000000372529 ], [ 629210.125, 5220816.150000000372529 ] ], [ [ 629199.125, 5220816.125 ], [ 629199.150000000023283, 5220816.150000000372529 ], [ 629199.150000000023283, 5220816.125 ], [ 629199.125, 5220816.125 ] ], [ [ 629201.950000000069849, 5220816.125 ], [ 629201.975000000093132, 5220816.150000000372529 ], [ 629201.975000000093132, 5220816.125 ], [ 629201.950000000069849, 5220816.125 ] ], [ [ 629199.150000000023283, 5220816.099999999627471 ], [ 629199.175000000046566, 5220816.125 ], [ 629199.175000000046566, 5220816.099999999627471 ], [ 629199.150000000023283, 5220816.099999999627471 ] ], [ [ 629223.950000000069849, 5220816.099999999627471 ], [ 629223.975000000093132, 5220816.125 ], [ 629223.975000000093132, 5220816.099999999627471 ], [ 629223.950000000069849, 5220816.099999999627471 ] ], [ [ 629199.175000000046566, 5220816.075000000186265 ], [ 629199.200000000069849, 5220816.099999999627471 ], [ 629199.200000000069849, 5220816.075000000186265 ], [ 629199.175000000046566, 5220816.075000000186265 ] ], [ [ 629199.200000000069849, 5220816.049999999813735 ], [ 629199.225000000093132, 5220816.075000000186265 ], [ 629199.225000000093132, 5220816.049999999813735 ], [ 629199.200000000069849, 5220816.049999999813735 ] ], [ [ 629199.225000000093132, 5220816.025000000372529 ], [ 629199.25, 5220816.049999999813735 ], [ 629199.25, 5220816.025000000372529 ], [ 629199.225000000093132, 5220816.025000000372529 ] ], [ [ 629199.25, 5220816.025000000372529 ], [ 629199.375, 5220816.0 ], [ 629199.450000000069849, 5220815.724999999627471 ], [ 629199.600000000093132, 5220815.599999999627471 ], [ 629199.525000000023283, 5220815.325000000186265 ], [ 629199.425000000046566, 5220815.325000000186265 ], [ 629199.300000000046566, 5220815.575000000186265 ], [ 629199.25, 5220816.025000000372529 ] ], [ [ 629224.0, 5220815.974999999627471 ], [ 629224.025000000023283, 5220816.0 ], [ 629224.025000000023283, 5220815.974999999627471 ], [ 629224.0, 5220815.974999999627471 ] ], [ [ 629202.075000000069849, 5220815.825000000186265 ], [ 629202.100000000093132, 5220815.849999999627471 ], [ 629202.100000000093132, 5220815.825000000186265 ], [ 629202.075000000069849, 5220815.825000000186265 ] ], [ [ 629202.125, 5220815.700000000186265 ], [ 629202.150000000023283, 5220815.724999999627471 ], [ 629202.150000000023283, 5220815.700000000186265 ], [ 629202.125, 5220815.700000000186265 ] ], [ [ 629221.075000000069849, 5220815.599999999627471 ], [ 629221.600000000093132, 5220815.674999999813735 ], [ 629221.600000000093132, 5220815.5 ], [ 629221.400000000023283, 5220815.325000000186265 ], [ 629221.400000000023283, 5220815.174999999813735 ], [ 629221.575000000069849, 5220815.0 ], [ 629221.400000000023283, 5220815.125 ], [ 629221.075000000069849, 5220815.099999999627471 ], [ 629221.075000000069849, 5220815.599999999627471 ] ], [ [ 629204.850000000093132, 5220815.625 ], [ 629205.0, 5220815.650000000372529 ], [ 629205.0, 5220815.575000000186265 ], [ 629204.875, 5220815.5 ], [ 629204.900000000023283, 5220815.349999999627471 ], [ 629205.200000000069849, 5220815.299999999813735 ], [ 629205.225000000093132, 5220815.150000000372529 ], [ 629205.375, 5220815.049999999813735 ], [ 629205.400000000023283, 5220814.775000000372529 ], [ 629205.225000000093132, 5220814.575000000186265 ], [ 629205.150000000023283, 5220814.575000000186265 ], [ 629205.025000000023283, 5220814.974999999627471 ], [ 629204.900000000023283, 5220815.0 ], [ 629204.900000000023283, 5220815.200000000186265 ], [ 629204.75, 5220815.299999999813735 ], [ 629204.75, 5220815.400000000372529 ], [ 629204.850000000093132, 5220815.450000000186265 ], [ 629204.850000000093132, 5220815.625 ] ], [ [ 629202.050000000046566, 5220815.599999999627471 ], [ 629202.25, 5220815.599999999627471 ], [ 629202.25, 5220815.424999999813735 ], [ 629202.125, 5220815.400000000372529 ], [ 629202.050000000046566, 5220815.599999999627471 ] ], [ [ 629210.575000000069849, 5220815.599999999627471 ], [ 629210.700000000069849, 5220815.575000000186265 ], [ 629210.625, 5220815.25 ], [ 629210.675000000046566, 5220814.924999999813735 ], [ 629210.450000000069849, 5220814.875 ], [ 629210.425000000046566, 5220814.974999999627471 ], [ 629210.325000000069849, 5220815.0 ], [ 629210.450000000069849, 5220815.150000000372529 ], [ 629210.450000000069849, 5220815.275000000372529 ], [ 629210.375, 5220815.400000000372529 ], [ 629210.200000000069849, 5220815.450000000186265 ], [ 629210.200000000069849, 5220815.525000000372529 ], [ 629210.5, 5220815.5 ], [ 629210.575000000069849, 5220815.599999999627471 ] ], [ [ 629226.900000000023283, 5220815.5 ], [ 629227.100000000093132, 5220815.375 ], [ 629227.100000000093132, 5220815.299999999813735 ], [ 629226.975000000093132, 5220815.275000000372529 ], [ 629226.950000000069849, 5220815.125 ], [ 629227.25, 5220814.974999999627471 ], [ 629227.400000000023283, 5220815.049999999813735 ], [ 629227.325000000069849, 5220815.349999999627471 ], [ 629227.425000000046566, 5220815.349999999627471 ], [ 629227.625, 5220814.924999999813735 ], [ 629227.650000000023283, 5220814.400000000372529 ], [ 629227.350000000093132, 5220814.349999999627471 ], [ 629227.200000000069849, 5220814.5 ], [ 629227.050000000046566, 5220814.400000000372529 ], [ 629226.725000000093132, 5220814.450000000186265 ], [ 629226.75, 5220814.650000000372529 ], [ 629226.950000000069849, 5220814.700000000186265 ], [ 629227.050000000046566, 5220814.799999999813735 ], [ 629227.050000000046566, 5220814.924999999813735 ], [ 629226.950000000069849, 5220815.049999999813735 ], [ 629226.550000000046566, 5220815.049999999813735 ], [ 629226.550000000046566, 5220815.174999999813735 ], [ 629226.775000000023283, 5220815.174999999813735 ], [ 629226.900000000023283, 5220815.5 ] ], [ [ 629204.450000000069849, 5220815.400000000372529 ], [ 629204.475000000093132, 5220815.424999999813735 ], [ 629204.475000000093132, 5220815.400000000372529 ], [ 629204.450000000069849, 5220815.400000000372529 ] ], [ [ 629202.300000000046566, 5220815.275000000372529 ], [ 629202.325000000069849, 5220815.299999999813735 ], [ 629202.325000000069849, 5220815.275000000372529 ], [ 629202.300000000046566, 5220815.275000000372529 ] ], [ [ 629232.800000000046566, 5220815.099999999627471 ], [ 629232.825000000069849, 5220815.125 ], [ 629232.825000000069849, 5220815.099999999627471 ], [ 629232.800000000046566, 5220815.099999999627471 ] ], [ [ 629232.675000000046566, 5220815.099999999627471 ], [ 629232.800000000046566, 5220815.099999999627471 ], [ 629232.800000000046566, 5220815.075000000186265 ], [ 629232.675000000046566, 5220815.025000000372529 ], [ 629232.675000000046566, 5220815.099999999627471 ] ], [ [ 629221.575000000069849, 5220814.974999999627471 ], [ 629221.600000000093132, 5220815.0 ], [ 629221.600000000093132, 5220814.974999999627471 ], [ 629221.575000000069849, 5220814.974999999627471 ] ], [ [ 629221.600000000093132, 5220814.950000000186265 ], [ 629221.625, 5220814.974999999627471 ], [ 629221.625, 5220814.950000000186265 ], [ 629221.600000000093132, 5220814.950000000186265 ] ], [ [ 629221.625, 5220814.950000000186265 ], [ 629221.825000000069849, 5220814.900000000372529 ], [ 629221.800000000046566, 5220814.724999999627471 ], [ 629221.650000000023283, 5220814.724999999627471 ], [ 629221.625, 5220814.950000000186265 ] ], [ [ 629202.525000000023283, 5220814.724999999627471 ], [ 629202.550000000046566, 5220814.75 ], [ 629202.550000000046566, 5220814.724999999627471 ], [ 629202.525000000023283, 5220814.724999999627471 ] ], [ [ 629216.225000000093132, 5220814.674999999813735 ], [ 629216.25, 5220814.700000000186265 ], [ 629216.25, 5220814.674999999813735 ], [ 629216.225000000093132, 5220814.674999999813735 ] ], [ [ 629224.550000000046566, 5220814.650000000372529 ], [ 629224.575000000069849, 5220814.674999999813735 ], [ 629224.575000000069849, 5220814.650000000372529 ], [ 629224.550000000046566, 5220814.650000000372529 ] ], [ [ 629225.325000000069849, 5220813.349999999627471 ], [ 629225.350000000093132, 5220813.424999999813735 ], [ 629225.350000000093132, 5220813.349999999627471 ], [ 629225.325000000069849, 5220813.349999999627471 ] ] ] } }
]
}
