{
"type": "FeatureCollection",
"name": "siret3_r007_c003__vineyard",
"crs": { "type": "name", "properties": { "name": "urn:ogc:def:crs:EPSG::32635" } },
"features": [
{ "type": "Feature", "properties": { "label": "vineyard", "area_m2": 0.070433909058226107 }, "geometry": { "type": "Polygon", "coordinates": [ [ [ 629179.025000000023283, 5220863.347063056193292 ], [ 629179.209396330290474, 5220863.324653636664152 ], [ 629179.349841622519307, 5220863.349841623567045 ], [ 629179.366606098483317, 5220863.153905102051795 ], [ 629179.394348679459654, 5220863.123803108930588 ], [ 629179.52508591406513, 5220863.199837304651737 ], [ 629179.673041328554973, 5220863.199976056814194 ], [ 629179.874921262497082, 5220863.149828098714352 ], [ 629179.950633328640833, 5220863.099193101748824 ], [ 629179.999842102755792, 5220863.049924585036933 ], [ 629179.999830006971024, 5220862.950064271688461 ], [ 629179.949829995050095, 5220862.725064277648926 ], [ 629179.874132716679014, 5220862.574306281283498 ], [ 629179.82492458622437, 5220862.525157896801829 ], [ 629179.75007724633906, 5220862.525169705972075 ], [ 629179.375046734465286, 5220862.802392199635506 ], [ 629179.708019276615232, 5220862.573369481600821 ], [ 629179.875316897290759, 5220862.60031764768064 ], [ 629179.932086485787295, 5220862.698307878337801 ], [ 629179.983935234835371, 5220862.931327545084059 ], [ 629179.918049503234215, 5220863.111190843395889 ], [ 629179.691823479020968, 5220863.175829843617976 ], [ 629179.509123840834945, 5220863.174178729765117 ], [ 629179.375008680042811, 5220863.072624661959708 ], [ 629179.15888513927348, 5220863.290919527411461 ], [ 629179.050075418781489, 5220863.300157902762294 ], [ 629179.025000000023283, 5220863.347063056193292 ] ] ] } },
{ "type": "Feature", "properties": { "label": "vineyard", "area_m2": 0.070773252366023498 }, "geometry": { "type": "Polygon", "coordinates": [ [ [ 629187.725159026565962, 5220862.550159026868641 ], [ 629187.725160612724721, 5220862.674857698380947 ], [ 629187.850077123148367, 5220862.749835356138647 ], [ 629188.012818178976886, 5220862.735794930718839 ], [ 629188.196706310845912, 5220862.881364608183503 ], [ 629188.194731602445245, 5220862.954511171206832 ], [ 629188.072608025278896, 5220863.12499763444066 ], [ 629188.06043601850979, 5220863.273625424131751 ], [ 629187.923521356424317, 5220863.250634027644992 ], [ 629187.875159026589245, 5220863.125159027054906 ], [ 629187.875164252705872, 5220863.199915481731296 ], [ 629187.950122497975826, 5220863.32483840174973 ], [ 629188.049903888022527, 5220863.324842418543994 ], [ 629188.099830042920075, 5220863.274898401461542 ], [ 629188.090650883386843, 5220863.104503244161606 ], [ 629188.195922993938439, 5220862.95853201393038 ], [ 629188.274840973666869, 5220862.949840973131359 ], [ 629188.274840973666869, 5220862.875159027054906 ], [ 629188.195526156458072, 5220862.870747776702046 ], [ 629188.009798590559512, 5220862.728969512507319 ], [ 629187.999840973643586, 5220862.57515902724117 ], [ 629187.725159026565962, 5220862.550159026868641 ] ] ] } },
{ "type": "Feature", "properties": { "label": "vineyard", "area_m2": 0.62712058171289664 }, "geometry": { "type": "Polygon", "coordinates": [ [ [ 629184.900114952586591, 5220863.349885046482086 ], [ 629185.499885047669522, 5220863.349885046482086 ], [ 629185.536807873635553, 5220863.077860326506197 ], [ 629185.586731656920165, 5220863.032612047158182 ], [ 629185.724893628037535, 5220862.999928924255073 ], [ 629185.824881805572659, 5220862.774951042607427 ], [ 629185.824881805572659, 5220862.675048957578838 ], [ 629185.75252467347309, 5220862.524713724851608 ], [ 629185.817907453631051, 5220862.415702745318413 ], [ 629185.949885047622956, 5220862.399885047227144 ], [ 629185.94988248613663, 5220862.200062812305987 ], [ 629185.92493718827609, 5220862.175117515027523 ], [ 629185.849957596510649, 5220862.150118517689407 ], [ 629185.71974449174013, 5220862.16240123193711 ], [ 629185.624937188345939, 5220862.050117515027523 ], [ 629185.425095137441531, 5220862.050115927122533 ], [ 629185.359155497862957, 5220862.254017147235572 ], [ 629185.275114952586591, 5220862.30011495295912 ], [ 629185.299447292112745, 5220862.519521198235452 ], [ 629185.262286476441659, 5220862.652093107812107 ], [ 629185.200116360210814, 5220862.700086299329996 ], [ 629185.200114952516742, 5220862.774885047227144 ], [ 629185.477652770699933, 5220862.807973887771368 ], [ 629185.531947181443684, 5220862.864337844774127 ], [ 629185.532833161065355, 5220862.933248445391655 ], [ 629185.465265771839768, 5220863.017915562726557 ], [ 629185.181614390807226, 5220863.058297314681113 ], [ 629185.188192126573995, 5220863.172139673493803 ], [ 629185.09097814024426, 5220863.224999999627471 ], [ 629185.02643862075638, 5220863.201384883373976 ], [ 629184.992381266783923, 5220863.141693008132279 ], [ 629185.004891445743851, 5220863.074116987176239 ], [ 629185.06841296562925, 5220863.021153060719371 ], [ 629185.049885047599673, 5220862.92511495295912 ], [ 629184.975062811863609, 5220862.925117515027523 ], [ 629184.925117513979785, 5220862.975062810815871 ], [ 629184.936843405361287, 5220863.102306776680052 ], [ 629184.900117861223407, 5220863.175055745057762 ], [ 629184.900114952586591, 5220863.349885046482086 ] ] ] } },
{ "type": "Feature", "properties": { "label": "vineyard", "area_m2": 0.072042577966544008 }, "geometry": { "type": "Polygon", "coordinates": [ [ [ 629165.275159026612528, 5220862.42484097275883 ], [ 629165.382000926183537, 5220862.441970773972571 ], [ 629165.691300580976531, 5220862.985000440850854 ], [ 629165.650159026612528, 5220863.17484097275883 ], [ 629165.849871158832684, 5220863.149839943274856 ], [ 629165.874840973643586, 5220862.95015902724117 ], [ 629165.704756875522435, 5220862.941616899333894 ], [ 629165.376595722162165, 5220862.42460089083761 ], [ 629165.376508670626208, 5220862.200921818614006 ], [ 629165.499840973643586, 5220861.900159027427435 ], [ 629165.474720840342343, 5220861.901060822419822 ], [ 629165.275159026612528, 5220862.42484097275883 ] ] ] } },
{ "type": "Feature", "properties": { "label": "vineyard", "area_m2": 0.51513651654836734 }, "geometry": { "type": "Polygon", "coordinates": [ [ [ 629157.45015960407909, 5220862.625123631209135 ], [ 629157.45015960407909, 5220862.774876369163394 ], [ 629157.503421647590585, 5220862.805013578385115 ], [ 629157.619890593457967, 5220862.970556334592402 ], [ 629157.625159026589245, 5220863.074840973131359 ], [ 629157.724937261315063, 5220863.074829234741628 ], [ 629157.799829303636216, 5220863.024913615547121 ], [ 629157.752141055185348, 5220862.727123296819627 ], [ 629157.825008985120803, 5220862.558720307424664 ], [ 629158.174840973573737, 5220862.499840972945094 ], [ 629158.074475883156992, 5220862.409215126186609 ], [ 629158.174943987629376, 5220862.202442591078579 ], [ 629158.125343978404999, 5220862.10099365375936 ], [ 629157.913461282849312, 5220861.983403971418738 ], [ 629157.995782819692977, 5220861.808598843403161 ], [ 629158.049840396037325, 5220861.774876369163394 ], [ 629158.054709611576982, 5220861.622711094096303 ], [ 629158.149832018068992, 5220861.524861577898264 ], [ 629158.149829318281263, 5220861.350086372345686 ], [ 629158.099913625395857, 5220861.300170682370663 ], [ 629158.000159026589245, 5220861.300159026868641 ], [ 629157.99508660833817, 5220861.427123939618468 ], [ 629157.825170704280026, 5220861.625086390413344 ], [ 629157.844267841079272, 5220861.773799885064363 ], [ 629157.700157828163356, 5220861.950132009573281 ], [ 629157.699352091643959, 5220862.183903805911541 ], [ 629157.625310962554067, 5220862.469002027064562 ], [ 629157.45015960407909, 5220862.625123631209135 ] ] ] } },
{ "type": "Feature", "properties": { "label": "vineyard", "area_m2": 0.97432778563426792 }, "geometry": { "type": "Polygon", "coordinates": [ [ [ 629182.125117070623673, 5220863.099942677654326 ], [ 629182.150057321996428, 5220863.124882929958403 ], [ 629182.274942678050138, 5220863.124882929958403 ], [ 629182.383011618629098, 5220863.050222213380039 ], [ 629182.451492146006785, 5220863.044553000479937 ], [ 629182.520515395910479, 5220863.111369036138058 ], [ 629182.525114280870184, 5220863.249885719269514 ], [ 629182.624900436610915, 5220863.249884998425841 ], [ 629182.66279238043353, 5220863.192037533037364 ], [ 629182.89988292939961, 5220863.024942678399384 ], [ 629183.024882085854188, 5220862.724959902465343 ], [ 629183.025552020175382, 5220862.230487179011106 ], [ 629183.074884791043587, 5220861.975095328874886 ], [ 629182.474949503899552, 5220861.700117403641343 ], [ 629182.350107725826092, 5220861.725065791979432 ], [ 629182.250117070740089, 5220861.999942678958178 ], [ 629182.32444797991775, 5220862.155487178824842 ], [ 629182.300116275320761, 5220862.399926442652941 ], [ 629182.403794664423913, 5220862.500924167223275 ], [ 629182.422491678153165, 5220862.575188170187175 ], [ 629182.381112733623013, 5220862.672620742581785 ], [ 629182.306446207687259, 5220862.723681087605655 ], [ 629182.229987823870033, 5220862.719308855943382 ], [ 629182.150114280870184, 5220862.650114280171692 ], [ 629182.183899644995108, 5220862.829904742538929 ], [ 629182.125117070623673, 5220862.925057320855558 ], [ 629182.125117070623673, 5220863.099942677654326 ] ] ] } },
{ "type": "Feature", "properties": { "label": "vineyard", "area_m2": 0.86991882506396312 }, "geometry": { "type": "Polygon", "coordinates": [ [ [ 629173.125114952563308, 5220863.124885046854615 ], [ 629173.349937188322656, 5220863.149882485158741 ], [ 629173.40428932197392, 5220863.02928932197392 ], [ 629173.509801714099012, 5220863.000481527298689 ], [ 629173.588192126597278, 5220863.052860326133668 ], [ 629173.600114952540025, 5220863.174885046668351 ], [ 629174.000042403698899, 5220863.224881482310593 ], [ 629174.274885047692806, 5220863.224885046482086 ], [ 629174.362555906642228, 5220862.966411786153913 ], [ 629174.52488285000436, 5220862.799929782748222 ], [ 629174.550000000046566, 5220862.352454861626029 ], [ 629174.499882486183196, 5220862.175062811002135 ], [ 629174.385179953300394, 5220862.128834643401206 ], [ 629174.324900698149577, 5220862.025099301710725 ], [ 629174.274951042258181, 5220862.00011819601059 ], [ 629174.000055743847042, 5220862.000117862597108 ], [ 629173.917283424874768, 5220862.036832884885371 ], [ 629173.75009513751138, 5220861.975115926936269 ], [ 629173.600118194590323, 5220862.250048957765102 ], [ 629173.600114952540025, 5220862.299885046668351 ], [ 629173.724937188322656, 5220862.274882485158741 ], [ 629173.906213878886774, 5220862.124368220567703 ], [ 629174.027503000339493, 5220862.14970375597477 ], [ 629174.060226650210097, 5220862.228705637156963 ], [ 629174.000117514049634, 5220862.325062812305987 ], [ 629174.025000000139698, 5220862.484021859243512 ], [ 629173.987286476418376, 5220862.627093107439578 ], [ 629173.800103001529351, 5220862.80008453130722 ], [ 629173.751090734498575, 5220862.883029956370592 ], [ 629173.608748134225607, 5220862.990364539436996 ], [ 629173.534505157265812, 5220862.971767638809979 ], [ 629173.483721673372202, 5220862.899866284802556 ], [ 629173.474885047646239, 5220862.700114953331649 ], [ 629173.350095137488097, 5220862.700115927495062 ], [ 629173.125114952563308, 5220863.124885046854615 ] ] ] } },
{ "type": "Feature", "properties": { "label": "vineyard", "area_m2": 0.23556024762358843 }, "geometry": { "type": "Polygon", "coordinates": [ [ [ 629167.900000000139698, 5220862.697054241783917 ], [ 629168.049841006752104, 5220862.674845335073769 ], [ 629168.194793791277334, 5220861.770143331028521 ], [ 629168.449848619755358, 5220861.649873268790543 ], [ 629168.549931517569348, 5220861.373939129523933 ], [ 629168.549830883508548, 5220861.300118715502322 ], [ 629168.474881283589639, 5220861.225169117562473 ], [ 629168.325864983489737, 5220861.249312551692128 ], [ 629168.225199121632613, 5220861.474846639670432 ], [ 629168.075512090697885, 5220861.873861770145595 ], [ 629168.000001083826646, 5220862.325067048892379 ], [ 629167.900000000139698, 5220862.697054241783917 ] ] ] } },
{ "type": "Feature", "properties": { "label": "vineyard", "area_m2": 0.041481912390170163 }, "geometry": { "type": "Polygon", "coordinates": [ [ [ 629160.625117514049634, 5220862.425062811002135 ], [ 629160.625117514049634, 5220862.549937187694013 ], [ 629160.650062811910175, 5220862.574882484972477 ], [ 629160.799885047599673, 5220862.57488504704088 ], [ 629160.825000000069849, 5220862.497545138001442 ], [ 629160.799885047599673, 5220862.325114953331649 ], [ 629160.725062811863609, 5220862.325117515400052 ], [ 629160.625117514049634, 5220862.425062811002135 ] ] ] } },
{ "type": "Feature", "properties": { "label": "vineyard", "area_m2": 0.47781981448203786 }, "geometry": { "type": "Polygon", "coordinates": [ [ [ 629190.551101146265864, 5220862.701284323818982 ], [ 629190.725108930608258, 5220863.074935299344361 ], [ 629190.800077167456038, 5220863.149891331791878 ], [ 629190.875067098648287, 5220863.199883408844471 ], [ 629191.07494267844595, 5220863.199882930144668 ], [ 629191.124882594915107, 5220863.124949505552649 ], [ 629191.199885719339363, 5220862.800114280544221 ], [ 629190.97786032629665, 5220862.788192126899958 ], [ 629190.932612046715803, 5220862.738268343731761 ], [ 629190.925481527345255, 5220862.665198286063969 ], [ 629190.96944297675509, 5220862.591853038407862 ], [ 629191.099942678003572, 5220862.574882930144668 ], [ 629191.14988292939961, 5220862.524942678399384 ], [ 629191.153928475570865, 5220862.433726401999593 ], [ 629191.199883437715471, 5220862.374932301230729 ], [ 629191.199884791043587, 5220862.175095329061151 ], [ 629190.949959899648093, 5220862.075117913074791 ], [ 629190.875114280846901, 5220862.075114279985428 ], [ 629190.87786939041689, 5220862.244907531887293 ], [ 629190.827631449559703, 5220862.292034203186631 ], [ 629190.650117070646957, 5220862.350057320669293 ], [ 629190.641289030667394, 5220862.424840495921671 ], [ 629190.550117070553824, 5220862.550057320855558 ], [ 629190.551101146265864, 5220862.701284323818982 ] ] ] } },
{ "type": "Feature", "properties": { "label": "vineyard", "area_m2": 0.12246129230168194 }, "geometry": { "type": "Polygon", "coordinates": [ [ [ 629170.225114952540025, 5220862.30011495295912 ], [ 629170.225114952540025, 5220862.32488504704088 ], [ 629170.349326196475886, 5220862.327574668452144 ], [ 629170.450048958417028, 5220862.424881804734468 ], [ 629170.599921979592182, 5220862.449883232824504 ], [ 629170.699881805572659, 5220862.324951042421162 ], [ 629170.749885047669522, 5220862.125114953145385 ], [ 629170.674864499014802, 5220862.118056287057698 ], [ 629170.62254512112122, 5220862.075000000186265 ], [ 629170.454402039409615, 5220862.115364538505673 ], [ 629170.374913702136837, 5220862.050116361118853 ], [ 629170.325114952516742, 5220862.05011495295912 ], [ 629170.353693302953616, 5220862.23415760602802 ], [ 629170.302294403547421, 5220862.290867547504604 ], [ 629170.225114952540025, 5220862.30011495295912 ] ] ] } },
{ "type": "Feature", "properties": { "label": "vineyard", "area_m2": 0.14589588303412701 }, "geometry": { "type": "Polygon", "coordinates": [ [ [ 629154.825117150205187, 5220862.900070217438042 ], [ 629154.825117150205187, 5220862.974929782561958 ], [ 629154.875104645616375, 5220863.04988454002887 ], [ 629154.974937188322656, 5220863.049882484599948 ], [ 629155.024882486206479, 5220862.999937187880278 ], [ 629155.040844502393156, 5220862.845982852391899 ], [ 629155.124885047669522, 5220862.799885046668351 ], [ 629155.144263491616584, 5220862.706972918473184 ], [ 629155.274900698219426, 5220862.624900698661804 ], [ 629155.29988180543296, 5220862.574951042421162 ], [ 629155.37488180550281, 5220862.349951041862369 ], [ 629155.374884074204601, 5220862.250095137394965 ], [ 629155.29993718827609, 5220862.200117515400052 ], [ 629155.225114952540025, 5220862.200114953331649 ], [ 629155.224447292159311, 5220862.444521198049188 ], [ 629155.189605764229782, 5220862.525505226105452 ], [ 629155.075114952516742, 5220862.575114953331649 ], [ 629155.043542743078433, 5220862.676110982894897 ], [ 629154.900095137534663, 5220862.750115927308798 ], [ 629154.825117150205187, 5220862.900070217438042 ] ] ] } },
{ "type": "Feature", "properties": { "label": "vineyard", "area_m2": 0.75561156705052024 }, "geometry": { "type": "Polygon", "coordinates": [ [ [ 629176.275114280870184, 5220863.175114280544221 ], [ 629176.275114280870184, 5220863.324885719455779 ], [ 629177.199900436447933, 5220863.349884998984635 ], [ 629177.274884998332709, 5220863.274900436401367 ], [ 629177.358710969332606, 5220862.975159503519535 ], [ 629177.449882595101371, 5220862.84994950518012 ], [ 629177.449882929446176, 5220862.750057321041822 ], [ 629177.384221766609699, 5220862.603803316131234 ], [ 629177.549882929422893, 5220862.424942678771913 ], [ 629177.549882929422893, 5220862.325057321228087 ], [ 629177.17494950373657, 5220862.150117403827608 ], [ 629177.00005732208956, 5220862.200117069296539 ], [ 629176.97511707060039, 5220862.225057321600616 ], [ 629176.973056757939048, 5220862.385946451686323 ], [ 629176.900115288794041, 5220862.450093702413142 ], [ 629176.895068318583071, 5220862.565036363899708 ], [ 629176.85011707060039, 5220862.625057321973145 ], [ 629176.855392602388747, 5220862.749807042069733 ], [ 629176.800116487080231, 5220862.825069234706461 ], [ 629176.777301045251079, 5220863.013439328409731 ], [ 629176.675114280660637, 5220863.050114280544221 ], [ 629176.649100522045046, 5220863.117149925790727 ], [ 629176.579907240229659, 5220863.149879522621632 ], [ 629176.507838837336749, 5220863.124090338125825 ], [ 629176.474885719129816, 5220863.050114280544221 ], [ 629176.400114280870184, 5220863.050114280544221 ], [ 629176.370710678165779, 5220863.145710677839816 ], [ 629176.275114280870184, 5220863.175114280544221 ] ] ] } },
{ "type": "Feature", "properties": { "label": "vineyard", "area_m2": 0.57771471525398765 }, "geometry": { "type": "Polygon", "coordinates": [ [ [ 629162.725115208886564, 5220863.249904670752585 ], [ 629162.900040099280886, 5220863.324882086366415 ], [ 629163.29988571931608, 5220863.324885719455779 ], [ 629163.329931681160815, 5220863.059963637031615 ], [ 629163.424885170767084, 5220862.974896918050945 ], [ 629163.42720198596362, 5220862.820110202766955 ], [ 629163.474882085691206, 5220862.674959901720285 ], [ 629163.455999433994293, 5220862.513191766105592 ], [ 629163.599882929353043, 5220862.29994267784059 ], [ 629163.624884790973738, 5220862.150095328688622 ], [ 629163.322552486904897, 5220862.024999999441206 ], [ 629163.225057322066277, 5220862.025117069482803 ], [ 629163.050117070437409, 5220862.150057322345674 ], [ 629163.050117070553824, 5220862.249942678958178 ], [ 629163.184268329408951, 5220862.384131526574492 ], [ 629163.17111411341466, 5220862.450224865227938 ], [ 629163.10011707060039, 5220862.525057321414351 ], [ 629163.13503424951341, 5220862.726172497496009 ], [ 629162.925117070437409, 5220862.900057322345674 ], [ 629162.885132932569832, 5220863.017020598985255 ], [ 629162.800114280660637, 5220863.050114280544221 ], [ 629162.725117070483975, 5220863.17505732178688 ], [ 629162.725115208886564, 5220863.249904670752585 ] ] ] } },
{ "type": "Feature", "properties": { "label": "vineyard", "area_m2": 0.18013091801581005 }, "geometry": { "type": "Polygon", "coordinates": [ [ [ 629149.17511592595838, 5220862.725095137953758 ], [ 629149.17511592595838, 5220862.799904862418771 ], [ 629149.22504895797465, 5220862.824881804175675 ], [ 629149.499885047669522, 5220862.849885046482086 ], [ 629149.475000000093132, 5220862.415978140197694 ], [ 629149.524882486206479, 5220862.100062810815871 ], [ 629149.42493718827609, 5220862.025117515586317 ], [ 629149.325117514003068, 5220862.050062811002135 ], [ 629149.350000000093132, 5220862.209021859802306 ], [ 629149.323078528163023, 5220862.344509032554924 ], [ 629149.280557023361325, 5220862.408146961592138 ], [ 629149.200114952516742, 5220862.42511495295912 ], [ 629149.200117150321603, 5220862.524929784238338 ], [ 629149.256356917438097, 5220862.619809622876346 ], [ 629149.232957238098606, 5220862.687206410802901 ], [ 629149.17511592595838, 5220862.725095137953758 ] ] ] } },
{ "type": "Feature", "properties": { "label": "vineyard", "area_m2": 0.17200123815266588 }, "geometry": { "type": "Polygon", "coordinates": [ [ [ 629155.200158377061598, 5220861.424841622821987 ], [ 629155.427876656525768, 5220861.446698631159961 ], [ 629155.542529768776149, 5220861.854966366663575 ], [ 629155.400169464643113, 5220862.000097125768661 ], [ 629155.400158377364278, 5220862.074841623194516 ], [ 629155.549881129409187, 5220862.07484327070415 ], [ 629155.624829990789294, 5220861.949935721233487 ], [ 629155.624841622659005, 5220861.875158376991749 ], [ 629155.545479843858629, 5220861.849674061872065 ], [ 629155.433408422628418, 5220861.437198485247791 ], [ 629155.649113098508678, 5220861.250703321769834 ], [ 629155.749841101351194, 5220861.100123823620379 ], [ 629155.649935723515227, 5220861.050170002505183 ], [ 629155.527936940896325, 5220861.049999999813735 ], [ 629155.375098509131931, 5220861.100155840627849 ], [ 629155.200168189359829, 5220861.275123128667474 ], [ 629155.200158377061598, 5220861.424841622821987 ] ] ] } },
{ "type": "Feature", "properties": { "label": "vineyard", "area_m2": 0.4329770985698142 }, "geometry": { "type": "Polygon", "coordinates": [ [ [ 629179.900117514072917, 5220861.624937187880278 ], [ 629179.948437223327346, 5220861.705706459470093 ], [ 629179.925114952493459, 5220861.899885047227144 ], [ 629179.999885047669522, 5220861.899885047227144 ], [ 629179.972055844729766, 5220861.665669220499694 ], [ 629180.016374308383092, 5220861.613169936463237 ], [ 629180.074885047622956, 5220861.599885046482086 ], [ 629180.119442976778373, 5220861.491853037849069 ], [ 629180.249885047669522, 5220861.474885046482086 ], [ 629180.250481527415104, 5220861.26519828569144 ], [ 629180.286560671636835, 5220861.197698954492807 ], [ 629180.443212754675187, 5220861.175423257984221 ], [ 629180.600070216809399, 5220861.249882848933339 ], [ 629180.697545121074654, 5220861.25 ], [ 629180.735179953277111, 5220861.196165356785059 ], [ 629180.799885047599673, 5220861.174885046668351 ], [ 629180.775000000139698, 5220861.034021859057248 ], [ 629180.799885047599673, 5220860.80011495295912 ], [ 629180.635326953954063, 5220860.8329395102337 ], [ 629180.475066560436971, 5220860.767070166766644 ], [ 629180.422592341434211, 5220860.715060446411371 ], [ 629180.424885047599673, 5220860.600114952772856 ], [ 629180.40007021650672, 5220860.600117150694132 ], [ 629180.225071076420136, 5220860.700106371194124 ], [ 629180.104017147561535, 5220860.859155498445034 ], [ 629180.000114952563308, 5220860.875114953145385 ], [ 629179.999447292182595, 5220861.069521198049188 ], [ 629179.950117514003068, 5220861.150062812492251 ], [ 629179.950117514003068, 5220861.224937187507749 ], [ 629180.032618733472191, 5220861.391693008132279 ], [ 629179.998561379499733, 5220861.451384883373976 ], [ 629179.925114952493459, 5220861.475114952772856 ], [ 629179.900117514072917, 5220861.624937187880278 ] ], [ [ 629180.123885319568217, 5220861.148699234239757 ], [ 629180.100481527391821, 5220861.065198285505176 ], [ 629180.136560671613552, 5220860.997698954306543 ], [ 629180.212749606347643, 5220860.975447771139443 ], [ 629180.278557877987623, 5220861.009153333492577 ], [ 629180.311213388806209, 5220861.101044187322259 ], [ 629180.278489736840129, 5220861.170232534408569 ], [ 629180.196660789777525, 5220861.195055070333183 ], [ 629180.123885319568217, 5220861.148699234239757 ] ] ] } },
{ "type": "Feature", "properties": { "label": "vineyard", "area_m2": 0.57728148735431628 }, "geometry": { "type": "Polygon", "coordinates": [ [ [ 629190.875, 5220862.072063056752086 ], [ 629191.150050895754248, 5220862.17483451962471 ], [ 629191.351958677521907, 5220862.199976057745516 ], [ 629191.449902874650434, 5220862.199830535799265 ], [ 629191.550371982855722, 5220862.098974712193012 ], [ 629191.699822571012191, 5220861.749936416745186 ], [ 629191.675498458906077, 5220861.424999204464257 ], [ 629191.749976056511514, 5220861.076958667486906 ], [ 629191.69913253292907, 5220860.974306185729802 ], [ 629191.499885127297603, 5220860.825159037485719 ], [ 629191.425066233496182, 5220860.826095243915915 ], [ 629191.470338151790202, 5220861.349846800789237 ], [ 629190.925129503826611, 5220861.875131655484438 ], [ 629190.875, 5220862.072063056752086 ] ] ] } },
{ "type": "Feature", "properties": { "label": "vineyard", "area_m2": 0.36841891597752729 }, "geometry": { "type": "Polygon", "coordinates": [ [ [ 629188.25011636025738, 5220862.074913701042533 ], [ 629188.312286476488225, 5220862.122906892560422 ], [ 629188.325114952516742, 5220862.19988504704088 ], [ 629188.399937188485637, 5220862.199882484972477 ], [ 629188.560326954000629, 5220862.092060489580035 ], [ 629188.700048957951367, 5220862.149881804361939 ], [ 629188.82492892362643, 5220862.12489362899214 ], [ 629188.924884074251167, 5220862.024904862046242 ], [ 629188.917617567931302, 5220861.701511614024639 ], [ 629189.008166591287591, 5220861.615395482629538 ], [ 629189.074937188299373, 5220861.599882484413683 ], [ 629189.099884074181318, 5220861.5500951372087 ], [ 629188.750114952563308, 5220861.42511495295912 ], [ 629188.748078528209589, 5220861.619509032927454 ], [ 629188.688268343335949, 5220861.692387953400612 ], [ 629188.595982852624729, 5220861.684155498631299 ], [ 629188.549885047716089, 5220861.600114952772856 ], [ 629188.350062811863609, 5220861.600117514841259 ], [ 629188.275118194753304, 5220861.700048957951367 ], [ 629188.316863033920527, 5220861.910639652051032 ], [ 629188.25011636025738, 5220862.000086298212409 ], [ 629188.25011636025738, 5220862.074913701042533 ] ] ] } },
{ "type": "Feature", "properties": { "label": "vineyard", "area_m2": 1.0334020189618378 }, "geometry": { "type": "Polygon", "coordinates": [ [ [ 629173.875114280730486, 5220861.774885719642043 ], [ 629173.94994267844595, 5220861.774882930330932 ], [ 629174.038184514618479, 5220861.701291251927614 ], [ 629174.113944250624627, 5220861.712537513114512 ], [ 629174.216289030620828, 5220861.850159503519535 ], [ 629174.225115208886564, 5220861.999904670752585 ], [ 629174.275050495169125, 5220862.024882595986128 ], [ 629174.324885719339363, 5220862.024885719642043 ], [ 629174.364216863759793, 5220861.917293386533856 ], [ 629174.595110204652883, 5220861.802201986312866 ], [ 629174.674840491032228, 5220861.808710967190564 ], [ 629174.850050496286713, 5220861.924882596358657 ], [ 629174.949932301067747, 5220861.924883438274264 ], [ 629174.999855429399759, 5220861.881948181428015 ], [ 629175.074904670240358, 5220861.874884790740907 ], [ 629175.124882595031522, 5220861.774949504993856 ], [ 629175.157923093531281, 5220861.575081361457705 ], [ 629175.274885170743801, 5220861.474896918050945 ], [ 629175.274882085737772, 5220861.350040097720921 ], [ 629175.20220198482275, 5220861.204889792017639 ], [ 629175.199882929446176, 5220861.050057320855558 ], [ 629174.949949504807591, 5220860.925117404200137 ], [ 629174.634963640361093, 5220860.945068319328129 ], [ 629174.526794515550137, 5220860.877607834525406 ], [ 629174.474885719129816, 5220860.750114280730486 ], [ 629174.400103082065471, 5220860.750114829279482 ], [ 629173.925107726361603, 5220861.625065791420639 ], [ 629173.875114280730486, 5220861.774885719642043 ] ], [ [ 629174.159020000020973, 5220861.5 ], [ 629174.230870150029659, 5220861.530447458848357 ], [ 629174.258967209956609, 5220861.603248881176114 ], [ 629174.216673004440963, 5220861.68364679440856 ], [ 629174.144607019028626, 5220861.709418747574091 ], [ 629174.075424768147059, 5220861.676684728823602 ], [ 629174.050121137639508, 5220861.595079342834651 ], [ 629174.084811622160487, 5220861.524168110452592 ], [ 629174.159020000020973, 5220861.5 ] ] ] } },
{ "type": "Feature", "properties": { "label": "vineyard", "area_m2": 0.091484551910410314 }, "geometry": { "type": "Polygon", "coordinates": [ [ [ 629170.750063280924223, 5220861.573833248578012 ], [ 629170.800157540477812, 5220861.699866575188935 ], [ 629170.924849630566314, 5220861.724838354624808 ], [ 629170.950791143113747, 5220861.535467660054564 ], [ 629170.979104544618167, 5220861.50489629805088 ], [ 629171.848886339459568, 5220861.524934110231698 ], [ 629171.874840973643586, 5220861.45015902724117 ], [ 629170.974703208659776, 5220861.498515615239739 ], [ 629170.899854750838131, 5220861.375157427974045 ], [ 629170.800145253073424, 5220861.375157428905368 ], [ 629170.750063280924223, 5220861.573833248578012 ] ] ] } },
{ "type": "Feature", "properties": { "label": "vineyard", "area_m2": 0.44060974066714409 }, "geometry": { "type": "Polygon", "coordinates": [ [ [ 629193.525118194753304, 5220862.375048957765102 ], [ 629193.550095137441531, 5220862.524884073063731 ], [ 629193.652301045367494, 5220862.561560671776533 ], [ 629193.675114952493459, 5220862.649885047227144 ], [ 629193.849951041745953, 5220862.599881804548204 ], [ 629193.999893628060818, 5220862.499928924255073 ], [ 629194.42488180543296, 5220861.449951042421162 ], [ 629194.424885047599673, 5220861.350114952772856 ], [ 629194.272674152394757, 5220861.37331054918468 ], [ 629194.099951041745953, 5220861.275118195451796 ], [ 629194.000114952563308, 5220861.275114953517914 ], [ 629194.005395021522418, 5220861.399770192801952 ], [ 629193.950117150321603, 5220861.475070215761662 ], [ 629193.950114952516742, 5220861.549885046668351 ], [ 629194.113439328619279, 5220861.572698954492807 ], [ 629194.148078528232872, 5220861.630490967072546 ], [ 629194.141799439908937, 5220861.692956223152578 ], [ 629194.050118194543757, 5220861.800048957578838 ], [ 629194.034155497793108, 5220861.929017147049308 ], [ 629193.950114952516742, 5220861.975114952772856 ], [ 629193.920710678212345, 5220862.145710677839816 ], [ 629193.600114952540025, 5220862.200114953331649 ], [ 629193.593056286917999, 5220862.2751355022192 ], [ 629193.525118194753304, 5220862.375048957765102 ] ] ] } },
{ "type": "Feature", "properties": { "label": "vineyard", "area_m2": 0.48701189859421101 }, "geometry": { "type": "Polygon", "coordinates": [ [ [ 629185.550114952493459, 5220861.225114952772856 ], [ 629185.550114952493459, 5220861.299885046668351 ], [ 629185.642850608215667, 5220861.362868280149996 ], [ 629185.675000000046566, 5220861.515978140756488 ], [ 629185.673248737235554, 5220861.73215520568192 ], [ 629185.625117150251754, 5220861.800070216879249 ], [ 629185.621074064285494, 5220861.916267091408372 ], [ 629185.550114952493459, 5220862.049885046668351 ], [ 629185.647545121144503, 5220862.075000000186265 ], [ 629185.760989505099133, 5220862.047678861767054 ], [ 629185.850062811863609, 5220862.174882484599948 ], [ 629185.999951042234898, 5220862.199881804175675 ], [ 629186.099881805479527, 5220862.099951041862369 ], [ 629186.125000000116415, 5220861.947545138187706 ], [ 629186.101803613128141, 5220861.681093133054674 ], [ 629186.134450714918785, 5220861.62447986099869 ], [ 629186.199904862674884, 5220861.599884072318673 ], [ 629186.249881805619225, 5220861.499951042234898 ], [ 629186.249882486183196, 5220861.325062812305987 ], [ 629186.174884074134752, 5220861.200095137581229 ], [ 629186.124951042234898, 5220861.175118195824325 ], [ 629186.075086297816597, 5220861.175116361118853 ], [ 629185.985497202957049, 5220861.241869929246604 ], [ 629185.550114952493459, 5220861.225114952772856 ] ] ] } },
{ "type": "Feature", "properties": { "label": "vineyard", "area_m2": 0.55298149564990495 }, "geometry": { "type": "Polygon", "coordinates": [ [ [ 629177.05011592595838, 5220861.999904862605035 ], [ 629177.129244692041539, 5220862.050483624450862 ], [ 629177.175071076489985, 5220862.174893628805876 ], [ 629177.524885047692806, 5220862.299885046668351 ], [ 629177.505994573817588, 5220862.188201980665326 ], [ 629177.599882486159913, 5220862.074937188997865 ], [ 629177.616853038896807, 5220861.969442975707352 ], [ 629177.670971532352269, 5220861.92930596601218 ], [ 629177.774937188369222, 5220861.924882484599948 ], [ 629177.82488248613663, 5220861.874937187880278 ], [ 629177.804080047877505, 5220861.622826951555908 ], [ 629177.949884074158035, 5220861.1750951372087 ], [ 629177.62745487911161, 5220861.049999999813735 ], [ 629177.482092546415515, 5220861.184297255240381 ], [ 629177.400114952586591, 5220861.200114953331649 ], [ 629177.375000000116415, 5220861.522545138373971 ], [ 629177.421074064332061, 5220861.583732908591628 ], [ 629177.416278327349573, 5220861.67486628331244 ], [ 629177.366833409643732, 5220861.734604516997933 ], [ 629177.275062811910175, 5220861.750117515213788 ], [ 629177.075071076396853, 5220861.900106371380389 ], [ 629177.05011592595838, 5220861.999904862605035 ] ] ] } },
{ "type": "Feature", "properties": { "label": "vineyard", "area_m2": 0.69520086989199759 }, "geometry": { "type": "Polygon", "coordinates": [ [ [ 629182.478122028755024, 5220861.725658947601914 ], [ 629183.124942678026855, 5220861.999882929958403 ], [ 629183.183153393794782, 5220861.940405242145061 ], [ 629183.249904669937678, 5220861.924884791485965 ], [ 629183.314278385136276, 5220861.818129626102746 ], [ 629183.449882929446176, 5220861.774942679330707 ], [ 629183.483710969332606, 5220861.600159503519535 ], [ 629183.549895640579052, 5220861.52492078859359 ], [ 629183.649882085854188, 5220861.299959902651608 ], [ 629183.599882929353043, 5220861.125057321041822 ], [ 629183.224959899671376, 5220860.950117913074791 ], [ 629182.925064700422809, 5220861.000108930282295 ], [ 629182.875117070623673, 5220861.050057320855558 ], [ 629182.850117914145812, 5220861.150040097534657 ], [ 629182.863902301993221, 5220861.307265033014119 ], [ 629182.72511707060039, 5220861.400057321414351 ], [ 629182.72511707060039, 5220861.474942678585649 ], [ 629182.797965127043426, 5220861.562799946404994 ], [ 629182.783983969013207, 5220861.657583449967206 ], [ 629182.722983666113578, 5220861.700622920878232 ], [ 629182.575040098861791, 5220861.675117913633585 ], [ 629182.475114280707203, 5220861.700114279985428 ], [ 629182.478122028755024, 5220861.725658947601914 ] ] ] } },
{ "type": "Feature", "properties": { "label": "vineyard", "area_m2": 0.54305612396970249 }, "geometry": { "type": "Polygon", "coordinates": [ [ [ 629163.22511707060039, 5220861.999942678026855 ], [ 629163.500050494913012, 5220862.124882595613599 ], [ 629163.649904670543037, 5220862.149884791113436 ], [ 629163.774882595054805, 5220861.924949506297708 ], [ 629163.824882085900754, 5220861.749959900975227 ], [ 629163.849999999976717, 5220861.602447513490915 ], [ 629163.805994400987402, 5220861.511788140051067 ], [ 629163.812633551424369, 5220861.444675883278251 ], [ 629163.950159508967772, 5220861.33371096663177 ], [ 629164.17488571931608, 5220861.274885719642043 ], [ 629164.176752400002442, 5220861.167841086164117 ], [ 629164.224884790950455, 5220861.050095329061151 ], [ 629163.824949505040422, 5220860.875117404386401 ], [ 629163.750057321973145, 5220860.875117070041597 ], [ 629163.675117404898629, 5220860.975050495006144 ], [ 629163.698243134305812, 5220861.145157859660685 ], [ 629163.600114280707203, 5220861.200114279985428 ], [ 629163.589215000509284, 5220861.308693926781416 ], [ 629163.475117404945195, 5220861.450050493702292 ], [ 629163.466289030620828, 5220861.5748404962942 ], [ 629163.325107725802809, 5220861.725065791979432 ], [ 629163.22511707060039, 5220861.999942678026855 ] ] ] } },
{ "type": "Feature", "properties": { "label": "vineyard", "area_m2": 0.063874525978400848 }, "geometry": { "type": "Polygon", "coordinates": [ [ [ 629172.125000000116415, 5220860.947054241783917 ], [ 629172.150335213285871, 5220860.949023865163326 ], [ 629172.57484097359702, 5220860.100159026682377 ], [ 629172.52509794535581, 5220860.100169392302632 ], [ 629172.400157839176245, 5220860.200126308947802 ], [ 629172.397201585699804, 5220860.279328167438507 ], [ 629172.325166336027905, 5220860.375104756094515 ], [ 629172.25017075240612, 5220860.600062733516097 ], [ 629172.247986242757179, 5220860.699197984300554 ], [ 629172.125170681858435, 5220860.87508637458086 ], [ 629172.125000000116415, 5220860.947054241783917 ] ] ] } },
{ "type": "Feature", "properties": { "label": "vineyard", "area_m2": 0.13869721923603681 }, "geometry": { "type": "Polygon", "coordinates": [ [ [ 629174.950000000069849, 5220860.947054241783917 ], [ 629175.19984097359702, 5220861.04984097275883 ], [ 629175.20089497603476, 5220860.850452920421958 ], [ 629175.274929022416472, 5220860.62398992292583 ], [ 629175.240008747554384, 5220860.496648611500859 ], [ 629175.340925927623175, 5220860.293603770434856 ], [ 629175.399840396130458, 5220860.250123631209135 ], [ 629175.325159026542678, 5220860.225159026682377 ], [ 629175.204115527798422, 5220860.487724754959345 ], [ 629175.100062738871202, 5220860.500170765444636 ], [ 629175.025160764460452, 5220860.550091329962015 ], [ 629174.975177113665268, 5220860.675083296373487 ], [ 629174.950000000069849, 5220860.947054241783917 ] ] ] } },
{ "type": "Feature", "properties": { "label": "vineyard", "area_m2": 0.038900186392788805 }, "geometry": { "type": "Polygon", "coordinates": [ [ [ 629150.025159026612528, 5220860.800159026868641 ], [ 629150.025171511806548, 5220860.874946590512991 ], [ 629150.049837737577036, 5220860.944666204042733 ], [ 629150.050159026519395, 5220861.024840973317623 ], [ 629150.124913624604233, 5220861.024829317815602 ], [ 629150.199829318327829, 5220860.949913626536727 ], [ 629150.198672780068591, 5220860.788753158412874 ], [ 629150.262609234778211, 5220860.729103323072195 ], [ 629150.37568113009911, 5220860.724138628691435 ], [ 629150.449826039606705, 5220860.624918574467301 ], [ 629150.44984097359702, 5220860.550159026868641 ], [ 629150.436658145976253, 5220860.634131759405136 ], [ 629150.385595129919238, 5220860.682421340607107 ], [ 629150.267428028397262, 5220860.655377323739231 ], [ 629150.283480109530501, 5220860.58097530901432 ], [ 629150.327293792041019, 5220860.550048369914293 ], [ 629150.250161643954925, 5220860.575150370597839 ], [ 629150.247985205496661, 5220860.654477280564606 ], [ 629150.163579585729167, 5220860.800001375377178 ], [ 629150.16212363622617, 5220860.877821835689247 ], [ 629150.049446017714217, 5220860.903561804443598 ], [ 629150.025159026612528, 5220860.800159026868641 ] ] ] } },
{ "type": "Feature", "properties": { "label": "vineyard", "area_m2": 0.36916108350327892 }, "geometry": { "type": "Polygon", "coordinates": [ [ [ 629166.35011656221468, 5220861.0999323008582 ], [ 629166.393051818013191, 5220861.149855429306626 ], [ 629166.400115209049545, 5220861.224904671311378 ], [ 629166.493994270102121, 5220861.313166657462716 ], [ 629166.48737088276539, 5220861.380314758978784 ], [ 629166.425117404898629, 5220861.475050495006144 ], [ 629166.450100302230567, 5220861.549900929443538 ], [ 629166.67488571931608, 5220861.574885719455779 ], [ 629166.682612046715803, 5220861.311731656081975 ], [ 629166.72786032629665, 5220861.261807872913778 ], [ 629166.79988571931608, 5220861.249885719269514 ], [ 629166.804931681137532, 5220861.10996363684535 ], [ 629166.949882929446176, 5220860.899942679330707 ], [ 629167.024885719292797, 5220860.625114280730486 ], [ 629166.75005732208956, 5220860.525117069482803 ], [ 629166.610132933128625, 5220860.767020598053932 ], [ 629166.425107726012357, 5220860.85006579104811 ], [ 629166.35011740506161, 5220860.975050494074821 ], [ 629166.35011656221468, 5220861.0999323008582 ] ] ] } },
{ "type": "Feature", "properties": { "label": "vineyard", "area_m2": 0.1892254015955101 }, "geometry": { "type": "Polygon", "coordinates": [ [ [ 629194.200114952516742, 5220860.974885046482086 ], [ 629194.337286476511508, 5220861.047906892374158 ], [ 629194.375115926028229, 5220861.349904862232506 ], [ 629194.449904862674884, 5220861.374884072691202 ], [ 629194.724881805595942, 5220860.699951042421162 ], [ 629194.749884074204601, 5220860.575095137581229 ], [ 629194.649951041792519, 5220860.525118195451796 ], [ 629194.575114952516742, 5220860.525114953517914 ], [ 629194.556867047329433, 5220860.585723245516419 ], [ 629194.50011636025738, 5220860.625086299143732 ], [ 629194.477301045437343, 5220860.838439328595996 ], [ 629194.409801714122295, 5220860.874518472701311 ], [ 629194.225062811863609, 5220860.875117515213788 ], [ 629194.200114952516742, 5220860.974885046482086 ] ] ] } },
{ "type": "Feature", "properties": { "label": "vineyard", "area_m2": 0.64182673207266339 }, "geometry": { "type": "Polygon", "coordinates": [ [ [ 629188.400117070646957, 5220860.874942678958178 ], [ 629188.525057321996428, 5220861.024882930330932 ], [ 629188.624949504854158, 5220861.024882595986128 ], [ 629188.763176956097595, 5220860.931003146804869 ], [ 629188.858690550201572, 5220860.956920788623393 ], [ 629188.888415656518191, 5220861.05533741787076 ], [ 629188.80011796252802, 5220861.150039109401405 ], [ 629188.797798014013097, 5220861.279889796860516 ], [ 629188.750117070623673, 5220861.350057320669293 ], [ 629188.750115209026262, 5220861.424904669634998 ], [ 629189.050050496123731, 5220861.549882596358657 ], [ 629189.124882929376327, 5220861.524942679330707 ], [ 629189.154931681463495, 5220861.184963636100292 ], [ 629189.324882085900754, 5220860.874959900975227 ], [ 629189.324882595101371, 5220860.625050494447351 ], [ 629189.199896229431033, 5220860.475098198279738 ], [ 629189.124942678026855, 5220860.425117069855332 ], [ 629188.974959899671376, 5220860.400117913261056 ], [ 629188.725114280707203, 5220860.400114280171692 ], [ 629188.660132932825945, 5220860.517020598053932 ], [ 629188.500064700143412, 5220860.600108930841088 ], [ 629188.400117070646957, 5220860.70005732215941 ], [ 629188.400117070646957, 5220860.874942678958178 ] ] ] } },
{ "type": "Feature", "properties": { "label": "vineyard", "area_m2": 0.19779054563845522 }, "geometry": { "type": "Polygon", "coordinates": [ [ [ 629168.400115926051512, 5220861.0749048627913 ], [ 629168.475062811863609, 5220861.124882484786212 ], [ 629168.549921979545616, 5220861.12488323263824 ], [ 629168.674882486113347, 5220860.974937187507749 ], [ 629168.724882849957794, 5220860.874929782934487 ], [ 629168.735778112197295, 5220860.741317390464246 ], [ 629168.87488180550281, 5220860.599951041862369 ], [ 629168.899884074227884, 5220860.325095137581229 ], [ 629168.799951041699387, 5220860.275118195451796 ], [ 629168.700095137464814, 5220860.275115927681327 ], [ 629168.400115926051512, 5220861.0749048627913 ] ] ] } },
{ "type": "Feature", "properties": { "label": "vineyard", "area_m2": 0.73555812372421181 }, "geometry": { "type": "Polygon", "coordinates": [ [ [ 629147.325117070577107, 5220860.624942678026855 ], [ 629147.42505732155405, 5220860.699882930144668 ], [ 629147.599904670380056, 5220860.699884790927172 ], [ 629147.723891198984347, 5220860.506451633758843 ], [ 629147.924882929422893, 5220860.374942678026855 ], [ 629147.940405240282416, 5220860.308153397403657 ], [ 629147.999882929259911, 5220860.249942678958178 ], [ 629148.00819902960211, 5220860.057044208049774 ], [ 629148.199892273754813, 5220859.799934207461774 ], [ 629148.299882595078088, 5220859.549949506297708 ], [ 629148.325000000069849, 5220859.297552487812936 ], [ 629148.299934207112528, 5220859.225107724778354 ], [ 629148.200057322042994, 5220859.200117069296539 ], [ 629148.099238995811902, 5220859.254256369546056 ], [ 629147.999932900536805, 5220859.200116590596735 ], [ 629147.925057321670465, 5220859.200117069296539 ], [ 629147.825117070460692, 5220859.30005732178688 ], [ 629147.816800973145291, 5220859.392955785617232 ], [ 629147.72511707060039, 5220859.475057321600616 ], [ 629147.525117404991761, 5220859.975050495006144 ], [ 629147.554504773346707, 5220860.15988796018064 ], [ 629147.475115056266077, 5220860.225098447874188 ], [ 629147.461734509677626, 5220860.364340835250914 ], [ 629147.35011707060039, 5220860.475057321600616 ], [ 629147.325117070577107, 5220860.624942678026855 ] ] ] } },
{ "type": "Feature", "properties": { "label": "vineyard", "area_m2": 0.36927680042761307 }, "geometry": { "type": "Polygon", "coordinates": [ [ [ 629177.625115731032565, 5220860.675084672868252 ], [ 629177.650114280870184, 5220861.074885719455779 ], [ 629177.949904670007527, 5220861.174884791485965 ], [ 629177.999882085714489, 5220861.049959902651608 ], [ 629178.004931681440212, 5220860.834963636472821 ], [ 629178.124882594915107, 5220860.674949506297708 ], [ 629178.127016482991166, 5220860.467828093096614 ], [ 629178.249885719153099, 5220860.375114280730486 ], [ 629177.800103082088754, 5220860.200114828534424 ], [ 629177.650117070646957, 5220860.400057322345674 ], [ 629177.650117070646957, 5220860.499942678958178 ], [ 629177.691313461633399, 5220860.585959081538022 ], [ 629177.625115731032565, 5220860.675084672868252 ] ] ] } },
{ "type": "Feature", "properties": { "label": "vineyard", "area_m2": 0.57246311028968455 }, "geometry": { "type": "Polygon", "coordinates": [ [ [ 629166.174999999930151, 5220860.222063059918582 ], [ 629166.312979771057144, 5220860.153256527148187 ], [ 629166.680347018875182, 5220860.225498146377504 ], [ 629166.775153847411275, 5220860.549871162511408 ], [ 629167.049876170931384, 5220860.649841097183526 ], [ 629167.524843675899319, 5220859.524940519593656 ], [ 629167.524841096950695, 5220859.375123828649521 ], [ 629167.224936410551891, 5220859.250177428126335 ], [ 629167.125866247108206, 5220859.324307221919298 ], [ 629167.049999999930151, 5220859.577936942689121 ], [ 629167.114748239982873, 5220859.894837314262986 ], [ 629166.900078534963541, 5220860.000155062414706 ], [ 629166.684662629966624, 5220860.21744104847312 ], [ 629166.30475725280121, 5220860.133475303649902 ], [ 629166.302028076606803, 5220860.045884140767157 ], [ 629166.424842017935589, 5220859.774875133298337 ], [ 629166.424841622938402, 5220859.700158377178013 ], [ 629166.375123829813674, 5220859.700158902443945 ], [ 629166.174999999930151, 5220860.222063059918582 ] ] ] } },
{ "type": "Feature", "properties": { "label": "vineyard", "area_m2": 0.55113437184911407 }, "geometry": { "type": "Polygon", "coordinates": [ [ [ 629185.725114952540025, 5220860.600114952772856 ], [ 629185.725116766872816, 5220860.674921978265047 ], [ 629185.775078020640649, 5220860.724883232265711 ], [ 629185.904028467833996, 5220860.729305965825915 ], [ 629185.963192126597278, 5220860.777860325761139 ], [ 629185.999447292182595, 5220860.905478801578283 ], [ 629186.000115458853543, 5220861.124895353801548 ], [ 629186.174904862651601, 5220861.199884072877467 ], [ 629186.249882486183196, 5220861.099937187507749 ], [ 629186.293132952880114, 5220860.914276754483581 ], [ 629186.392907453817315, 5220860.815702744759619 ], [ 629186.474937188322656, 5220860.799882484599948 ], [ 629186.599893627804704, 5220860.649928925558925 ], [ 629186.649881805642508, 5220860.549951042048633 ], [ 629186.649885047692806, 5220860.350114952772856 ], [ 629186.471354478737339, 5220860.236764731816947 ], [ 629186.449885047622956, 5220860.100114952772856 ], [ 629186.324937188299373, 5220860.025117515586317 ], [ 629186.225062811863609, 5220860.025117515586317 ], [ 629186.123075767536648, 5220860.117712083272636 ], [ 629185.952454879065044, 5220860.099999999627471 ], [ 629185.925117513979785, 5220860.125062812119722 ], [ 629185.92511592595838, 5220860.199904861859977 ], [ 629186.000095137744211, 5220860.274884073063731 ], [ 629186.10402846778743, 5220860.279305966570973 ], [ 629186.158146961242892, 5220860.319442976266146 ], [ 629186.175000000046566, 5220860.400000000372529 ], [ 629186.152301045367494, 5220860.463439328595996 ], [ 629186.075000000069849, 5220860.5 ], [ 629185.900114952586591, 5220860.475114952772856 ], [ 629185.855557023431174, 5220860.583146961405873 ], [ 629185.725114952540025, 5220860.600114952772856 ] ] ] } },
{ "type": "Feature", "properties": { "label": "vineyard", "area_m2": 0.74949713510136173 }, "geometry": { "type": "Polygon", "coordinates": [ [ [ 629163.72511707060039, 5220860.674942678771913 ], [ 629163.793989227968268, 5220860.763146567158401 ], [ 629163.775115209049545, 5220860.874904670752585 ], [ 629164.175050496123731, 5220861.049882596358657 ], [ 629164.224885719129816, 5220861.049885720014572 ], [ 629164.252440671320073, 5220860.902867168188095 ], [ 629164.374882929376327, 5220860.849942677654326 ], [ 629164.374883403535932, 5220860.750067002139986 ], [ 629164.325000000069849, 5220860.640979999676347 ], [ 629164.424882085877471, 5220860.324959902092814 ], [ 629164.414101751171984, 5220860.0849181516096 ], [ 629164.495588190853596, 5220860.019578565843403 ], [ 629164.561597004532814, 5220860.032799182459712 ], [ 629164.62505732208956, 5220860.099882930517197 ], [ 629164.67490467056632, 5220860.099884791299701 ], [ 629164.700000000069849, 5220860.047552487812936 ], [ 629164.699885719339363, 5220860.000114280730486 ], [ 629164.597130609559827, 5220859.944907532073557 ], [ 629164.599882929353043, 5220859.725057320669293 ], [ 629164.474899697699584, 5220859.450099069625139 ], [ 629164.399942677933723, 5220859.400117069482803 ], [ 629164.275117070763372, 5220859.425057320855558 ], [ 629164.247798013966531, 5220859.679889798164368 ], [ 629164.217020599287935, 5220859.735132931731641 ], [ 629164.099840492359363, 5220859.816289031878114 ], [ 629164.000114280846901, 5220859.825114279985428 ], [ 629163.975601854035631, 5220859.893755020573735 ], [ 629163.900117070646957, 5220859.95005732215941 ], [ 629163.900116275413893, 5220859.999926441349089 ], [ 629164.046694700140506, 5220860.109411110170186 ], [ 629164.063474219292402, 5220860.193243545480072 ], [ 629163.972419643076137, 5220860.368959373794496 ], [ 629163.750115163275041, 5220860.525096262805164 ], [ 629163.72511707060039, 5220860.674942678771913 ] ] ] } },
{ "type": "Feature", "properties": { "label": "vineyard", "area_m2": 0.35811510987351697 }, "geometry": { "type": "Polygon", "coordinates": [ [ [ 629150.375170118757524, 5220859.425076603889465 ], [ 629150.425164125859737, 5220859.749859477393329 ], [ 629150.571446854504757, 5220859.949163162149489 ], [ 629150.625148798222654, 5220860.199842392466962 ], [ 629150.699851394514553, 5220860.199836635030806 ], [ 629150.774844742845744, 5220860.024904714897275 ], [ 629150.774975912994705, 5220859.926964555867016 ], [ 629150.684321495005861, 5220859.685940123163164 ], [ 629150.799830052885227, 5220859.574898408725858 ], [ 629150.801952760666609, 5220859.284835936501622 ], [ 629150.85406798007898, 5220859.198680729605258 ], [ 629151.05069556471426, 5220859.099124108441174 ], [ 629151.074829295859672, 5220859.025086390785873 ], [ 629150.902945762150921, 5220858.974999999627471 ], [ 629150.774360399576835, 5220859.025586549192667 ], [ 629150.575155031983741, 5220859.150165340863168 ], [ 629150.450873214169405, 5220859.274356692098081 ], [ 629150.375170118757524, 5220859.425076603889465 ] ] ] } },
{ "type": "Feature", "properties": { "label": "vineyard", "area_m2": 0.12671343904306642 }, "geometry": { "type": "Polygon", "coordinates": [ [ [ 629171.775000000139698, 5220859.197054241783917 ], [ 629171.899863378726877, 5220859.199842657893896 ], [ 629172.017135707545094, 5220859.07644575741142 ], [ 629172.711031071841717, 5220859.136604853905737 ], [ 629172.727076963754371, 5220859.72803008928895 ], [ 629172.600157432141714, 5220859.825118673965335 ], [ 629172.600159026565962, 5220860.024840973317623 ], [ 629172.624874585191719, 5220860.024835390038788 ], [ 629172.749841895070858, 5220859.799924597144127 ], [ 629172.724840973620303, 5220859.050159026868641 ], [ 629172.029433754156344, 5220859.069762566126883 ], [ 629171.974845514982007, 5220858.875126064755023 ], [ 629171.900125415064394, 5220858.850164609961212 ], [ 629171.775158105185255, 5220859.075075402855873 ], [ 629171.775000000139698, 5220859.197054241783917 ] ] ] } },
{ "type": "Feature", "properties": { "label": "vineyard", "area_m2": 0.3131182791118321 }, "geometry": { "type": "Polygon", "coordinates": [ [ [ 629191.80011592595838, 5220860.124904862605035 ], [ 629191.873033720301464, 5220860.188985847868025 ], [ 629191.850116766872816, 5220860.399921978823841 ], [ 629191.924447292112745, 5220860.505478802137077 ], [ 629191.922928402433172, 5220860.673546035774052 ], [ 629191.850116360234097, 5220860.750086299143732 ], [ 629191.850114952540025, 5220860.874885046854615 ], [ 629191.999895354616456, 5220860.874884540215135 ], [ 629192.049882849911228, 5220860.799929782748222 ], [ 629192.099881483591162, 5220860.599957594648004 ], [ 629192.12039892852772, 5220860.231110221706331 ], [ 629192.186499836621806, 5220860.176862605847418 ], [ 629192.324885047622956, 5220860.174885046668351 ], [ 629192.324881805572659, 5220860.000048957765102 ], [ 629192.229937781346962, 5220859.815056913532317 ], [ 629192.224885047646239, 5220859.725114952772856 ], [ 629192.150114952586591, 5220859.725114952772856 ], [ 629192.131867047166452, 5220859.810723246075213 ], [ 629192.053434073459357, 5220859.864596624858677 ], [ 629191.850062811863609, 5220859.900117515586317 ], [ 629191.800118516548537, 5220860.025042405351996 ], [ 629191.80011592595838, 5220860.124904862605035 ] ] ] } },
{ "type": "Feature", "properties": { "label": "vineyard", "area_m2": 0.47941479245661911 }, "geometry": { "type": "Polygon", "coordinates": [ [ [ 629168.725000000093132, 5220860.272054241970181 ], [ 629168.851153160445392, 5220860.324936050921679 ], [ 629169.024913838133216, 5220860.299838854931295 ], [ 629169.299829295836389, 5220859.974913609214127 ], [ 629169.251858626957983, 5220859.550190749578178 ], [ 629169.370069236494601, 5220859.338957874104381 ], [ 629169.849913625395857, 5220859.449829317629337 ], [ 629169.949846736271866, 5220859.349895134568214 ], [ 629169.974840400973335, 5220859.275123626925051 ], [ 629169.825118667446077, 5220859.225157425738871 ], [ 629169.73423518112395, 5220859.318503678776324 ], [ 629169.374913609703071, 5220859.175170705653727 ], [ 629169.12512403447181, 5220859.20015505887568 ], [ 629168.800336620770395, 5220859.99950289260596 ], [ 629168.725000000093132, 5220860.272054241970181 ] ] ] } },
{ "type": "Feature", "properties": { "label": "vineyard", "area_m2": 0.35310244720625794 }, "geometry": { "type": "Polygon", "coordinates": [ [ [ 629158.825117404921912, 5220859.649949505925179 ], [ 629158.87505732208956, 5220859.724882930517197 ], [ 629159.144907523645088, 5220859.722130605019629 ], [ 629159.1920342015801, 5220859.772368546575308 ], [ 629159.20011428068392, 5220859.849885719828308 ], [ 629159.274942677933723, 5220859.849882930517197 ], [ 629159.349884836585261, 5220859.799903737381101 ], [ 629159.349882929353043, 5220859.725057320669293 ], [ 629159.238335480564274, 5220859.687647619284689 ], [ 629159.193077247822657, 5220859.635720103979111 ], [ 629159.199882929562591, 5220859.400057322345674 ], [ 629159.154466136707924, 5220859.286195458844304 ], [ 629159.225159508991055, 5220859.20871096663177 ], [ 629159.374942678026855, 5220859.199882930144668 ], [ 629159.524895640439354, 5220859.049920787103474 ], [ 629159.574885719339363, 5220858.925114280544221 ], [ 629159.399949504993856, 5220858.850117404013872 ], [ 629159.327447513001971, 5220858.849999999627471 ], [ 629159.28340829804074, 5220858.915642283856869 ], [ 629159.209149281959981, 5220858.934270961210132 ], [ 629159.124901552684605, 5220858.850115056149662 ], [ 629159.000114280730486, 5220858.850114280357957 ], [ 629159.000115731032565, 5220858.999915326945484 ], [ 629159.05678983416874, 5220859.051210841163993 ], [ 629159.063474219292402, 5220859.118243545293808 ], [ 629159.016746275825426, 5220859.181993463076651 ], [ 629158.875114280846901, 5220859.250114280730486 ], [ 629158.825117404921912, 5220859.649949505925179 ] ] ] } },
{ "type": "Feature", "properties": { "label": "vineyard", "area_m2": 0.65910057646417453 }, "geometry": { "type": "Polygon", "coordinates": [ [ [ 629155.47511707060039, 5220860.924942678771913 ], [ 629155.600079211522825, 5220861.049895639531314 ], [ 629155.749885719153099, 5220861.099885719828308 ], [ 629155.758031881647184, 5220860.942597491666675 ], [ 629155.88927838508971, 5220860.818129626102746 ], [ 629155.974926441209391, 5220860.79988372605294 ], [ 629156.099882929353043, 5220860.67494267784059 ], [ 629156.101164599065669, 5220860.537954390980303 ], [ 629156.215405243914574, 5220860.333153390325606 ], [ 629156.399885170743801, 5220860.174896918237209 ], [ 629156.413498125039041, 5220860.065806046128273 ], [ 629156.499885170604102, 5220859.999896918423474 ], [ 629156.499882929376327, 5220859.925057320855558 ], [ 629156.413498125039041, 5220859.834193954244256 ], [ 629156.374942678026855, 5220859.725117069669068 ], [ 629156.249949504854158, 5220859.675117404200137 ], [ 629156.150057322112843, 5220859.700117069296539 ], [ 629155.881679657497443, 5220859.973172817379236 ], [ 629155.80005732155405, 5220860.000117070041597 ], [ 629155.725107726291753, 5220860.075065791606903 ], [ 629155.699999999953434, 5220860.127447512000799 ], [ 629155.721862465143204, 5220860.302890302613378 ], [ 629155.600114280707203, 5220860.375114280730486 ], [ 629155.600115208886564, 5220860.42490467056632 ], [ 629155.688902301364578, 5220860.492734964936972 ], [ 629155.695584918837994, 5220860.559820846654475 ], [ 629155.660132932825945, 5220860.617020597681403 ], [ 629155.47511707060039, 5220860.750057321973145 ], [ 629155.47511707060039, 5220860.924942678771913 ] ] ] } },
{ "type": "Feature", "properties": { "label": "vineyard", "area_m2": 0.28853652682950176 }, "geometry": { "type": "Polygon", "coordinates": [ [ [ 629194.525115926051512, 5220860.375095138326287 ], [ 629194.525116766919382, 5220860.474921979010105 ], [ 629194.575078019988723, 5220860.524883233010769 ], [ 629194.774885047692806, 5220860.57488504704088 ], [ 629195.149881483637728, 5220859.599957594648004 ], [ 629195.149882849887945, 5220859.52507021650672 ], [ 629195.093643083353527, 5220859.440003912895918 ], [ 629195.124885047669522, 5220859.200114953331649 ], [ 629194.925114952493459, 5220859.225114952772856 ], [ 629194.975114952540025, 5220859.44988504704088 ], [ 629195.072962184203789, 5220859.517774517647922 ], [ 629195.07006221881602, 5220859.615056914277375 ], [ 629195.006122142309323, 5220859.747611884027719 ], [ 629194.91850476898253, 5220859.839255596511066 ], [ 629194.750062811886892, 5220859.875117515213788 ], [ 629194.666267091524787, 5220859.946074064821005 ], [ 629194.575114952516742, 5220859.950114953331649 ], [ 629194.575114952516742, 5220860.024885047227144 ], [ 629194.667850608122535, 5220860.08786828070879 ], [ 629194.674561221734621, 5220860.197879805229604 ], [ 629194.525115926051512, 5220860.375095138326287 ] ] ] } },
{ "type": "Feature", "properties": { "label": "vineyard", "area_m2": 0.92045329938390075 }, "geometry": { "type": "Polygon", "coordinates": [ [ [ 629183.025107726338319, 5220860.200065791606903 ], [ 629182.97511707060039, 5220860.374942678026855 ], [ 629183.065339895081706, 5220860.479277746751904 ], [ 629183.025117070646957, 5220860.57505732215941 ], [ 629183.025117070763372, 5220860.699942679144442 ], [ 629183.179231669055298, 5220860.800468996167183 ], [ 629183.200117070460692, 5220860.94994267821312 ], [ 629183.599942678003572, 5220861.124882929958403 ], [ 629183.674882929422893, 5220861.049942678771913 ], [ 629183.699882085900754, 5220860.974959901534021 ], [ 629183.683868023683317, 5220860.653748392127454 ], [ 629183.77488292939961, 5220860.549942678771913 ], [ 629183.774884269107133, 5220860.400084672495723 ], [ 629183.718210165854543, 5220860.348789158277214 ], [ 629183.711525780730881, 5220860.281756454147398 ], [ 629183.899882929516025, 5220860.07494267821312 ], [ 629183.899882929516025, 5220859.67505732178688 ], [ 629183.500114280846901, 5220859.500114280730486 ], [ 629183.481870371615514, 5220859.685721618123353 ], [ 629183.375064700143412, 5220859.750108931213617 ], [ 629183.20010772626847, 5220859.950065791606903 ], [ 629183.135933749959804, 5220860.104668791405857 ], [ 629183.025107726338319, 5220860.200065791606903 ] ] ] } },
{ "type": "Feature", "properties": { "label": "vineyard", "area_m2": 0.57725631005963918 }, "geometry": { "type": "Polygon", "coordinates": [ [ [ 629180.400117514072917, 5220860.350062812678516 ], [ 629180.400117514072917, 5220860.599937187507749 ], [ 629180.425062811700627, 5220860.624882484786212 ], [ 629180.599951042211615, 5220860.62488180398941 ], [ 629180.724884074297734, 5220860.524904862046242 ], [ 629180.773589725722559, 5220860.439227138645947 ], [ 629180.872674151323736, 5220860.401689451187849 ], [ 629180.999904862721451, 5220860.399884073063731 ], [ 629181.07488248613663, 5220860.274937189184129 ], [ 629181.129937781370245, 5220859.984943086281419 ], [ 629181.19988248613663, 5220859.849937187507749 ], [ 629181.200000000069849, 5220859.702454862184823 ], [ 629181.080490967840888, 5220859.698078528977931 ], [ 629181.022698954795487, 5220859.66343932878226 ], [ 629180.97490069817286, 5220859.425099301151931 ], [ 629180.900086298119277, 5220859.400116361677647 ], [ 629180.857092546648346, 5220859.459297254681587 ], [ 629180.750071076559834, 5220859.50010637100786 ], [ 629180.698189450544305, 5220859.631664083339274 ], [ 629180.600114952540025, 5220859.67511495295912 ], [ 629180.613986622891389, 5220859.855030884966254 ], [ 629180.500118194613606, 5220860.000048957765102 ], [ 629180.495062218862586, 5220860.140056913718581 ], [ 629180.400117514072917, 5220860.350062812678516 ] ] ] } },
{ "type": "Feature", "properties": { "label": "vineyard", "area_m2": 0.25435143972365692 }, "geometry": { "type": "Polygon", "coordinates": [ [ [ 629183.500000000116415, 5220859.497054241597652 ], [ 629183.899840973666869, 5220859.67484097275883 ], [ 629183.824848418240435, 5220859.400158537551761 ], [ 629183.754650617134757, 5220859.351401425898075 ], [ 629183.806741215637885, 5220858.895232052542269 ], [ 629184.068537718965672, 5220858.873222609050572 ], [ 629184.279556481284089, 5220858.822059248574078 ], [ 629184.359248908469453, 5220858.838357161730528 ], [ 629184.417071279487573, 5220859.012293113395572 ], [ 629184.402358638937585, 5220859.054750427603722 ], [ 629184.27882968261838, 5220859.173232800327241 ], [ 629184.025045856367797, 5220859.197585091926157 ], [ 629184.273534074542113, 5220859.199951415881515 ], [ 629184.399842720245942, 5220859.124848100356758 ], [ 629184.474842893658206, 5220858.949942051433027 ], [ 629184.474840396083891, 5220858.875123631209135 ], [ 629184.198901922325604, 5220858.750066655687988 ], [ 629184.150133044575341, 5220858.750155767425895 ], [ 629184.01246121362783, 5220858.874918107874691 ], [ 629183.820859469240531, 5220858.874323220923543 ], [ 629183.774844762985595, 5220858.800159399397671 ], [ 629183.700079993810505, 5220858.800165127962828 ], [ 629183.600132063380443, 5220858.875127946957946 ], [ 629183.525170752429403, 5220859.025062734261155 ], [ 629183.500000000116415, 5220859.497054241597652 ] ] ] } },
{ "type": "Feature", "properties": { "label": "vineyard", "area_m2": 0.34256493956072248 }, "geometry": { "type": "Polygon", "coordinates": [ [ [ 629189.300117513979785, 5220859.825062812305987 ], [ 629189.300117513979785, 5220859.899937189184129 ], [ 629189.349447292159311, 5220859.980478801764548 ], [ 629189.325114952516742, 5220860.224885046482086 ], [ 629189.474937188322656, 5220860.224882484413683 ], [ 629189.599882486159913, 5220860.124937187880278 ], [ 629189.694263491546735, 5220859.781972918659449 ], [ 629189.899884541402571, 5220859.599895353429019 ], [ 629189.949881483567879, 5220859.424957594834268 ], [ 629189.949884074158035, 5220859.200095137581229 ], [ 629189.725086298072711, 5220859.125116361305118 ], [ 629189.673883282230236, 5220859.189004947431386 ], [ 629189.55011592595838, 5220859.225095137022436 ], [ 629189.574420789605938, 5220859.667755508795381 ], [ 629189.511480827350169, 5220859.735135519877076 ], [ 629189.400062811910175, 5220859.750117515213788 ], [ 629189.300117513979785, 5220859.825062812305987 ] ] ] } },
{ "type": "Feature", "properties": { "label": "vineyard", "area_m2": 0.86851657121785741 }, "geometry": { "type": "Polygon", "coordinates": [ [ [ 629174.850118194706738, 5220859.775048958137631 ], [ 629174.87509513751138, 5220859.874884072691202 ], [ 629175.323494109441526, 5220859.969008721411228 ], [ 629175.363803728367202, 5220860.044422707520425 ], [ 629175.325117514003068, 5220860.224937187507749 ], [ 629175.400048958021216, 5220860.274881804361939 ], [ 629175.524957596557215, 5220860.274881483055651 ], [ 629175.77492892369628, 5220860.174893628805876 ], [ 629175.84990069817286, 5220860.124900698661804 ], [ 629175.899881483637728, 5220859.974957594648004 ], [ 629175.875552708050236, 5220859.780478801578283 ], [ 629175.924881483544596, 5220859.649957595393062 ], [ 629175.928925935877487, 5220859.458732908591628 ], [ 629175.999882486183196, 5220859.374937187880278 ], [ 629175.999884074204601, 5220859.150095137767494 ], [ 629175.725114952540025, 5220859.05011495295912 ], [ 629175.720288675744087, 5220859.147891127504408 ], [ 629175.659823255380616, 5220859.20835654810071 ], [ 629175.450042403652333, 5220859.200118517503142 ], [ 629175.225062811863609, 5220859.250117515213788 ], [ 629175.139820046839304, 5220859.353834643028677 ], [ 629175.050095137441531, 5220859.375115927308798 ], [ 629174.850118194706738, 5220859.775048958137631 ] ] ] } },
{ "type": "Feature", "properties": { "label": "vineyard", "area_m2": 0.40524529028238543 }, "geometry": { "type": "Polygon", "coordinates": [ [ [ 629192.125168108381331, 5220859.500138507224619 ], [ 629192.15015629469417, 5220859.724837064743042 ], [ 629192.224913614685647, 5220859.724829303100705 ], [ 629192.499846306978725, 5220859.449916707351804 ], [ 629192.64982919045724, 5220859.074937245808542 ], [ 629192.631751863285899, 5220858.883479779586196 ], [ 629192.707983550732024, 5220858.672569152899086 ], [ 629192.875201499322429, 5220858.623936475254595 ], [ 629192.924938448122703, 5220858.398798055946827 ], [ 629192.899913609959185, 5220858.275170706212521 ], [ 629192.800128028262407, 5220858.275174900889397 ], [ 629192.525170704349875, 5220858.400086390785873 ], [ 629192.525179605814628, 5220858.549923449754715 ], [ 629192.565608456963673, 5220858.672269369475543 ], [ 629192.408122830558568, 5220858.817684962414205 ], [ 629192.32515174348373, 5220858.82515976857394 ], [ 629192.300156199838966, 5220859.02490440569818 ], [ 629192.368543905904517, 5220859.200988638214767 ], [ 629192.125168108381331, 5220859.500138507224619 ] ] ] } },
{ "type": "Feature", "properties": { "label": "vineyard", "area_m2": 0.65239687647953581 }, "geometry": { "type": "Polygon", "coordinates": [ [ [ 629161.125117070740089, 5220860.250057321041822 ], [ 629161.150114280753769, 5220860.399885719642043 ], [ 629161.374935299856588, 5220860.374891068786383 ], [ 629161.674892274197191, 5220860.074934207834303 ], [ 629161.886770230019465, 5220859.633528576232493 ], [ 629162.024882929516025, 5220859.57494267821312 ], [ 629162.074882595101371, 5220859.449949505738914 ], [ 629162.076943244086578, 5220859.264053542166948 ], [ 629162.149884711368941, 5220859.199906297959387 ], [ 629162.199882085900754, 5220859.024959901347756 ], [ 629162.149885719292797, 5220858.800114280544221 ], [ 629161.875095329596661, 5220858.800115209072828 ], [ 629161.849999999976717, 5220858.947552488185465 ], [ 629161.887390824500471, 5220859.130272641777992 ], [ 629161.684193947701715, 5220859.31150187831372 ], [ 629161.57505049626343, 5220859.325117403641343 ], [ 629161.500117070740089, 5220859.375057321041822 ], [ 629161.497666365699843, 5220859.498937684111297 ], [ 629161.300117404898629, 5220859.700050494633615 ], [ 629161.300117914099246, 5220859.874959900975227 ], [ 629161.353179197059944, 5220860.058675593696535 ], [ 629161.125117070740089, 5220860.250057321041822 ] ] ] } },
{ "type": "Feature", "properties": { "label": "vineyard", "area_m2": 0.63115358211153194 }, "geometry": { "type": "Polygon", "coordinates": [ [ [ 629166.775073901051655, 5220858.874049423262477 ], [ 629166.825086389551871, 5220858.974829292856157 ], [ 629166.899937264621258, 5220858.974829233251512 ], [ 629167.031535767368041, 5220858.904046080075204 ], [ 629167.222646205802448, 5220858.967629347927868 ], [ 629167.2001706964802, 5220859.249913616105914 ], [ 629167.399503581342287, 5220859.349663653410971 ], [ 629167.5249136100756, 5220859.374829294160008 ], [ 629167.724834829918109, 5220859.04991211835295 ], [ 629167.849972377065569, 5220858.749724613502622 ], [ 629167.999597744317725, 5220858.32574719376862 ], [ 629167.999838356277905, 5220858.225150369107723 ], [ 629167.775049439165741, 5220858.175166032277048 ], [ 629167.537128143711016, 5220858.274125500582159 ], [ 629167.305227096192539, 5220857.957015896216035 ], [ 629167.299829318537377, 5220857.875086375512183 ], [ 629167.249913625651971, 5220857.825170682743192 ], [ 629167.175086384755559, 5220857.825170697644353 ], [ 629167.025159026612528, 5220858.17484097275883 ], [ 629167.074861475150101, 5220858.174831865355372 ], [ 629167.236515271826647, 5220858.043172577396035 ], [ 629167.507302499841899, 5220858.307528965175152 ], [ 629167.524798942962661, 5220858.525859958492219 ], [ 629167.4994308660971, 5220858.739971026778221 ], [ 629167.274570520967245, 5220858.872275430709124 ], [ 629166.974937247461639, 5220858.800170810893178 ], [ 629166.777945771580562, 5220858.799999999813735 ], [ 629166.775073901051655, 5220858.874049423262477 ] ] ] } },
{ "type": "Feature", "properties": { "label": "vineyard", "area_m2": 0.36497093935301272 }, "geometry": { "type": "Polygon", "coordinates": [ [ [ 629184.125169165083207, 5220858.525081483647227 ], [ 629184.150154341128655, 5220858.74987577367574 ], [ 629184.424176733824424, 5220858.874594122171402 ], [ 629184.49984209635295, 5220858.849924580194056 ], [ 629184.527080654283054, 5220858.623532944358885 ], [ 629184.699391397298314, 5220858.400671043433249 ], [ 629184.724955694866367, 5220858.322577596642077 ], [ 629184.502540909918025, 5220858.198796353302896 ], [ 629184.498441808274947, 5220858.027393612079322 ], [ 629184.54468152357731, 5220857.999879782088101 ], [ 629184.724998265970498, 5220858.065891553647816 ], [ 629184.89941868535243, 5220857.775877156294882 ], [ 629184.899841101607308, 5220857.700123825110495 ], [ 629184.750075419666246, 5220857.650157902389765 ], [ 629184.64450702292379, 5220857.770206817425787 ], [ 629184.302936925785616, 5220857.724999999627471 ], [ 629184.150161000550725, 5220857.775149718858302 ], [ 629184.150158377480693, 5220857.849841623567045 ], [ 629184.433753453777172, 5220857.804447849281132 ], [ 629184.51804721809458, 5220857.947789669968188 ], [ 629184.450163452886045, 5220858.050078069791198 ], [ 629184.450160437147133, 5220858.124919403344393 ], [ 629184.499781490885653, 5220858.218006908893585 ], [ 629184.479100371594541, 5220858.337358694523573 ], [ 629184.200075419037603, 5220858.400157902389765 ], [ 629184.125169165083207, 5220858.525081483647227 ] ] ] } },
{ "type": "Feature", "properties": { "label": "vineyard", "area_m2": 1.0463599140029241 }, "geometry": { "type": "Polygon", "coordinates": [ [ [ 629177.800117513979785, 5220860.100062810815871 ], [ 629177.825071076396853, 5220860.224893628619611 ], [ 629178.250042403698899, 5220860.399881483055651 ], [ 629178.324937188299373, 5220860.399882485158741 ], [ 629178.449937188299373, 5220860.324882484972477 ], [ 629178.599882486159913, 5220860.174937187694013 ], [ 629178.679042848874815, 5220859.646853505633771 ], [ 629178.799882486113347, 5220859.549937187694013 ], [ 629178.80220472230576, 5220859.370095524005592 ], [ 629178.899881483637728, 5220858.999957595020533 ], [ 629178.899881483637728, 5220858.900042405351996 ], [ 629178.849928923649713, 5220858.800106370821595 ], [ 629178.522545121144503, 5220858.650000000372529 ], [ 629178.468542742892168, 5220858.726110982708633 ], [ 629178.350115926004946, 5220858.8000951372087 ], [ 629178.293056286987849, 5220859.300135501660407 ], [ 629178.220011362689547, 5220859.368299280293286 ], [ 629178.050114952493459, 5220859.400114953517914 ], [ 629178.065901141730137, 5220859.545405933633447 ], [ 629178.00011636025738, 5220859.625086298212409 ], [ 629177.995062218862586, 5220859.765056913718581 ], [ 629177.800117513979785, 5220860.100062810815871 ] ] ] } },
{ "type": "Feature", "properties": { "label": "vineyard", "area_m2": 0.87841215496925495 }, "geometry": { "type": "Polygon", "coordinates": [ [ [ 629169.299999999930151, 5220858.797063060104847 ], [ 629169.604009425151162, 5220858.758448814973235 ], [ 629169.77166489418596, 5220858.951506271027029 ], [ 629169.825153762823902, 5220859.224873748607934 ], [ 629169.974924581940286, 5220859.274842100217938 ], [ 629170.599842102732509, 5220857.85007541347295 ], [ 629170.474924585199915, 5220857.725157896988094 ], [ 629170.350158377434127, 5220857.72515837661922 ], [ 629170.302037694491446, 5220858.187007865868509 ], [ 629170.214964424376376, 5220858.246612516231835 ], [ 629169.950884067453444, 5220858.170882835052907 ], [ 629169.74985835806001, 5220857.775159964337945 ], [ 629169.67512382962741, 5220857.77515890263021 ], [ 629169.648004560614936, 5220857.92644168715924 ], [ 629169.34966866648756, 5220858.601396550424397 ], [ 629169.299999999930151, 5220858.797063060104847 ] ] ] } },
{ "type": "Feature", "properties": { "label": "vineyard", "area_m2": 0.76140505185080687 }, "geometry": { "type": "Polygon", "coordinates": [ [ [ 629186.17511592595838, 5220859.724904862232506 ], [ 629186.242051028879359, 5220859.764888186007738 ], [ 629186.300062811700627, 5220859.874882484786212 ], [ 629186.419509032391943, 5220859.876921471208334 ], [ 629186.477301045437343, 5220859.911560671404004 ], [ 629186.500114952563308, 5220860.099885046482086 ], [ 629186.624885047669522, 5220860.099885046482086 ], [ 629186.626921472023241, 5220859.830490967258811 ], [ 629186.705490967840888, 5220859.751921471208334 ], [ 629186.798044761060737, 5220859.757928216829896 ], [ 629186.848252143710852, 5220859.804856268689036 ], [ 629186.825114952516742, 5220859.999885046854615 ], [ 629187.049885047599673, 5220859.974885046482086 ], [ 629187.199881805572659, 5220859.624951042234898 ], [ 629187.200000000069849, 5220859.452454862184823 ], [ 629187.126751262927428, 5220859.332155206240714 ], [ 629187.150000000139698, 5220859.052454861812294 ], [ 629187.124883639975451, 5220858.950086299329996 ], [ 629187.068132953019813, 5220858.910723246634007 ], [ 629187.049882486113347, 5220858.825062812305987 ], [ 629186.999937188345939, 5220858.775117515586317 ], [ 629186.675104645546526, 5220858.650115460157394 ], [ 629186.625117150251754, 5220858.725070216692984 ], [ 629186.625114952563308, 5220858.799885046668351 ], [ 629186.703645521425642, 5220858.838235268369317 ], [ 629186.724447292159311, 5220858.919521197676659 ], [ 629186.650117514072917, 5220859.025062812492251 ], [ 629186.63238243223168, 5220859.423488385975361 ], [ 629186.485831680824049, 5220859.541326432488859 ], [ 629186.413769017439336, 5220859.515542002394795 ], [ 629186.374904862721451, 5220859.450115927495062 ], [ 629186.300114952493459, 5220859.450114953331649 ], [ 629186.274095112690702, 5220859.517155895940959 ], [ 629186.200114952516742, 5220859.55011495295912 ], [ 629186.17511592595838, 5220859.724904862232506 ] ] ] } },
{ "type": "Feature", "properties": { "label": "vineyard", "area_m2": 0.44677067935330833 }, "geometry": { "type": "Polygon", "coordinates": [ [ [ 629156.000114952563308, 5220859.524885047227144 ], [ 629156.222547698300332, 5220859.502893297933042 ], [ 629156.270055072149262, 5220859.573993112891912 ], [ 629156.250115926028229, 5220859.6999048627913 ], [ 629156.399921979987994, 5220859.74988323263824 ], [ 629156.549882486113347, 5220859.57493718713522 ], [ 629156.649881483637728, 5220859.349957594648004 ], [ 629156.649881805642508, 5220859.250048957765102 ], [ 629156.561043399153277, 5220859.132142302580178 ], [ 629156.557287910953164, 5220859.055697813630104 ], [ 629156.680207621539012, 5220858.89826840441674 ], [ 629156.799885047599673, 5220858.849885046482086 ], [ 629156.799884074134752, 5220858.775095137767494 ], [ 629156.524951041792519, 5220858.650118195451796 ], [ 629156.400078020640649, 5220858.62511676736176 ], [ 629156.225116766872816, 5220858.800078021362424 ], [ 629156.200117514003068, 5220859.074937188997865 ], [ 629156.2545015119249, 5220859.142512146383524 ], [ 629156.250746034202166, 5220859.218956642784178 ], [ 629156.000117514049634, 5220859.425062811002135 ], [ 629156.000114952563308, 5220859.524885047227144 ] ] ] } },
{ "type": "Feature", "properties": { "label": "vineyard", "area_m2": 0.45796135260529131 }, "geometry": { "type": "Polygon", "coordinates": [ [ [ 629189.475159026565962, 5220858.400159027427435 ], [ 629189.475159026565962, 5220858.474840972572565 ], [ 629189.726064959773794, 5220858.503198976628482 ], [ 629189.860562874935567, 5220858.617358413524926 ], [ 629189.82644517859444, 5220858.746216093190014 ], [ 629189.750170681858435, 5220858.825086374767125 ], [ 629189.725159604102373, 5220859.124876368790865 ], [ 629189.900062046130188, 5220859.199821835383773 ], [ 629189.999898422276601, 5220859.199830069206655 ], [ 629190.099829235346988, 5220859.074937261641026 ], [ 629190.106913250638172, 5220858.946723788976669 ], [ 629190.224859069101512, 5220858.849847078323364 ], [ 629190.275190397631377, 5220858.749179562553763 ], [ 629190.325000000069849, 5220858.622054239735007 ], [ 629190.278308224631473, 5220858.488703588023782 ], [ 629190.324515601620078, 5220858.327029727399349 ], [ 629190.399829295929521, 5220858.200086390599608 ], [ 629190.175820033415221, 5220858.100406017154455 ], [ 629190.075119275716133, 5220858.100161378271878 ], [ 629190.000162946642376, 5220858.200097318738699 ], [ 629189.91712262283545, 5220858.420318220742047 ], [ 629189.73754372401163, 5220858.424883463419974 ], [ 629189.697556413128041, 5220858.400046248920262 ], [ 629189.568941807490773, 5220858.466629156842828 ], [ 629189.475159026565962, 5220858.400159027427435 ] ] ] } },
{ "type": "Feature", "properties": { "label": "vineyard", "area_m2": 0.47467183130086477 }, "geometry": { "type": "Polygon", "coordinates": [ [ [ 629172.025000000139698, 5220858.697054241783917 ], [ 629172.075062754214741, 5220858.724829189479351 ], [ 629172.224002529168501, 5220858.724928402341902 ], [ 629172.275362964835949, 5220858.673962603323162 ], [ 629172.349829903570935, 5220858.524923404678702 ], [ 629172.349840600392781, 5220858.400155238807201 ], [ 629172.259287095395848, 5220858.347651003859937 ], [ 629172.34440608357545, 5220858.029456900432706 ], [ 629172.399840973666869, 5220857.999840972945094 ], [ 629172.554397900472395, 5220857.656992417760193 ], [ 629172.674903888255358, 5220857.649842418730259 ], [ 629172.743240474024788, 5220857.604759024456143 ], [ 629173.393639510730281, 5220857.770294416695833 ], [ 629173.415220715804026, 5220857.816196368075907 ], [ 629173.325169723597355, 5220858.075083998963237 ], [ 629173.324371222639456, 5220858.202098525129259 ], [ 629173.253614556859247, 5220858.461411169730127 ], [ 629173.150159599259496, 5220858.525123626925051 ], [ 629173.123502194881439, 5220858.701328300870955 ], [ 629172.9501706964802, 5220858.95008638408035 ], [ 629172.950167563511059, 5220859.024865128099918 ], [ 629173.074913615360856, 5220859.149829302914441 ], [ 629173.524722918053158, 5220858.350241892039776 ], [ 629173.774844476138242, 5220857.874872465617955 ], [ 629173.774840401019901, 5220857.825123626738787 ], [ 629173.674937267438509, 5220857.775170753709972 ], [ 629173.423061706824228, 5220857.774452821351588 ], [ 629172.75516618473921, 5220857.605196172371507 ], [ 629172.724840973620303, 5220857.525159027427435 ], [ 629172.600123626878485, 5220857.525159600190818 ], [ 629172.408570866566151, 5220857.928311629220843 ], [ 629172.350158328656107, 5220857.975080902688205 ], [ 629172.252721906173974, 5220858.353026560507715 ], [ 629172.149609916261397, 5220858.375956288538873 ], [ 629172.025170752429403, 5220858.600062733516097 ], [ 629172.025000000139698, 5220858.697054241783917 ] ] ] } },
{ "type": "Feature", "properties": { "label": "vineyard", "area_m2": 0.31704646969446237 }, "geometry": { "type": "Polygon", "coordinates": [ [ [ 629195.000114952563308, 5220858.725114952772856 ], [ 629195.000114952563308, 5220858.924885046668351 ], [ 629195.158682609093376, 5220858.935778111219406 ], [ 629195.27242470823694, 5220859.006045944988728 ], [ 629195.300114952493459, 5220859.099885046482086 ], [ 629195.324937188299373, 5220859.099882484413683 ], [ 629195.574881805572659, 5220858.499951042234898 ], [ 629195.551562777138315, 5220858.330706455744803 ], [ 629195.599882486159913, 5220858.249937187880278 ], [ 629195.599882849957794, 5220858.125070217065513 ], [ 629195.553925935877487, 5220858.066267091780901 ], [ 629195.549882486113347, 5220857.92506281286478 ], [ 629195.524937188369222, 5220857.900117515586317 ], [ 629195.450114952516742, 5220857.900114953517914 ], [ 629195.425118516548537, 5220858.000042404979467 ], [ 629195.425118194543757, 5220858.074951042421162 ], [ 629195.488450014730915, 5220858.181626898236573 ], [ 629195.477219746564515, 5220858.257335188798606 ], [ 629195.367406770354137, 5220858.321881846524775 ], [ 629195.274937188369222, 5220858.275117515586317 ], [ 629195.200114952516742, 5220858.275114953517914 ], [ 629195.191799439955503, 5220858.592956223525107 ], [ 629195.082092546625063, 5220858.709297254681587 ], [ 629195.000114952563308, 5220858.725114952772856 ] ] ] } },
{ "type": "Feature", "properties": { "label": "vineyard", "area_m2": 0.61872129867526016 }, "geometry": { "type": "Polygon", "coordinates": [ [ [ 629180.90015975467395, 5220859.249968515709043 ], [ 629180.947475329507142, 5220859.320940178819001 ], [ 629180.925114952493459, 5220859.424885046668351 ], [ 629180.974885047646239, 5220859.424885046668351 ], [ 629181.039010494481772, 5220859.32267886120826 ], [ 629181.249951041769236, 5220859.349881804548204 ], [ 629181.374928923672996, 5220859.274893629364669 ], [ 629181.474882849957794, 5220859.149929783307016 ], [ 629181.497698954772204, 5220859.011560671031475 ], [ 629181.599885047646239, 5220858.974885046482086 ], [ 629181.571850253501907, 5220858.830422786995769 ], [ 629181.590019080205821, 5220858.767313615418971 ], [ 629181.652701118960977, 5220858.726821975782514 ], [ 629181.774937188369222, 5220858.724882484413683 ], [ 629181.82488248613663, 5220858.674937187694013 ], [ 629181.82488248613663, 5220858.400062812492251 ], [ 629181.774937188485637, 5220858.350117514841259 ], [ 629181.474951042211615, 5220858.225118195638061 ], [ 629181.425086298026145, 5220858.225116360932589 ], [ 629181.382092546322383, 5220858.284297254867852 ], [ 629181.286283994559199, 5220858.321212140843272 ], [ 629181.125062811886892, 5220858.325117515400052 ], [ 629181.100115926004946, 5220858.449904861859977 ], [ 629181.175882438663393, 5220858.523376815021038 ], [ 629181.172928402433172, 5220858.698546036146581 ], [ 629180.950116360210814, 5220858.925086298957467 ], [ 629180.974480752600357, 5220859.088474308140576 ], [ 629180.900116360280663, 5220859.175086298957467 ], [ 629180.90015975467395, 5220859.249968515709043 ] ] ] } },
{ "type": "Feature", "properties": { "label": "vineyard", "area_m2": 0.21739187591307668 }, "geometry": { "type": "Polygon", "coordinates": [ [ [ 629150.95011428068392, 5220858.300114280544221 ], [ 629150.950117070577107, 5220858.374942678026855 ], [ 629151.025601854198612, 5220858.431244979612529 ], [ 629151.049999999930151, 5220858.4967 ], [ 629151.041289031156339, 5220858.574840494431555 ], [ 629150.975116275250912, 5220858.65007355902344 ], [ 629151.0, 5220858.909020000137389 ], [ 629150.975114280707203, 5220858.999885719269514 ], [ 629151.074885719339363, 5220859.024885719642043 ], [ 629151.093129628221504, 5220858.914278381504118 ], [ 629151.274884998449124, 5220858.749900436028838 ], [ 629151.277692506788298, 5220858.550470236688852 ], [ 629151.374885719153099, 5220858.499885719269514 ], [ 629151.374882594915107, 5220858.200050493702292 ], [ 629151.349903737893328, 5220858.150115162134171 ], [ 629151.275114280870184, 5220858.150114280171692 ], [ 629151.220785411889665, 5220858.238902733661234 ], [ 629151.075067698489875, 5220858.250116562470794 ], [ 629151.025144570623524, 5220858.29305181838572 ], [ 629150.95011428068392, 5220858.300114280544221 ] ] ] } },
{ "type": "Feature", "properties": { "label": "vineyard", "area_m2": 0.33027739262039113 }, "geometry": { "type": "Polygon", "coordinates": [ [ [ 629148.175114952493459, 5220859.19988504704088 ], [ 629148.302454879041761, 5220859.25 ], [ 629148.424893628107384, 5220859.199928923510015 ], [ 629148.474881805479527, 5220859.099951041862369 ], [ 629148.483721673372202, 5220858.925133715383708 ], [ 629148.674882486113347, 5220858.69993718713522 ], [ 629148.674883233266883, 5220858.625078020617366 ], [ 629148.603880035574548, 5220858.550209145061672 ], [ 629148.590735244331881, 5220858.484125822782516 ], [ 629148.699881805456243, 5220858.349951041862369 ], [ 629148.735778112197295, 5220858.141317389905453 ], [ 629148.82488248613663, 5220858.049937187694013 ], [ 629148.79993718827609, 5220857.950117515400052 ], [ 629148.675070216762833, 5220857.950117151252925 ], [ 629148.575062811840326, 5220858.000117515213788 ], [ 629148.375109513057396, 5220858.225058536976576 ], [ 629148.350117150228471, 5220858.399929783307016 ], [ 629148.39824873721227, 5220858.467844794504344 ], [ 629148.400300013483502, 5220858.624298016540706 ], [ 629148.32511851657182, 5220858.775042405351996 ], [ 629148.266799439908937, 5220859.092956223525107 ], [ 629148.175114952493459, 5220859.19988504704088 ] ] ] } },
{ "type": "Feature", "properties": { "label": "vineyard", "area_m2": 0.31468017331953296 }, "geometry": { "type": "Polygon", "coordinates": [ [ [ 629164.575117404921912, 5220858.874949505552649 ], [ 629164.625057321973145, 5220858.949882930144668 ], [ 629164.747552486951463, 5220858.950000000186265 ], [ 629164.874884836608544, 5220858.874903737567365 ], [ 629164.87993167899549, 5220858.659963644109666 ], [ 629164.998608612921089, 5220858.476448178291321 ], [ 629165.078248885460198, 5220858.441032790578902 ], [ 629165.174942677957006, 5220858.474882930517197 ], [ 629165.299882929539308, 5220858.32494267821312 ], [ 629165.299882929422893, 5220858.225057321600616 ], [ 629165.224934207391925, 5220858.050107725895941 ], [ 629164.974959899671376, 5220857.950117913074791 ], [ 629164.875117070623673, 5220858.025057322345674 ], [ 629164.85011538665276, 5220858.14990829769522 ], [ 629164.913985374500044, 5220858.219970962963998 ], [ 629164.895694033592008, 5220858.35402846802026 ], [ 629164.847139673773199, 5220858.413192126899958 ], [ 629164.775057321996428, 5220858.425117069855332 ], [ 629164.717020600335672, 5220858.535132930614054 ], [ 629164.575117070577107, 5220858.650057321414351 ], [ 629164.575117404921912, 5220858.874949505552649 ] ] ] } },
{ "type": "Feature", "properties": { "label": "vineyard", "area_m2": 0.22749662605487422 }, "geometry": { "type": "Polygon", "coordinates": [ [ [ 629178.500117514049634, 5220858.649937189184129 ], [ 629178.799885047599673, 5220858.774885047227144 ], [ 629178.818132953019813, 5220858.639276753179729 ], [ 629178.913235269137658, 5220858.521354478783906 ], [ 629178.999937188345939, 5220858.499882484786212 ], [ 629179.049882486113347, 5220858.44993718713522 ], [ 629179.025552708073519, 5220858.180478801950812 ], [ 629179.075000000069849, 5220858.047545137815177 ], [ 629179.04993718827609, 5220858.000117515213788 ], [ 629178.799951041699387, 5220857.900118195451796 ], [ 629178.650114952586591, 5220857.900114953517914 ], [ 629178.650117150275037, 5220857.974929782561958 ], [ 629178.693056287011132, 5220858.024864497594535 ], [ 629178.700116360210814, 5220858.099913700483739 ], [ 629178.762286476441659, 5220858.147906892001629 ], [ 629178.775115926051512, 5220858.224904862232506 ], [ 629178.901209725765511, 5220858.272087965160608 ], [ 629178.9370563600678, 5220858.367059793323278 ], [ 629178.868423676583916, 5220858.445424876175821 ], [ 629178.625062811886892, 5220858.450117515400052 ], [ 629178.525097288191319, 5220858.525107341818511 ], [ 629178.500117514049634, 5220858.649937189184129 ] ] ] } },
{ "type": "Feature", "properties": { "label": "vineyard", "area_m2": 0.35634572706121453 }, "geometry": { "type": "Polygon", "coordinates": [ [ [ 629181.325117150205187, 5220857.849929782561958 ], [ 629181.371074064285494, 5220857.90873290784657 ], [ 629181.375116766896099, 5220858.024921979755163 ], [ 629181.44506221881602, 5220858.109943086281419 ], [ 629181.450117514003068, 5220858.224937187507749 ], [ 629181.799885047599673, 5220858.374885046854615 ], [ 629181.750000000116415, 5220858.209021859802306 ], [ 629181.750552708050236, 5220858.055478801950812 ], [ 629181.784083201666363, 5220857.958357044495642 ], [ 629181.829218669678085, 5220857.911095164716244 ], [ 629181.899885047692806, 5220857.899885047227144 ], [ 629181.952860326389782, 5220857.811807872727513 ], [ 629182.075000000069849, 5220857.797545137815177 ], [ 629182.074885047622956, 5220857.725114952772856 ], [ 629181.975114952540025, 5220857.725114952772856 ], [ 629181.938439328572713, 5220857.802301045507193 ], [ 629181.825086298049428, 5220857.825116361491382 ], [ 629181.756317188846879, 5220857.895994077436626 ], [ 629181.647347229532897, 5220857.892026112414896 ], [ 629181.593052818789147, 5220857.835662155412138 ], [ 629181.60761204676237, 5220857.661731655709445 ], [ 629181.652860326343216, 5220857.611807872541249 ], [ 629181.724885047646239, 5220857.599885046482086 ], [ 629181.77020391530823, 5220857.440825395286083 ], [ 629181.839502797229216, 5220857.408130070194602 ], [ 629181.974885047646239, 5220857.424885046668351 ], [ 629181.974883639952168, 5220857.350086298771203 ], [ 629181.912713523721322, 5220857.302093107253313 ], [ 629181.899881805642508, 5220857.200048957951367 ], [ 629181.849937188322656, 5220857.125117515213788 ], [ 629181.750114952563308, 5220857.125114953145385 ], [ 629181.713439328595996, 5220857.227301045320928 ], [ 629181.550106372334994, 5220857.30007107462734 ], [ 629181.525118194753304, 5220857.350048957392573 ], [ 629181.517387953470461, 5220857.63826834410429 ], [ 629181.463268343359232, 5220857.692387953400612 ], [ 629181.325117514003068, 5220857.725062810815871 ], [ 629181.325117150205187, 5220857.849929782561958 ] ] ] } },
{ "type": "Feature", "properties": { "label": "vineyard", "area_m2": 0.55370623577430655 }, "geometry": { "type": "Polygon", "coordinates": [ [ [ 629159.150756533024833, 5220858.624858158640563 ], [ 629159.150117070763372, 5220858.699942679144442 ], [ 629159.288439328433014, 5220858.747698955237865 ], [ 629159.32511428068392, 5220858.849885719828308 ], [ 629159.599885719129816, 5220858.949885719455779 ], [ 629159.580521204625256, 5220858.658933866769075 ], [ 629159.724882929236628, 5220858.574942679144442 ], [ 629159.722130609559827, 5220858.380092468112707 ], [ 629159.772368550417013, 5220858.332965796813369 ], [ 629159.849885719129816, 5220858.324885719455779 ], [ 629159.866853038780391, 5220858.169442975893617 ], [ 629159.920971532235853, 5220858.129305966198444 ], [ 629159.999885719153099, 5220858.124885719269514 ], [ 629160.006948182010092, 5220858.049855429679155 ], [ 629160.049883437808603, 5220857.999932301230729 ], [ 629160.04988571931608, 5220857.875114280730486 ], [ 629159.961097266408615, 5220857.820785412564874 ], [ 629159.949884791043587, 5220857.675095329061151 ], [ 629159.775114280870184, 5220857.625114280730486 ], [ 629159.799999999930151, 5220857.75 ], [ 629159.770710678072646, 5220857.820710677653551 ], [ 629159.600057321949862, 5220857.850117069669068 ], [ 629159.400115163298324, 5220857.975096262060106 ], [ 629159.391289034974761, 5220858.099840485490859 ], [ 629159.325107725802809, 5220858.175065792165697 ], [ 629159.275117405108176, 5220858.27505049481988 ], [ 629159.268051819643006, 5220858.37514456640929 ], [ 629159.225116562331095, 5220858.425067698583007 ], [ 629159.216800970491022, 5220858.567955791950226 ], [ 629159.150756533024833, 5220858.624858158640563 ] ] ] } },
{ "type": "Feature", "properties": { "label": "vineyard", "area_m2": 0.64608286244401714 }, "geometry": { "type": "Polygon", "coordinates": [ [ [ 629167.32506667659618, 5220857.47391380276531 ], [ 629167.375075415475294, 5220857.5498420977965 ], [ 629167.522391942562535, 5220857.550793805159628 ], [ 629167.700122866081074, 5220857.62484803982079 ], [ 629167.798041323316284, 5220857.624976056627929 ], [ 629168.072298745741136, 5220857.607487448491156 ], [ 629168.12515837745741, 5220857.799841623753309 ], [ 629168.249841143959202, 5220857.774875238537788 ], [ 629168.25313594401814, 5220857.35893346555531 ], [ 629168.525371982716024, 5220857.073974712751806 ], [ 629168.724842096213251, 5220856.525075418874621 ], [ 629168.499051347607747, 5220856.425073413178325 ], [ 629168.300931675359607, 5220856.499742333777249 ], [ 629168.075157903716899, 5220856.825075417757034 ], [ 629168.09983769513201, 5220857.080331431701779 ], [ 629168.050169990980066, 5220857.200064272619784 ], [ 629168.049999999930151, 5220857.297063057310879 ], [ 629168.099924824316986, 5220857.405625519342721 ], [ 629168.081809920491651, 5220857.596596400253475 ], [ 629167.80655767081771, 5220857.601395852863789 ], [ 629167.67587089096196, 5220857.299988392740488 ], [ 629167.699841218884103, 5220857.075073703192174 ], [ 629167.624922030605376, 5220856.900163473561406 ], [ 629167.549664921010844, 5220856.9009755467996 ], [ 629167.32506667659618, 5220857.47391380276531 ] ] ] } },
{ "type": "Feature", "properties": { "label": "vineyard", "area_m2": 0.61042072865628105 }, "geometry": { "type": "Polygon", "coordinates": [ [ [ 629156.45011428068392, 5220858.649885719642043 ], [ 629156.799949505017139, 5220858.774882595986128 ], [ 629156.975159498397261, 5220858.633710971102118 ], [ 629157.199884836794809, 5220858.599903737194836 ], [ 629157.25, 5220858.402447513304651 ], [ 629157.201752400025725, 5220858.332158913835883 ], [ 629157.187558009638451, 5220858.035356235690415 ], [ 629157.299882929422893, 5220857.899942678399384 ], [ 629157.374885719153099, 5220857.650114280171692 ], [ 629156.875114280846901, 5220857.450114279985428 ], [ 629157.041289031156339, 5220857.575159505940974 ], [ 629157.020068318583071, 5220857.790036363527179 ], [ 629156.909193947678432, 5220857.911501878872514 ], [ 629156.800099563552067, 5220857.925115001387894 ], [ 629156.450117070577107, 5220858.275057321414351 ], [ 629156.475057321949862, 5220858.324882930144668 ], [ 629156.562467623036355, 5220858.362984111532569 ], [ 629156.583967209910043, 5220858.428248880431056 ], [ 629156.45011428068392, 5220858.649885719642043 ] ] ] } },
{ "type": "Feature", "properties": { "label": "vineyard", "area_m2": 0.94148681464619166 }, "geometry": { "type": "Polygon", "coordinates": [ [ [ 629175.500117150251754, 5220858.824929783120751 ], [ 629175.550114952493459, 5220858.924885046668351 ], [ 629175.639820046839304, 5220858.946165356785059 ], [ 629175.700095137464814, 5220859.049884072504938 ], [ 629175.950048957951367, 5220859.149881804361939 ], [ 629176.074904862674884, 5220859.124884072691202 ], [ 629176.135179953300394, 5220859.021165356971323 ], [ 629176.249937188345939, 5220858.999882484786212 ], [ 629176.299882486113347, 5220858.94993718713522 ], [ 629176.324881805456243, 5220858.650048958137631 ], [ 629176.243154180236161, 5220858.511830592527986 ], [ 629176.236549988156185, 5220858.44477706681937 ], [ 629176.299883639905602, 5220858.374913700856268 ], [ 629176.417042763903737, 5220858.087793585844338 ], [ 629176.574885047622956, 5220857.999885046854615 ], [ 629176.600000000093132, 5220857.722545137628913 ], [ 629176.57492892362643, 5220857.600106370635331 ], [ 629176.349951042211615, 5220857.50011819601059 ], [ 629176.275070216855966, 5220857.500117151066661 ], [ 629176.175114952377044, 5220857.55011495295912 ], [ 629176.142155895591713, 5220857.624095113016665 ], [ 629176.050117513979785, 5220857.675062811002135 ], [ 629176.016799439908937, 5220857.842956223525107 ], [ 629175.950116360210814, 5220857.900086299516261 ], [ 629175.886485429597087, 5220858.109224155545235 ], [ 629175.833682609139942, 5220858.164221888408065 ], [ 629175.750114952563308, 5220858.17511495295912 ], [ 629175.750117514049634, 5220858.324937188997865 ], [ 629175.803515860112384, 5220858.392275634221733 ], [ 629175.798252144944854, 5220858.470143731683493 ], [ 629175.748044762294739, 5220858.517071783542633 ], [ 629175.600115926004946, 5220858.5500951372087 ], [ 629175.584604516276158, 5220858.641833410598338 ], [ 629175.500117514049634, 5220858.725062810815871 ], [ 629175.500117150251754, 5220858.824929783120751 ] ] ] } },
{ "type": "Feature", "properties": { "label": "vineyard", "area_m2": 0.14509518850611264 }, "geometry": { "type": "Polygon", "coordinates": [ [ [ 629146.300159026519395, 5220856.724840972572565 ], [ 629146.474803064018488, 5220856.958258759230375 ], [ 629146.468405989697203, 5220857.02818510774523 ], [ 629146.325063950265758, 5220857.176153127104044 ], [ 629146.325170704280026, 5220857.224913609214127 ], [ 629146.400856538093649, 5220857.281771717593074 ], [ 629146.425159604055807, 5220857.649876369163394 ], [ 629146.549937947536819, 5220857.674821794964373 ], [ 629146.674866579123773, 5220857.624842461198568 ], [ 629146.69984097359702, 5220857.475159026682377 ], [ 629146.435179422842339, 5220857.488458873704076 ], [ 629146.406609366997145, 5220857.169267251156271 ], [ 629146.546487916260958, 5220857.038765746168792 ], [ 629146.675133923417889, 5220857.124834138900042 ], [ 629146.874922877061181, 5220857.124835356138647 ], [ 629146.999839387484826, 5220857.049857698380947 ], [ 629146.999840396107174, 5220856.975123630836606 ], [ 629146.876105594797991, 5220856.95006628613919 ], [ 629146.768936615437269, 5220856.997979422099888 ], [ 629146.476575429202057, 5220856.943345464766026 ], [ 629146.333022197708488, 5220856.733907263725996 ], [ 629146.349840973620303, 5220856.525159027427435 ], [ 629146.300170809729025, 5220856.575062754563987 ], [ 629146.300159026519395, 5220856.724840972572565 ] ] ] } },
{ "type": "Feature", "properties": { "label": "vineyard", "area_m2": 0.69239200302127191 }, "geometry": { "type": "Polygon", "coordinates": [ [ [ 629186.675117513979785, 5220858.649937189184129 ], [ 629187.024929783539847, 5220858.799882848747075 ], [ 629187.055601455038413, 5220858.766188700683415 ], [ 629186.985778112197295, 5220858.708682609722018 ], [ 629186.978787859668955, 5220858.613716005347669 ], [ 629187.024790858034976, 5220858.553880034945905 ], [ 629187.100499150226824, 5220858.542649770155549 ], [ 629187.156521885190159, 5220858.58008296508342 ], [ 629187.183336967951618, 5220858.646839400753379 ], [ 629187.143232388538308, 5220858.75324313621968 ], [ 629187.200070216669701, 5220858.799882848747075 ], [ 629187.272545121144503, 5220858.799999999813735 ], [ 629187.333732908708043, 5220858.75392593536526 ], [ 629187.42492978356313, 5220858.749882848933339 ], [ 629187.599882486159913, 5220858.624937187880278 ], [ 629187.599882486159913, 5220858.425062811002135 ], [ 629187.55220472230576, 5220858.354904476553202 ], [ 629187.524884074227884, 5220858.000095137394965 ], [ 629187.465799931786023, 5220857.961895097047091 ], [ 629187.446241141995415, 5220857.89741840120405 ], [ 629187.479937781346962, 5220857.70994308590889 ], [ 629187.599882486159913, 5220857.474937187507749 ], [ 629187.599885047646239, 5220857.400114953517914 ], [ 629187.400048958021216, 5220857.350118195638061 ], [ 629187.275135501171462, 5220857.443056287243962 ], [ 629187.125062811886892, 5220857.450117515400052 ], [ 629187.100117514026351, 5220857.475062810815871 ], [ 629187.136852506431751, 5220857.622882121242583 ], [ 629187.125114952563308, 5220857.799885046668351 ], [ 629187.217850608169101, 5220857.862868280149996 ], [ 629187.217387953423895, 5220858.038268343545496 ], [ 629187.154028467833996, 5220858.095694033429027 ], [ 629187.025114952586591, 5220858.100114952772856 ], [ 629186.998189450590871, 5220858.206664082594216 ], [ 629186.875114952563308, 5220858.275114953517914 ], [ 629186.859980919980444, 5220858.432686383835971 ], [ 629186.700106372125447, 5220858.525071076117456 ], [ 629186.675117513979785, 5220858.649937189184129 ] ] ] } },
{ "type": "Feature", "properties": { "label": "vineyard", "area_m2": 0.44189542164397744 }, "geometry": { "type": "Polygon", "coordinates": [ [ [ 629153.72511707060039, 5220858.174942678771913 ], [ 629153.800050496123731, 5220858.224882596172392 ], [ 629153.997552486951463, 5220858.225000000558794 ], [ 629154.058726404444315, 5220858.178928474895656 ], [ 629154.274942678050138, 5220858.149882930330932 ], [ 629154.37494267791044, 5220858.099882930517197 ], [ 629154.505204814719036, 5220857.923264244571328 ], [ 629154.624889235128649, 5220857.849936962127686 ], [ 629154.675000000046566, 5220857.772552486509085 ], [ 629154.674882595078088, 5220857.275050493888557 ], [ 629154.62494267791044, 5220857.200117069296539 ], [ 629154.400114280870184, 5220857.200114279985428 ], [ 629154.389214997761883, 5220857.283693932928145 ], [ 629154.250107726315036, 5220857.450065792538226 ], [ 629154.200117914122529, 5220857.575040097348392 ], [ 629154.225299174664542, 5220857.763474313542247 ], [ 629154.182962465798482, 5220857.862207621335983 ], [ 629153.974840502603911, 5220857.991289027966559 ], [ 629153.875057321973145, 5220858.000117070041597 ], [ 629153.800064700422809, 5220858.05010893009603 ], [ 629153.72511707060039, 5220858.174942678771913 ] ] ] } },
{ "type": "Feature", "properties": { "label": "vineyard", "area_m2": 0.34441915364701409 }, "geometry": { "type": "Polygon", "coordinates": [ [ [ 629164.975114952540025, 5220857.974885046482086 ], [ 629165.22504895797465, 5220858.074881804175675 ], [ 629165.274937188485637, 5220858.074882484972477 ], [ 629165.349896998610348, 5220857.999915468506515 ], [ 629165.499881805619225, 5220857.624951042234898 ], [ 629165.516921411501244, 5220857.365640488453209 ], [ 629165.599884541356005, 5220857.299895354546607 ], [ 629165.599884074181318, 5220857.1750951372087 ], [ 629165.425086298026145, 5220857.125116361305118 ], [ 629165.37388328218367, 5220857.189004947431386 ], [ 629165.275095137534663, 5220857.200115927495062 ], [ 629165.181867047329433, 5220857.43572324514389 ], [ 629165.075071076513268, 5220857.50010637100786 ], [ 629165.000118194613606, 5220857.600048957392573 ], [ 629165.024447292205878, 5220857.794521197676659 ], [ 629164.975114952540025, 5220857.974885046482086 ] ] ] } },
{ "type": "Feature", "properties": { "label": "vineyard", "area_m2": 0.19346362173738599 }, "geometry": { "type": "Polygon", "coordinates": [ [ [ 629195.675000000046566, 5220857.522054241038859 ], [ 629195.8999136100756, 5220857.624829294160008 ], [ 629196.074841170338914, 5220857.199948112480342 ], [ 629196.07484097359702, 5220857.07515902724117 ], [ 629195.906036882894114, 5220857.074810358695686 ], [ 629195.873113318230025, 5220857.050643870607018 ], [ 629195.829801024636254, 5220856.839534759521484 ], [ 629195.899843034683727, 5220856.774871816858649 ], [ 629195.899929577368312, 5220856.676021375693381 ], [ 629195.874845515005291, 5220856.575126064941287 ], [ 629195.824937247438356, 5220856.550170810893178 ], [ 629195.724318850669079, 5220856.550861475989223 ], [ 629195.700072533451021, 5220856.674021588638425 ], [ 629195.750150385545567, 5220856.824838343076408 ], [ 629195.826886115595698, 5220856.849357034079731 ], [ 629195.86963871808257, 5220857.064390255138278 ], [ 629195.800152616226114, 5220857.12512565497309 ], [ 629195.725213894504122, 5220857.299837959930301 ], [ 629195.675177113502286, 5220857.425083298236132 ], [ 629195.675000000046566, 5220857.522054241038859 ] ] ] } },
{ "type": "Feature", "properties": { "label": "vineyard", "area_m2": 0.40968347257529686 }, "geometry": { "type": "Polygon", "coordinates": [ [ [ 629176.25008829368744, 5220857.274342393502593 ], [ 629176.275156589457765, 5220857.499854160472751 ], [ 629176.599903888069093, 5220857.62484241835773 ], [ 629176.800285993143916, 5220857.374101345427334 ], [ 629176.900330474367365, 5220857.173605135641992 ], [ 629176.948192061623558, 5220856.967663737013936 ], [ 629177.22386962804012, 5220857.020919588394463 ], [ 629177.250159026589245, 5220857.074840973131359 ], [ 629177.274840973666869, 5220857.074840973131359 ], [ 629177.274840973666869, 5220857.025159027427435 ], [ 629176.972397078177892, 5220856.952487792819738 ], [ 629176.949840396060608, 5220856.875123631209135 ], [ 629176.749850333086215, 5220856.700141939334571 ], [ 629176.525159026612528, 5220856.625159027054906 ], [ 629176.547341542085633, 5220856.927554447203875 ], [ 629176.453457740135491, 5220857.11629675142467 ], [ 629176.27508874447085, 5220857.17516858689487 ], [ 629176.25008829368744, 5220857.274342393502593 ] ] ] } },
{ "type": "Feature", "properties": { "label": "vineyard", "area_m2": 0.22351879960296803 }, "geometry": { "type": "Polygon", "coordinates": [ [ [ 629173.475117514026351, 5220857.499937187880278 ], [ 629173.638192126643844, 5220857.577860326506197 ], [ 629173.625115926028229, 5220857.774904862977564 ], [ 629173.72504895797465, 5220857.824881804175675 ], [ 629173.824893628014252, 5220857.799928924068809 ], [ 629173.849881805595942, 5220857.749951042234898 ], [ 629173.877204722375609, 5220857.245095524005592 ], [ 629173.99988180550281, 5220857.099951041862369 ], [ 629173.999885047669522, 5220856.92511495295912 ], [ 629173.775114952586591, 5220856.92511495295912 ], [ 629173.711485429550521, 5220857.259224155917764 ], [ 629173.628434074693359, 5220857.339596624486148 ], [ 629173.50009513751138, 5220857.375115927308798 ], [ 629173.475117514026351, 5220857.499937187880278 ] ] ] } },
{ "type": "Feature", "properties": { "label": "vineyard", "area_m2": 0.49314030100772305 }, "geometry": { "type": "Polygon", "coordinates": [ [ [ 629162.275117405108176, 5220857.549949505366385 ], [ 629162.3339401477715, 5220857.653170705772936 ], [ 629162.325117404921912, 5220857.799949506297708 ], [ 629162.35010030248668, 5220857.849900931119919 ], [ 629162.42505732155405, 5220857.899882930330932 ], [ 629162.549926441395655, 5220857.899883724749088 ], [ 629162.724882929236628, 5220857.699942679144442 ], [ 629162.782979400712065, 5220857.514867068268359 ], [ 629163.074882929562591, 5220857.29994267784059 ], [ 629163.099999999976717, 5220857.222552486695349 ], [ 629163.074884791043587, 5220856.975095328874886 ], [ 629162.849949504830875, 5220856.850117404013872 ], [ 629162.57511428068392, 5220856.750114280730486 ], [ 629162.60011707060039, 5220856.899942678399384 ], [ 629162.66709506616462, 5220856.969715191982687 ], [ 629162.670855910517275, 5220857.046212720684707 ], [ 629162.485132933128625, 5220857.267020598053932 ], [ 629162.400073558441363, 5220857.300116275437176 ], [ 629162.275117070763372, 5220857.425057320855558 ], [ 629162.275117405108176, 5220857.549949505366385 ] ] ] } },
{ "type": "Feature", "properties": { "label": "vineyard", "area_m2": 0.60818205494042898 }, "geometry": { "type": "Polygon", "coordinates": [ [ [ 629190.100115926004946, 5220857.500095137394965 ], [ 629190.125000000116415, 5220857.640978140756488 ], [ 629190.100000000093132, 5220857.947545138187706 ], [ 629190.135906031588092, 5220858.013093266636133 ], [ 629190.125115926028229, 5220858.099904862232506 ], [ 629190.399885047692806, 5220858.19988504704088 ], [ 629190.44988248613663, 5220858.074937188997865 ], [ 629190.483721673372202, 5220857.725133715197444 ], [ 629190.649882486206479, 5220857.474937187507749 ], [ 629190.67269895481877, 5220857.386560671031475 ], [ 629190.799885047599673, 5220857.349885046482086 ], [ 629190.924881483544596, 5220857.099957594648004 ], [ 629190.849937188322656, 5220856.750117515213788 ], [ 629190.647545121144503, 5220856.674999999813735 ], [ 629190.541267091524787, 5220856.74607406463474 ], [ 629190.425114952493459, 5220856.750114953145385 ], [ 629190.425114952493459, 5220856.849885046482086 ], [ 629190.497139673796482, 5220856.861807872541249 ], [ 629190.542387953377329, 5220856.911731655709445 ], [ 629190.543056286987849, 5220857.0251355022192 ], [ 629190.478434074670076, 5220857.089596624486148 ], [ 629190.350115926004946, 5220857.125095137394965 ], [ 629190.338192126597278, 5220857.247139673680067 ], [ 629190.225114952540025, 5220857.30011495295912 ], [ 629190.216278326814063, 5220857.399866284802556 ], [ 629190.100115926004946, 5220857.500095137394965 ] ] ] } },
{ "type": "Feature", "properties": { "label": "vineyard", "area_m2": 0.46453728276537931 }, "geometry": { "type": "Polygon", "coordinates": [ [ [ 629187.350114952540025, 5220857.07488504704088 ], [ 629187.448044760036282, 5220857.082928216084838 ], [ 629187.498252142220736, 5220857.129856266081333 ], [ 629187.50351586099714, 5220857.207724360749125 ], [ 629187.42511592595838, 5220857.275095137767494 ], [ 629187.42511592595838, 5220857.349904862232506 ], [ 629187.525048958021216, 5220857.399881804361939 ], [ 629187.599929783726111, 5220857.399882849305868 ], [ 629187.733732908614911, 5220857.303925935178995 ], [ 629187.899885047692806, 5220857.299885046668351 ], [ 629187.929289321997203, 5220857.129289321601391 ], [ 629188.049904862651601, 5220857.099884072318673 ], [ 629188.113235269091092, 5220856.97135447897017 ], [ 629188.249937188345939, 5220856.949882484972477 ], [ 629188.299882486113347, 5220856.899937187321484 ], [ 629188.299884074134752, 5220856.725095137022436 ], [ 629187.999957596533932, 5220856.600118516944349 ], [ 629187.883980634505861, 5220856.629258703440428 ], [ 629187.650095137767494, 5220856.600115926936269 ], [ 629187.500117514049634, 5220856.775062812492251 ], [ 629187.481867047143169, 5220856.910723246634007 ], [ 629187.350117514026351, 5220857.000062812119722 ], [ 629187.350114952540025, 5220857.07488504704088 ] ] ] } },
{ "type": "Feature", "properties": { "label": "vineyard", "area_m2": 0.84904518018719288 }, "geometry": { "type": "Polygon", "coordinates": [ [ [ 629192.60011707060039, 5220857.724942678585649 ], [ 629192.700040098861791, 5220857.77488208655268 ], [ 629192.797552486998029, 5220857.775000000372529 ], [ 629192.857549506239593, 5220857.72093743737787 ], [ 629192.93572010321077, 5220857.718077247031033 ], [ 629193.05005732155405, 5220857.899882930330932 ], [ 629193.199904670007527, 5220857.924884791485965 ], [ 629193.274882929516025, 5220857.82494267821312 ], [ 629193.280685730045661, 5220857.613050633110106 ], [ 629193.39988292939961, 5220857.499942678026855 ], [ 629193.699884791043587, 5220856.650095328688622 ], [ 629193.374959899694659, 5220856.525117913261056 ], [ 629192.975057322066277, 5220856.525117069482803 ], [ 629192.925117070437409, 5220856.57505732215941 ], [ 629192.963400029111654, 5220856.829896916635334 ], [ 629192.900000000023283, 5220856.977447513490915 ], [ 629192.900117404991761, 5220857.074949505738914 ], [ 629192.970833068480715, 5220857.184155233204365 ], [ 629192.972983517800458, 5220857.257171904668212 ], [ 629192.91562771727331, 5220857.3177719861269 ], [ 629192.800073558581062, 5220857.32511627394706 ], [ 629192.625107726547867, 5220857.500065790489316 ], [ 629192.60011707060039, 5220857.724942678585649 ] ] ] } },
{ "type": "Feature", "properties": { "label": "vineyard", "area_m2": 0.64657231285819261 }, "geometry": { "type": "Polygon", "coordinates": [ [ [ 629146.400000000139698, 5220856.397054241970181 ], [ 629146.830382636166178, 5220856.148285645991564 ], [ 629147.051573768258095, 5220856.079143625684083 ], [ 629147.172093204106204, 5220856.163863287307322 ], [ 629147.148285041213967, 5220856.400354633107781 ], [ 629147.050066770636477, 5220856.426095715723932 ], [ 629147.050159026519395, 5220856.524840973317623 ], [ 629147.149840973666869, 5220856.524840973317623 ], [ 629147.175386318820529, 5220856.178332103416324 ], [ 629147.205852044397034, 5220856.150766817852855 ], [ 629147.299840973573737, 5220856.149840973317623 ], [ 629147.299840973573737, 5220856.050159026868641 ], [ 629147.209836034686305, 5220856.048047761432827 ], [ 629147.123983211233281, 5220856.000070649199188 ], [ 629146.825684598647058, 5220856.004922681488097 ], [ 629146.800201432080939, 5220855.971581292338669 ], [ 629146.802964775473811, 5220855.853664672002196 ], [ 629146.934089467744343, 5220855.721827923320234 ], [ 629147.073221164057031, 5220855.677086311392486 ], [ 629147.224916697130539, 5220855.699822880327702 ], [ 629147.347962149884552, 5220855.65266237873584 ], [ 629147.55496210954152, 5220855.721314837224782 ], [ 629147.575159026542678, 5220855.824840973131359 ], [ 629147.649840973666869, 5220855.824840973131359 ], [ 629147.649840973666869, 5220855.425159026868641 ], [ 629147.544410564238206, 5220855.421756982803345 ], [ 629147.324872480356134, 5220855.300155489705503 ], [ 629147.204958032583818, 5220855.295301904901862 ], [ 629147.104765045223758, 5220855.154287178069353 ], [ 629147.09984040085692, 5220855.100123626179993 ], [ 629146.925143439671956, 5220855.025158626027405 ], [ 629146.475041877827607, 5220856.125252469442785 ], [ 629146.400000000139698, 5220856.397054241970181 ] ] ] } },
{ "type": "Feature", "properties": { "label": "vineyard", "area_m2": 0.25037885135868854 }, "geometry": { "type": "Polygon", "coordinates": [ [ [ 629148.925117404898629, 5220857.09994950518012 ], [ 629148.950096262153238, 5220857.149884836748242 ], [ 629149.049932900583372, 5220857.149883409030735 ], [ 629149.299892274197191, 5220856.949934207834303 ], [ 629149.349882085691206, 5220856.799959901720285 ], [ 629149.326756867929362, 5220856.629842135123909 ], [ 629149.376962402136996, 5220856.582925969734788 ], [ 629149.499884836608544, 5220856.549903737381101 ], [ 629149.499885719153099, 5220856.525114280171692 ], [ 629149.174959900788963, 5220856.400117913261056 ], [ 629149.100095329456963, 5220856.400115208700299 ], [ 629149.000099069206044, 5220856.500100302509964 ], [ 629148.950117914122529, 5220856.625040099024773 ], [ 629148.974447979824618, 5220856.744512821547687 ], [ 629148.925117404898629, 5220857.09994950518012 ] ] ] } },
{ "type": "Feature", "properties": { "label": "vineyard", "area_m2": 0.84639492240616399 }, "geometry": { "type": "Polygon", "coordinates": [ [ [ 629178.72511707060039, 5220857.624942678026855 ], [ 629178.796071525313891, 5220857.708726406097412 ], [ 629178.800115208839998, 5220857.924904668703675 ], [ 629178.975050495238975, 5220857.999882595613599 ], [ 629179.07494267844595, 5220858.024882930330932 ], [ 629179.145978216547519, 5220857.915847478434443 ], [ 629179.324900931562297, 5220857.849899697117507 ], [ 629179.442037534201518, 5220857.637792378664017 ], [ 629179.499884998309426, 5220857.599900436587632 ], [ 629179.515847478294745, 5220857.470978217199445 ], [ 629179.674892274313606, 5220857.34993420727551 ], [ 629179.749883437645622, 5220857.199932302348316 ], [ 629179.749882594915107, 5220857.075050493702292 ], [ 629179.609660105081275, 5220856.895722254179418 ], [ 629179.699882085900754, 5220856.524959901347756 ], [ 629179.674934207112528, 5220856.475107724778354 ], [ 629179.497552486951463, 5220856.399999999441206 ], [ 629179.325099068810232, 5220856.475100302137434 ], [ 629179.275117070763372, 5220856.550057320855558 ], [ 629179.277869393932633, 5220856.719907524995506 ], [ 629179.175114280660637, 5220856.775114280171692 ], [ 629179.207938544685021, 5220856.964667021296918 ], [ 629179.10011707060039, 5220857.100057321600616 ], [ 629179.086501881596632, 5220857.234193941578269 ], [ 629178.941846609581262, 5220857.409594755619764 ], [ 629178.775114280870184, 5220857.425114280544221 ], [ 629178.72511707060039, 5220857.624942678026855 ] ] ] } },
{ "type": "Feature", "properties": { "label": "vineyard", "area_m2": 0.43398798690149704 }, "geometry": { "type": "Polygon", "coordinates": [ [ [ 629159.725115386536345, 5220857.449908297508955 ], [ 629159.78880222782027, 5220857.519250877201557 ], [ 629159.775115209049545, 5220857.624904670752585 ], [ 629159.90244751307182, 5220857.675000000745058 ], [ 629159.949942678329535, 5220857.674882930703461 ], [ 629159.999882929259911, 5220857.624942678958178 ], [ 629160.002016482176259, 5220857.492828095331788 ], [ 629160.124882929376327, 5220857.399942679330707 ], [ 629160.129640057799406, 5220857.2165921702981 ], [ 629160.199884385918267, 5220857.149912943132222 ], [ 629160.237551169586368, 5220857.016419686377048 ], [ 629160.332006535958499, 5220856.919240291230381 ], [ 629160.399885719176382, 5220856.899885719642043 ], [ 629160.400552020175382, 5220856.730487179011106 ], [ 629160.439224621863104, 5220856.623593925498426 ], [ 629160.699884836794809, 5220856.499903738498688 ], [ 629160.699884791043587, 5220856.425095329061151 ], [ 629160.599949505063705, 5220856.375117404386401 ], [ 629160.375067699002102, 5220856.375116562470794 ], [ 629160.316273597534746, 5220856.421071524731815 ], [ 629160.175050495192409, 5220856.425117404200137 ], [ 629160.000115163391456, 5220856.500096262432635 ], [ 629160.000117070623673, 5220856.599942677654326 ], [ 629160.049447980127297, 5220856.680487181991339 ], [ 629160.043051819782704, 5220856.750144565477967 ], [ 629160.0, 5220856.802447512745857 ], [ 629160.000117070623673, 5220856.92494267784059 ], [ 629160.049447979894467, 5220857.005487178452313 ], [ 629160.045694033498876, 5220857.129028467461467 ], [ 629159.997139673680067, 5220857.188192126341164 ], [ 629159.900057322112843, 5220857.200117069296539 ], [ 629159.725115163251758, 5220857.375096262432635 ], [ 629159.725115386536345, 5220857.449908297508955 ] ] ] } },
{ "type": "Feature", "properties": { "label": "vineyard", "area_m2": 0.075190099149491846 }, "geometry": { "type": "Polygon", "coordinates": [ [ [ 629154.475114952540025, 5220856.799885046668351 ], [ 629154.54993718827609, 5220856.799882484599948 ], [ 629154.64989362785127, 5220856.69992892537266 ], [ 629154.724881483591162, 5220856.524957595393062 ], [ 629154.749885047669522, 5220856.350114952772856 ], [ 629154.625062811886892, 5220856.350117514841259 ], [ 629154.60010637214873, 5220856.375071075744927 ], [ 629154.536485430435278, 5220856.534224153496325 ], [ 629154.475117514026351, 5220856.600062810815871 ], [ 629154.475114952540025, 5220856.799885046668351 ] ] ] } },
{ "type": "Feature", "properties": { "label": "vineyard", "area_m2": 0.9440376013877303 }, "geometry": { "type": "Polygon", "coordinates": [ [ [ 629176.525115209049545, 5220856.624904670752585 ], [ 629176.699885719339363, 5220856.674885720014572 ], [ 629176.745978216873482, 5220856.590847478248179 ], [ 629176.854028467671014, 5220856.579305966384709 ], [ 629176.913192126434296, 5220856.627860326319933 ], [ 629176.925114280660637, 5220856.724885719828308 ], [ 629176.98572161491029, 5220856.743129625916481 ], [ 629177.025087057962082, 5220856.799884386360645 ], [ 629177.149942677933723, 5220856.799882930703461 ], [ 629177.224883724586107, 5220856.72492644097656 ], [ 629177.257979400688782, 5220856.639867068268359 ], [ 629177.374892273684964, 5220856.549934207461774 ], [ 629177.452867165440693, 5220856.377440674230456 ], [ 629177.574885719339363, 5220856.349885719828308 ], [ 629177.574885719339363, 5220856.300114280544221 ], [ 629177.47382749884855, 5220856.310034248046577 ], [ 629177.412352377781644, 5220856.261664514429867 ], [ 629177.368638908839785, 5220855.994775204919279 ], [ 629177.474882595008239, 5220855.824949505738914 ], [ 629177.5107850022614, 5220855.641306066885591 ], [ 629177.599882929353043, 5220855.524942679330707 ], [ 629177.599882929353043, 5220855.32505732215941 ], [ 629177.57494267844595, 5220855.300117069855332 ], [ 629177.249959900742397, 5220855.175117913633585 ], [ 629177.158407829119824, 5220855.245359943248332 ], [ 629176.975114280707203, 5220855.250114280730486 ], [ 629176.975114829256199, 5220855.324896918609738 ], [ 629177.061501882504672, 5220855.390806059353054 ], [ 629177.094000566052273, 5220855.513191767036915 ], [ 629177.070694033522159, 5220855.704028467647731 ], [ 629177.02213967370335, 5220855.763192126527429 ], [ 629176.87510547565762, 5220855.800098693929613 ], [ 629176.849884373717941, 5220855.855207742191851 ], [ 629176.775115163298324, 5220855.900096262805164 ], [ 629176.766289030667394, 5220855.999840496107936 ], [ 629176.700117070577107, 5220856.075057321228087 ], [ 629176.720694033545442, 5220856.279028467833996 ], [ 629176.672139673726633, 5220856.338192126713693 ], [ 629176.550117070553824, 5220856.375057321041822 ], [ 629176.525115209049545, 5220856.624904670752585 ] ] ] } },
{ "type": "Feature", "properties": { "label": "vineyard", "area_m2": 0.87259524201960914 }, "geometry": { "type": "Polygon", "coordinates": [ [ [ 629156.875117070623673, 5220857.449942679144442 ], [ 629157.300050495192409, 5220857.649882595986128 ], [ 629157.399904670543037, 5220857.649884791113436 ], [ 629157.438498124131002, 5220857.340806047432125 ], [ 629157.724882929353043, 5220857.04994267784059 ], [ 629157.849882085691206, 5220856.474959901534021 ], [ 629157.849883724702522, 5220856.350073557347059 ], [ 629157.799920788151212, 5220856.300104359164834 ], [ 629157.749949503922835, 5220856.275117403827608 ], [ 629157.375050496077165, 5220856.275117403827608 ], [ 629157.100104359560646, 5220856.450079212896526 ], [ 629157.025000000023283, 5220856.577447513118386 ], [ 629157.094005599967204, 5220856.811788136139512 ], [ 629157.051735757966526, 5220856.894795183092356 ], [ 629156.950117070577107, 5220856.975057321600616 ], [ 629156.875117070623673, 5220857.449942679144442 ] ] ] } },
{ "type": "Feature", "properties": { "label": "vineyard", "area_m2": 0.15775708265855792 }, "geometry": { "type": "Polygon", "coordinates": [ [ [ 629151.576101145124994, 5220856.651284323073924 ], [ 629151.600114280707203, 5220856.799885720014572 ], [ 629151.749935301253572, 5220856.724891068413854 ], [ 629152.124885719153099, 5220856.250114280730486 ], [ 629151.70009532943368, 5220856.100115208886564 ], [ 629151.675114280660637, 5220856.199885719455779 ], [ 629151.770572861307301, 5220856.225814718753099 ], [ 629151.800323882489465, 5220856.324214711785316 ], [ 629151.733013360062614, 5220856.45109885931015 ], [ 629151.600107725826092, 5220856.550065792165697 ], [ 629151.576101145124994, 5220856.651284323073924 ] ] ] } },
{ "type": "Feature", "properties": { "label": "vineyard", "area_m2": 0.32948185649873624 }, "geometry": { "type": "Polygon", "coordinates": [ [ [ 629182.175117150181904, 5220856.624929782934487 ], [ 629182.235901416977867, 5220856.732861681841314 ], [ 629182.200000000069849, 5220856.827454862184823 ], [ 629182.200117514003068, 5220856.999937187880278 ], [ 629182.225062811863609, 5220857.024882485158741 ], [ 629182.299885047599673, 5220857.024885047227144 ], [ 629182.31685303885024, 5220856.944442976266146 ], [ 629182.390198286040686, 5220856.900481527671218 ], [ 629182.481317189056426, 5220856.904005923308432 ], [ 629182.550086298026145, 5220856.974883638322353 ], [ 629182.624937188345939, 5220856.974882484413683 ], [ 629182.724881805595942, 5220856.824951042421162 ], [ 629182.69988248613663, 5220856.600062810815871 ], [ 629182.553925935877487, 5220856.441267091780901 ], [ 629182.574885047622956, 5220856.30011495295912 ], [ 629182.224951041745953, 5220856.150118195451796 ], [ 629182.200114952516742, 5220856.150114953517914 ], [ 629182.221881847013719, 5220856.292406767606735 ], [ 629182.175118194660172, 5220856.400048958137631 ], [ 629182.175117150181904, 5220856.624929782934487 ] ] ] } },
{ "type": "Feature", "properties": { "label": "vineyard", "area_m2": 0.61389463647744513 }, "geometry": { "type": "Polygon", "coordinates": [ [ [ 629184.676114677684382, 5220856.376300762407482 ], [ 629184.700000000069849, 5220856.484021859243512 ], [ 629184.675117513979785, 5220856.649937189184129 ], [ 629184.725062811863609, 5220856.699882484972477 ], [ 629184.799885047716089, 5220856.69988504704088 ], [ 629184.833200560300611, 5220856.457043777219951 ], [ 629184.925483626197092, 5220856.370755306445062 ], [ 629185.037026951089501, 5220856.355681610293686 ], [ 629185.102255614940077, 5220856.435162969864905 ], [ 629185.088904835633002, 5220856.570781330578029 ], [ 629184.993748809327371, 5220856.63151313457638 ], [ 629184.966799439978786, 5220856.917956222780049 ], [ 629184.875117514049634, 5220857.000062812119722 ], [ 629184.942712079151534, 5220857.298075779341161 ], [ 629184.874516374082305, 5220857.379244693554938 ], [ 629184.800114952493459, 5220857.400114953517914 ], [ 629184.775117514072917, 5220857.649937187321484 ], [ 629184.899885047692806, 5220857.69988504704088 ], [ 629184.958886246779002, 5220857.605545778758824 ], [ 629185.149904862744734, 5220857.599884072318673 ], [ 629185.274881805642508, 5220857.449951042421162 ], [ 629185.202204722329043, 5220856.995095524005592 ], [ 629185.349881805595942, 5220856.749951042234898 ], [ 629185.449881805572659, 5220856.499951042234898 ], [ 629185.474882486159913, 5220856.325062812305987 ], [ 629185.349951042211615, 5220856.25011819601059 ], [ 629185.262691113166511, 5220856.260846232064068 ], [ 629185.134734228136949, 5220856.217915561981499 ], [ 629185.04993718827609, 5220856.125117515213788 ], [ 629185.000070216599852, 5220856.125117151066661 ], [ 629184.808682609116659, 5220856.239221888594329 ], [ 629184.725062811863609, 5220856.250117515213788 ], [ 629184.676114677684382, 5220856.376300762407482 ] ] ] } },
{ "type": "Feature", "properties": { "label": "vineyard", "area_m2": 0.39937693108346178 }, "geometry": { "type": "Polygon", "coordinates": [ [ [ 629185.000158377224579, 5220856.100158377550542 ], [ 629185.474860235932283, 5220856.324834599159658 ], [ 629185.67483528656885, 5220856.07492548879236 ], [ 629185.725121006951667, 5220855.826991959474981 ], [ 629185.849842384108342, 5220855.59993754979223 ], [ 629185.924841101514176, 5220855.200123826041818 ], [ 629185.774935722583905, 5220855.125170001760125 ], [ 629185.599306064541452, 5220855.150867588818073 ], [ 629185.57515790197067, 5220855.175075417384505 ], [ 629185.549835421028547, 5220855.499991722404957 ], [ 629185.397142342175357, 5220855.929502801969647 ], [ 629185.341642288607545, 5220856.002916309051216 ], [ 629185.000158377224579, 5220856.100158377550542 ] ] ] } },
{ "type": "Feature", "properties": { "label": "vineyard", "area_m2": 0.4500753778116614 }, "geometry": { "type": "Polygon", "coordinates": [ [ [ 629170.500154244829901, 5220856.125071099959314 ], [ 629170.500170696526766, 5220856.199913616292179 ], [ 629170.575062738847919, 5220856.249829234555364 ], [ 629170.6499136100756, 5220856.249829294160008 ], [ 629170.787237429292873, 5220856.080881977453828 ], [ 629171.058478817809373, 5220856.145988858304918 ], [ 629171.095508779166266, 5220856.204577718861401 ], [ 629171.001442062552087, 5220856.44643006939441 ], [ 629170.850170696503483, 5220856.650086384266615 ], [ 629170.824992778128944, 5220856.925032055005431 ], [ 629170.700073908781633, 5220857.250950417481363 ], [ 629170.700159026542678, 5220857.349840972572565 ], [ 629170.799898409168236, 5220857.349830050952733 ], [ 629170.924889372778125, 5220857.149943692609668 ], [ 629171.199834482511505, 5220856.549935005605221 ], [ 629171.274840475525707, 5220856.125048185698688 ], [ 629171.249847020255402, 5220856.050156021490693 ], [ 629171.070998495677486, 5220856.015886987559497 ], [ 629170.849913609679788, 5220855.750170705839992 ], [ 629170.752945770742372, 5220855.75 ], [ 629170.650126066640951, 5220855.775154486298561 ], [ 629170.500154244829901, 5220856.125071099959314 ] ] ] } },
{ "type": "Feature", "properties": { "label": "vineyard", "area_m2": 0.5232625909655606 }, "geometry": { "type": "Polygon", "coordinates": [ [ [ 629165.325116591644473, 5220856.600067098625004 ], [ 629165.375057321973145, 5220856.699882930144668 ], [ 629165.44994267844595, 5220856.699882930144668 ], [ 629165.61439134425018, 5220856.596673365682364 ], [ 629165.715358154848218, 5220856.644312572665513 ], [ 629165.713168165762909, 5220856.754456337541342 ], [ 629165.650115001713857, 5220856.800099563784897 ], [ 629165.58656724228058, 5220856.93945964705199 ], [ 629165.450116591644473, 5220857.100067098625004 ], [ 629165.475057321949862, 5220857.149882930330932 ], [ 629165.67490467056632, 5220857.199884790927172 ], [ 629165.899882929516025, 5220856.94994267821312 ], [ 629165.908710969379172, 5220856.825159504078329 ], [ 629166.099883437622339, 5220856.524932301603258 ], [ 629166.124882594915107, 5220856.275050493888557 ], [ 629166.074884791043587, 5220856.100095328874886 ], [ 629165.924934207112528, 5220855.975107724778354 ], [ 629165.824949504807591, 5220855.925117404200137 ], [ 629165.725114280707203, 5220855.925114280544221 ], [ 629165.709594759740867, 5220856.016846602782607 ], [ 629165.60011707060039, 5220856.125057321973145 ], [ 629165.587288830545731, 5220856.352092008106411 ], [ 629165.477607828448527, 5220856.473205489106476 ], [ 629165.375105475424789, 5220856.525098695419729 ], [ 629165.325116591644473, 5220856.600067098625004 ] ] ] } },
{ "type": "Feature", "properties": { "label": "vineyard", "area_m2": 0.50891737218261068 }, "geometry": { "type": "Polygon", "coordinates": [ [ [ 629151.700115208979696, 5220856.099904671311378 ], [ 629151.849840502603911, 5220856.133710972033441 ], [ 629152.052447513095103, 5220856.25 ], [ 629152.174942678073421, 5220856.249882929958403 ], [ 629152.299892273847945, 5220856.124934207648039 ], [ 629152.374882929376327, 5220855.974942677654326 ], [ 629152.368844967801124, 5220855.868996730074286 ], [ 629152.474882929236628, 5220855.699942679144442 ], [ 629152.499882085714489, 5220855.599959902465343 ], [ 629152.475552020128816, 5220855.330487178638577 ], [ 629152.525000000023283, 5220855.202447512187064 ], [ 629152.474885719129816, 5220855.075114279985428 ], [ 629152.250095329596661, 5220855.050115209072828 ], [ 629152.186501882504672, 5220855.359193940646946 ], [ 629152.101098863757215, 5220855.483013357035816 ], [ 629151.966846608556807, 5220855.584594756364822 ], [ 629151.900114280753769, 5220855.600114280357957 ], [ 629151.928896888275631, 5220855.867802080698311 ], [ 629151.880646298406646, 5220855.916376911103725 ], [ 629151.8000735581154, 5220855.925116275437176 ], [ 629151.72511707060039, 5220856.000057321973145 ], [ 629151.700115208979696, 5220856.099904671311378 ] ] ] } },
{ "type": "Feature", "properties": { "label": "vineyard", "area_m2": 0.15441261244596369 }, "geometry": { "type": "Polygon", "coordinates": [ [ [ 629174.100117514026351, 5220856.275062812492251 ], [ 629174.125114952563308, 5220856.44988504704088 ], [ 629174.224937188322656, 5220856.449882484972477 ], [ 629174.349882486159913, 5220856.249937187880278 ], [ 629174.353925935924053, 5220856.133732908405364 ], [ 629174.39988285000436, 5220856.074929783120751 ], [ 629174.391921411501244, 5220855.815640488639474 ], [ 629174.524900698219426, 5220855.724900698289275 ], [ 629174.54988180543296, 5220855.674951042048633 ], [ 629174.524884074227884, 5220855.500095137394965 ], [ 629174.474951042211615, 5220855.475118195638061 ], [ 629174.400114952586591, 5220855.475114952772856 ], [ 629174.395694033708423, 5220855.779028467833996 ], [ 629174.355557023431174, 5220855.833146961405873 ], [ 629174.275078020407818, 5220855.850116766989231 ], [ 629174.225116766872816, 5220855.900078020989895 ], [ 629174.221074064262211, 5220855.991267091594636 ], [ 629174.150118194753304, 5220856.100048957392573 ], [ 629174.145062218885869, 5220856.215056913904846 ], [ 629174.100117514026351, 5220856.275062812492251 ] ] ] } },
{ "type": "Feature", "properties": { "label": "vineyard", "area_m2": 0.83928800668406467 }, "geometry": { "type": "Polygon", "coordinates": [ [ [ 629187.600000000093132, 5220856.322054241783917 ], [ 629187.681334484135732, 5220856.333972715772688 ], [ 629187.950148590956815, 5220856.59985932521522 ], [ 629188.299840973573737, 5220856.724840972572565 ], [ 629188.300595187582076, 5220856.477558699436486 ], [ 629188.399836001801305, 5220856.19989525526762 ], [ 629188.40089497610461, 5220855.900452921167016 ], [ 629188.476855424116366, 5220855.673902025446296 ], [ 629188.649855900905095, 5220855.499897995963693 ], [ 629188.724829235346988, 5220855.374937261454761 ], [ 629188.724841671530157, 5220855.17508090287447 ], [ 629188.700653071515262, 5220855.150833399035037 ], [ 629188.448847305844538, 5220855.050063972361386 ], [ 629188.275745263323188, 5220855.124435062520206 ], [ 629188.175024087191559, 5220855.301964555867016 ], [ 629188.175171409500763, 5220855.374866428785026 ], [ 629188.260952645796351, 5220855.544020302593708 ], [ 629188.071951020509005, 5220855.799066826701164 ], [ 629187.750086374813691, 5220855.850170682184398 ], [ 629187.700162736698985, 5220855.900089416652918 ], [ 629187.600000000093132, 5220856.322054241783917 ] ] ] } },
{ "type": "Feature", "properties": { "label": "vineyard", "area_m2": 0.35309909558376057 }, "geometry": { "type": "Polygon", "coordinates": [ [ [ 629193.200115925981663, 5220856.075095137581229 ], [ 629193.200115925981663, 5220856.324904861859977 ], [ 629193.353645521448925, 5220856.438235268928111 ], [ 629193.375114952563308, 5220856.549885046668351 ], [ 629193.650042403722182, 5220856.649881483055651 ], [ 629193.724885047646239, 5220856.649885047227144 ], [ 629193.800000000046566, 5220856.447545138187706 ], [ 629193.752204722375609, 5220856.304904475808144 ], [ 629193.73261204676237, 5220856.061731656081975 ], [ 629193.795971532352269, 5220856.004305966198444 ], [ 629193.949904862674884, 5220855.999884072691202 ], [ 629194.074885047622956, 5220855.67511495295912 ], [ 629194.000117514049634, 5220855.700062812305987 ], [ 629193.963439328595996, 5220855.827301044948399 ], [ 629193.850062811863609, 5220855.850117514841259 ], [ 629193.7488832824165, 5220855.964004946872592 ], [ 629193.582593232393265, 5220855.996881846338511 ], [ 629193.474951041745953, 5220855.950118195265532 ], [ 629193.375062811886892, 5220855.950117515400052 ], [ 629193.200115925981663, 5220856.075095137581229 ] ] ] } },
{ "type": "Feature", "properties": { "label": "vineyard", "area_m2": 0.43348723653867588 }, "geometry": { "type": "Polygon", "coordinates": [ [ [ 629149.150000000139698, 5220856.397054241970181 ], [ 629149.424022973864339, 5220856.524471410550177 ], [ 629149.524921871954575, 5220856.524838444776833 ], [ 629149.699875125894323, 5220856.399855281226337 ], [ 629149.750450751627795, 5220856.323814643546939 ], [ 629149.799750199192204, 5220856.100876562297344 ], [ 629149.799840528517962, 5220855.925048175267875 ], [ 629149.725592776550911, 5220855.80077289044857 ], [ 629149.623599009704776, 5220855.770276851020753 ], [ 629149.602454879088327, 5220855.735000000335276 ], [ 629149.604177265660837, 5220855.45338861271739 ], [ 629149.724846692173742, 5220855.399895096197724 ], [ 629149.749840973643586, 5220855.20015902724117 ], [ 629149.625086378771812, 5220855.200170690193772 ], [ 629149.55016992916353, 5220855.275101580657065 ], [ 629149.599941384862177, 5220855.430629526264966 ], [ 629149.59831487829797, 5220855.746738079935312 ], [ 629149.563959639403038, 5220855.77492658328265 ], [ 629149.375062735634856, 5220855.775170766748488 ], [ 629149.300153291085735, 5220855.825104893185198 ], [ 629149.150169715867378, 5220856.125083996914327 ], [ 629149.150000000139698, 5220856.397054241970181 ] ] ] } },
{ "type": "Feature", "properties": { "label": "vineyard", "area_m2": 0.068321978821227813 }, "geometry": { "type": "Polygon", "coordinates": [ [ [ 629154.800068142474629, 5220855.898932207375765 ], [ 629154.875924489926547, 5220856.000381716527045 ], [ 629155.000100598437712, 5220856.074836536310613 ], [ 629155.074876368977129, 5220856.074840393848717 ], [ 629155.099951743846759, 5220856.022588930092752 ], [ 629154.958305395208299, 5220856.014857944101095 ], [ 629154.849185813334771, 5220855.941945342347026 ], [ 629154.842219361336902, 5220855.800333053804934 ], [ 629155.022956353379413, 5220855.758609863929451 ], [ 629155.099952696473338, 5220855.802368621341884 ], [ 629155.000721478136256, 5220855.716690025292337 ], [ 629155.057319192681462, 5220855.57415911834687 ], [ 629155.299840973573737, 5220855.599840972572565 ], [ 629155.299829318304546, 5220855.425086375325918 ], [ 629155.201810274622403, 5220855.301555400714278 ], [ 629155.181364399963059, 5220855.093574460595846 ], [ 629155.274840401019901, 5220855.025123626925051 ], [ 629155.174937265575863, 5220854.975170752964914 ], [ 629155.150159026612528, 5220854.975159026682377 ], [ 629155.150065889232792, 5220855.02388634160161 ], [ 629155.197585223126225, 5220855.299992707557976 ], [ 629155.275503222830594, 5220855.437395912595093 ], [ 629155.187152195023373, 5220855.568911418318748 ], [ 629155.108848604490049, 5220855.56802162155509 ], [ 629154.984768269117922, 5220855.425029816105962 ], [ 629154.950159026542678, 5220855.300159026868641 ], [ 629154.95016991707962, 5220855.399898427538574 ], [ 629154.999828962376341, 5220855.452557070180774 ], [ 629155.022672150400467, 5220855.559403990395367 ], [ 629154.962961041601375, 5220855.709802287630737 ], [ 629154.875086384825408, 5220855.725170697085559 ], [ 629154.800715426797979, 5220855.824165841564536 ], [ 629154.800068142474629, 5220855.898932207375765 ] ] ] } },
{ "type": "Feature", "properties": { "label": "vineyard", "area_m2": 0.33791449733566298 }, "geometry": { "type": "Polygon", "coordinates": [ [ [ 629168.150157903786749, 5220855.674924581311643 ], [ 629168.255193674121983, 5220855.705966685898602 ], [ 629168.446664509945549, 5220855.856408197432756 ], [ 629168.450157897197641, 5220856.39992458652705 ], [ 629168.500997174996883, 5220856.450258889235556 ], [ 629168.74985541170463, 5220856.524843228049576 ], [ 629168.850069140084088, 5220856.249197939410806 ], [ 629168.900365139939822, 5220855.92716498952359 ], [ 629169.024841101374477, 5220855.725123822689056 ], [ 629168.924935724237002, 5220855.675170002505183 ], [ 629168.825074733467773, 5220855.67516412306577 ], [ 629168.625071255955845, 5220855.725173529237509 ], [ 629168.443439787486568, 5220855.837132508866489 ], [ 629168.259960570721887, 5220855.706383744254708 ], [ 629168.249841622775421, 5220855.600158377550542 ], [ 629168.150158377247863, 5220855.600158377550542 ], [ 629168.150157903786749, 5220855.674924581311643 ] ] ] } },
{ "type": "Feature", "properties": { "label": "vineyard", "area_m2": 0.4256599829475774 }, "geometry": { "type": "Polygon", "coordinates": [ [ [ 629190.600118516595103, 5220856.325042405165732 ], [ 629190.625117514049634, 5220856.674937187694013 ], [ 629190.874885047669522, 5220856.774885047227144 ], [ 629190.879937781370245, 5220856.684943086467683 ], [ 629190.972698954748921, 5220856.511560671031475 ], [ 629191.099885047646239, 5220856.474885046482086 ], [ 629191.100552708026953, 5220856.055478801950812 ], [ 629191.19988248613663, 5220855.899937189184129 ], [ 629191.19988248613663, 5220855.775062812492251 ], [ 629190.875114952563308, 5220855.650114953517914 ], [ 629190.856867047143169, 5220855.735723246820271 ], [ 629190.750117514049634, 5220855.825062812305987 ], [ 629190.71422188798897, 5220856.033682609908283 ], [ 629190.625117514049634, 5220856.125062812119722 ], [ 629190.600118516595103, 5220856.325042405165732 ] ] ] } },
{ "type": "Feature", "properties": { "label": "vineyard", "area_m2": 0.27535243821365935 }, "geometry": { "type": "Polygon", "coordinates": [ [ [ 629157.550157185760327, 5220855.774932320229709 ], [ 629157.599799159215763, 5220855.87221715413034 ], [ 629157.600158903049305, 5220856.124876171350479 ], [ 629157.722063059103675, 5220856.150000000372529 ], [ 629157.799920640769415, 5220856.12484538089484 ], [ 629157.924812131910585, 5220855.924917541444302 ], [ 629157.974697937839665, 5220855.700788517482579 ], [ 629157.883406218723394, 5220855.608591519296169 ], [ 629157.943721491261385, 5220855.403160776942968 ], [ 629158.050297612440772, 5220855.3491131644696 ], [ 629158.199831891804934, 5220854.999902090057731 ], [ 629158.174924580962397, 5220854.9501579022035 ], [ 629158.000150036765262, 5220855.050153288058937 ], [ 629157.900668818852864, 5220855.174367930740118 ], [ 629157.875023943488486, 5220855.251958667300642 ], [ 629157.894385799765587, 5220855.358613639138639 ], [ 629157.784044409054331, 5220855.554721520282328 ], [ 629157.60012113803532, 5220855.600151833146811 ], [ 629157.550173592404462, 5220855.675075961276889 ], [ 629157.550157185760327, 5220855.774932320229709 ] ] ] } },
{ "type": "Feature", "properties": { "label": "vineyard", "area_m2": 0.38402592402021357 }, "geometry": { "type": "Polygon", "coordinates": [ [ [ 629170.80294577148743, 5220855.200000000186265 ], [ 629170.825086390483193, 5220855.324829294346273 ], [ 629171.053132140426897, 5220855.327676633372903 ], [ 629171.352986331679858, 5220855.511726090684533 ], [ 629171.325159026542678, 5220855.849840972572565 ], [ 629171.49991361470893, 5220855.849829303100705 ], [ 629171.599829247803427, 5220855.674937265925109 ], [ 629171.674841198604554, 5220855.324948120862246 ], [ 629171.676876212470233, 5220855.125828205607831 ], [ 629171.874827187741175, 5220854.79989508446306 ], [ 629171.87482931825798, 5220854.725086372345686 ], [ 629171.824913625372574, 5220854.675170682370663 ], [ 629171.725101580261253, 5220854.6751699289307 ], [ 629171.551683793892153, 5220854.798518789000809 ], [ 629171.235807604156435, 5220854.797615099698305 ], [ 629171.200761500746012, 5220854.765603302046657 ], [ 629171.19984097359702, 5220854.600159026682377 ], [ 629170.975086390506476, 5220854.600170705467463 ], [ 629170.925159026519395, 5220854.749840972945094 ], [ 629171.100095219677314, 5220854.799845027737319 ], [ 629171.541001743986271, 5220854.816886032000184 ], [ 629171.499171687639318, 5220855.280703582800925 ], [ 629171.479401477845386, 5220855.351539085619152 ], [ 629171.440158991608769, 5220855.370725303888321 ], [ 629171.073965706280433, 5220855.323826463893056 ], [ 629171.049840973573737, 5220855.20015902724117 ], [ 629170.80294577148743, 5220855.200000000186265 ] ] ] } },
{ "type": "Feature", "properties": { "label": "vineyard", "area_m2": 0.37953473160771828 }, "geometry": { "type": "Polygon", "coordinates": [ [ [ 629179.475114952540025, 5220856.350114952772856 ], [ 629179.500071076443419, 5220856.424893628805876 ], [ 629179.699885047622956, 5220856.499885046854615 ], [ 629179.778003419865854, 5220856.352333967573941 ], [ 629179.924882486113347, 5220856.299937187694013 ], [ 629179.933200560277328, 5220856.157043776474893 ], [ 629180.049884074134752, 5220856.0749048627913 ], [ 629180.099881483591162, 5220855.899957595393062 ], [ 629180.099884074181318, 5220855.575095137581229 ], [ 629179.902454879134893, 5220855.5 ], [ 629179.727325847838074, 5220855.573310549370944 ], [ 629179.550114952493459, 5220855.575114953331649 ], [ 629179.550114952493459, 5220855.674885046668351 ], [ 629179.668386921286583, 5220855.691394545137882 ], [ 629179.713243817561306, 5220855.782457645051181 ], [ 629179.678594715078361, 5220855.850931410677731 ], [ 629179.600114952540025, 5220855.875114953145385 ], [ 629179.593056286917999, 5220855.950135502032936 ], [ 629179.550117150181904, 5220856.000070217065513 ], [ 629179.550117513979785, 5220856.074937188997865 ], [ 629179.621074064285494, 5220856.15873290784657 ], [ 629179.618056286941282, 5220856.225135502405465 ], [ 629179.546996580553241, 5220856.322666032239795 ], [ 629179.475114952540025, 5220856.350114952772856 ] ] ] } },
{ "type": "Feature", "properties": { "label": "vineyard", "area_m2": 0.90669697652222569 }, "geometry": { "type": "Polygon", "coordinates": [ [ [ 629162.575117070577107, 5220856.749942678026855 ], [ 629162.952447513001971, 5220856.925000000745058 ], [ 629162.999885719153099, 5220856.924885720014572 ], [ 629163.044442976708524, 5220856.816853038966656 ], [ 629163.19989452441223, 5220856.774901306256652 ], [ 629163.27488292939961, 5220856.674942678771913 ], [ 629163.362711169524118, 5220856.447907991707325 ], [ 629163.449882929446176, 5220856.374942678958178 ], [ 629163.366101156221703, 5220856.24507896695286 ], [ 629163.474883724586107, 5220856.09992644097656 ], [ 629163.488498124992475, 5220855.965806045569479 ], [ 629163.724882929353043, 5220855.749942678958178 ], [ 629163.724882929236628, 5220855.550057320855558 ], [ 629163.674934207112528, 5220855.500107725150883 ], [ 629163.549949505017139, 5220855.425117404200137 ], [ 629163.425050495192409, 5220855.425117404200137 ], [ 629163.274840491008945, 5220855.516289032995701 ], [ 629163.175057321670465, 5220855.525117069482803 ], [ 629163.025107726454735, 5220855.625065791420639 ], [ 629162.931993465754203, 5220855.791746272705495 ], [ 629162.800117070553824, 5220855.925057320855558 ], [ 629162.775000000023283, 5220856.077447513118386 ], [ 629162.799447979894467, 5220856.269512820988894 ], [ 629162.750117070623673, 5220856.350057320669293 ], [ 629162.745068318559788, 5220856.490036363713443 ], [ 629162.625107726547867, 5220856.625065790489316 ], [ 629162.575117070577107, 5220856.749942678026855 ] ] ] } },
{ "type": "Feature", "properties": { "label": "vineyard", "area_m2": 0.50026958069337502 }, "geometry": { "type": "Polygon", "coordinates": [ [ [ 629168.324999999953434, 5220855.372063060291111 ], [ 629168.804495371645316, 5220855.427878931164742 ], [ 629168.85015080566518, 5220855.674851277843118 ], [ 629169.024924582219683, 5220855.724842097610235 ], [ 629169.125179901137017, 5220855.574200285598636 ], [ 629169.49947202228941, 5220854.62597593665123 ], [ 629169.474846175056882, 5220854.450095596723258 ], [ 629169.4249083455652, 5220854.400157107971609 ], [ 629169.250075414194725, 5220854.400157896801829 ], [ 629169.000627818051726, 5220854.724350675940514 ], [ 629168.925164192216471, 5220854.850071622058749 ], [ 629168.899836335680448, 5220855.199999695643783 ], [ 629168.822083600796759, 5220855.412902382202446 ], [ 629168.431295235757716, 5220855.37622875533998 ], [ 629168.398904752102681, 5220855.300066233612597 ], [ 629168.325158377178013, 5220855.300158376805484 ], [ 629168.324999999953434, 5220855.372063060291111 ] ] ] } },
{ "type": "Feature", "properties": { "label": "vineyard", "area_m2": 0.3338637927117411 }, "geometry": { "type": "Polygon", "coordinates": [ [ [ 629160.350115926004946, 5220856.075095137581229 ], [ 629160.375062811886892, 5220856.174882484599948 ], [ 629160.456317188916728, 5220856.179005922749639 ], [ 629160.509445180534385, 5220856.216562386602163 ], [ 629160.55011592595838, 5220856.374904862605035 ], [ 629160.699885047622956, 5220856.424885046668351 ], [ 629160.752204722375609, 5220855.920095523819327 ], [ 629160.799881483544596, 5220855.799957594834268 ], [ 629160.80180361319799, 5220855.406093133613467 ], [ 629160.834450714988634, 5220855.349479861557484 ], [ 629160.899885047692806, 5220855.32488504704088 ], [ 629160.899885047692806, 5220855.200114953331649 ], [ 629160.835179953253828, 5220855.178834643214941 ], [ 629160.799913702066988, 5220855.125116361305118 ], [ 629160.725062811863609, 5220855.125117515213788 ], [ 629160.675117513979785, 5220855.175062811002135 ], [ 629160.692712079151534, 5220855.373075779527426 ], [ 629160.636480827350169, 5220855.435135520063341 ], [ 629160.575062811840326, 5220855.450117515400052 ], [ 629160.500117514049634, 5220855.550062811002135 ], [ 629160.495062218862586, 5220855.66505691409111 ], [ 629160.450117514003068, 5220855.725062810815871 ], [ 629160.44506221881602, 5220855.990056914277375 ], [ 629160.350115926004946, 5220856.075095137581229 ] ] ] } },
{ "type": "Feature", "properties": { "label": "vineyard", "area_m2": 0.52589065466194107 }, "geometry": { "type": "Polygon", "coordinates": [ [ [ 629146.925000000046566, 5220855.022054241038859 ], [ 629147.052945773350075, 5220855.099999999627471 ], [ 629147.449911182047799, 5220855.074826425872743 ], [ 629147.534859978128225, 5220855.031663686037064 ], [ 629147.800086390227079, 5220855.174829293973744 ], [ 629147.874840973643586, 5220855.17484097275883 ], [ 629147.850803886656649, 5220855.075984213501215 ], [ 629147.599870758131146, 5220854.925162034109235 ], [ 629147.344978573848493, 5220854.945424014702439 ], [ 629147.142036316450685, 5220854.831988016143441 ], [ 629147.126583192846738, 5220854.624232307076454 ], [ 629147.324847224983387, 5220854.424876718781888 ], [ 629147.366887288284488, 5220854.126389211043715 ], [ 629147.665507354075089, 5220854.054106251336634 ], [ 629147.775086383335292, 5220854.149829302914441 ], [ 629148.274843698716722, 5220854.224837059155107 ], [ 629148.324841671506874, 5220853.850080902688205 ], [ 629148.297054235590622, 5220853.825000000186265 ], [ 629147.934765736223198, 5220853.844763345085084 ], [ 629147.849841724149883, 5220853.675144585780799 ], [ 629147.674921867903322, 5220853.550161562860012 ], [ 629147.600159026565962, 5220853.550159026868641 ], [ 629147.625157598406076, 5220853.82492683455348 ], [ 629147.674799175700173, 5220853.922215020284057 ], [ 629147.670527886715718, 5220854.034341020509601 ], [ 629147.367626479128376, 5220854.120633143000305 ], [ 629147.275147084146738, 5220854.075158976018429 ], [ 629146.925000000046566, 5220855.022054241038859 ] ] ] } },
{ "type": "Feature", "properties": { "label": "vineyard", "area_m2": 0.53841787163361643 }, "geometry": { "type": "Polygon", "coordinates": [ [ [ 629185.575000000069849, 5220854.997054241597652 ], [ 629185.700140557950363, 5220855.124847227707505 ], [ 629185.8750579477055, 5220855.199842892587185 ], [ 629185.975681149517186, 5220855.199138524010777 ], [ 629185.999829295906238, 5220855.174913609400392 ], [ 629186.003295827889815, 5220854.949217883870006 ], [ 629186.121577095706016, 5220854.780015610158443 ], [ 629186.274829318281263, 5220854.649913627654314 ], [ 629186.299152827472426, 5220854.40189101267606 ], [ 629186.499138629180379, 5220854.099318868480623 ], [ 629186.199942057952285, 5220853.950157081708312 ], [ 629185.930454680346884, 5220854.022576912306249 ], [ 629185.750123631209135, 5220854.000159606337547 ], [ 629185.700158765190281, 5220854.125051864422858 ], [ 629185.700159026542678, 5220854.224840972572565 ], [ 629185.80208911455702, 5220854.235924181528389 ], [ 629185.896399123361334, 5220854.40617402177304 ], [ 629185.871043506078422, 5220854.477092573419213 ], [ 629185.750170704326592, 5220854.575086390599608 ], [ 629185.750163983670063, 5220854.649896513670683 ], [ 629185.825628377497196, 5220854.751772312447429 ], [ 629185.892680665827356, 5220854.948511674068868 ], [ 629185.837113301386125, 5220854.993501571938396 ], [ 629185.575159026542678, 5220854.925159026868641 ], [ 629185.575000000069849, 5220854.997054241597652 ] ] ] } },
{ "type": "Feature", "properties": { "label": "vineyard", "area_m2": 0.37574955805640103 }, "geometry": { "type": "Polygon", "coordinates": [ [ [ 629177.050157320685685, 5220854.899863393045962 ], [ 629177.173482420039363, 5220855.001020973548293 ], [ 629177.250091332243755, 5220855.199839235283434 ], [ 629177.599876369000413, 5220855.324840393848717 ], [ 629177.649841235019267, 5220855.199948135763407 ], [ 629177.651800067164004, 5220855.10084465611726 ], [ 629177.7748453526292, 5220854.874872860498726 ], [ 629177.779765045270324, 5220854.795712822116911 ], [ 629177.876597268856131, 5220854.656705780886114 ], [ 629177.999871817883104, 5220854.649843033403158 ], [ 629178.049842573353089, 5220854.525145251303911 ], [ 629177.900123631348833, 5220854.475159605965018 ], [ 629177.867808487033471, 5220854.650770675390959 ], [ 629177.673834971850738, 5220854.788321015425026 ], [ 629177.501465846900828, 5220854.651199812069535 ], [ 629177.324913621298037, 5220854.425170690752566 ], [ 629177.250086390529759, 5220854.425170705653727 ], [ 629177.225000000093132, 5220854.452945758588612 ], [ 629177.244710541563109, 5220854.743044752627611 ], [ 629177.16906929272227, 5220854.796549308113754 ], [ 629177.100086384802125, 5220854.800170697271824 ], [ 629177.050157320685685, 5220854.899863393045962 ] ] ] } },
{ "type": "Feature", "properties": { "label": "vineyard", "area_m2": 0.48910150519136047 }, "geometry": { "type": "Polygon", "coordinates": [ [ [ 629190.900000000023283, 5220855.647063058800995 ], [ 629191.199935703189112, 5220855.774829938076437 ], [ 629191.449854581383988, 5220855.649852091446519 ], [ 629191.524835768272169, 5220855.524928359314799 ], [ 629191.499833115143701, 5220855.100134184584022 ], [ 629191.282690681982785, 5220854.758935938589275 ], [ 629191.449839981738478, 5220854.549858309328556 ], [ 629191.44984162284527, 5220854.475158377550542 ], [ 629191.375158377224579, 5220854.475158377550542 ], [ 629191.372163057560101, 5220854.555250884965062 ], [ 629191.279381393804215, 5220854.734936472028494 ], [ 629191.175075414008461, 5220854.750157897360623 ], [ 629191.125815261621028, 5220854.799359047785401 ], [ 629190.900581502937712, 5220855.124122681096196 ], [ 629190.900405643391423, 5220855.200822920538485 ], [ 629190.971391637693159, 5220855.356396247632802 ], [ 629190.900000000023283, 5220855.647063058800995 ] ] ] } },
{ "type": "Feature", "properties": { "label": "vineyard", "area_m2": 0.2031720855536229 }, "geometry": { "type": "Polygon", "coordinates": [ [ [ 629166.07511851657182, 5220855.175042404793203 ], [ 629166.150095137534663, 5220855.399884073063731 ], [ 629166.274937188485637, 5220855.399882485158741 ], [ 629166.324893628014252, 5220855.349928923882544 ], [ 629166.499881805619225, 5220855.049951042048633 ], [ 629166.499882486183196, 5220854.825062812305987 ], [ 629166.449900698149577, 5220854.750099301338196 ], [ 629166.397545121144503, 5220854.724999999627471 ], [ 629166.17511592595838, 5220854.750095137394965 ], [ 629166.172795277903788, 5220854.929904474876821 ], [ 629166.07511851657182, 5220855.175042404793203 ] ] ] } },
{ "type": "Feature", "properties": { "label": "vineyard", "area_m2": 0.700875845299055 }, "geometry": { "type": "Polygon", "coordinates": [ [ [ 629182.175116360187531, 5220855.749913700856268 ], [ 629182.24948075262364, 5220855.83652569167316 ], [ 629182.248248737188987, 5220856.057155205868185 ], [ 629182.200117514003068, 5220856.149937189184129 ], [ 629182.500048958463594, 5220856.299881804734468 ], [ 629182.574885047622956, 5220856.299885046668351 ], [ 629182.587713523767889, 5220856.197906892746687 ], [ 629182.674881805549376, 5220856.099951041862369 ], [ 629182.693544977577403, 5220855.926227929070592 ], [ 629182.759192682802677, 5220855.886880207806826 ], [ 629182.92493718827609, 5220855.899882485158741 ], [ 629182.999881483614445, 5220855.749957595020533 ], [ 629183.025000000139698, 5220855.377454861998558 ], [ 629182.978118153172545, 5220855.082593232393265 ], [ 629183.024885047692806, 5220854.750114953145385 ], [ 629182.850048958440311, 5220854.700118195265532 ], [ 629182.750117514049634, 5220854.775062812492251 ], [ 629182.734604516299441, 5220854.891833410598338 ], [ 629182.600117514026351, 5220855.000062812119722 ], [ 629182.575117514003068, 5220855.324937188997865 ], [ 629182.645859990036115, 5220855.403811015188694 ], [ 629182.63747844484169, 5220855.488910273648798 ], [ 629182.578434074646793, 5220855.539596624672413 ], [ 629182.500086298095994, 5220855.550116361118853 ], [ 629182.431317188893445, 5220855.620994077064097 ], [ 629182.200095137464814, 5220855.625115927308798 ], [ 629182.175116360187531, 5220855.749913700856268 ] ] ] } },
{ "type": "Feature", "properties": { "label": "vineyard", "area_m2": 0.17099662905365501 }, "geometry": { "type": "Polygon", "coordinates": [ [ [ 629163.449999999953434, 5220854.897063058800995 ], [ 629163.525085740955546, 5220854.949826885014772 ], [ 629163.599919407744892, 5220854.949839561246336 ], [ 629163.684838313376531, 5220854.901952284388244 ], [ 629163.840949483099394, 5220854.874956790357828 ], [ 629163.94340852915775, 5220854.775715635158122 ], [ 629163.978353983373381, 5220854.796247006393969 ], [ 629163.999841622659005, 5220854.874841623008251 ], [ 629163.999839562689885, 5220854.80008059553802 ], [ 629163.950048313243315, 5220854.71368498634547 ], [ 629163.837610670365393, 5220854.866811546497047 ], [ 629163.782543912529945, 5220854.86727191042155 ], [ 629163.565954270889051, 5220854.662876498885453 ], [ 629163.568682827753946, 5220854.477830197662115 ], [ 629163.67995930602774, 5220854.382565885782242 ], [ 629163.910726586356759, 5220854.487855686806142 ], [ 629163.949952087248676, 5220854.552291551604867 ], [ 629163.936697797034867, 5220854.38680980540812 ], [ 629164.19984162284527, 5220854.399841622449458 ], [ 629164.199841622961685, 5220854.325158377178013 ], [ 629163.950152663048357, 5220854.34758669231087 ], [ 629163.947477346751839, 5220854.215678190812469 ], [ 629163.99984209635295, 5220854.150075419805944 ], [ 629163.84993641381152, 5220854.075177433900535 ], [ 629163.775075419107452, 5220854.0751579022035 ], [ 629163.711331310216337, 5220854.312305136583745 ], [ 629163.600128074875101, 5220854.400143838487566 ], [ 629163.550170002505183, 5220854.500064277090132 ], [ 629163.526413825922646, 5220854.692135241813958 ], [ 629163.450169682968408, 5220854.825071107596159 ], [ 629163.449999999953434, 5220854.897063058800995 ] ] ] } },
{ "type": "Feature", "properties": { "label": "vineyard", "area_m2": 0.48723474410457246 }, "geometry": { "type": "Polygon", "coordinates": [ [ [ 629155.075067137484439, 5220854.873923213221133 ], [ 629155.175099615938962, 5220854.999845343641937 ], [ 629155.274927273392677, 5220855.024841633625329 ], [ 629155.699845343828201, 5220854.674900381825864 ], [ 629155.749841789714992, 5220854.549950432963669 ], [ 629155.750222645816393, 5220854.32460462115705 ], [ 629155.822469266946428, 5220853.986430697143078 ], [ 629155.874837696901523, 5220853.924916064366698 ], [ 629155.924817622289993, 5220853.749938779510558 ], [ 629155.924830783274956, 5220853.675081500783563 ], [ 629155.874857219518162, 5220853.575157973915339 ], [ 629155.725080797914416, 5220853.575176627375185 ], [ 629155.600156279979274, 5220853.625149213708937 ], [ 629155.549999999930151, 5220853.877936942502856 ], [ 629155.592661713715643, 5220854.294076352380216 ], [ 629155.225919424905442, 5220854.524254967458546 ], [ 629155.100178546272218, 5220854.725126118399203 ], [ 629155.075067137484439, 5220854.873923213221133 ] ] ] } },
{ "type": "Feature", "properties": { "label": "vineyard", "area_m2": 0.93721381522778302 }, "geometry": { "type": "Polygon", "coordinates": [ [ [ 629177.525114952586591, 5220854.32488504704088 ], [ 629177.599937188322656, 5220854.324882484972477 ], [ 629177.684202944859862, 5220854.240669460967183 ], [ 629177.769302219385281, 5220854.23228792194277 ], [ 629177.862286476418376, 5220854.297906892374158 ], [ 629177.921074064332061, 5220854.40873290784657 ], [ 629177.92511592595838, 5220854.499904862605035 ], [ 629178.05004240362905, 5220854.549881482496858 ], [ 629178.149882486206479, 5220854.524937189184129 ], [ 629178.160778112127446, 5220854.416317390277982 ], [ 629178.324881805572659, 5220854.199951042421162 ], [ 629178.324881805572659, 5220853.925048957578838 ], [ 629178.283843292854726, 5220853.778811012394726 ], [ 629178.323268404463306, 5220853.705207620747387 ], [ 629178.449883233290166, 5220853.599921979010105 ], [ 629178.428118153125979, 5220853.457593232393265 ], [ 629178.479042848804966, 5220853.271853505633771 ], [ 629178.574885047622956, 5220853.19988504704088 ], [ 629178.574882849934511, 5220853.075070217251778 ], [ 629178.528925935854204, 5220853.016267091967165 ], [ 629178.524885047692806, 5220852.92511495295912 ], [ 629178.350070216809399, 5220852.925117150880396 ], [ 629178.291267091524787, 5220852.971074064262211 ], [ 629178.175114952493459, 5220852.975114952772856 ], [ 629178.185054106637836, 5220853.151107620447874 ], [ 629178.11822108796332, 5220853.220488120801747 ], [ 629177.750114952563308, 5220853.200114953331649 ], [ 629177.672795277903788, 5220853.754904475063086 ], [ 629177.600117150228471, 5220853.875070217065513 ], [ 629177.632350230240263, 5220854.100499148480594 ], [ 629177.525117514072917, 5220854.200062812305987 ], [ 629177.525114952586591, 5220854.32488504704088 ] ] ] } },
{ "type": "Feature", "properties": { "label": "vineyard", "area_m2": 0.46047372296510286 }, "geometry": { "type": "Polygon", "coordinates": [ [ [ 629188.325807542190887, 5220854.649838990531862 ], [ 629188.325117514003068, 5220854.899937189184129 ], [ 629188.389221888035536, 5220854.966317390091717 ], [ 629188.400115926051512, 5220855.049904862418771 ], [ 629188.472545121097937, 5220855.075000000186265 ], [ 629188.576474100584164, 5220855.044546185061336 ], [ 629188.632458931067958, 5220855.084404960274696 ], [ 629188.650115926051512, 5220855.149904862977564 ], [ 629188.702454879065044, 5220855.174999999813735 ], [ 629188.774884074227884, 5220855.149904862977564 ], [ 629188.786095164599828, 5220854.979218669235706 ], [ 629188.899882486206479, 5220854.899937189184129 ], [ 629188.891921411501244, 5220854.665640488266945 ], [ 629188.974884541356005, 5220854.599895354360342 ], [ 629188.999884074204601, 5220854.150095137767494 ], [ 629188.902454879134893, 5220854.125 ], [ 629188.700062811840326, 5220854.150117515586317 ], [ 629188.625117514049634, 5220854.225062810815871 ], [ 629188.569108070922084, 5220854.409210907295346 ], [ 629188.450114952516742, 5220854.450114953331649 ], [ 629188.387286476441659, 5220854.602093107998371 ], [ 629188.325807542190887, 5220854.649838990531862 ] ] ] } },
{ "type": "Feature", "properties": { "label": "vineyard", "area_m2": 0.71837499120261183 }, "geometry": { "type": "Polygon", "coordinates": [ [ [ 629179.775114952586591, 5220855.000114953145385 ], [ 629179.775115458876826, 5220855.074895353987813 ], [ 629179.908081395784393, 5220855.143596366979182 ], [ 629179.945957151358016, 5220855.196853505447507 ], [ 629179.946074064355344, 5220855.316267091780901 ], [ 629179.900117150275037, 5220855.375070217065513 ], [ 629179.900117514072917, 5220855.499937187880278 ], [ 629179.925062811700627, 5220855.524882485158741 ], [ 629180.097545121097937, 5220855.575000000186265 ], [ 629180.240088753402233, 5220855.454439199529588 ], [ 629180.350062811980024, 5220855.499882484786212 ], [ 629180.449937188299373, 5220855.499882484786212 ], [ 629180.500000000116415, 5220855.422545137815177 ], [ 629180.499881483614445, 5220855.300042404793203 ], [ 629180.450000000069849, 5220855.134021859616041 ], [ 629180.476803613128141, 5220854.756093133240938 ], [ 629180.509450714918785, 5220854.699479861184955 ], [ 629180.574885047622956, 5220854.674885046668351 ], [ 629180.606045945431106, 5220854.602575291879475 ], [ 629180.699904862674884, 5220854.574884072877467 ], [ 629180.724881805595942, 5220854.524951042607427 ], [ 629180.700000000069849, 5220854.315978140570223 ], [ 629180.724885047646239, 5220854.200114953331649 ], [ 629180.350095137488097, 5220854.075115927495062 ], [ 629180.292051028111018, 5220854.185111814178526 ], [ 629180.175117513979785, 5220854.275062812492251 ], [ 629180.200000000069849, 5220854.484021859243512 ], [ 629180.172928402433172, 5220854.623546035960317 ], [ 629180.025115926051512, 5220854.775095138698816 ], [ 629180.009604516322725, 5220854.916833410970867 ], [ 629179.945011363830417, 5220854.968299279920757 ], [ 629179.775114952586591, 5220855.000114953145385 ] ] ] } },
{ "type": "Feature", "properties": { "label": "vineyard", "area_m2": 0.12821569763407101 }, "geometry": { "type": "Polygon", "coordinates": [ [ [ 629158.175807542167604, 5220854.474838989786804 ], [ 629158.175114952493459, 5220854.57488504704088 ], [ 629158.274951042258181, 5220854.574881804175675 ], [ 629158.374882486183196, 5220854.499937187880278 ], [ 629158.386095164576545, 5220854.3292186697945 ], [ 629158.574893627781421, 5220854.19992892537266 ], [ 629158.62488180550281, 5220854.099951041862369 ], [ 629158.624885047669522, 5220854.000114953145385 ], [ 629158.425062811700627, 5220854.000117515213788 ], [ 629158.366833409643732, 5220854.059604517184198 ], [ 629158.300114952493459, 5220854.075114953331649 ], [ 629158.250117514049634, 5220854.175062811002135 ], [ 629158.245359070715494, 5220854.408407477661967 ], [ 629158.175807542167604, 5220854.474838989786804 ] ] ] } },
{ "type": "Feature", "properties": { "label": "vineyard", "area_m2": 0.38114531875265867 }, "geometry": { "type": "Polygon", "coordinates": [ [ [ 629182.875807538977824, 5220854.674838990904391 ], [ 629182.900071076466702, 5220854.724893628619611 ], [ 629183.049885047599673, 5220854.774885047227144 ], [ 629183.191918604425155, 5220854.518596366979182 ], [ 629183.298042959533632, 5220854.499394211918116 ], [ 629183.35343562962953, 5220854.534672055393457 ], [ 629183.375114952563308, 5220854.599885046482086 ], [ 629183.474937188322656, 5220854.599882484413683 ], [ 629183.599881805595942, 5220854.399951042607427 ], [ 629183.599884074181318, 5220854.1750951372087 ], [ 629183.302575291949324, 5220853.943954054266214 ], [ 629183.274884074227884, 5220853.825095137581229 ], [ 629183.049951042165048, 5220853.725118195638061 ], [ 629183.00009513751138, 5220853.725115926936269 ], [ 629182.875114952563308, 5220854.024885047227144 ], [ 629182.977495107217692, 5220854.021799112670124 ], [ 629182.991116745397449, 5220853.932038759812713 ], [ 629183.071430773590691, 5220853.886541429907084 ], [ 629183.191356415860355, 5220853.925188061781228 ], [ 629183.22263697325252, 5220854.021610680036247 ], [ 629183.17146186879836, 5220854.088551085442305 ], [ 629183.072489895974286, 5220854.099876685999334 ], [ 629183.069454218726605, 5220854.241113757714629 ], [ 629182.975114952540025, 5220854.30011495295912 ], [ 629183.020359070738778, 5220854.508407478220761 ], [ 629182.875807538977824, 5220854.674838990904391 ] ] ] } },
{ "type": "Feature", "properties": { "label": "vineyard", "area_m2": 0.22842661556930563 }, "geometry": { "type": "Polygon", "coordinates": [ [ [ 629171.725159026565962, 5220853.524840973317623 ], [ 629171.824687278014608, 5220853.524894762784243 ], [ 629172.111102631897666, 5220853.505324807949364 ], [ 629172.148337123915553, 5220853.533896241337061 ], [ 629172.168206179048866, 5220853.77443122304976 ], [ 629171.950170681928284, 5220853.975086372345686 ], [ 629171.925618603592739, 5220854.120728963986039 ], [ 629171.875173574080691, 5220854.200088819488883 ], [ 629171.900123631232418, 5220854.324840393848717 ], [ 629171.974913625395857, 5220854.324829317629337 ], [ 629172.099846737342887, 5220854.199895133264363 ], [ 629172.156960976775736, 5220854.039529110305011 ], [ 629172.39983862824738, 5220853.79988073091954 ], [ 629172.424840973573737, 5220853.350159026682377 ], [ 629172.350118704838678, 5220853.350169099867344 ], [ 629172.140524844173342, 5220853.500776589848101 ], [ 629171.856252365163527, 5220853.518722159788013 ], [ 629171.82484097359702, 5220853.425159026868641 ], [ 629171.750086390529759, 5220853.425170705653727 ], [ 629171.725159026565962, 5220853.524840973317623 ] ] ] } },
{ "type": "Feature", "properties": { "label": "vineyard", "area_m2": 0.28354097289362856 }, "geometry": { "type": "Polygon", "coordinates": [ [ [ 629150.000114280846901, 5220854.549885720014572 ], [ 629150.074942678329535, 5220854.549882930703461 ], [ 629150.297392171574757, 5220854.326794510707259 ], [ 629150.399900436401367, 5220854.299884999170899 ], [ 629150.474901801091619, 5220854.224896229803562 ], [ 629150.524882085854188, 5220854.074959902092814 ], [ 629150.549882085877471, 5220853.774959902279079 ], [ 629150.524885719176382, 5220853.600114280357957 ], [ 629150.475099563365802, 5220853.60011500120163 ], [ 629150.437207619659603, 5220853.657962466590106 ], [ 629150.300095329410397, 5220853.725115208886564 ], [ 629150.14465784735512, 5220854.03541530109942 ], [ 629150.000117070623673, 5220854.175057320855558 ], [ 629150.000114280846901, 5220854.549885720014572 ] ] ] } },
{ "type": "Feature", "properties": { "label": "vineyard", "area_m2": 0.48782455870560426 }, "geometry": { "type": "Polygon", "coordinates": [ [ [ 629161.000067116809078, 5220853.998922788538039 ], [ 629161.075138416374102, 5220854.099840256385505 ], [ 629161.149907177081332, 5220854.099843414500356 ], [ 629161.449920639046468, 5220853.999845364131033 ], [ 629161.59983254247345, 5220853.849862162023783 ], [ 629161.649759825435467, 5220853.38093498069793 ], [ 629161.749343141214922, 5220853.251028500497341 ], [ 629161.899841783219017, 5220852.824950428679585 ], [ 629161.849853447056375, 5220852.700125759467483 ], [ 629161.675045865937136, 5220852.675158892758191 ], [ 629161.525079359300435, 5220852.725154618732631 ], [ 629161.475157897453755, 5220852.775075413286686 ], [ 629161.422196315834299, 5220853.429641180671751 ], [ 629161.323870414402336, 5220853.674146061763167 ], [ 629161.000157557311468, 5220853.925117926672101 ], [ 629161.000067116809078, 5220853.998922788538039 ] ] ] } },
{ "type": "Feature", "properties": { "label": "vineyard", "area_m2": 0.54099233601419838 }, "geometry": { "type": "Polygon", "coordinates": [ [ [ 629147.575786391855218, 5220853.350331754423678 ], [ 629147.6284744333243, 5220853.415567307732999 ], [ 629147.625115209026262, 5220853.549904669634998 ], [ 629147.677447513095103, 5220853.575000000186265 ], [ 629147.699885719339363, 5220853.574885719455779 ], [ 629147.699883512919769, 5220853.475069234147668 ], [ 629147.646525563905016, 5220853.409432680346072 ], [ 629147.650504191988148, 5220853.301450832746923 ], [ 629147.714279896812513, 5220853.218077247031033 ], [ 629147.820389430155046, 5220853.231958195567131 ], [ 629147.900057321996428, 5220853.324882930144668 ], [ 629148.050050494959578, 5220853.374882595613599 ], [ 629148.199885719339363, 5220853.374885719269514 ], [ 629148.174942677957006, 5220853.275117069482803 ], [ 629148.072907994617708, 5220853.262288832105696 ], [ 629147.990405244170688, 5220853.166846609674394 ], [ 629147.929144089575857, 5220852.953787279315293 ], [ 629148.082006535958499, 5220852.794240291230381 ], [ 629148.194509032298811, 5220852.776921471580863 ], [ 629148.273078528116457, 5220852.85549096763134 ], [ 629148.275114280870184, 5220853.099885719828308 ], [ 629148.524942677933723, 5220853.049882930703461 ], [ 629148.613230214919895, 5220852.921358448453248 ], [ 629148.699885719339363, 5220852.899885719642043 ], [ 629148.700000000069849, 5220852.777447512373328 ], [ 629148.506721950951032, 5220852.703857044689357 ], [ 629148.491859175963327, 5220852.636768891476095 ], [ 629148.524885719292797, 5220852.500114280730486 ], [ 629148.279214588110335, 5220852.488902733661234 ], [ 629148.234078613808379, 5220852.441632938571274 ], [ 629148.199884791043587, 5220852.300095329061151 ], [ 629148.000095329829492, 5220852.250115209259093 ], [ 629147.750117405084893, 5220852.875050494447351 ], [ 629147.745118048856966, 5220853.046600833535194 ], [ 629147.650115163414739, 5220853.125096262432635 ], [ 629147.645118048181757, 5220853.221600835211575 ], [ 629147.575786391855218, 5220853.350331754423678 ] ] ] } },
{ "type": "Feature", "properties": { "label": "vineyard", "area_m2": 0.2614257622696235 }, "geometry": { "type": "Polygon", "coordinates": [ [ [ 629180.350115926004946, 5220854.0749048627913 ], [ 629180.650048958021216, 5220854.199881804175675 ], [ 629180.724885047646239, 5220854.19988504704088 ], [ 629180.73261204676237, 5220853.786731655709445 ], [ 629180.786731656873599, 5220853.732612046413124 ], [ 629180.924928923603147, 5220853.699893629178405 ], [ 629180.999882486183196, 5220853.525062812492251 ], [ 629180.799957596464083, 5220853.425118517130613 ], [ 629180.600114952540025, 5220853.450114953331649 ], [ 629180.586485429550521, 5220853.53422415535897 ], [ 629180.425117513979785, 5220853.725062810815871 ], [ 629180.39824873721227, 5220853.98215520568192 ], [ 629180.350115926004946, 5220854.0749048627913 ] ] ] } },
{ "type": "Feature", "properties": { "label": "vineyard", "area_m2": 0.09932570282333314 }, "geometry": { "type": "Polygon", "coordinates": [ [ [ 629194.525114952586591, 5220853.350114952772856 ], [ 629194.525114952586591, 5220853.599885046482086 ], [ 629194.624516374082305, 5220853.620755306445062 ], [ 629194.706867047352716, 5220853.68927675485611 ], [ 629194.725114952540025, 5220853.774885047227144 ], [ 629194.774904862744734, 5220853.774884073063731 ], [ 629194.874881483614445, 5220853.499957595020533 ], [ 629194.874885047669522, 5220853.42511495295912 ], [ 629194.746565925539471, 5220853.414596624672413 ], [ 629194.674904862651601, 5220853.325115927495062 ], [ 629194.525114952586591, 5220853.350114952772856 ] ] ] } },
{ "type": "Feature", "properties": { "label": "vineyard", "area_m2": 0.57013653739074888 }, "geometry": { "type": "Polygon", "coordinates": [ [ [ 629166.35011656221468, 5220854.000067698769271 ], [ 629166.35011707060039, 5220854.174942678771913 ], [ 629166.42505732155405, 5220854.274882930330932 ], [ 629166.672552486998029, 5220854.275000000372529 ], [ 629166.874935299856588, 5220854.149891069158912 ], [ 629167.008153390488587, 5220854.015405244193971 ], [ 629167.07494267844595, 5220853.999882929958403 ], [ 629167.199882929562591, 5220853.849942677654326 ], [ 629167.208710964536294, 5220853.775159515440464 ], [ 629167.274882595054805, 5220853.674949506297708 ], [ 629167.274883724632673, 5220853.600073558278382 ], [ 629167.179931681137532, 5220853.490036362782121 ], [ 629167.174882929422893, 5220853.350057321600616 ], [ 629167.099949504830875, 5220853.300117404200137 ], [ 629166.977447513025254, 5220853.274999999441206 ], [ 629166.700064700795338, 5220853.350108929909766 ], [ 629166.600117914145812, 5220853.550040097907186 ], [ 629166.62187944247853, 5220853.667408866807818 ], [ 629166.586501874960959, 5220853.784193954430521 ], [ 629166.508580325054936, 5220853.86244882363826 ], [ 629166.400114280870184, 5220853.900114280171692 ], [ 629166.35011656221468, 5220854.000067698769271 ] ] ] } },
{ "type": "Feature", "properties": { "label": "vineyard", "area_m2": 0.18063768912441686 }, "geometry": { "type": "Polygon", "coordinates": [ [ [ 629152.875000000116415, 5220853.647054241970181 ], [ 629152.949898422928527, 5220853.64983006939292 ], [ 629153.006502537871711, 5220853.598480555228889 ], [ 629153.199850389151834, 5220853.549842814914882 ], [ 629153.32044022786431, 5220853.385668884031475 ], [ 629153.399913625093177, 5220853.374829317443073 ], [ 629153.44984673615545, 5220853.324895135127008 ], [ 629153.4748396105133, 5220853.200139078311622 ], [ 629153.329595742980018, 5220853.087139158509672 ], [ 629153.347705891821533, 5220852.93455368001014 ], [ 629153.599839397473261, 5220852.799857709556818 ], [ 629153.599829318234697, 5220852.67508637253195 ], [ 629153.549895132542588, 5220852.625153262168169 ], [ 629153.424948135041632, 5220852.575158765539527 ], [ 629153.325161643908359, 5220852.600150369107723 ], [ 629153.350000000093132, 5220852.897545138373971 ], [ 629153.322591469972394, 5220853.099978872574866 ], [ 629153.395753182354383, 5220853.182080573402345 ], [ 629153.321906457771547, 5220853.355102319270372 ], [ 629153.191877307370305, 5220853.412571883760393 ], [ 629152.96833847661037, 5220853.286509456112981 ], [ 629152.958798174746335, 5220853.238739933818579 ], [ 629153.050086390110664, 5220853.100170705467463 ], [ 629152.925170785863884, 5220853.275062744505703 ], [ 629152.924799175700173, 5220853.452784979715943 ], [ 629152.875157095375471, 5220853.550074947997928 ], [ 629152.875000000116415, 5220853.647054241970181 ] ] ] } },
{ "type": "Feature", "properties": { "label": "vineyard", "area_m2": 0.52698340987525116 }, "geometry": { "type": "Polygon", "coordinates": [ [ [ 629150.400115209049545, 5220853.499904670752585 ], [ 629150.524926441372372, 5220853.599883725866675 ], [ 629150.749910086393356, 5220853.374918062239885 ], [ 629150.799883724772371, 5220853.324926441535354 ], [ 629150.849882595008239, 5220853.149949504993856 ], [ 629150.847534620435908, 5220852.99237310513854 ], [ 629150.974942677887157, 5220852.924882930703461 ], [ 629151.199882929446176, 5220852.699942679144442 ], [ 629151.199882595101371, 5220852.250050494447351 ], [ 629151.174899697769433, 5220852.200099070556462 ], [ 629151.049949504784308, 5220852.125117404386401 ], [ 629150.950067098601721, 5220852.125116591341794 ], [ 629150.800114829209633, 5220852.22510308213532 ], [ 629150.781870377599262, 5220852.28572160936892 ], [ 629150.725115614128299, 5220852.325087057426572 ], [ 629150.727210357552394, 5220852.439722131937742 ], [ 629150.650117914308794, 5220852.675040097907186 ], [ 629150.650000000023283, 5220852.797552486881614 ], [ 629150.745122076477855, 5220852.89914301969111 ], [ 629150.755446998402476, 5220852.976492149755359 ], [ 629150.715586056699976, 5220853.032463817857206 ], [ 629150.600064699072391, 5220853.075108931399882 ], [ 629150.450104359537363, 5220853.200079212896526 ], [ 629150.400117070646957, 5220853.275057322345674 ], [ 629150.400115209049545, 5220853.499904670752585 ] ] ] } },
{ "type": "Feature", "properties": { "label": "vineyard", "area_m2": 0.46452534658699801 }, "geometry": { "type": "Polygon", "coordinates": [ [ [ 629186.200115925981663, 5220853.974904862232506 ], [ 629186.499885047669522, 5220854.099885046482086 ], [ 629186.518132952856831, 5220854.039276754483581 ], [ 629186.574883639928885, 5220853.999913700856268 ], [ 629186.599402567371726, 5220853.756242984905839 ], [ 629186.7387160055805, 5220853.678787859156728 ], [ 629186.849885047646239, 5220853.674885046668351 ], [ 629186.899881805642508, 5220853.549951042048633 ], [ 629186.926751262973994, 5220853.242844793945551 ], [ 629186.974884074181318, 5220853.150095137767494 ], [ 629186.649951042258181, 5220853.00011819601059 ], [ 629186.56626709154807, 5220853.046074064448476 ], [ 629186.450114952516742, 5220853.05011495295912 ], [ 629186.466799439978786, 5220853.317956223152578 ], [ 629186.22511545883026, 5220853.525104646570981 ], [ 629186.225114952540025, 5220853.599885046482086 ], [ 629186.305880022584461, 5220853.630455735139549 ], [ 629186.333968319697306, 5220853.70327190682292 ], [ 629186.20011819456704, 5220853.925048957578838 ], [ 629186.200115925981663, 5220853.974904862232506 ] ] ] } },
{ "type": "Feature", "properties": { "label": "vineyard", "area_m2": 0.64467034652398336 }, "geometry": { "type": "Polygon", "coordinates": [ [ [ 629168.849999999976717, 5220853.772063056007028 ], [ 629168.952392803737894, 5220853.799953528679907 ], [ 629168.919868710217997, 5220853.644523496739566 ], [ 629168.940459096222185, 5220853.60894058085978 ], [ 629169.152378039667383, 5220853.586538723669946 ], [ 629169.202535699121654, 5220853.635852443985641 ], [ 629169.259057107148692, 5220853.799963993951678 ], [ 629169.332174470881, 5220853.837595072574914 ], [ 629169.47577281028498, 5220854.125598417595029 ], [ 629169.597063055960461, 5220854.150000000372529 ], [ 629169.649901494500227, 5220854.124844156205654 ], [ 629169.750191297382116, 5220853.999177749268711 ], [ 629170.149841101607308, 5220853.000123824924231 ], [ 629169.924386523663998, 5220852.925705729983747 ], [ 629169.70016192633193, 5220853.125086795538664 ], [ 629169.549589070142247, 5220853.471962893381715 ], [ 629169.38090171047952, 5220853.590053578838706 ], [ 629169.091991230030544, 5220853.49679369200021 ], [ 629169.067752609029412, 5220853.462362768128514 ], [ 629169.083145552896895, 5220853.241918521933258 ], [ 629169.224920633947477, 5220853.199845371767879 ], [ 629169.374841147684492, 5220853.099875242449343 ], [ 629169.32484162284527, 5220852.675158376805484 ], [ 629169.300075418781489, 5220852.675157902762294 ], [ 629168.849999999976717, 5220853.772063056007028 ] ] ] } },
{ "type": "Feature", "properties": { "label": "vineyard", "area_m2": 0.6065818126907756 }, "geometry": { "type": "Polygon", "coordinates": [ [ [ 629163.775114280870184, 5220854.074885719455779 ], [ 629163.977447513025254, 5220854.150000000372529 ], [ 629164.049942678073421, 5220854.149882930330932 ], [ 629164.146221012342721, 5220854.073685151524842 ], [ 629164.29988571931608, 5220854.074885719455779 ], [ 629164.39988292939961, 5220853.874942678026855 ], [ 629164.410785002051853, 5220853.766306067816913 ], [ 629164.549882595078088, 5220853.599949506111443 ], [ 629164.629931681440212, 5220853.234963635914028 ], [ 629164.699884791160002, 5220853.075095331296325 ], [ 629164.324959900695831, 5220852.925117913633585 ], [ 629164.250117070623673, 5220852.95005732215941 ], [ 629164.236501874984242, 5220853.034193954430521 ], [ 629164.125117404968478, 5220853.175050495192409 ], [ 629164.137441991711967, 5220853.264643754810095 ], [ 629164.10699346580077, 5220853.341746272519231 ], [ 629163.966846608556807, 5220853.459594756364822 ], [ 629163.825117070577107, 5220853.525057321414351 ], [ 629163.825117070577107, 5220853.599942678585649 ], [ 629163.93313558131922, 5220853.682866695336998 ], [ 629163.958899645251222, 5220853.754904737696052 ], [ 629163.775114280870184, 5220854.074885719455779 ] ] ] } },
{ "type": "Feature", "properties": { "label": "vineyard", "area_m2": 0.38888787972473793 }, "geometry": { "type": "Polygon", "coordinates": [ [ [ 629155.950114952516742, 5220852.849885046482086 ], [ 629156.036764731048606, 5220852.871354478411376 ], [ 629156.075114952400327, 5220852.94988504704088 ], [ 629156.154472933150828, 5220852.949461154639721 ], [ 629156.261744630290195, 5220852.866860558278859 ], [ 629156.351384884212166, 5220852.901438621804118 ], [ 629156.37069403368514, 5220853.029028467833996 ], [ 629156.322139673866332, 5220853.088192126713693 ], [ 629156.250114952563308, 5220853.100114951841533 ], [ 629156.250114952563308, 5220853.19988504704088 ], [ 629156.374951042234898, 5220853.199881804175675 ], [ 629156.474893628037535, 5220853.124928924255073 ], [ 629156.524882486206479, 5220853.049937187694013 ], [ 629156.52488285000436, 5220852.975070216692984 ], [ 629156.478925935924053, 5220852.916267091408372 ], [ 629156.474885047646239, 5220852.80011495295912 ], [ 629156.375706581980921, 5220852.788793689571321 ], [ 629156.32703781593591, 5220852.732225482352078 ], [ 629156.350000000093132, 5220852.527454862371087 ], [ 629156.322639111778699, 5220852.386349950917065 ], [ 629156.359672057325952, 5220852.321564367972314 ], [ 629156.474895354476757, 5220852.29988454002887 ], [ 629156.531573967542499, 5220852.220676887780428 ], [ 629156.699885047622956, 5220852.224885046482086 ], [ 629156.699884074158035, 5220852.000095138326287 ], [ 629156.599937188322656, 5220851.900117515586317 ], [ 629156.350114952540025, 5220851.900114953517914 ], [ 629156.300117513979785, 5220852.025062812492251 ], [ 629156.300631775171496, 5220852.168786131776869 ], [ 629156.200117150205187, 5220852.325070217251778 ], [ 629156.188192126573995, 5220852.422139673493803 ], [ 629156.138268343289383, 5220852.467387952841818 ], [ 629156.050062811700627, 5220852.475117514841259 ], [ 629156.000118194613606, 5220852.550048957578838 ], [ 629155.950114952516742, 5220852.849885046482086 ] ] ] } },
{ "type": "Feature", "properties": { "label": "vineyard", "area_m2": 0.26990834000447161 }, "geometry": { "type": "Polygon", "coordinates": [ [ [ 629175.200117070460692, 5220853.69994267821312 ], [ 629175.300057321670465, 5220853.799882930703461 ], [ 629175.424892274197191, 5220853.774934208020568 ], [ 629175.51255117112305, 5220853.466419683769345 ], [ 629175.699882929562591, 5220853.29994267784059 ], [ 629175.702201985986903, 5220853.12011020258069 ], [ 629175.77488292939961, 5220853.024942678399384 ], [ 629175.799882085877471, 5220852.924959902651608 ], [ 629175.774934207787737, 5220852.800107725895941 ], [ 629175.700067099416628, 5220852.775116590783 ], [ 629175.575117070577107, 5220852.875057321973145 ], [ 629175.566289031179622, 5220852.949840494431555 ], [ 629175.500117070623673, 5220853.025057322345674 ], [ 629175.479231668636203, 5220853.149531004019082 ], [ 629175.25011627539061, 5220853.325073558837175 ], [ 629175.200117914122529, 5220853.525040097534657 ], [ 629175.200117070460692, 5220853.69994267821312 ] ] ] } },
{ "type": "Feature", "properties": { "label": "vineyard", "area_m2": 0.53353447367893481 }, "geometry": { "type": "Polygon", "coordinates": [ [ [ 629188.850114952540025, 5220853.375114953145385 ], [ 629188.850117514026351, 5220853.549937187694013 ], [ 629188.918056286987849, 5220853.624864498153329 ], [ 629188.925117513979785, 5220853.749937187880278 ], [ 629188.973437223001383, 5220853.830706455744803 ], [ 629188.900117514072917, 5220854.000062812119722 ], [ 629188.900115926051512, 5220854.124904862605035 ], [ 629188.999937188345939, 5220854.149882485158741 ], [ 629189.074864499038085, 5220854.081943713128567 ], [ 629189.199904862442054, 5220854.074884072877467 ], [ 629189.274884074227884, 5220853.999904861673713 ], [ 629189.349881483591162, 5220853.724957594648004 ], [ 629189.354937781346962, 5220853.309943086467683 ], [ 629189.403003419865854, 5220853.227333967573941 ], [ 629189.499937188345939, 5220853.199882484972477 ], [ 629189.54988180543296, 5220853.124951042234898 ], [ 629189.549881483544596, 5220852.925042404793203 ], [ 629189.499900698196143, 5220852.800099301151931 ], [ 629189.327454879065044, 5220852.775000000372529 ], [ 629189.25009513751138, 5220852.800115927122533 ], [ 629189.200117514003068, 5220852.875062812119722 ], [ 629189.184155497816391, 5220853.029017147608101 ], [ 629189.075117514003068, 5220853.100062810815871 ], [ 629189.062286476488225, 5220853.177093107253313 ], [ 629188.975117514026351, 5220853.250062812119722 ], [ 629188.948189450544305, 5220853.331664082594216 ], [ 629188.850114952540025, 5220853.375114953145385 ] ] ] } },
{ "type": "Feature", "properties": { "label": "vineyard", "area_m2": 0.56627014986939028 }, "geometry": { "type": "Polygon", "coordinates": [ [ [ 629183.000115926028229, 5220853.724904862232506 ], [ 629183.299885047599673, 5220853.849885046482086 ], [ 629183.357948971330188, 5220853.689888185821474 ], [ 629183.421565926750191, 5220853.635403375141323 ], [ 629183.493212754605338, 5220853.625423258170485 ], [ 629183.615549285314046, 5220853.674479861743748 ], [ 629183.650114952586591, 5220853.774885047227144 ], [ 629183.799904862651601, 5220853.774884073063731 ], [ 629183.899881483637728, 5220853.499957595020533 ], [ 629183.902204722282477, 5220853.095095524564385 ], [ 629183.943132953019813, 5220852.989276753738523 ], [ 629183.999883639975451, 5220852.949913701042533 ], [ 629183.999882486183196, 5220852.900062812492251 ], [ 629183.74754512112122, 5220852.775000000372529 ], [ 629183.725114952540025, 5220852.775114953517914 ], [ 629183.708146961289458, 5220852.880557023920119 ], [ 629183.654028467833996, 5220852.920694033615291 ], [ 629183.529593948391266, 5220852.94090112298727 ], [ 629183.449913702323101, 5220852.875116361305118 ], [ 629183.375062811886892, 5220852.875117515213788 ], [ 629183.350117514026351, 5220852.974937187507749 ], [ 629183.400000000139698, 5220853.084021859802306 ], [ 629183.367387953447178, 5220853.26326834410429 ], [ 629183.322139673866332, 5220853.313192127272487 ], [ 629183.200106372358277, 5220853.350071074441075 ], [ 629183.161485430435278, 5220853.48422415368259 ], [ 629183.025101200328209, 5220853.650091723538935 ], [ 629183.000115926028229, 5220853.724904862232506 ] ] ] } },
{ "type": "Feature", "properties": { "label": "vineyard", "area_m2": 0.33740765279213797 }, "geometry": { "type": "Polygon", "coordinates": [ [ [ 629169.299999999930151, 5220852.672063060104847 ], [ 629169.907749547041021, 5220852.606336907483637 ], [ 629169.949641104205512, 5220852.746896318159997 ], [ 629169.925158902886324, 5220852.924876168370247 ], [ 629170.149876175099052, 5220852.999841101467609 ], [ 629170.275068318122067, 5220852.724392402917147 ], [ 629170.349458673270419, 5220852.401727855205536 ], [ 629170.499826446175575, 5220852.174924056045711 ], [ 629170.499842098215595, 5220852.125075416639447 ], [ 629170.250126650324091, 5220852.025168023072183 ], [ 629169.999486676300876, 5220852.276108209043741 ], [ 629169.925162722356617, 5220852.400101351551712 ], [ 629169.906982517801225, 5220852.594320897944272 ], [ 629169.300158377038315, 5220852.650158377364278 ], [ 629169.299999999930151, 5220852.672063060104847 ] ] ] } },
{ "type": "Feature", "properties": { "label": "vineyard", "area_m2": 0.30821095653960096 }, "geometry": { "type": "Polygon", "coordinates": [ [ [ 629172.350114280707203, 5220853.349885719828308 ], [ 629172.499885719153099, 5220853.349885719828308 ], [ 629172.520768336136825, 5220853.275468989275396 ], [ 629172.699882929562591, 5220853.099942677654326 ], [ 629172.733199029578827, 5220852.807044208049774 ], [ 629172.825159508967772, 5220852.733710967004299 ], [ 629172.92490467056632, 5220852.724884791299701 ], [ 629172.949883512919769, 5220852.600069234147668 ], [ 629172.899378103320487, 5220852.543823926709592 ], [ 629172.902677416452207, 5220852.46594484243542 ], [ 629172.947907992638648, 5220852.412711168639362 ], [ 629173.074892273638397, 5220852.374934208579361 ], [ 629173.124882085714489, 5220852.24995990190655 ], [ 629173.099942678003572, 5220852.175117069855332 ], [ 629173.013254023739137, 5220852.18593561463058 ], [ 629172.947552486904897, 5220852.149999999441206 ], [ 629172.725114280707203, 5220852.175114280544221 ], [ 629172.625, 5220852.352447513490915 ], [ 629172.625115209026262, 5220852.424904669634998 ], [ 629172.702281740610488, 5220852.479634819552302 ], [ 629172.710555050056428, 5220852.564728777855635 ], [ 629172.550115614081733, 5220852.750087057240307 ], [ 629172.547798014013097, 5220852.904889796860516 ], [ 629172.475117404945195, 5220853.050050494261086 ], [ 629172.471071524429135, 5220853.141273598186672 ], [ 629172.35011707060039, 5220853.275057321414351 ], [ 629172.350114280707203, 5220853.349885719828308 ] ] ] } },
{ "type": "Feature", "properties": { "label": "vineyard", "area_m2": 0.95786702796722367 }, "geometry": { "type": "Polygon", "coordinates": [ [ [ 629183.449999999953434, 5220852.597063059918582 ], [ 629183.751226095017046, 5220852.800460421480238 ], [ 629183.974177135853097, 5220852.899594398215413 ], [ 629184.124038129579276, 5220852.800574826076627 ], [ 629184.249842102522962, 5220852.674924585036933 ], [ 629184.299713910673745, 5220852.402268686331809 ], [ 629184.398994981776923, 5220852.226916537620127 ], [ 629184.699510854319669, 5220851.925693047232926 ], [ 629184.799822908244096, 5220851.674929589964449 ], [ 629184.79984417441301, 5220851.425117653794587 ], [ 629184.723936882335693, 5220851.349618381820619 ], [ 629184.477936927811243, 5220851.25 ], [ 629184.200158480205573, 5220851.425129040144384 ], [ 629184.124321600887924, 5220851.676966359838843 ], [ 629183.848688709316775, 5220852.27404960244894 ], [ 629183.602047109045088, 5220852.470510604791343 ], [ 629183.500075420131907, 5220852.475157901644707 ], [ 629183.449999999953434, 5220852.597063059918582 ] ] ] } },
{ "type": "Feature", "properties": { "label": "vineyard", "area_m2": 0.98597106061643824 }, "geometry": { "type": "Polygon", "coordinates": [ [ [ 629180.750000000116415, 5220853.422054241411388 ], [ 629180.975057940115221, 5220853.524842918850482 ], [ 629181.200490466551855, 5220853.524103500880301 ], [ 629181.29924712702632, 5220853.376220437698066 ], [ 629181.349833986838348, 5220853.199950561858714 ], [ 629181.349822898861021, 5220853.100083294324577 ], [ 629181.276816447963938, 5220852.922940068878233 ], [ 629181.322271446930245, 5220852.668565978296101 ], [ 629181.545275770244189, 5220852.600952820852399 ], [ 629181.674913614639081, 5220852.599829303100705 ], [ 629181.874831878114492, 5220852.399861483834684 ], [ 629181.874854182358831, 5220852.225045787170529 ], [ 629181.824847209849395, 5220852.025123296305537 ], [ 629181.574724391452037, 5220851.900027534924448 ], [ 629181.200159026542678, 5220851.775159027427435 ], [ 629181.169918332481757, 5220852.006110591813922 ], [ 629180.800168142886832, 5220852.425138531252742 ], [ 629180.801964572165161, 5220852.449975913390517 ], [ 629181.068565214751288, 5220852.432168913073838 ], [ 629181.141820196411572, 5220852.589944636449218 ], [ 629180.925152338924818, 5220852.800153919495642 ], [ 629180.775154156028293, 5220853.075107833370566 ], [ 629180.750000000116415, 5220853.422054241411388 ] ] ] } },
{ "type": "Feature", "properties": { "label": "vineyard", "area_m2": 0.067776016460507224 }, "geometry": { "type": "Polygon", "coordinates": [ [ [ 629194.225116766872816, 5220852.499921978451312 ], [ 629194.300114952493459, 5220852.624885046854615 ], [ 629194.424882486113347, 5220852.599937187507749 ], [ 629194.41415376320947, 5220852.462691141292453 ], [ 629194.474881483591162, 5220852.324957595206797 ], [ 629194.474885047646239, 5220852.250114953145385 ], [ 629194.300095137441531, 5220852.250115927308798 ], [ 629194.225118516595103, 5220852.425042404793203 ], [ 629194.225116766872816, 5220852.499921978451312 ] ] ] } },
{ "type": "Feature", "properties": { "label": "vineyard", "area_m2": 0.06240243105959279 }, "geometry": { "type": "Polygon", "coordinates": [ [ [ 629189.475117514026351, 5220852.150062812492251 ], [ 629189.475117514026351, 5220852.274937189184129 ], [ 629189.550071076489985, 5220852.349893628619611 ], [ 629189.602454879088327, 5220852.375 ], [ 629189.724893628037535, 5220852.349928923882544 ], [ 629189.749882486183196, 5220852.150062812492251 ], [ 629189.699937188299373, 5220852.100117514841259 ], [ 629189.550048957928084, 5220852.100118195638061 ], [ 629189.475117514026351, 5220852.150062812492251 ] ] ] } },
{ "type": "Feature", "properties": { "label": "vineyard", "area_m2": 0.34861171584842077 }, "geometry": { "type": "Polygon", "coordinates": [ [ [ 629148.025115209049545, 5220852.249904670752585 ], [ 629148.22255248692818, 5220852.325000000186265 ], [ 629148.404277748777531, 5220852.15966010466218 ], [ 629148.500057321623899, 5220852.199882930144668 ], [ 629148.724885719129816, 5220852.224885719828308 ], [ 629148.724885170580819, 5220852.150103081949055 ], [ 629148.649932900560088, 5220852.100116590969265 ], [ 629148.520156759535894, 5220852.085877071134746 ], [ 629148.472729460569099, 5220852.014745896682143 ], [ 629148.482923094648868, 5220851.950081358663738 ], [ 629148.599882929353043, 5220851.774942679330707 ], [ 629148.649882085854188, 5220851.574959902092814 ], [ 629148.624942678026855, 5220851.500117070041597 ], [ 629148.399949503713287, 5220851.400117403827608 ], [ 629148.325107725802809, 5220851.425065792165697 ], [ 629148.025117404991761, 5220852.175050494261086 ], [ 629148.025115209049545, 5220852.249904670752585 ] ] ] } },
{ "type": "Feature", "properties": { "label": "vineyard", "area_m2": 0.51739827469046729 }, "geometry": { "type": "Polygon", "coordinates": [ [ [ 629186.400114952586591, 5220852.400114953517914 ], [ 629186.400117514072917, 5220852.499937187880278 ], [ 629186.532092546578497, 5220852.540702745318413 ], [ 629186.641799439908937, 5220852.657043776474893 ], [ 629186.650117514072917, 5220852.749937187880278 ], [ 629186.700000000069849, 5220852.840978140942752 ], [ 629186.696074064355344, 5220852.941267091780901 ], [ 629186.650115926051512, 5220853.024904862977564 ], [ 629186.999937188345939, 5220853.174882484599948 ], [ 629187.049882486113347, 5220853.124937187880278 ], [ 629187.140395483816974, 5220852.833166589960456 ], [ 629187.299882486113347, 5220852.674937187694013 ], [ 629187.274881805642508, 5220852.450048957951367 ], [ 629187.202524671214633, 5220852.329059824347496 ], [ 629187.224884074181318, 5220852.225095137022436 ], [ 629186.899951041792519, 5220852.075118195265532 ], [ 629186.800114952493459, 5220852.075114953331649 ], [ 629186.800116360187531, 5220852.149913701228797 ], [ 629186.866326433722861, 5220852.248981851153076 ], [ 629186.786764731048606, 5220852.40364552102983 ], [ 629186.615978140151128, 5220852.424999999813735 ], [ 629186.400114952586591, 5220852.400114953517914 ] ] ] } },
{ "type": "Feature", "properties": { "label": "vineyard", "area_m2": 0.86371097758834392 }, "geometry": { "type": "Polygon", "coordinates": [ [ [ 629186.973033720278181, 5220852.011014152318239 ], [ 629186.900115926051512, 5220852.099904862232506 ], [ 629187.177454879041761, 5220852.224999999627471 ], [ 629187.299884074134752, 5220852.1999048627913 ], [ 629187.334806699422188, 5220852.124172342941165 ], [ 629187.424904862651601, 5220852.099884072318673 ], [ 629187.458721673348919, 5220851.950133714824915 ], [ 629187.524881805526093, 5220851.849951041862369 ], [ 629187.537713523721322, 5220851.722906892187893 ], [ 629187.635179953300394, 5220851.621165356598794 ], [ 629187.699885047622956, 5220851.599885046482086 ], [ 629187.711807873565704, 5220851.327860326506197 ], [ 629187.770971532328986, 5220851.279305966570973 ], [ 629187.874885047669522, 5220851.274885047227144 ], [ 629187.94988248613663, 5220851.124937187880278 ], [ 629187.949881805456243, 5220851.025048958137631 ], [ 629187.849937188322656, 5220850.875117515213788 ], [ 629187.708886246779002, 5220850.869454220868647 ], [ 629187.624937188345939, 5220850.750117515213788 ], [ 629187.525114952586591, 5220850.725114952772856 ], [ 629187.523078528232872, 5220850.869509032927454 ], [ 629187.488439328619279, 5220850.927301045507193 ], [ 629187.302325847791508, 5220850.99831054918468 ], [ 629187.150062811910175, 5220851.000117515213788 ], [ 629187.100117514026351, 5220851.050062811002135 ], [ 629187.061574250459671, 5220851.164452226832509 ], [ 629186.925117513979785, 5220851.375062812119722 ], [ 629186.925114952493459, 5220851.549885046668351 ], [ 629186.997531093191355, 5220851.577843053266406 ], [ 629187.028149746707641, 5220851.655422787182033 ], [ 629186.975118516595103, 5220851.825042405165732 ], [ 629186.973033720278181, 5220852.011014152318239 ] ] ] } },
{ "type": "Feature", "properties": { "label": "vineyard", "area_m2": 0.34595963082767783 }, "geometry": { "type": "Polygon", "coordinates": [ [ [ 629178.30011592595838, 5220852.599904861301184 ], [ 629178.375095137744211, 5220852.674884072504938 ], [ 629178.570710678235628, 5220852.704289321787655 ], [ 629178.599518472794443, 5220852.76519828569144 ], [ 629178.600114952540025, 5220852.924885046668351 ], [ 629178.699885047622956, 5220852.924885046668351 ], [ 629178.740430069621652, 5220852.844679246656597 ], [ 629178.874885047669522, 5220852.799885046668351 ], [ 629178.875552708050236, 5220852.355478801764548 ], [ 629178.924884074134752, 5220852.075095137581229 ], [ 629178.800048957928084, 5220852.050118195824325 ], [ 629178.681317188893445, 5220852.145994077436626 ], [ 629178.400114952586591, 5220852.150114953517914 ], [ 629178.420560803846456, 5220852.338684795424342 ], [ 629178.300117513979785, 5220852.525062812492251 ], [ 629178.30011592595838, 5220852.599904861301184 ] ] ] } },
{ "type": "Feature", "properties": { "label": "vineyard", "area_m2": 0.41515793786686489 }, "geometry": { "type": "Polygon", "coordinates": [ [ [ 629167.000117514049634, 5220853.274937189184129 ], [ 629167.150048958486877, 5220853.349881804548204 ], [ 629167.299900698126294, 5220853.324900698848069 ], [ 629167.349881805479527, 5220853.224951041862369 ], [ 629167.383721673395485, 5220852.950133714824915 ], [ 629167.599882486159913, 5220852.599937187507749 ], [ 629167.606943713268265, 5220852.499864498153329 ], [ 629167.67488180543296, 5220852.399951042607427 ], [ 629167.653118153102696, 5220852.182593232020736 ], [ 629167.674882486113347, 5220852.100062812678516 ], [ 629167.64992892369628, 5220852.075106371194124 ], [ 629167.475086298072711, 5220852.025116361677647 ], [ 629167.415265772026032, 5220852.092915561981499 ], [ 629167.200114952516742, 5220852.125114953145385 ], [ 629167.200117514003068, 5220852.199937188997865 ], [ 629167.288409344153479, 5220852.270953241735697 ], [ 629167.335846236906946, 5220852.412308858707547 ], [ 629167.216278326814063, 5220852.799866285175085 ], [ 629167.050117513979785, 5220852.975062810815871 ], [ 629167.047795277903788, 5220853.154904475435615 ], [ 629167.000117514049634, 5220853.274937189184129 ] ] ] } },
{ "type": "Feature", "properties": { "label": "vineyard", "area_m2": 0.44381077622445669 }, "geometry": { "type": "Polygon", "coordinates": [ [ [ 629153.350075540365651, 5220852.349082794040442 ], [ 629153.425086390227079, 5220852.599829293787479 ], [ 629153.49988224892877, 5220852.599833785556257 ], [ 629153.654482283513062, 5220852.525664436630905 ], [ 629153.74987636890728, 5220852.524840394034982 ], [ 629153.774484463618137, 5220852.475745393894613 ], [ 629153.801452865358442, 5220852.112583850510418 ], [ 629153.849829253740609, 5220851.999937268905342 ], [ 629153.853313867817633, 5220851.896991707384586 ], [ 629153.949843541602604, 5220851.724872039631009 ], [ 629153.949844766175374, 5220851.65009527746588 ], [ 629153.877273630932905, 5220851.476725528948009 ], [ 629153.924930521519855, 5220851.273959403857589 ], [ 629153.8999136100756, 5220851.175170705653727 ], [ 629153.825084013165906, 5220851.175169765017927 ], [ 629153.725158630870283, 5220851.225143447518349 ], [ 629153.700024087331258, 5220851.523035446181893 ], [ 629153.749248120235279, 5220851.60430907830596 ], [ 629153.741133545408957, 5220851.782487949356437 ], [ 629153.550048164906912, 5220851.800159459002316 ], [ 629153.425157540477812, 5220851.850133424624801 ], [ 629153.375177511596121, 5220851.975075902417302 ], [ 629153.350075540365651, 5220852.349082794040442 ] ] ] } },
{ "type": "Feature", "properties": { "label": "vineyard", "area_m2": 0.70427380751716329 }, "geometry": { "type": "Polygon", "coordinates": [ [ [ 629164.250117405084893, 5220852.674949506297708 ], [ 629164.311819939990528, 5220852.816923734731972 ], [ 629164.275115209049545, 5220852.924904669634998 ], [ 629164.650040099280886, 5220853.074882086366415 ], [ 629164.724882929353043, 5220853.04994267784059 ], [ 629164.738498124992475, 5220852.965806045569479 ], [ 629164.874884385848418, 5220852.799912942573428 ], [ 629164.877201986033469, 5220852.645110202021897 ], [ 629164.983199026901275, 5220852.357044214382768 ], [ 629165.074882929446176, 5220852.274942679330707 ], [ 629165.075552020105533, 5220852.105487179011106 ], [ 629165.124882594915107, 5220851.999949505552649 ], [ 629165.124882085714489, 5220851.87504009809345 ], [ 629165.099882594891824, 5220851.77505049481988 ], [ 629164.999942678026855, 5220851.625117070041597 ], [ 629164.675064699375071, 5220851.700108930468559 ], [ 629164.625117070740089, 5220851.750057321041822 ], [ 629164.604231663863175, 5220851.849531010724604 ], [ 629164.47511707060039, 5220851.950057321228087 ], [ 629164.47511707060039, 5220852.099942678585649 ], [ 629164.615668236976489, 5220852.214226677082479 ], [ 629164.629499866394326, 5220852.307501670904458 ], [ 629164.493542092386633, 5220852.489219466224313 ], [ 629164.30005732155405, 5220852.550117069855332 ], [ 629164.250117405084893, 5220852.674949506297708 ] ] ] } },
{ "type": "Feature", "properties": { "label": "vineyard", "area_m2": 0.093389874941684867 }, "geometry": { "type": "Polygon", "coordinates": [ [ [ 629146.325056785368361, 5220851.60244854260236 ], [ 629146.349736291449517, 5220851.698707664385438 ], [ 629146.32506677065976, 5220851.873904284089804 ], [ 629146.348886339459568, 5220851.874934109859169 ], [ 629146.374934110906906, 5220851.848886341787875 ], [ 629146.350200347020291, 5220851.599114531651139 ], [ 629146.374871418694966, 5220851.406135799363256 ], [ 629146.549934858107008, 5220851.198871132917702 ], [ 629146.549833968165331, 5220850.975049441680312 ], [ 629146.500987442559563, 5220850.726996819488704 ], [ 629146.549841242027469, 5220850.574948134832084 ], [ 629146.549829207127914, 5220850.50006274972111 ], [ 629146.448854143731296, 5220850.3750643087551 ], [ 629146.400044977664948, 5220850.427426214329898 ], [ 629146.528543021879159, 5220850.484980242326856 ], [ 629146.537753192824312, 5220850.588614230044186 ], [ 629146.400035764556378, 5220850.709048479795456 ], [ 629146.375048771849833, 5220850.777428584173322 ], [ 629146.495668591931462, 5220850.851783651858568 ], [ 629146.532522372086532, 5220850.959210263565183 ], [ 629146.375041944091208, 5220851.084054766222835 ], [ 629146.350484573864378, 5220851.149071108549833 ], [ 629146.399628274491988, 5220851.31907244771719 ], [ 629146.350045697181486, 5220851.397558550350368 ], [ 629146.325056785368361, 5220851.60244854260236 ] ] ] } },
{ "type": "Feature", "properties": { "label": "vineyard", "area_m2": 0.49291950233504545 }, "geometry": { "type": "Polygon", "coordinates": [ [ [ 629161.775117404991761, 5220852.449949505738914 ], [ 629161.825108931167051, 5220852.549935300834477 ], [ 629161.952447513001971, 5220852.650000000372529 ], [ 629162.07494267844595, 5220852.624882929958403 ], [ 629162.139584702672437, 5220852.555342150852084 ], [ 629162.299892274313606, 5220852.47493420727551 ], [ 629162.338498124154285, 5220852.365806047804654 ], [ 629162.39988292939961, 5220852.299942678771913 ], [ 629162.39988292939961, 5220852.100057321600616 ], [ 629162.245768336113542, 5220851.999531011097133 ], [ 629162.226877660374157, 5220851.886458963155746 ], [ 629162.290186959318817, 5220851.816643466241658 ], [ 629162.44994267844595, 5220851.824882930144668 ], [ 629162.5249009312829, 5220851.774899697862566 ], [ 629162.574882929446176, 5220851.699942679144442 ], [ 629162.574882929562591, 5220851.525057322345674 ], [ 629162.549934207112528, 5220851.500107725150883 ], [ 629162.300040099304169, 5220851.47511791344732 ], [ 629162.150064698769711, 5220851.525108931586146 ], [ 629162.075116275344044, 5220851.600073558278382 ], [ 629162.016289030667394, 5220851.8248404962942 ], [ 629161.925117404898629, 5220851.975050495006144 ], [ 629161.956155028310604, 5220852.156003279611468 ], [ 629161.800117070437409, 5220852.32505732215941 ], [ 629161.775117404991761, 5220852.449949505738914 ] ] ] } },
{ "type": "Feature", "properties": { "label": "vineyard", "area_m2": 0.21332533843141316 }, "geometry": { "type": "Polygon", "coordinates": [ [ [ 629172.350000000093132, 5220851.447054241783917 ], [ 629172.963679459528066, 5220851.700692162849009 ], [ 629173.000160899013281, 5220852.12487122695893 ], [ 629173.124881325638853, 5220852.199842566624284 ], [ 629173.199829235323705, 5220852.074937261641026 ], [ 629173.202800038619898, 5220851.895672040991485 ], [ 629173.299845978268422, 5220851.774913453496993 ], [ 629173.349595023551956, 5220851.625799575820565 ], [ 629173.349838356254622, 5220851.475150369107723 ], [ 629173.200118708540685, 5220851.450169106014073 ], [ 629172.960927913431078, 5220851.690688353031874 ], [ 629172.414138962281868, 5220851.451938818208873 ], [ 629172.402102140709758, 5220851.370893225073814 ], [ 629172.518463651533239, 5220851.119816539809108 ], [ 629172.62491361470893, 5220851.099829303100705 ], [ 629172.674418233567849, 5220851.025878214277327 ], [ 629172.648035411839373, 5220850.925024086609483 ], [ 629172.550154021708295, 5220850.950086550787091 ], [ 629172.521288521820679, 5220851.108137062750757 ], [ 629172.350000000093132, 5220851.447054241783917 ] ] ] } },
{ "type": "Feature", "properties": { "label": "vineyard", "area_m2": 0.39439515535853792 }, "geometry": { "type": "Polygon", "coordinates": [ [ [ 629175.700117514003068, 5220852.774937189184129 ], [ 629175.799885047599673, 5220852.82488504704088 ], [ 629175.936590655939654, 5220852.545953242108226 ], [ 629175.999884074204601, 5220852.499904861673713 ], [ 629176.004937781370245, 5220852.33494308590889 ], [ 629176.074881805456243, 5220852.224951041862369 ], [ 629176.104937781346962, 5220852.034943086095154 ], [ 629176.224881805595942, 5220851.799951042048633 ], [ 629176.20055270800367, 5220851.630478802137077 ], [ 629176.274882486206479, 5220851.524937189184129 ], [ 629176.274885047692806, 5220851.400114953517914 ], [ 629176.200095137464814, 5220851.400115927681327 ], [ 629176.099896501400508, 5220851.555197848938406 ], [ 629176.011480827350169, 5220851.635135520249605 ], [ 629175.950062811840326, 5220851.650117515586317 ], [ 629175.70011819456704, 5220851.925048957578838 ], [ 629175.700117861153558, 5220852.149944255128503 ], [ 629175.736852506408468, 5220852.222882121801376 ], [ 629175.700117514003068, 5220852.774937189184129 ] ] ] } },
{ "type": "Feature", "properties": { "label": "vineyard", "area_m2": 0.32304510796382679 }, "geometry": { "type": "Polygon", "coordinates": [ [ [ 629192.350000000093132, 5220851.497054241597652 ], [ 629192.474876369000413, 5220851.499840393662453 ], [ 629192.508330101845786, 5220851.37100110668689 ], [ 629192.702877235715277, 5220851.201920168474317 ], [ 629193.099840973620303, 5220851.249840972945094 ], [ 629193.099829311366193, 5220851.150086379610002 ], [ 629193.028718355344608, 5220850.913388414308429 ], [ 629193.074830070952885, 5220850.849898419342935 ], [ 629193.074857811094262, 5220850.700118323788047 ], [ 629192.999913609703071, 5220850.350170705467463 ], [ 629192.950159026542678, 5220850.350159026682377 ], [ 629192.943404951831326, 5220850.453185214661062 ], [ 629192.72516911663115, 5220850.675118715502322 ], [ 629192.724198719253764, 5220850.881747983396053 ], [ 629192.678165117627941, 5220850.966177059337497 ], [ 629192.400159026612528, 5220851.000159027054906 ], [ 629192.400159026612528, 5220851.099840972572565 ], [ 629192.620973552111536, 5220851.154642675071955 ], [ 629192.64654478628654, 5220851.197667029686272 ], [ 629192.503352432860993, 5220851.368722746148705 ], [ 629192.350159604102373, 5220851.400123631581664 ], [ 629192.350000000093132, 5220851.497054241597652 ] ] ] } },
{ "type": "Feature", "properties": { "label": "vineyard", "area_m2": 0.31848538224308021 }, "geometry": { "type": "Polygon", "coordinates": [ [ [ 629156.800114952493459, 5220850.80011495295912 ], [ 629156.800114952493459, 5220850.874885046854615 ], [ 629156.974298017797992, 5220850.843975014984608 ], [ 629157.090595040819608, 5220850.892541069537401 ], [ 629157.132618733448908, 5220850.958306991495192 ], [ 629157.074255114188418, 5220851.19541270006448 ], [ 629156.975135500542819, 5220851.268056287430227 ], [ 629156.825115925981663, 5220851.3000951372087 ], [ 629156.800114952493459, 5220851.474885046482086 ], [ 629156.924885047599673, 5220851.474885046482086 ], [ 629156.929937781300396, 5220851.384943085722625 ], [ 629156.968335917918012, 5220851.326810548081994 ], [ 629157.099885047646239, 5220851.299885046668351 ], [ 629157.132684101816267, 5220851.147648083046079 ], [ 629157.249913702136837, 5220851.099883638322353 ], [ 629157.301116717746481, 5220851.035995053127408 ], [ 629157.374885047669522, 5220851.024885047227144 ], [ 629157.374882486183196, 5220850.925062811002135 ], [ 629157.262521553784609, 5220850.81391026917845 ], [ 629157.25414001243189, 5220850.728811009787023 ], [ 629157.349884074181318, 5220850.649904862977564 ], [ 629157.405292300740257, 5220850.514654879458249 ], [ 629157.499882486183196, 5220850.424937187694013 ], [ 629157.52928932197392, 5220850.304289322346449 ], [ 629157.674885047599673, 5220850.274885047227144 ], [ 629157.674884074134752, 5220850.1750951372087 ], [ 629157.525114952586591, 5220850.125114953145385 ], [ 629157.503435629652813, 5220850.215327944606543 ], [ 629157.429132490884513, 5220850.253211463801563 ], [ 629157.200114952516742, 5220850.200114953331649 ], [ 629157.135772861191072, 5220850.376410274766386 ], [ 629157.050114952493459, 5220850.42511495295912 ], [ 629157.050117513979785, 5220850.524937189184129 ], [ 629157.153515860089101, 5220850.642275634221733 ], [ 629157.143287664279342, 5220850.728844911791384 ], [ 629156.974298017797992, 5220850.831024984829128 ], [ 629156.800114952493459, 5220850.80011495295912 ] ] ] } },
{ "type": "Feature", "properties": { "label": "vineyard", "area_m2": 0.58709604648416691 }, "geometry": { "type": "Polygon", "coordinates": [ [ [ 629169.92515837715473, 5220851.124841623008251 ], [ 629170.395204305765219, 5220851.214215005747974 ], [ 629170.375651208683848, 5220851.536070144735277 ], [ 629170.275131735601462, 5220851.600156447850168 ], [ 629170.225173592451029, 5220851.675075961276889 ], [ 629170.225210650125518, 5220851.825691228732467 ], [ 629170.250158801558428, 5220852.024873835034668 ], [ 629170.499924586503766, 5220852.124842102639377 ], [ 629170.550257663009688, 5220852.074068330228329 ], [ 629171.024841101607308, 5220850.925123824737966 ], [ 629170.775075419223867, 5220850.8251579022035 ], [ 629170.423844204517081, 5220851.121958314441144 ], [ 629170.024529627058655, 5220851.11967453174293 ], [ 629170.003033904824406, 5220851.001450612209737 ], [ 629170.249837277573533, 5220850.62489864602685 ], [ 629170.249839012394659, 5220850.600149703212082 ], [ 629170.150075419107452, 5220850.5751579022035 ], [ 629169.92515837715473, 5220851.124841623008251 ] ] ] } },
{ "type": "Feature", "properties": { "label": "vineyard", "area_m2": 0.58226525681365537 }, "geometry": { "type": "Polygon", "coordinates": [ [ [ 629167.450116275344044, 5220851.600073558278382 ], [ 629167.475057321949862, 5220851.649882930330932 ], [ 629167.5558701523114, 5220851.680447461083531 ], [ 629167.58379084803164, 5220851.743234064429998 ], [ 629167.500117070740089, 5220851.875057321041822 ], [ 629167.475115209002979, 5220852.024904671125114 ], [ 629167.674942677957006, 5220852.099882930517197 ], [ 629167.765806038514711, 5220852.013498129323125 ], [ 629167.849942678003572, 5220851.999882929958403 ], [ 629167.999884385848418, 5220851.824912942014635 ], [ 629168.0107850022614, 5220851.641306066885591 ], [ 629168.168006534222513, 5220851.358253727667034 ], [ 629168.27488292939961, 5220851.249942678026855 ], [ 629168.29988571931608, 5220850.875114280730486 ], [ 629168.04994950373657, 5220850.775117403827608 ], [ 629167.925114280660637, 5220850.800114280544221 ], [ 629167.86244882887695, 5220851.08358031604439 ], [ 629167.717020600335672, 5220851.285132930614054 ], [ 629167.600114280823618, 5220851.350114280357957 ], [ 629167.586501874960959, 5220851.434193953871727 ], [ 629167.450116275344044, 5220851.600073558278382 ] ] ] } },
{ "type": "Feature", "properties": { "label": "vineyard", "area_m2": 0.54943808187381993 }, "geometry": { "type": "Polygon", "coordinates": [ [ [ 629181.250114952563308, 5220851.799885046668351 ], [ 629181.750042403698899, 5220851.999881482683122 ], [ 629181.815430069691502, 5220851.919679246842861 ], [ 629181.874885047669522, 5220851.899885047227144 ], [ 629181.874881805619225, 5220851.750048957765102 ], [ 629181.796241141739301, 5220851.567768064327538 ], [ 629181.822025571833365, 5220851.50551893748343 ], [ 629181.89989362785127, 5220851.44992892537266 ], [ 629181.937713523744605, 5220851.322906892746687 ], [ 629181.999883639975451, 5220851.274913701228797 ], [ 629182.024881483637728, 5220851.199957595206797 ], [ 629182.024882486206479, 5220851.100062810815871 ], [ 629181.94992892362643, 5220850.925106370821595 ], [ 629181.575114952516742, 5220850.775114953517914 ], [ 629181.570359070785344, 5220850.933407478034496 ], [ 629181.50011636025738, 5220851.000086299143732 ], [ 629181.496074064285494, 5220851.241267091594636 ], [ 629181.426090734312311, 5220851.333029956556857 ], [ 629181.350115926004946, 5220851.375095137394965 ], [ 629181.346074064262211, 5220851.46626709215343 ], [ 629181.300117150181904, 5220851.525070217438042 ], [ 629181.332350230659358, 5220851.700499150902033 ], [ 629181.250114952563308, 5220851.799885046668351 ] ] ] } },
{ "type": "Feature", "properties": { "label": "vineyard", "area_m2": 0.64817709432507142 }, "geometry": { "type": "Polygon", "coordinates": [ [ [ 629148.350000000093132, 5220851.397054241970181 ], [ 629148.624179966747761, 5220851.524593982845545 ], [ 629148.674135008826852, 5220851.500687456689775 ], [ 629148.875330473762006, 5220851.098605137318373 ], [ 629148.965767134679481, 5220850.767948416061699 ], [ 629149.226140874437988, 5220850.652698707766831 ], [ 629149.500125082326122, 5220850.749835126101971 ], [ 629149.57484097359702, 5220850.749840972945094 ], [ 629149.574836362036876, 5220850.675145233049989 ], [ 629149.348534282180481, 5220850.54616001714021 ], [ 629149.208207127870992, 5220850.289767826907337 ], [ 629149.249840973643586, 5220850.07515902724117 ], [ 629149.050129250390455, 5220850.075162050314248 ], [ 629148.800149050541222, 5220850.225143996998668 ], [ 629148.350000000093132, 5220851.397054241970181 ] ] ] } },
{ "type": "Feature", "properties": { "label": "vineyard", "area_m2": 0.067378689918030907 }, "geometry": { "type": "Polygon", "coordinates": [ [ [ 629159.725118194590323, 5220850.700048957951367 ], [ 629159.75009513751138, 5220850.874884072691202 ], [ 629159.874937188345939, 5220850.874882484786212 ], [ 629160.024883639998734, 5220850.699913701042533 ], [ 629160.024881805642508, 5220850.625048957765102 ], [ 629159.999904862721451, 5220850.575115927495062 ], [ 629159.875042403698899, 5220850.575118517503142 ], [ 629159.800062811700627, 5220850.600117514841259 ], [ 629159.725118194590323, 5220850.700048957951367 ] ] ] } },
{ "type": "Feature", "properties": { "label": "vineyard", "area_m2": 0.60396505233381215 }, "geometry": { "type": "Polygon", "coordinates": [ [ [ 629162.550117070553824, 5220850.824942679144442 ], [ 629162.624949503922835, 5220850.849882596172392 ], [ 629162.79988483665511, 5220850.774903738871217 ], [ 629162.802071206853725, 5220850.676452741958201 ], [ 629162.83921686373651, 5220850.617293386720121 ], [ 629163.1999264418846, 5220850.449883724562824 ], [ 629163.249883724725805, 5220850.399926442652941 ], [ 629163.229931681416929, 5220850.209963636472821 ], [ 629163.290847478318028, 5220850.045978216454387 ], [ 629163.374885719153099, 5220849.999885719269514 ], [ 629163.399882085737772, 5220849.899959902279079 ], [ 629163.399882595054805, 5220849.700050493702292 ], [ 629163.35055201977957, 5220849.555487181991339 ], [ 629163.425000000046566, 5220849.422552487812936 ], [ 629163.424884791136719, 5220849.325095331296325 ], [ 629163.249949504854158, 5220849.225117404013872 ], [ 629163.150057322112843, 5220849.200117069296539 ], [ 629163.000117070740089, 5220849.375057321041822 ], [ 629162.974999999976717, 5220849.622552487999201 ], [ 629163.000898355036043, 5220849.726557136513293 ], [ 629162.900117070646957, 5220849.82505732215941 ], [ 629162.85011707060039, 5220849.950057321228087 ], [ 629162.870068318559788, 5220850.265036364085972 ], [ 629162.800116562284529, 5220850.4000676991418 ], [ 629162.777301045251079, 5220850.538439327850938 ], [ 629162.575107726152055, 5220850.625065792351961 ], [ 629162.550117070553824, 5220850.824942679144442 ] ] ] } },
{ "type": "Feature", "properties": { "label": "vineyard", "area_m2": 0.26474288137060958 }, "geometry": { "type": "Polygon", "coordinates": [ [ [ 629168.0, 5220850.772063058800995 ], [ 629168.224024055176415, 5220850.874472019262612 ], [ 629168.299924581311643, 5220850.874842097051442 ], [ 629168.349841783288866, 5220850.774950427934527 ], [ 629168.356273055193014, 5220850.590035797096789 ], [ 629168.473545423243195, 5220850.409463371150196 ], [ 629168.600335051305592, 5220850.399024383164942 ], [ 629168.649841789738275, 5220850.27495043259114 ], [ 629168.649829988367856, 5220850.1250642798841 ], [ 629168.499855279340409, 5220849.875155366025865 ], [ 629168.300081478082575, 5220849.850169165991247 ], [ 629168.175157903693616, 5220849.925075417384505 ], [ 629168.175166874541901, 5220849.999865821562707 ], [ 629168.274275767616928, 5220850.125376926735044 ], [ 629168.300151077914052, 5220850.224840888753533 ], [ 629168.382144488976337, 5220850.238765127956867 ], [ 629168.465928649762645, 5220850.403810950927436 ], [ 629168.330046515795402, 5220850.56238014344126 ], [ 629168.125075413496234, 5220850.550157897174358 ], [ 629168.000157897360623, 5220850.675075412727892 ], [ 629168.0, 5220850.772063058800995 ] ] ] } },
{ "type": "Feature", "properties": { "label": "vineyard", "area_m2": 0.21431199599322234 }, "geometry": { "type": "Polygon", "coordinates": [ [ [ 629151.325117070577107, 5220851.224942678585649 ], [ 629151.425050496123731, 5220851.299882596358657 ], [ 629151.52495990076568, 5220851.299882086925209 ], [ 629151.724885719129816, 5220851.199885719455779 ], [ 629151.733710969332606, 5220851.000159503892064 ], [ 629151.849882929353043, 5220850.874942678958178 ], [ 629151.887551168911159, 5220850.766419688239694 ], [ 629151.949882929446176, 5220850.699942679144442 ], [ 629151.949882929446176, 5220850.550057320855558 ], [ 629151.899942678050138, 5220850.500117070041597 ], [ 629151.825057321926579, 5220850.500117070041597 ], [ 629151.650117070763372, 5220850.675057320855558 ], [ 629151.586185306776315, 5220850.934982876293361 ], [ 629151.325117070577107, 5220851.125057321973145 ], [ 629151.325117070577107, 5220851.224942678585649 ] ] ] } },
{ "type": "Feature", "properties": { "label": "vineyard", "area_m2": 0.31962270705321483 }, "geometry": { "type": "Polygon", "coordinates": [ [ [ 629172.724999999976717, 5220850.597063059918582 ], [ 629172.799841622938402, 5220850.599841622635722 ], [ 629172.804153889417648, 5220850.470549529418349 ], [ 629172.947526950272731, 5220850.285879684612155 ], [ 629173.075064273783937, 5220850.32483000960201 ], [ 629173.248865641653538, 5220850.324935683049262 ], [ 629173.359322050702758, 5220850.257314098067582 ], [ 629173.63558472180739, 5220850.373166289180517 ], [ 629173.675151077914052, 5220850.599840888753533 ], [ 629173.749902874813415, 5220850.599830536171794 ], [ 629173.825258895638399, 5220850.524002809077501 ], [ 629173.924822570988908, 5220850.274936416186392 ], [ 629173.924841622938402, 5220850.200158377178013 ], [ 629173.850085715181194, 5220850.200173065066338 ], [ 629173.638940060744062, 5220850.365101097151637 ], [ 629173.367527352063917, 5220850.25417647883296 ], [ 629173.325137124629691, 5220850.137471165508032 ], [ 629173.349999999976717, 5220849.777936943806708 ], [ 629173.324845373164862, 5220849.700079361908138 ], [ 629173.249935078900307, 5220849.65015406999737 ], [ 629173.100075418245979, 5220849.625157902948558 ], [ 629172.975177428917959, 5220849.900063584558666 ], [ 629172.947048146510497, 5220850.271350895054638 ], [ 629172.750130095635541, 5220850.475147751159966 ], [ 629172.724999999976717, 5220850.597063059918582 ] ] ] } },
{ "type": "Feature", "properties": { "label": "vineyard", "area_m2": 0.75423215877732719 }, "geometry": { "type": "Polygon", "coordinates": [ [ [ 629178.650117070646957, 5220851.400057322345674 ], [ 629178.675114280660637, 5220851.849885719828308 ], [ 629178.797915050643496, 5220851.896357894875109 ], [ 629178.800114280660637, 5220852.049885720014572 ], [ 629178.924932901398279, 5220852.074883408844471 ], [ 629179.041306071449071, 5220851.985785 ], [ 629179.12494267791044, 5220851.974882930517197 ], [ 629179.249882929376327, 5220851.849942677654326 ], [ 629179.275552020175382, 5220851.255487178452313 ], [ 629179.349882595008239, 5220851.074949505738914 ], [ 629179.327201985986903, 5220850.720110203139484 ], [ 629179.38927838508971, 5220850.618129625916481 ], [ 629179.499885719153099, 5220850.599885719828308 ], [ 629179.499885719153099, 5220850.525114280171692 ], [ 629179.249949504854158, 5220850.425117404200137 ], [ 629179.157158913672902, 5220850.47324759978801 ], [ 629178.975095329456963, 5220850.475115208886564 ], [ 629178.950117914122529, 5220850.599959902465343 ], [ 629178.997460847022012, 5220850.779175886884332 ], [ 629178.900116275413893, 5220850.90007355902344 ], [ 629178.933051135390997, 5220851.159423952922225 ], [ 629178.808693929458968, 5220851.264214999042451 ], [ 629178.725114280707203, 5220851.275114280171692 ], [ 629178.709594756131992, 5220851.34184660948813 ], [ 629178.650117070646957, 5220851.400057322345674 ] ] ] } },
{ "type": "Feature", "properties": { "label": "vineyard", "area_m2": 0.087087586414377333 }, "geometry": { "type": "Polygon", "coordinates": [ [ [ 629184.425080917426385, 5220851.049192246980965 ], [ 629184.450159517698921, 5220851.249874027445912 ], [ 629184.598779978579842, 5220851.324247413314879 ], [ 629184.675051865284331, 5220851.349841234274209 ], [ 629184.825695810723118, 5220851.299123862758279 ], [ 629184.874638407956809, 5220851.200686653144658 ], [ 629184.927160828607157, 5220850.99454852566123 ], [ 629185.099952040938661, 5220850.697701362892985 ], [ 629184.937312696245499, 5220850.852018079720438 ], [ 629184.875217294204049, 5220851.153378430753946 ], [ 629184.75217980123125, 5220851.312219710089266 ], [ 629184.629272067686543, 5220851.325793446041644 ], [ 629184.558902789256535, 5220851.292681634426117 ], [ 629184.437980895861983, 5220851.058228383772075 ], [ 629184.443071351270191, 5220850.842297402210534 ], [ 629184.57788598339539, 5220850.712650630623102 ], [ 629184.785126253846101, 5220850.390381146222353 ], [ 629184.925281253061257, 5220850.302489009685814 ], [ 629185.099840400973335, 5220850.375123626552522 ], [ 629184.82493795407936, 5220850.250178164802492 ], [ 629184.737247051321901, 5220850.312005116604269 ], [ 629184.566839227918535, 5220850.251623899675906 ], [ 629184.549840973573737, 5220850.175159026868641 ], [ 629184.475159026565962, 5220850.175159026868641 ], [ 629184.475159026565962, 5220850.249840972945094 ], [ 629184.731585334637202, 5220850.312495093792677 ], [ 629184.758463173289783, 5220850.353008736856282 ], [ 629184.425581074901856, 5220850.849142741411924 ], [ 629184.425080917426385, 5220851.049192246980965 ] ] ] } },
{ "type": "Feature", "properties": { "label": "vineyard", "area_m2": 0.26550955093450962 }, "geometry": { "type": "Polygon", "coordinates": [ [ [ 629176.150114952586591, 5220851.224885046482086 ], [ 629176.249937188345939, 5220851.224882484413683 ], [ 629176.316317391116172, 5220851.1607781117782 ], [ 629176.474882486159913, 5220851.099937187507749 ], [ 629176.518132952856831, 5220850.93927675485611 ], [ 629176.699893628014252, 5220850.749928924255073 ], [ 629176.735778112197295, 5220850.616317390464246 ], [ 629176.799882486113347, 5220850.549937187694013 ], [ 629176.81685303885024, 5220850.419442975893617 ], [ 629176.924904862651601, 5220850.374884072691202 ], [ 629176.974881805595942, 5220850.274951042607427 ], [ 629176.949928923742846, 5220850.200106371194124 ], [ 629176.849951041745953, 5220850.150118195451796 ], [ 629176.775070216855966, 5220850.15011715143919 ], [ 629176.716267091571353, 5220850.196074064821005 ], [ 629176.625095137744211, 5220850.200115927495062 ], [ 629176.55011592595838, 5220850.275095138698816 ], [ 629176.572795277810656, 5220850.504904475994408 ], [ 629176.475115926004946, 5220850.600095137022436 ], [ 629176.417850608122535, 5220850.887131719850004 ], [ 629176.300117513979785, 5220850.975062810815871 ], [ 629176.27242470823694, 5220851.068954054266214 ], [ 629176.150117514072917, 5220851.150062812492251 ], [ 629176.150114952586591, 5220851.224885046482086 ] ] ] } },
{ "type": "Feature", "properties": { "label": "vineyard", "area_m2": 0.17329289197090772 }, "geometry": { "type": "Polygon", "coordinates": [ [ [ 629157.550000000046566, 5220850.147054241970181 ], [ 629157.674840973573737, 5220850.17484097275883 ], [ 629157.700609616353177, 5220849.934994361363351 ], [ 629157.775745365419425, 5220849.8737932741642 ], [ 629157.899826626526192, 5220849.674933806993067 ], [ 629157.925000000046566, 5220849.497054241597652 ], [ 629157.900610536453314, 5220849.345696712844074 ], [ 629157.924934110953473, 5220849.051113658584654 ], [ 629157.899913609959185, 5220849.025170706212521 ], [ 629157.800159026519395, 5220849.025159027427435 ], [ 629157.724734332179651, 5220849.602816759608686 ], [ 629157.674964158679359, 5220849.772647983394563 ], [ 629157.600169084966183, 5220849.850118693895638 ], [ 629157.550000000046566, 5220850.147054241970181 ] ] ] } },
{ "type": "Feature", "properties": { "label": "vineyard", "area_m2": 0.63262217731832593 }, "geometry": { "type": "Polygon", "coordinates": [ [ [ 629170.150000000023283, 5220850.572063057683408 ], [ 629170.175075419130735, 5220850.599842097610235 ], [ 629170.249867622624151, 5220850.599844886921346 ], [ 629170.460988775128499, 5220850.349549952894449 ], [ 629170.503930510603823, 5220850.338681510649621 ], [ 629170.833777514868416, 5220850.495695348829031 ], [ 629170.775157901924103, 5220850.824924583546817 ], [ 629171.024876174866222, 5220850.924841102212667 ], [ 629171.424935639603063, 5220849.99981689453125 ], [ 629171.574843230191618, 5220849.575144584290683 ], [ 629171.375075419666246, 5220849.525157902389765 ], [ 629171.080829453538172, 5220849.662863897159696 ], [ 629170.810963064432144, 5220849.504562056623399 ], [ 629170.799826406058855, 5220849.400075961835682 ], [ 629170.675144584616646, 5220849.250156769528985 ], [ 629170.575177429011092, 5220849.500063583254814 ], [ 629170.575158377178013, 5220849.574841623194516 ], [ 629170.774196104379371, 5220849.5769625864923 ], [ 629171.073834832641296, 5220849.751156585291028 ], [ 629171.09993710287381, 5220849.805673846974969 ], [ 629171.097172515350394, 5220850.126071485690773 ], [ 629170.950161693617702, 5220850.300080010667443 ], [ 629170.877281991299242, 5220850.471791418269277 ], [ 629170.831739442422986, 5220850.490571745671332 ], [ 629170.484884112491272, 5220850.323553472757339 ], [ 629170.449841294321232, 5220850.000074011273682 ], [ 629170.400075418059714, 5220849.975157899782062 ], [ 629170.150000000023283, 5220850.572063057683408 ] ] ] } },
{ "type": "Feature", "properties": { "label": "vineyard", "area_m2": 0.50243184697835575 }, "geometry": { "type": "Polygon", "coordinates": [ [ [ 629187.350116562447511, 5220850.274932301603258 ], [ 629187.396071525290608, 5220850.33372640516609 ], [ 629187.400114280870184, 5220850.449885719455779 ], [ 629187.482052778475918, 5220850.462291093543172 ], [ 629187.527313059777953, 5220850.513994375243783 ], [ 629187.500117070623673, 5220850.699942679144442 ], [ 629187.625040099257603, 5220850.77488208655268 ], [ 629187.708726403769106, 5220850.728928475640714 ], [ 629187.799912942573428, 5220850.724884386174381 ], [ 629187.839278383064084, 5220850.668129627592862 ], [ 629187.899885719176382, 5220850.649885719642043 ], [ 629187.954214588622563, 5220850.561097266152501 ], [ 629188.074942678329535, 5220850.549882930703461 ], [ 629188.124882929259911, 5220850.499942678958178 ], [ 629188.149882085737772, 5220850.399959902279079 ], [ 629188.124891069484875, 5220850.150064701214433 ], [ 629188.018129628384486, 5220850.060721618123353 ], [ 629187.974882929236628, 5220849.925057320855558 ], [ 629187.874932900536805, 5220849.850116590969265 ], [ 629187.750087057589553, 5220849.850115614011884 ], [ 629187.702092007384636, 5220849.912288831546903 ], [ 629187.600073558161967, 5220849.925116275437176 ], [ 629187.500115163391456, 5220850.000096262432635 ], [ 629187.4617697854992, 5220850.078641551546752 ], [ 629187.375057321973145, 5220850.100117069669068 ], [ 629187.35011707060039, 5220850.125057321973145 ], [ 629187.350116562447511, 5220850.274932301603258 ] ] ] } },
{ "type": "Feature", "properties": { "label": "vineyard", "area_m2": 0.42316969399021881 }, "geometry": { "type": "Polygon", "coordinates": [ [ [ 629181.600115926004946, 5220850.799904862418771 ], [ 629181.974885047646239, 5220850.94988504704088 ], [ 629181.994263491593301, 5220850.856972917914391 ], [ 629182.074884541332722, 5220850.799895353615284 ], [ 629182.096354478737339, 5220850.663235268555582 ], [ 629182.299882486113347, 5220850.499937187880278 ], [ 629182.258843293064274, 5220850.278811012394726 ], [ 629182.348268404486589, 5220850.130207620561123 ], [ 629182.449892658973113, 5220850.074902712367475 ], [ 629182.499882849981077, 5220849.999929782934487 ], [ 629182.499885047669522, 5220849.850114952772856 ], [ 629182.43517995311413, 5220849.828834642656147 ], [ 629182.39991370216012, 5220849.775116361677647 ], [ 629182.175062811817043, 5220849.775117515586317 ], [ 629182.125117514049634, 5220849.825062812305987 ], [ 629182.125117514049634, 5220849.899937189184129 ], [ 629182.248252143734135, 5220849.979856268502772 ], [ 629182.245108554488979, 5220850.075883012264967 ], [ 629182.07493343972601, 5220850.267070166766644 ], [ 629181.993212755653076, 5220850.29957674164325 ], [ 629181.825042403652333, 5220850.300118517130613 ], [ 629181.725117514026351, 5220850.350062810815871 ], [ 629181.720062218839303, 5220850.490056914277375 ], [ 629181.625117514049634, 5220850.625062812119722 ], [ 629181.600115926004946, 5220850.799904862418771 ] ] ] } },
{ "type": "Feature", "properties": { "label": "vineyard", "area_m2": 0.26239581727505268 }, "geometry": { "type": "Polygon", "coordinates": [ [ [ 629154.000114952563308, 5220850.749885046854615 ], [ 629154.074929783353582, 5220850.749882848933339 ], [ 629154.249885047669522, 5220850.674885046668351 ], [ 629154.281045945477672, 5220850.602575291879475 ], [ 629154.399921979987994, 5220850.574883232824504 ], [ 629154.499882486183196, 5220850.449937188997865 ], [ 629154.549881483544596, 5220850.249957595020533 ], [ 629154.557149392087013, 5220850.062868280336261 ], [ 629154.724882486159913, 5220849.924937187694013 ], [ 629154.724882486159913, 5220849.825062812305987 ], [ 629154.649937188485637, 5220849.750117515213788 ], [ 629154.575048957951367, 5220849.75011819601059 ], [ 629154.400114952586591, 5220849.850114952772856 ], [ 629154.388904835679568, 5220849.970781330950558 ], [ 629154.300114952493459, 5220850.025114953517914 ], [ 629154.250117514049634, 5220850.150062812492251 ], [ 629154.277897204621695, 5220850.469856708310544 ], [ 629154.000115926028229, 5220850.625095137394965 ], [ 629154.000114952563308, 5220850.749885046854615 ] ] ] } },
{ "type": "Feature", "properties": { "label": "vineyard", "area_m2": 0.83818721454423395 }, "geometry": { "type": "Polygon", "coordinates": [ [ [ 629192.600072248023935, 5220850.024015777744353 ], [ 629192.899228937225416, 5220850.324165835045278 ], [ 629192.999840973643586, 5220850.349840972572565 ], [ 629193.014390532276593, 5220850.001055588014424 ], [ 629193.30852384888567, 5220849.908531703054905 ], [ 629193.375145879224874, 5220849.999846491031349 ], [ 629193.599913610611111, 5220850.049829293042421 ], [ 629193.724958122358657, 5220849.774747530929744 ], [ 629193.824841234949417, 5220849.499948135577142 ], [ 629193.8248383437749, 5220849.400150386616588 ], [ 629193.525138501543552, 5220849.325156474485993 ], [ 629193.445826648152433, 5220849.443681934848428 ], [ 629193.405985940713435, 5220849.457243723794818 ], [ 629193.154355670558289, 5220849.272825688123703 ], [ 629193.100386406527832, 5220848.898970448412001 ], [ 629193.149840973666869, 5220848.600159026682377 ], [ 629193.125145249534398, 5220848.600157427601516 ], [ 629193.075041311210953, 5220848.725253979675472 ], [ 629192.600072248023935, 5220850.024015777744353 ] ] ] } },
{ "type": "Feature", "properties": { "label": "vineyard", "area_m2": 0.14732011095386596 }, "geometry": { "type": "Polygon", "coordinates": [ [ [ 629146.425053055747412, 5220850.052424141205847 ], [ 629146.56255453475751, 5220850.181104000657797 ], [ 629146.425053486018442, 5220850.372569813393056 ], [ 629146.44883503112942, 5220850.37493718136102 ], [ 629146.574843994225375, 5220850.249922501854599 ], [ 629146.641800953540951, 5220850.026991580612957 ], [ 629146.776063806726597, 5220849.952693252824247 ], [ 629146.974850295577198, 5220849.974839014001191 ], [ 629146.999976056744345, 5220849.898041328415275 ], [ 629146.983972517075017, 5220849.748332195915282 ], [ 629147.071825457620434, 5220849.632441129535437 ], [ 629147.149841622798704, 5220849.624841623008251 ], [ 629147.149841622798704, 5220849.550158376805484 ], [ 629147.075133258011192, 5220849.550165221095085 ], [ 629146.944990040035918, 5220849.648389778099954 ], [ 629146.779355758102611, 5220849.647012530826032 ], [ 629146.680942390696146, 5220849.482473814859986 ], [ 629146.724836604436859, 5220849.399921466596425 ], [ 629146.724841622519307, 5220849.325158376246691 ], [ 629146.600129503407516, 5220849.350131656043231 ], [ 629146.450047912774608, 5220849.727291553281248 ], [ 629146.640001413994469, 5220849.655693493783474 ], [ 629146.774434600723907, 5220849.664174510166049 ], [ 629146.968654930940829, 5220849.768003820441663 ], [ 629146.987736199167557, 5220849.894082132726908 ], [ 629146.858832333586179, 5220849.955708531662822 ], [ 629146.717617256799713, 5220849.936798434704542 ], [ 629146.632296329597011, 5220849.979226417839527 ], [ 629146.450033128261566, 5220849.984066781587899 ], [ 629146.425053055747412, 5220850.052424141205847 ] ] ] } },
{ "type": "Feature", "properties": { "label": "vineyard", "area_m2": 0.24845178369855994 }, "geometry": { "type": "Polygon", "coordinates": [ [ [ 629170.725000000093132, 5220849.172054241411388 ], [ 629170.934488552738912, 5220849.151916237547994 ], [ 629171.171340521192178, 5220849.19717887416482 ], [ 629171.202425433089957, 5220849.324954284355044 ], [ 629171.272395734442398, 5220849.150549640879035 ], [ 629171.337994904955849, 5220849.132500804960728 ], [ 629171.469506944413297, 5220849.323679370805621 ], [ 629171.45015960407909, 5220849.5498763686046 ], [ 629171.57484097359702, 5220849.574840973131359 ], [ 629171.528030090616085, 5220849.306434068828821 ], [ 629171.5998356314376, 5220849.199904802255332 ], [ 629171.601636224077083, 5220849.084501232020557 ], [ 629171.769416515948251, 5220848.932176759466529 ], [ 629171.849876369000413, 5220848.924840393476188 ], [ 629171.874840973643586, 5220848.70015902724117 ], [ 629171.586296536726877, 5220848.724211387336254 ], [ 629171.474863455281593, 5220848.600157244130969 ], [ 629171.400159026612528, 5220848.600159026682377 ], [ 629171.400157243711874, 5220848.674863453954458 ], [ 629171.524211388081312, 5220848.78629653621465 ], [ 629171.524198628496379, 5220848.906747822649777 ], [ 629171.470501785748638, 5220849.003161787986755 ], [ 629171.179306964157149, 5220849.196090249344707 ], [ 629170.93977817427367, 5220849.145504624582827 ], [ 629170.94984097359702, 5220848.900159027427435 ], [ 629170.825123631162569, 5220848.900159606710076 ], [ 629170.725000000093132, 5220849.172054241411388 ] ] ] } },
{ "type": "Feature", "properties": { "label": "vineyard", "area_m2": 0.46286044504529522 }, "geometry": { "type": "Polygon", "coordinates": [ [ [ 629179.200114952516742, 5220850.075114953331649 ], [ 629179.225117514026351, 5220850.424937187694013 ], [ 629179.425048957928084, 5220850.524881804361939 ], [ 629179.499885047669522, 5220850.524885047227144 ], [ 629179.506943713175133, 5220850.399864497594535 ], [ 629179.571565925492905, 5220850.335403375327587 ], [ 629179.824885047622956, 5220850.32488504704088 ], [ 629179.849883639952168, 5220850.125086299143732 ], [ 629179.783200560254045, 5220850.067956223152578 ], [ 629179.775552708073519, 5220849.930478801950812 ], [ 629179.874882486183196, 5220849.774937189184129 ], [ 629179.899882486206479, 5220849.625062812119722 ], [ 629179.874937188345939, 5220849.600117514841259 ], [ 629179.740640491014346, 5220849.608078588731587 ], [ 629179.67489265894983, 5220849.525097288191319 ], [ 629179.475062811863609, 5220849.450117515400052 ], [ 629179.400117150275037, 5220849.575070217251778 ], [ 629179.422928402433172, 5220849.748546035960317 ], [ 629179.32511819456704, 5220849.875048957765102 ], [ 629179.317387953400612, 5220850.01326834410429 ], [ 629179.272139673819765, 5220850.063192127272487 ], [ 629179.200114952516742, 5220850.075114953331649 ] ] ] } },
{ "type": "Feature", "properties": { "label": "vineyard", "area_m2": 0.2511189902579079 }, "geometry": { "type": "Polygon", "coordinates": [ [ [ 629187.725000000093132, 5220849.522054241038859 ], [ 629187.775086374836974, 5220849.574829317629337 ], [ 629187.849922877037898, 5220849.574835356324911 ], [ 629188.118140114238486, 5220849.404700047336519 ], [ 629188.19984097359702, 5220849.399840973317623 ], [ 629188.15799472911749, 5220849.235105443745852 ], [ 629188.245373300160281, 5220849.117258004844189 ], [ 629188.400133528397419, 5220849.199828676879406 ], [ 629188.549840973573737, 5220849.199840973131359 ], [ 629188.499151369556785, 5220848.799331694841385 ], [ 629188.400155237293802, 5220848.775159399956465 ], [ 629188.347041702596471, 5220848.902851179242134 ], [ 629188.21462548035197, 5220849.0 ], [ 629188.112337029655464, 5220848.987308730371296 ], [ 629188.029222334036604, 5220848.876975514926016 ], [ 629188.024840973666869, 5220848.800159026868641 ], [ 629187.925123631139286, 5220848.800159606151283 ], [ 629187.900170704349875, 5220848.874913609586656 ], [ 629188.048232178320177, 5220849.007444728165865 ], [ 629188.048327701515518, 5220849.169906181283295 ], [ 629187.950824903324246, 5220849.293107829988003 ], [ 629187.875077118398622, 5220849.300164631567895 ], [ 629187.750128761632368, 5220849.37514706607908 ], [ 629187.725000000093132, 5220849.522054241038859 ] ] ] } },
{ "type": "Feature", "properties": { "label": "vineyard", "area_m2": 0.42088183694539472 }, "geometry": { "type": "Polygon", "coordinates": [ [ [ 629184.80011592595838, 5220850.025095138698816 ], [ 629184.835881524602883, 5220850.162927092052996 ], [ 629184.825115925981663, 5220850.274904862977564 ], [ 629185.097545121097937, 5220850.375 ], [ 629185.249928923672996, 5220850.274893629364669 ], [ 629185.449893627781421, 5220850.07492892537266 ], [ 629185.474884302122518, 5220849.925099777057767 ], [ 629185.409332142327912, 5220849.885771062225103 ], [ 629185.390735244611278, 5220849.811528083868325 ], [ 629185.474884074181318, 5220849.724904862232506 ], [ 629185.477204722352326, 5220849.595095523633063 ], [ 629185.549881483544596, 5220849.399957595393062 ], [ 629185.524937188485637, 5220849.350117514841259 ], [ 629185.275114952586591, 5220849.250114953145385 ], [ 629185.253645521355793, 5220849.336764731444418 ], [ 629185.175062811700627, 5220849.375117515213788 ], [ 629185.075116360210814, 5220849.500086299143732 ], [ 629185.075115925981663, 5220849.5749048627913 ], [ 629185.195359070785344, 5220849.666592521592975 ], [ 629185.188192126573995, 5220849.872139673680067 ], [ 629185.119509032345377, 5220849.923078528605402 ], [ 629184.900062811910175, 5220849.925117515027523 ], [ 629184.80011592595838, 5220850.025095138698816 ] ] ] } },
{ "type": "Feature", "properties": { "label": "vineyard", "area_m2": 0.51490195514318182 }, "geometry": { "type": "Polygon", "coordinates": [ [ [ 629173.350158328656107, 5220849.274919097311795 ], [ 629173.474049424752593, 5220849.299926098436117 ], [ 629173.592181747080758, 5220849.258135484531522 ], [ 629173.860585720627569, 5220849.373173223808408 ], [ 629173.874892130494118, 5220849.662445837631822 ], [ 629173.825170681928284, 5220849.725086372345686 ], [ 629173.825160617008805, 5220849.799857694655657 ], [ 629173.950092327431776, 5220849.874836112372577 ], [ 629174.049913625349291, 5220849.874829317443073 ], [ 629174.099839268950745, 5220849.824908695183694 ], [ 629174.199841599678621, 5220849.57493908982724 ], [ 629174.253234257805161, 5220849.192234214395285 ], [ 629174.32113323721569, 5220849.035902505740523 ], [ 629174.424853592296131, 5220848.999845109879971 ], [ 629174.474471053457819, 5220848.875977447256446 ], [ 629174.524840400903486, 5220848.550123626366258 ], [ 629174.350088850944303, 5220848.475173640996218 ], [ 629174.27515696559567, 5220848.525128183886409 ], [ 629174.261005455628037, 5220848.720617332495749 ], [ 629174.124176951940171, 5220848.798098374158144 ], [ 629173.954495293321088, 5220848.817010586149991 ], [ 629173.779446729109623, 5220848.602687770500779 ], [ 629173.799840973573737, 5220848.350159026682377 ], [ 629173.600118674570695, 5220848.350157433189452 ], [ 629173.500158765236847, 5220848.550051864236593 ], [ 629173.550150364986621, 5220848.699838358908892 ], [ 629173.763355147093534, 5220848.64485237095505 ], [ 629173.915569748147391, 5220848.840852321125567 ], [ 629173.900159026612528, 5220848.974840972572565 ], [ 629173.975860242382623, 5220848.843960686586797 ], [ 629174.029712643940002, 5220848.841967273503542 ], [ 629174.155734839150682, 5220848.976256960071623 ], [ 629174.149849159875885, 5220849.186359208077192 ], [ 629173.866701081045903, 5220849.36963561642915 ], [ 629173.592522015213035, 5220849.254171069711447 ], [ 629173.549134866450913, 5220849.099312402307987 ], [ 629173.425086390227079, 5220849.075170706026256 ], [ 629173.35016971686855, 5220849.200083996169269 ], [ 629173.350158328656107, 5220849.274919097311795 ] ] ] } },
{ "type": "Feature", "properties": { "label": "vineyard", "area_m2": 0.2497421373001816 }, "geometry": { "type": "Polygon", "coordinates": [ [ [ 629146.975000000093132, 5220848.722054241225123 ], [ 629147.049840973573737, 5220848.724840972572565 ], [ 629147.062665729783475, 5220848.620706170797348 ], [ 629147.295022701960988, 5220848.485436013899744 ], [ 629147.420944897457957, 5220848.596024263650179 ], [ 629147.450152306817472, 5220848.674867208115757 ], [ 629147.575062745017931, 5220848.749829228036106 ], [ 629147.65792085241992, 5220848.759079582057893 ], [ 629147.670822734478861, 5220849.021611386910081 ], [ 629147.600118674803525, 5220849.050157433375716 ], [ 629147.525170765002258, 5220849.175062738358974 ], [ 629147.525159026612528, 5220849.274840973317623 ], [ 629147.59989842295181, 5220849.27483006939292 ], [ 629147.674829311319627, 5220849.199913620017469 ], [ 629147.675076410756446, 5220848.755624264478683 ], [ 629147.724005345837213, 5220848.556492296978831 ], [ 629147.84984429855831, 5220848.39986845292151 ], [ 629147.849831857252866, 5220848.300138531252742 ], [ 629147.723965599783696, 5220848.175069783814251 ], [ 629147.625072774011642, 5220848.175159349106252 ], [ 629147.400988256325945, 5220848.274726738221943 ], [ 629147.300167563487776, 5220848.40013487264514 ], [ 629147.284208884113468, 5220848.481932710856199 ], [ 629147.056466899462976, 5220848.620904927141964 ], [ 629146.975159026565962, 5220848.625159027054906 ], [ 629146.975000000093132, 5220848.722054241225123 ] ] ] } },
{ "type": "Feature", "properties": { "label": "vineyard", "area_m2": 0.22766583686106073 }, "geometry": { "type": "Polygon", "coordinates": [ [ [ 629149.600159026565962, 5220848.550159026868641 ], [ 629149.600159026565962, 5220848.624840972945094 ], [ 629149.724907958414406, 5220848.624842828139663 ], [ 629149.870925655239262, 5220848.578093651682138 ], [ 629150.025175767368637, 5220848.593451836146414 ], [ 629150.19389200815931, 5220848.703433439135551 ], [ 629150.093409919878468, 5220849.016069257631898 ], [ 629149.79678340558894, 5220849.027252485975623 ], [ 629149.74987636890728, 5220848.975159605965018 ], [ 629149.675159026519395, 5220848.975159026682377 ], [ 629149.700086389551871, 5220849.099829292856157 ], [ 629150.099840973620303, 5220849.099840972572565 ], [ 629150.201053950120695, 5220848.714387827552855 ], [ 629150.499840973643586, 5220848.649840973317623 ], [ 629150.499840973643586, 5220848.550159026868641 ], [ 629150.347054229467176, 5220848.525000000372529 ], [ 629150.17450641177129, 5220848.543519946746528 ], [ 629150.054829909582622, 5220848.447432087734342 ], [ 629150.056741215637885, 5220848.344345732592046 ], [ 629150.147712673060596, 5220848.254723149351776 ], [ 629150.224840973620303, 5220848.249840972945094 ], [ 629150.224840973620303, 5220848.175159026868641 ], [ 629150.075159026542678, 5220848.175159026868641 ], [ 629150.067558767623268, 5220848.253174521028996 ], [ 629149.947951388428919, 5220848.341222731396556 ], [ 629149.849925051792525, 5220848.300157096236944 ], [ 629149.750159026589245, 5220848.300159026868641 ], [ 629149.736243308521807, 5220848.523918542079628 ], [ 629149.600159026565962, 5220848.550159026868641 ] ] ] } },
{ "type": "Feature", "properties": { "label": "vineyard", "area_m2": 0.61405557869984018 }, "geometry": { "type": "Polygon", "coordinates": [ [ [ 629151.72511707060039, 5220850.174942678771913 ], [ 629151.77506579272449, 5220850.224892274476588 ], [ 629151.982706612790935, 5220850.314216862432659 ], [ 629152.013400029740296, 5220850.39510309882462 ], [ 629152.000114280846901, 5220850.499885719269514 ], [ 629152.099908118951134, 5220850.474897892214358 ], [ 629152.139278382994235, 5220850.418129627592862 ], [ 629152.199885719339363, 5220850.399885719642043 ], [ 629152.258710969355889, 5220849.975159503519535 ], [ 629152.375904229702428, 5220849.782844829373062 ], [ 629152.44994267844595, 5220849.749882929958403 ], [ 629152.549882595078088, 5220849.624949505552649 ], [ 629152.52488259493839, 5220849.475050494074821 ], [ 629152.402201986056753, 5220849.279889797791839 ], [ 629152.399884790997021, 5220849.025095329619944 ], [ 629152.224959899671376, 5220848.950117913074791 ], [ 629152.150107726454735, 5220849.000065791420639 ], [ 629152.000117914285511, 5220849.37504009809345 ], [ 629152.000117070623673, 5220849.474942677654326 ], [ 629152.070833065430634, 5220849.584155225194991 ], [ 629152.073056755703874, 5220849.660946457646787 ], [ 629152.030369089916348, 5220849.713045571930707 ], [ 629151.900057321996428, 5220849.750117070041597 ], [ 629151.775117070646957, 5220849.850057320669293 ], [ 629151.72511707060039, 5220850.174942678771913 ] ] ] } },
{ "type": "Feature", "properties": { "label": "vineyard", "area_m2": 0.47132988112407581 }, "geometry": { "type": "Polygon", "coordinates": [ [ [ 629176.72511707060039, 5220849.974942678585649 ], [ 629176.770068321027793, 5220850.034963644109666 ], [ 629176.775114280753769, 5220850.149885719642043 ], [ 629176.974885719129816, 5220850.224885719828308 ], [ 629176.986097266315483, 5220849.954214587807655 ], [ 629177.122907991637476, 5220849.83771116938442 ], [ 629177.199885719339363, 5220849.824885719455779 ], [ 629177.214094996568747, 5220849.334936629980803 ], [ 629177.374892273684964, 5220849.174934207461774 ], [ 629177.449884791043587, 5220849.000095329247415 ], [ 629177.349949503899552, 5220848.950117403641343 ], [ 629177.252296730759554, 5220848.986850038170815 ], [ 629177.025057321996428, 5220848.975117069669068 ], [ 629176.850116275250912, 5220849.15007355902344 ], [ 629176.799999999930151, 5220849.252447512000799 ], [ 629176.800117070553824, 5220849.324942679144442 ], [ 629176.847798013943247, 5220849.395110202021897 ], [ 629176.848247600370087, 5220849.53215891122818 ], [ 629176.72511707060039, 5220849.725057321600616 ], [ 629176.72511707060039, 5220849.974942678585649 ] ] ] } },
{ "type": "Feature", "properties": { "label": "vineyard", "area_m2": 0.74372707942198923 }, "geometry": { "type": "Polygon", "coordinates": [ [ [ 629184.975114952540025, 5220848.974885046482086 ], [ 629185.122882095398381, 5220848.938147495500743 ], [ 629185.304017147514969, 5220848.96584450174123 ], [ 629185.365901141776703, 5220849.120405933819711 ], [ 629185.275117514072917, 5220849.249937187880278 ], [ 629185.54993718827609, 5220849.374882484786212 ], [ 629185.64988285000436, 5220849.199929783120751 ], [ 629185.64724362664856, 5220848.99285685736686 ], [ 629185.699898799764924, 5220848.949908277951181 ], [ 629185.799402567208745, 5220848.731242986395955 ], [ 629185.89992892369628, 5220848.674893628805876 ], [ 629185.999882849981077, 5220848.549929782748222 ], [ 629186.054937781300396, 5220848.33494308590889 ], [ 629186.174882486113347, 5220848.07493718713522 ], [ 629186.174884074134752, 5220847.950095137581229 ], [ 629185.975114952540025, 5220847.875114953145385 ], [ 629185.966799439978786, 5220847.967956223525107 ], [ 629185.875117514049634, 5220848.050062811002135 ], [ 629185.868056286941282, 5220848.125135501846671 ], [ 629185.780557023361325, 5220848.283146961592138 ], [ 629185.688716004602611, 5220848.296212140470743 ], [ 629185.549921979545616, 5220848.200116767548025 ], [ 629185.475114952540025, 5220848.200114953331649 ], [ 629185.466278326814063, 5220848.299866285175085 ], [ 629185.405197847285308, 5220848.374896503053606 ], [ 629185.286283994559199, 5220848.446212140843272 ], [ 629185.175062811817043, 5220848.450117515400052 ], [ 629185.050118194660172, 5220848.650048958137631 ], [ 629185.025118516641669, 5220848.725042404606938 ], [ 629185.038986618164927, 5220848.830030906945467 ], [ 629184.975116360234097, 5220848.900086298584938 ], [ 629184.975114952540025, 5220848.974885046482086 ] ] ] } },
{ "type": "Feature", "properties": { "label": "vineyard", "area_m2": 0.63012102318236907 }, "geometry": { "type": "Polygon", "coordinates": [ [ [ 629179.475117514026351, 5220849.449937188997865 ], [ 629179.625048957997933, 5220849.524881804361939 ], [ 629179.793426032993011, 5220849.520676888525486 ], [ 629179.875062811886892, 5220849.624882484786212 ], [ 629179.949883233290166, 5220849.574921979568899 ], [ 629179.961287472979166, 5220849.490324841812253 ], [ 629180.027437268523499, 5220849.439056344330311 ], [ 629180.124933437095024, 5220849.457929831929505 ], [ 629180.22504895797465, 5220849.524881804361939 ], [ 629180.324904862674884, 5220849.524884073063731 ], [ 629180.399881483637728, 5220849.324957595206797 ], [ 629180.399882486206479, 5220849.200062812305987 ], [ 629180.254937781370245, 5220848.990056914277375 ], [ 629180.234098858432844, 5220848.879594066180289 ], [ 629180.299883639905602, 5220848.799913701601326 ], [ 629180.29988180543296, 5220848.675048957578838 ], [ 629180.19992892362643, 5220848.550106370821595 ], [ 629180.099951042211615, 5220848.50011819601059 ], [ 629180.000114952563308, 5220848.500114953145385 ], [ 629179.998078528209589, 5220848.64450903236866 ], [ 629179.963439328595996, 5220848.702301044948399 ], [ 629179.750042403698899, 5220848.725118516944349 ], [ 629179.650117514072917, 5220848.775062812492251 ], [ 629179.650116360280663, 5220848.924913700670004 ], [ 629179.716799439978786, 5220848.982043776661158 ], [ 629179.720694033661857, 5220849.079028468579054 ], [ 629179.500115926028229, 5220849.250095138326287 ], [ 629179.475117514026351, 5220849.449937188997865 ] ] ] } },
{ "type": "Feature", "properties": { "label": "vineyard", "area_m2": 0.42473625207325394 }, "geometry": { "type": "Polygon", "coordinates": [ [ [ 629168.525117914192379, 5220849.74995990190655 ], [ 629168.550114280660637, 5220849.824885719455779 ], [ 629168.627447513048537, 5220849.850000000558794 ], [ 629168.674892274197191, 5220849.824934207834303 ], [ 629168.799882595078088, 5220849.624949505552649 ], [ 629168.835784999537282, 5220849.36630607303232 ], [ 629168.949882929446176, 5220849.249942678958178 ], [ 629168.954931681160815, 5220849.10996363684535 ], [ 629169.074882085900754, 5220848.799959901720285 ], [ 629169.074884791043587, 5220848.550095329061151 ], [ 629168.899949504993856, 5220848.475117404013872 ], [ 629168.750099068856798, 5220848.550100302323699 ], [ 629168.575117404921912, 5220848.900050493888557 ], [ 629168.575117070460692, 5220848.94994267821312 ], [ 629168.652264312724583, 5220849.027854043990374 ], [ 629168.671880962559953, 5220849.092377841472626 ], [ 629168.575117404921912, 5220849.300050494261086 ], [ 629168.525117914192379, 5220849.74995990190655 ] ] ] } },
{ "type": "Feature", "properties": { "label": "vineyard", "area_m2": 0.09472458942871527 }, "geometry": { "type": "Polygon", "coordinates": [ [ [ 629168.900000000023283, 5220848.497063056565821 ], [ 629169.049841622938402, 5220848.549841622821987 ], [ 629169.049842095817439, 5220848.500075418502092 ], [ 629169.000713230343536, 5220848.441351873800159 ], [ 629169.001758878468536, 5220848.237708703614771 ], [ 629169.212585802539252, 5220848.101452778093517 ], [ 629169.322035367717035, 5220848.111377124674618 ], [ 629169.396546435775235, 5220848.215207297354937 ], [ 629169.425077898427844, 5220848.324836515821517 ], [ 629169.549231871613301, 5220848.300593736581504 ], [ 629169.549841096973978, 5220848.225123829208314 ], [ 629169.40251839638222, 5220848.190828246064484 ], [ 629169.335701393079944, 5220848.04581038095057 ], [ 629169.383006441523321, 5220847.998489229008555 ], [ 629169.699876170256175, 5220847.924841096624732 ], [ 629169.849829980637878, 5220847.54993571806699 ], [ 629169.825593734625727, 5220847.500768125988543 ], [ 629169.574935716809705, 5220847.400170006789267 ], [ 629169.475045871688053, 5220847.40015890263021 ], [ 629169.198781300336123, 5220847.500751966610551 ], [ 629169.050144412671216, 5220847.600149770267308 ], [ 629169.000173584907316, 5220847.675075957551599 ], [ 629169.000170002458617, 5220847.799935724586248 ], [ 629169.021612637327053, 5220847.858014848083258 ], [ 629168.950046879588626, 5220848.02733965869993 ], [ 629169.031066558440216, 5220847.903133226558566 ], [ 629169.020629839389585, 5220847.657347493804991 ], [ 629169.22836917208042, 5220847.498898660764098 ], [ 629169.449967913678847, 5220847.416983972303569 ], [ 629169.597198594012298, 5220847.418922915123403 ], [ 629169.711964244022965, 5220847.516793858259916 ], [ 629169.774380164570175, 5220847.653698271140456 ], [ 629169.731585116125643, 5220847.829515926539898 ], [ 629169.615918054943904, 5220847.917837802320719 ], [ 629169.410503772669472, 5220847.972370711155236 ], [ 629169.061856452841312, 5220848.181540053337812 ], [ 629168.9500495250104, 5220848.197594019584358 ], [ 629168.996783824288286, 5220848.253023195080459 ], [ 629168.9967838980956, 5220848.417803612537682 ], [ 629168.969163874047808, 5220848.448277612216771 ], [ 629168.900158377480693, 5220848.450158376246691 ], [ 629168.900000000023283, 5220848.497063056565821 ] ] ] } },
{ "type": "Feature", "properties": { "label": "vineyard", "area_m2": 0.17873050239178809 }, "geometry": { "type": "Polygon", "coordinates": [ [ [ 629173.750000000116415, 5220847.972054241225123 ], [ 629173.824848285759799, 5220847.974840252660215 ], [ 629173.926959397387691, 5220847.782013582997024 ], [ 629174.047848878777586, 5220847.782275071367621 ], [ 629174.346059667295776, 5220848.391646169126034 ], [ 629174.350170696503483, 5220848.474913615733385 ], [ 629174.524876369046979, 5220848.549840393476188 ], [ 629174.549838356208056, 5220848.400150370784104 ], [ 629174.391596403555013, 5220848.353463591076434 ], [ 629174.151618630741723, 5220847.753730710595846 ], [ 629174.149831466376781, 5220847.57511505484581 ], [ 629174.049883192055859, 5220847.450158318504691 ], [ 629173.975086376187392, 5220847.450170682743192 ], [ 629173.925153262447566, 5220847.500104867853224 ], [ 629173.750000000116415, 5220847.972054241225123 ] ] ] } },
{ "type": "Feature", "properties": { "label": "vineyard", "area_m2": 0.84016918834967058 }, "geometry": { "type": "Polygon", "coordinates": [ [ [ 629179.875065115629695, 5220848.223870593123138 ], [ 629180.050143771804869, 5220848.499873995780945 ], [ 629180.200062732328661, 5220848.574829245917499 ], [ 629180.474836269742809, 5220848.399858109652996 ], [ 629180.477624156745151, 5220848.320571776479483 ], [ 629180.749841170851141, 5220847.649948109872639 ], [ 629180.753123853239231, 5220847.378705168142915 ], [ 629180.949835805920884, 5220847.175149553455412 ], [ 629180.625485531520098, 5220847.050096747465432 ], [ 629180.35013059398625, 5220847.075155634433031 ], [ 629180.150127912173048, 5220847.225144585594535 ], [ 629180.125161142670549, 5220847.324871146120131 ], [ 629180.265623033395968, 5220847.5847770832479 ], [ 629179.875673610717058, 5220848.149189099669456 ], [ 629179.875065115629695, 5220848.223870593123138 ] ] ] } },
{ "type": "Feature", "properties": { "label": "vineyard", "area_m2": 0.73958666786563032 }, "geometry": { "type": "Polygon", "coordinates": [ [ [ 629182.275115926051512, 5220848.975095137022436 ], [ 629182.325117514003068, 5220849.224937187507749 ], [ 629182.384604516322725, 5220849.283166589215398 ], [ 629182.400114952586591, 5220849.349885046482086 ], [ 629182.474937188322656, 5220849.349882484413683 ], [ 629182.53975954640191, 5220849.255755064077675 ], [ 629182.61400252499152, 5220849.237158166244626 ], [ 629182.76854274305515, 5220849.323889017105103 ], [ 629182.800114952493459, 5220849.424885046668351 ], [ 629182.874904862721451, 5220849.424884072504938 ], [ 629182.961590655962937, 5220849.24595324229449 ], [ 629183.024900698452257, 5220849.199900697916746 ], [ 629183.099882486159913, 5220849.074937188997865 ], [ 629183.111095164553262, 5220848.904218669049442 ], [ 629183.199885047622956, 5220848.849885046482086 ], [ 629183.27488285000436, 5220848.699929783120751 ], [ 629183.274882486206479, 5220848.525062812492251 ], [ 629183.160179953323677, 5220848.478834643028677 ], [ 629183.070755308144726, 5220848.374516376294196 ], [ 629183.02492892392911, 5220848.175106370821595 ], [ 629182.897545121144503, 5220848.125 ], [ 629182.727882328443229, 5220848.173212922178209 ], [ 629182.64991370216012, 5220848.100116360932589 ], [ 629182.575062811840326, 5220848.100117514841259 ], [ 629182.525117514072917, 5220848.150062812492251 ], [ 629182.550095137441531, 5220848.299884072504938 ], [ 629182.624094286933541, 5220848.324068589136004 ], [ 629182.658835446462035, 5220848.393896896392107 ], [ 629182.57511819456704, 5220848.550048957578838 ], [ 629182.572167108068243, 5220848.902635985054076 ], [ 629182.499461992760189, 5220848.975341090932488 ], [ 629182.397545121144503, 5220848.950000000186265 ], [ 629182.275115926051512, 5220848.975095137022436 ] ] ] } },
{ "type": "Feature", "properties": { "label": "vineyard", "area_m2": 0.48333662846865616 }, "geometry": { "type": "Polygon", "coordinates": [ [ [ 629177.525061544380151, 5220847.798797898925841 ], [ 629177.576030577532947, 5220847.975373439490795 ], [ 629177.675062734517269, 5220848.024829247035086 ], [ 629178.145694969571196, 5220848.097607447765768 ], [ 629178.175159026519395, 5220848.17484097275883 ], [ 629178.19984097359702, 5220848.17484097275883 ], [ 629178.19984097359702, 5220848.100159026682377 ], [ 629177.771244385745376, 5220848.030309643596411 ], [ 629177.741960580577143, 5220847.991478704847395 ], [ 629178.249848328297958, 5220846.799876761622727 ], [ 629178.249829228734598, 5220846.650062741711736 ], [ 629178.174871822469868, 5220846.525156961753964 ], [ 629178.050133044482209, 5220846.525155767798424 ], [ 629177.850151152582839, 5220846.725135448388755 ], [ 629177.750182034098543, 5220847.100080932490528 ], [ 629177.724720392841846, 5220847.370529672130942 ], [ 629177.600169917801395, 5220847.525136311538517 ], [ 629177.525061544380151, 5220847.798797898925841 ] ] ] } },
{ "type": "Feature", "properties": { "label": "vineyard", "area_m2": 0.30307029936534563 }, "geometry": { "type": "Polygon", "coordinates": [ [ [ 629177.325117150205187, 5220848.700070217251778 ], [ 629177.325117514003068, 5220848.949937188997865 ], [ 629177.449937188299373, 5220848.999882484786212 ], [ 629177.493132952833548, 5220848.889276754111052 ], [ 629177.549883639905602, 5220848.849913700483739 ], [ 629177.569263491546735, 5220848.75697291828692 ], [ 629177.724882486159913, 5220848.624937187880278 ], [ 629177.724881805595942, 5220848.425048957578838 ], [ 629177.678118153009564, 5220848.307593234814703 ], [ 629177.724882486159913, 5220848.224937187507749 ], [ 629177.724884074181318, 5220848.025095137767494 ], [ 629177.57495104172267, 5220847.950118195265532 ], [ 629177.350117514026351, 5220848.075062812305987 ], [ 629177.375000000116415, 5220848.215978140942752 ], [ 629177.350117514026351, 5220848.449937188066542 ], [ 629177.398437223164365, 5220848.540519969537854 ], [ 629177.325117150205187, 5220848.700070217251778 ] ] ] } },
{ "type": "Feature", "properties": { "label": "vineyard", "area_m2": 0.34125392601888438 }, "geometry": { "type": "Polygon", "coordinates": [ [ [ 629150.075000000069849, 5220847.997054241597652 ], [ 629150.099840973620303, 5220847.999840972945094 ], [ 629150.110925252200104, 5220847.897911159321666 ], [ 629150.277356558362953, 5220847.800895045511425 ], [ 629150.625834344886243, 5220847.84928422421217 ], [ 629150.699842563830316, 5220847.799881321378052 ], [ 629150.723938063718379, 5220847.584005751647055 ], [ 629150.949913610587828, 5220847.549829293042421 ], [ 629150.974829303682782, 5220847.425086383707821 ], [ 629150.574179554008879, 5220847.224809600040317 ], [ 629150.350159026565962, 5220847.150159027427435 ], [ 629150.366109769674949, 5220847.387970216572285 ], [ 629150.275159026612528, 5220847.425159026868641 ], [ 629150.270581131917424, 5220847.502023667097092 ], [ 629150.175165860448033, 5220847.625133923254907 ], [ 629150.172444325406104, 5220847.706993116997182 ], [ 629150.075159026542678, 5220847.900159028358757 ], [ 629150.075000000069849, 5220847.997054241597652 ] ] ] } },
{ "type": "Feature", "properties": { "label": "vineyard", "area_m2": 0.38415800092439462 }, "geometry": { "type": "Polygon", "coordinates": [ [ [ 629188.325114952516742, 5220848.275114953517914 ], [ 629188.325116766849533, 5220848.449921978637576 ], [ 629188.425623234244995, 5220848.572826957330108 ], [ 629188.375117150251754, 5220848.675070216879249 ], [ 629188.375117514049634, 5220848.749937187880278 ], [ 629188.475042403675616, 5220848.799881482496858 ], [ 629188.549885047599673, 5220848.799885046668351 ], [ 629188.582948970608413, 5220848.714888187125325 ], [ 629188.674882486113347, 5220848.649937187321484 ], [ 629188.70879968139343, 5220848.519202537834644 ], [ 629188.774882486206479, 5220848.449937188997865 ], [ 629188.796354478807189, 5220848.338235268369317 ], [ 629188.929988637566566, 5220848.256700719706714 ], [ 629189.024885047692806, 5220848.249885046854615 ], [ 629189.024885047692806, 5220848.000114953145385 ], [ 629188.942441596183926, 5220847.983998142182827 ], [ 629188.897639111848548, 5220847.91365004889667 ], [ 629188.924885047599673, 5220847.650114953517914 ], [ 629188.850062811863609, 5220847.650117515586317 ], [ 629188.750071076559834, 5220847.725106370635331 ], [ 629188.700117514003068, 5220847.775062812492251 ], [ 629188.678645521402359, 5220847.886764731258154 ], [ 629188.575117514003068, 5220847.950062812305987 ], [ 629188.535428955568932, 5220848.263293316587806 ], [ 629188.466240608715452, 5220848.296016966924071 ], [ 629188.325114952516742, 5220848.275114953517914 ] ] ] } },
{ "type": "Feature", "properties": { "label": "vineyard", "area_m2": 0.60476302026814122 }, "geometry": { "type": "Polygon", "coordinates": [ [ [ 629163.425114952493459, 5220848.799885046668351 ], [ 629163.599929783376865, 5220848.84988284856081 ], [ 629163.649864498991519, 5220848.806943712756038 ], [ 629163.724921979592182, 5220848.799883232451975 ], [ 629164.074893628014252, 5220848.549928924068809 ], [ 629164.127204722375609, 5220848.220095523633063 ], [ 629164.199881483567879, 5220847.999957595020533 ], [ 629164.178118153125979, 5220847.857593231834471 ], [ 629164.199884074158035, 5220847.700095137581229 ], [ 629163.87745487911161, 5220847.575000000186265 ], [ 629163.700071076396853, 5220847.650106371380389 ], [ 629163.625117514049634, 5220847.725062810815871 ], [ 629163.697475329507142, 5220848.254059821367264 ], [ 629163.665713576599956, 5220848.313481890596449 ], [ 629163.525097288191319, 5220848.400107341818511 ], [ 629163.450117514003068, 5220848.525062812492251 ], [ 629163.425114952493459, 5220848.799885046668351 ] ] ] } },
{ "type": "Feature", "properties": { "label": "vineyard", "area_m2": 0.46550692123061493 }, "geometry": { "type": "Polygon", "coordinates": [ [ [ 629166.350117150228471, 5220847.200070217251778 ], [ 629166.400115926051512, 5220847.374904862605035 ], [ 629166.550048957928084, 5220847.449881804175675 ], [ 629166.722139673889615, 5220847.461807873100042 ], [ 629166.775114952586591, 5220847.57488504704088 ], [ 629166.799885047599673, 5220847.57488504704088 ], [ 629166.85286032629665, 5220847.461807873100042 ], [ 629166.999929783632979, 5220847.449882849119604 ], [ 629167.074884541332722, 5220847.399895354174078 ], [ 629167.07892593590077, 5220847.258732908405364 ], [ 629167.124882849981077, 5220847.199929783120751 ], [ 629167.124881483614445, 5220847.100042404606938 ], [ 629167.066098594572395, 5220846.945093233138323 ], [ 629167.149884074227884, 5220846.6750951372087 ], [ 629166.952454879065044, 5220846.625 ], [ 629166.800078020198271, 5220846.675116767175496 ], [ 629166.675117513979785, 5220846.775062812492251 ], [ 629166.667140729841776, 5220846.936799194663763 ], [ 629166.500099302036688, 5220847.000099301338196 ], [ 629166.350117150228471, 5220847.200070217251778 ] ] ] } },
{ "type": "Feature", "properties": { "label": "vineyard", "area_m2": 0.48948178180387431 }, "geometry": { "type": "Polygon", "coordinates": [ [ [ 629166.050118194543757, 5220848.399951042607427 ], [ 629166.100099302013405, 5220848.499900698661804 ], [ 629166.175062811817043, 5220848.549882484599948 ], [ 629166.350042403675616, 5220848.599881482310593 ], [ 629166.474937188322656, 5220848.599882484413683 ], [ 629166.574881805572659, 5220848.449951042421162 ], [ 629166.643008014769293, 5220848.258252129890025 ], [ 629166.721565926680341, 5220848.185403374955058 ], [ 629166.799885047599673, 5220848.174885046668351 ], [ 629166.837713523767889, 5220848.022906892001629 ], [ 629166.899883639998734, 5220847.974913700483739 ], [ 629166.874885047669522, 5220847.600114952772856 ], [ 629166.697545121074654, 5220847.525000000372529 ], [ 629166.400062811910175, 5220847.550117515027523 ], [ 629166.325071076513268, 5220847.600106370635331 ], [ 629166.300117513979785, 5220847.625062812119722 ], [ 629166.275114952586591, 5220847.924885046668351 ], [ 629166.524289815220982, 5220847.94946901127696 ], [ 629166.570886196917854, 5220848.008090440183878 ], [ 629166.57006221881602, 5220848.090056913904846 ], [ 629166.511480828514323, 5220848.160135519690812 ], [ 629166.400070216855966, 5220848.175117150880396 ], [ 629166.350135501241311, 5220848.218056286685169 ], [ 629166.100062811863609, 5220848.250117515213788 ], [ 629166.050118194543757, 5220848.399951042607427 ] ] ] } },
{ "type": "Feature", "properties": { "label": "vineyard", "area_m2": 0.53735488012302213 }, "geometry": { "type": "Polygon", "coordinates": [ [ [ 629171.099999999976717, 5220848.247063060291111 ], [ 629171.249882340547629, 5220848.24984416551888 ], [ 629171.336047394201159, 5220848.174530068412423 ], [ 629171.711708945338614, 5220848.154652432538569 ], [ 629171.7501599653624, 5220848.224858358502388 ], [ 629171.875101369223557, 5220848.299837243743241 ], [ 629171.999858108349144, 5220848.2748600570485 ], [ 629172.324619972263463, 5220847.750474793836474 ], [ 629172.59984322974924, 5220847.025144583545625 ], [ 629172.473844813881442, 5220846.975063296966255 ], [ 629172.175161620834842, 5220847.000159277580678 ], [ 629172.150571808568202, 5220847.294195670634508 ], [ 629172.100064305355772, 5220847.376134612597525 ], [ 629172.121356410789303, 5220847.525856411084533 ], [ 629171.975891771842726, 5220847.922982486896217 ], [ 629171.747027268516831, 5220848.148261584341526 ], [ 629171.359491577139124, 5220848.169998645782471 ], [ 629171.326630778377876, 5220848.141684737056494 ], [ 629171.325693223858252, 5220848.052578278817236 ], [ 629171.474560790113173, 5220847.601048813201487 ], [ 629171.546827572281472, 5220847.153120703995228 ], [ 629171.649842891842127, 5220847.074908344075084 ], [ 629171.649841622798704, 5220847.000158376991749 ], [ 629171.575149704236537, 5220847.000160986557603 ], [ 629171.476832516374998, 5220847.475546028465033 ], [ 629171.400075417361222, 5220847.500157901085913 ], [ 629171.350548736634664, 5220847.57418776024133 ], [ 629171.099999999976717, 5220848.247063060291111 ] ] ] } },
{ "type": "Feature", "properties": { "label": "vineyard", "area_m2": 0.41786633390691436 }, "geometry": { "type": "Polygon", "coordinates": [ [ [ 629169.375000000116415, 5220847.272054241970181 ], [ 629169.453975424985401, 5220847.304054755717516 ], [ 629169.57513850403484, 5220847.424831894226372 ], [ 629169.849840973620303, 5220847.524840973317623 ], [ 629169.736933170002885, 5220847.292079619131982 ], [ 629169.850055213901214, 5220847.100045185536146 ], [ 629170.099831380764954, 5220846.849871794693172 ], [ 629170.074835037346929, 5220846.600082467310131 ], [ 629169.999864024226554, 5220846.500130038708448 ], [ 629169.774937959737144, 5220846.400178165175021 ], [ 629169.600159026565962, 5220846.400159027427435 ], [ 629169.646919366088696, 5220846.645901960320771 ], [ 629169.600170083693229, 5220846.750076592899859 ], [ 629169.599167412729003, 5220846.893001331016421 ], [ 629169.478432073141448, 5220847.069976220838726 ], [ 629169.400161136407405, 5220847.125086156651378 ], [ 629169.375000000116415, 5220847.272054241970181 ] ] ] } },
{ "type": "Feature", "properties": { "label": "vineyard", "area_m2": 0.94123643707042959 }, "geometry": { "type": "Polygon", "coordinates": [ [ [ 629150.300117070437409, 5220847.04994267784059 ], [ 629150.350115209002979, 5220847.149904671125114 ], [ 629150.974885719129816, 5220847.424885720014572 ], [ 629151.099882594891824, 5220847.22494950518012 ], [ 629151.053928475594148, 5220847.141273598186672 ], [ 629151.050439063808881, 5220847.027119445614517 ], [ 629151.099883437622339, 5220846.949932302348316 ], [ 629151.100552020128816, 5220846.780487178824842 ], [ 629151.149882085854188, 5220846.574959902092814 ], [ 629151.152201986056753, 5220846.245110201649368 ], [ 629151.349882929353043, 5220846.04994267784059 ], [ 629151.349884790950455, 5220845.875095329247415 ], [ 629151.074949505040422, 5220845.750117404386401 ], [ 629151.000095329829492, 5220845.750115209259093 ], [ 629150.945710678119212, 5220845.920710677281022 ], [ 629150.800114280660637, 5220845.950114279985428 ], [ 629150.787288834573701, 5220846.027092000469565 ], [ 629150.675117070553824, 5220846.125057321041822 ], [ 629150.66093375114724, 5220846.229668789543211 ], [ 629150.575117070460692, 5220846.30005732178688 ], [ 629150.525116562377661, 5220846.4000676991418 ], [ 629150.395068318583071, 5220846.890036364085972 ], [ 629150.300117070437409, 5220847.04994267784059 ] ] ] } },
{ "type": "Feature", "properties": { "label": "vineyard", "area_m2": 0.2519251520157389 }, "geometry": { "type": "Polygon", "coordinates": [ [ [ 629185.800159026519395, 5220847.07515902724117 ], [ 629185.800159026519395, 5220847.199840973131359 ], [ 629185.904374515172094, 5220847.214026213623583 ], [ 629185.997978968080133, 5220847.422035657800734 ], [ 629185.975170704303309, 5220847.874913609586656 ], [ 629186.125062045524828, 5220847.949821823276579 ], [ 629186.199856553808786, 5220847.949841367080808 ], [ 629186.275081935804337, 5220847.800049433484674 ], [ 629186.399829303729348, 5220847.649913617409766 ], [ 629186.406330354860984, 5220847.476454654708505 ], [ 629186.599950685165823, 5220847.347606627270579 ], [ 629186.453747987747192, 5220847.386388040147722 ], [ 629186.378154558711685, 5220847.455396182835102 ], [ 629186.151145675336011, 5220847.393006682395935 ], [ 629186.122490001376718, 5220847.350397104397416 ], [ 629186.176680110045709, 5220847.216210408136249 ], [ 629186.296003934810869, 5220847.056377092376351 ], [ 629186.480096477200277, 5220846.998830758035183 ], [ 629186.599841671530157, 5220847.05008090287447 ], [ 629186.400768820778467, 5220846.950468696653843 ], [ 629186.350096112117171, 5220846.950157581828535 ], [ 629186.175168123445474, 5220847.125138517469168 ], [ 629186.171826979494654, 5220847.214395029470325 ], [ 629186.110750786028802, 5220847.288161538541317 ], [ 629185.913829761906527, 5220847.20205947291106 ], [ 629185.874913610634394, 5220847.075170706957579 ], [ 629185.800159026519395, 5220847.07515902724117 ] ] ] } },
{ "type": "Feature", "properties": { "label": "vineyard", "area_m2": 0.55690563822531758 }, "geometry": { "type": "Polygon", "coordinates": [ [ [ 629182.703122037579305, 5220847.925658949650824 ], [ 629182.828641551313922, 5220847.988230214454234 ], [ 629182.850115208886564, 5220848.124904670752585 ], [ 629183.04990467056632, 5220848.199884790927172 ], [ 629183.138230214477517, 5220848.046358448453248 ], [ 629183.29988571931608, 5220848.024885719642043 ], [ 629183.327580356970429, 5220847.90604062564671 ], [ 629183.524892273708247, 5220847.799934208393097 ], [ 629183.550000000046566, 5220847.627447512000799 ], [ 629183.524885719292797, 5220847.550114280544221 ], [ 629183.44081368285697, 5220847.519123845733702 ], [ 629183.401752399979159, 5220847.457158913835883 ], [ 629183.424882929422893, 5220847.225057321600616 ], [ 629183.274942678050138, 5220847.050117069855332 ], [ 629183.175095329410397, 5220847.050115209072828 ], [ 629183.027092005359009, 5220847.262288832105696 ], [ 629182.850114280707203, 5220847.275114280171692 ], [ 629182.85011707060039, 5220847.424942678771913 ], [ 629182.886850040988065, 5220847.497703325934708 ], [ 629182.872928793774918, 5220847.748547255061567 ], [ 629182.827386812423356, 5220847.81347993761301 ], [ 629182.70011428068392, 5220847.850114280357957 ], [ 629182.703122037579305, 5220847.925658949650824 ] ] ] } },
{ "type": "Feature", "properties": { "label": "vineyard", "area_m2": 0.82928737813803766 }, "geometry": { "type": "Polygon", "coordinates": [ [ [ 629147.750117514049634, 5220846.749937187880278 ], [ 629148.050048957928084, 5220846.899881804361939 ], [ 629148.168426032993011, 5220846.895676888525486 ], [ 629148.225104645593092, 5220846.974884539842606 ], [ 629148.374885047669522, 5220846.94988504704088 ], [ 629148.409806699492037, 5220846.874172342941165 ], [ 629148.499904862721451, 5220846.849884072318673 ], [ 629148.599882486159913, 5220846.649937189184129 ], [ 629148.600552708026953, 5220846.380478802137077 ], [ 629148.649881483637728, 5220846.224957594648004 ], [ 629148.649117561522871, 5220846.073376814834774 ], [ 629148.824884074158035, 5220845.924904862418771 ], [ 629148.82488248613663, 5220845.750062812119722 ], [ 629148.749951041769236, 5220845.700118195265532 ], [ 629148.675114952493459, 5220845.700114953331649 ], [ 629148.583029951783828, 5220845.901090740226209 ], [ 629148.524946791469119, 5220845.935360593721271 ], [ 629148.459271992789581, 5220845.929852618835866 ], [ 629148.400459905271418, 5220845.848101926967502 ], [ 629148.424882486113347, 5220845.575062812305987 ], [ 629148.349951041745953, 5220845.525118195451796 ], [ 629148.250078020617366, 5220845.525116767734289 ], [ 629148.150117514072917, 5220845.625062812119722 ], [ 629148.161485430435278, 5220845.85922415368259 ], [ 629148.083682609139942, 5220845.939221888780594 ], [ 629148.000114952563308, 5220845.950114953331649 ], [ 629147.981867047143169, 5220846.035723246634007 ], [ 629147.850118194590323, 5220846.175048957578838 ], [ 629147.850117150344886, 5220846.22492978349328 ], [ 629147.903480494976975, 5220846.290604834444821 ], [ 629147.897795277880505, 5220846.379904475994408 ], [ 629147.775115926051512, 5220846.525095138698816 ], [ 629147.750117514049634, 5220846.749937187880278 ] ], [ [ 629148.173885319149122, 5220846.301300765946507 ], [ 629148.25498863752, 5220846.231700719334185 ], [ 629148.363280730554834, 5220846.226432050578296 ], [ 629148.423721818602644, 5220846.287150522693992 ], [ 629148.419154407340102, 5220846.383688982576132 ], [ 629148.367755515617318, 5220846.44039892591536 ], [ 629148.214010495110415, 5220846.477321138605475 ], [ 629148.152002096292563, 5220846.403931928798556 ], [ 629148.173885319149122, 5220846.301300765946507 ] ] ] } },
{ "type": "Feature", "properties": { "label": "vineyard", "area_m2": 0.23349087199745683 }, "geometry": { "type": "Polygon", "coordinates": [ [ [ 629174.050000000046566, 5220847.322054241783917 ], [ 629174.124863378703594, 5220847.324842657893896 ], [ 629174.224832436651923, 5220847.199865127913654 ], [ 629174.229986932245083, 5220846.995610347017646 ], [ 629174.570954590686597, 5220846.530001500621438 ], [ 629174.639521473320201, 5220846.482044491916895 ], [ 629175.271518422756344, 5220846.597063926979899 ], [ 629175.30294577148743, 5220846.674999999813735 ], [ 629175.374881306081079, 5220846.674830913543701 ], [ 629175.474138631485403, 5220846.575681128539145 ], [ 629175.474840396083891, 5220846.500123631209135 ], [ 629175.350145254400559, 5220846.475157430395484 ], [ 629175.275452403817326, 5220846.594438062980771 ], [ 629174.674776701023802, 5220846.476619010791183 ], [ 629174.599837267538533, 5220846.150089412927628 ], [ 629174.525086384848692, 5220846.100170697085559 ], [ 629174.050528586027212, 5220847.199022979475558 ], [ 629174.050000000046566, 5220847.322054241783917 ] ] ] } },
{ "type": "Feature", "properties": { "label": "vineyard", "area_m2": 0.36929024883631112 }, "geometry": { "type": "Polygon", "coordinates": [ [ [ 629188.850114952540025, 5220847.07488504704088 ], [ 629188.941833409597166, 5220847.090395483188331 ], [ 629189.00009513751138, 5220847.174884072504938 ], [ 629189.181787245557643, 5220847.125423258170485 ], [ 629189.290595040773042, 5220847.142541069537401 ], [ 629189.332618733402342, 5220847.208306991495192 ], [ 629189.300117150181904, 5220847.399929783307016 ], [ 629189.343056286917999, 5220847.449864498339593 ], [ 629189.350114952540025, 5220847.524885047227144 ], [ 629189.449885047622956, 5220847.524885047227144 ], [ 629189.440844502416439, 5220847.245982852764428 ], [ 629189.576116718002595, 5220847.135995052754879 ], [ 629189.699885047622956, 5220847.124885046854615 ], [ 629189.699882849934511, 5220847.050070216879249 ], [ 629189.650438778451644, 5220846.972879804670811 ], [ 629189.66600185923744, 5220846.867441594600677 ], [ 629189.726957040722482, 5220846.82439421210438 ], [ 629189.874937188345939, 5220846.824882484972477 ], [ 629189.974884074181318, 5220846.724904861301184 ], [ 629189.94988248613663, 5220846.450062812305987 ], [ 629189.850114952540025, 5220846.42511495295912 ], [ 629189.81627832679078, 5220846.62486628536135 ], [ 629189.771996580529958, 5220846.697666032239795 ], [ 629189.700114952516742, 5220846.725114952772856 ], [ 629189.692387953400612, 5220846.813268343918025 ], [ 629189.647139673819765, 5220846.863192127086222 ], [ 629189.417844794690609, 5220846.873248737305403 ], [ 629189.299951042165048, 5220846.800118195824325 ], [ 629189.174957596464083, 5220846.775118517689407 ], [ 629188.950062811840326, 5220846.800117515027523 ], [ 629188.900117514072917, 5220846.850062812678516 ], [ 629188.850114952540025, 5220847.07488504704088 ] ] ] } },
{ "type": "Feature", "properties": { "label": "vineyard", "area_m2": 0.44385118620917152 }, "geometry": { "type": "Polygon", "coordinates": [ [ [ 629147.600114280823618, 5220847.850114280357957 ], [ 629147.600114280707203, 5220847.924885720014572 ], [ 629147.679028467740864, 5220847.929305966943502 ], [ 629147.733146961196326, 5220847.969442976638675 ], [ 629147.750114280846901, 5220848.099885719828308 ], [ 629147.810721614863724, 5220848.118129625916481 ], [ 629147.850087057799101, 5220848.174884386360645 ], [ 629147.92488571931608, 5220848.174885720014572 ], [ 629147.951752400025725, 5220847.917841086164117 ], [ 629147.999883437645622, 5220847.8499323008582 ], [ 629148.007150755729526, 5220847.737864870578051 ], [ 629148.099885719129816, 5220847.674885720014572 ], [ 629148.104931681416929, 5220847.384963636286557 ], [ 629148.224883724586107, 5220847.199926442466676 ], [ 629148.249882085830905, 5220847.074959902092814 ], [ 629148.224942677887157, 5220846.950117069296539 ], [ 629148.124855431960896, 5220846.943051818758249 ], [ 629148.049934207112528, 5220846.875107725150883 ], [ 629147.774949504761025, 5220846.750117404386401 ], [ 629147.725095329689793, 5220846.750115209259093 ], [ 629147.675117404898629, 5220846.850050495006144 ], [ 629147.650117914308794, 5220847.074959902092814 ], [ 629147.675114280660637, 5220847.249885719269514 ], [ 629147.853927246993408, 5220847.252001522108912 ], [ 629147.92731305945199, 5220847.313994374126196 ], [ 629147.92852294864133, 5220847.382698511704803 ], [ 629147.850117404945195, 5220847.525050493888557 ], [ 629147.882613507448696, 5220847.691712877713144 ], [ 629147.83205278031528, 5220847.762708905152977 ], [ 629147.72508705756627, 5220847.775115613825619 ], [ 629147.677092007361352, 5220847.837288831360638 ], [ 629147.600114280823618, 5220847.850114280357957 ] ] ] } },
{ "type": "Feature", "properties": { "label": "vineyard", "area_m2": 0.5986840753091387 }, "geometry": { "type": "Polygon", "coordinates": [ [ [ 629163.775114280870184, 5220847.150114280171692 ], [ 629163.800117070553824, 5220847.399942679330707 ], [ 629163.927248467574827, 5220847.484590718522668 ], [ 629163.925115208956413, 5220847.599904671311378 ], [ 629164.150050495169125, 5220847.699882595799863 ], [ 629164.224904670380056, 5220847.699884790927172 ], [ 629164.299883724772371, 5220847.59992644097656 ], [ 629164.34300653426908, 5220847.458253727294505 ], [ 629164.400159507640637, 5220847.408710967749357 ], [ 629164.474885719246231, 5220847.399885719642043 ], [ 629164.512711169547401, 5220847.24790799152106 ], [ 629164.574884385918267, 5220847.199912942945957 ], [ 629164.575552020105533, 5220847.030487178824842 ], [ 629164.625, 5220846.872552487067878 ], [ 629164.599903738009743, 5220846.625115163624287 ], [ 629164.475067698513158, 5220846.625116562470794 ], [ 629164.361525683663785, 5220846.675299174152315 ], [ 629164.282057826290838, 5220846.637147547677159 ], [ 629164.224942678003572, 5220846.550117069855332 ], [ 629164.025057322112843, 5220846.575117069296539 ], [ 629164.000117070623673, 5220846.600057320669293 ], [ 629164.000114280846901, 5220846.849885719828308 ], [ 629164.088902733637951, 5220846.90421458799392 ], [ 629164.106922749197111, 5220847.060720113106072 ], [ 629164.043203989393078, 5220847.120492726564407 ], [ 629163.775114280870184, 5220847.150114280171692 ] ] ] } },
{ "type": "Feature", "properties": { "label": "vineyard", "area_m2": 0.52885483839097602 }, "geometry": { "type": "Polygon", "coordinates": [ [ [ 629171.775000000139698, 5220846.572054241783917 ], [ 629171.999838356277905, 5220846.549849629402161 ], [ 629171.977926794672385, 5220846.242835690267384 ], [ 629172.048497625510208, 5220846.065158274956048 ], [ 629172.124849630985409, 5220846.049838354811072 ], [ 629172.181328193051741, 5220845.861505310982466 ], [ 629172.564343463513069, 5220845.878890515305102 ], [ 629172.666320832911879, 5220846.101791626773775 ], [ 629172.575168995419517, 5220846.225135680288076 ], [ 629172.569955957005732, 5220846.388622437603772 ], [ 629172.425169952097349, 5220846.550101595930755 ], [ 629172.425024087191559, 5220846.97303544357419 ], [ 629172.525062734610401, 5220847.024829247035086 ], [ 629172.599913615384139, 5220847.024829302914441 ], [ 629172.900067563052289, 5220846.324393811635673 ], [ 629172.927924767951481, 5220846.051217806525528 ], [ 629173.049858053680509, 5220845.924850337207317 ], [ 629173.074840400950052, 5220845.825123626738787 ], [ 629172.776964572258294, 5220845.700024086982012 ], [ 629172.575158643885516, 5220845.800143460743129 ], [ 629172.543955274508335, 5220845.868951740674675 ], [ 629172.200755875092, 5220845.847344955429435 ], [ 629172.175000000046566, 5220845.809967088513076 ], [ 629172.199933229479939, 5220845.501095715910196 ], [ 629172.175123631139286, 5220845.500159606337547 ], [ 629172.050063974224031, 5220845.801152638159692 ], [ 629172.135831823688932, 5220845.931782214902341 ], [ 629171.875160763855092, 5220846.250091332010925 ], [ 629171.775178164243698, 5220846.500062041915953 ], [ 629171.775000000139698, 5220846.572054241783917 ] ] ] } },
{ "type": "Feature", "properties": { "label": "vineyard", "area_m2": 0.14207250709660757 }, "geometry": { "type": "Polygon", "coordinates": [ [ [ 629189.700000000069849, 5220845.722054241225123 ], [ 629189.835043531027623, 5220845.731538741849363 ], [ 629190.310119567322545, 5220846.04294291138649 ], [ 629190.325159026542678, 5220846.149840973317623 ], [ 629190.424840973573737, 5220846.149840973317623 ], [ 629190.424840973573737, 5220846.050159026868641 ], [ 629190.315710466355085, 5220846.03248047363013 ], [ 629190.039271944086067, 5220845.526158408261836 ], [ 629190.049840973573737, 5220845.400159027427435 ], [ 629189.94931885052938, 5220845.400861476548016 ], [ 629189.920412466977723, 5220845.502061137929559 ], [ 629189.825824903324246, 5220845.618107830174267 ], [ 629189.700159026542678, 5220845.625159027054906 ], [ 629189.700000000069849, 5220845.722054241225123 ] ] ] } },
{ "type": "Feature", "properties": { "label": "vineyard", "area_m2": 0.76233508764965729 }, "geometry": { "type": "Polygon", "coordinates": [ [ [ 629186.0, 5220846.722063056193292 ], [ 629186.079151287558489, 5220846.727102519012988 ], [ 629186.330184704624116, 5220846.843455906026065 ], [ 629186.350158898392692, 5220846.949876175262034 ], [ 629186.599881100701168, 5220847.049831597134471 ], [ 629186.849206971353851, 5220846.775843980722129 ], [ 629186.949508784338832, 5220846.550784504972398 ], [ 629187.029312006896362, 5220846.00232848059386 ], [ 629187.244318534620106, 5220845.807524268515408 ], [ 629187.324841622961685, 5220845.799841622821987 ], [ 629187.32484162284527, 5220845.725158377550542 ], [ 629187.250158377224579, 5220845.725158377550542 ], [ 629187.239273940678686, 5220845.806864578276873 ], [ 629187.030681465286762, 5220845.99247573222965 ], [ 629186.950151059078053, 5220846.000159096904099 ], [ 629186.856473683379591, 5220846.139074978418648 ], [ 629186.636784557485953, 5220846.049072676338255 ], [ 629186.574843409587629, 5220845.75007632933557 ], [ 629186.475075417663902, 5220845.725157899782062 ], [ 629186.000580758438446, 5220846.649129863828421 ], [ 629186.0, 5220846.722063056193292 ] ] ] } },
{ "type": "Feature", "properties": { "label": "vineyard", "area_m2": 0.47636760514135212 }, "geometry": { "type": "Polygon", "coordinates": [ [ [ 629180.475114952540025, 5220846.69988504704088 ], [ 629180.56822108803317, 5220846.704511879011989 ], [ 629180.627897203783505, 5220846.755143291316926 ], [ 629180.625117514049634, 5220847.049937187694013 ], [ 629180.650071076583117, 5220847.074893629178405 ], [ 629180.875048958463594, 5220847.174881804734468 ], [ 629181.024885047692806, 5220847.19988504704088 ], [ 629181.050000000046566, 5220847.122545138001442 ], [ 629181.037813379429281, 5220846.458710450679064 ], [ 629181.079760058317333, 5220846.39264037553221 ], [ 629181.149885047692806, 5220846.374885046854615 ], [ 629181.157149392063729, 5220846.21286828070879 ], [ 629181.249885047669522, 5220846.149885047227144 ], [ 629181.224885047646239, 5220846.000114953145385 ], [ 629181.100095137720928, 5220846.000115927308798 ], [ 629181.025115926051512, 5220846.075095138512552 ], [ 629181.008146961336024, 5220846.180557023733854 ], [ 629180.954028467880562, 5220846.220694033429027 ], [ 629180.625114952563308, 5220846.200114953331649 ], [ 629180.635054106707685, 5220846.476107620634139 ], [ 629180.586689460324124, 5220846.537635172717273 ], [ 629180.500114952563308, 5220846.55011495295912 ], [ 629180.475114952540025, 5220846.69988504704088 ] ] ] } },
{ "type": "Feature", "properties": { "label": "vineyard", "area_m2": 0.17688912345132946 }, "geometry": { "type": "Polygon", "coordinates": [ [ [ 629174.625000000116415, 5220845.947054241783917 ], [ 629174.699881283566356, 5220845.949830882251263 ], [ 629174.791875562048517, 5220845.882432118058205 ], [ 629175.331779067986645, 5220846.09609458502382 ], [ 629175.350161643931642, 5220846.474849629215896 ], [ 629175.497054237639531, 5220846.5 ], [ 629175.775000000139698, 5220845.927945758216083 ], [ 629175.600086389575154, 5220845.900170707143843 ], [ 629175.336108190240338, 5220846.093808767385781 ], [ 629174.796660596504807, 5220845.880903346464038 ], [ 629174.749913451261818, 5220845.775154025293887 ], [ 629174.652945771580562, 5220845.75 ], [ 629174.625000000116415, 5220845.947054241783917 ] ] ] } },
{ "type": "Feature", "properties": { "label": "vineyard", "area_m2": 0.24194966015864697 }, "geometry": { "type": "Polygon", "coordinates": [ [ [ 629178.225807538954541, 5220846.149838991463184 ], [ 629178.25009513751138, 5220846.299884072504938 ], [ 629178.345710678258911, 5220846.329289321787655 ], [ 629178.375114952563308, 5220846.424885046668351 ], [ 629178.499900698196143, 5220846.399900699034333 ], [ 629178.699881805572659, 5220845.874951042234898 ], [ 629178.69988248613663, 5220845.800062811002135 ], [ 629178.624402567162178, 5220845.743757014162838 ], [ 629178.54993718827609, 5220845.625117515213788 ], [ 629178.475086298072711, 5220845.625116361305118 ], [ 629178.406317188870162, 5220845.695994077250361 ], [ 629178.300114952493459, 5220845.700114953331649 ], [ 629178.297928402433172, 5220846.073546036146581 ], [ 629178.225807538954541, 5220846.149838991463184 ] ] ] } },
{ "type": "Feature", "properties": { "label": "vineyard", "area_m2": 0.43452584288680751 }, "geometry": { "type": "Polygon", "coordinates": [ [ [ 629183.200116360210814, 5220846.549913700670004 ], [ 629183.274480752646923, 5220846.636525691486895 ], [ 629183.225114952540025, 5220846.849885046482086 ], [ 629183.340265771839768, 5220846.857084437273443 ], [ 629183.400086298119277, 5220846.924883638508618 ], [ 629183.549884074134752, 5220846.899904862977564 ], [ 629183.528925935854204, 5220846.608732908032835 ], [ 629183.649882486206479, 5220846.499937187880278 ], [ 629183.69988248613663, 5220846.399937189184129 ], [ 629183.702204722329043, 5220846.170095523819327 ], [ 629183.760778112104163, 5220845.966317390091717 ], [ 629183.82488248613663, 5220845.899937189184129 ], [ 629183.849884074181318, 5220845.650095137767494 ], [ 629183.799951042165048, 5220845.62511819601059 ], [ 629183.682593232369982, 5220845.64688184671104 ], [ 629183.400114952586591, 5220845.625114953145385 ], [ 629183.400117150275037, 5220845.699929783120751 ], [ 629183.450104645569809, 5220845.774884540587664 ], [ 629183.537477519363165, 5220845.812994278036058 ], [ 629183.556315855472349, 5220845.898105809465051 ], [ 629183.499516374780796, 5220845.979244693182409 ], [ 629183.425114952493459, 5220846.000114953145385 ], [ 629183.389221888035536, 5220846.208682609722018 ], [ 629183.200116766849533, 5220846.425078021362424 ], [ 629183.200116360210814, 5220846.549913700670004 ] ] ] } },
{ "type": "Feature", "properties": { "label": "vineyard", "area_m2": 0.64162950485831305 }, "geometry": { "type": "Polygon", "coordinates": [ [ [ 629166.80011592595838, 5220846.1750951372087 ], [ 629166.800117513979785, 5220846.274937189184129 ], [ 629166.927525846636854, 5220846.351723328232765 ], [ 629166.994574832962826, 5220846.432753022760153 ], [ 629166.975115926004946, 5220846.624904862605035 ], [ 629167.174904862651601, 5220846.699884072877467 ], [ 629167.245982852648012, 5220846.565844501368701 ], [ 629167.44992892362643, 5220846.524893629364669 ], [ 629167.549881483544596, 5220846.324957595206797 ], [ 629167.550552707980387, 5220846.130478802137077 ], [ 629167.599881805595942, 5220846.024951042607427 ], [ 629167.604937781346962, 5220845.859943086281419 ], [ 629167.699881483567879, 5220845.699957595206797 ], [ 629167.674893628107384, 5220845.47507107630372 ], [ 629167.524957596557215, 5220845.425118517130613 ], [ 629167.350062811863609, 5220845.450117515400052 ], [ 629167.225117514026351, 5220845.625062812119722 ], [ 629167.206269796588458, 5220845.722523382864892 ], [ 629167.025117514072917, 5220845.850062812678516 ], [ 629167.004244692041539, 5220846.049516376107931 ], [ 629166.80011592595838, 5220846.1750951372087 ] ] ] } },
{ "type": "Feature", "properties": { "label": "vineyard", "area_m2": 0.55305326557985679 }, "geometry": { "type": "Polygon", "coordinates": [ [ [ 629150.800159026519395, 5220845.474840972572565 ], [ 629151.032234748476185, 5220845.481726224534214 ], [ 629151.050000000046566, 5220845.62673453707248 ], [ 629151.025159599259496, 5220845.749876373447478 ], [ 629151.226394862052985, 5220845.850330472923815 ], [ 629151.374854750698432, 5220845.874842572025955 ], [ 629151.424936051946133, 5220845.748846830800176 ], [ 629151.408615945605561, 5220845.517370610497892 ], [ 629151.545493441051804, 5220845.402857885695994 ], [ 629151.624915169319138, 5220845.374844960868359 ], [ 629151.774842517683282, 5220845.199875771999359 ], [ 629151.799926413455978, 5220844.900956973433495 ], [ 629151.749845286016352, 5220844.750085803680122 ], [ 629151.5000863855239, 5220844.650170696899295 ], [ 629151.350168625591323, 5220844.800128207542002 ], [ 629151.374352266779169, 5220845.033903853036463 ], [ 629151.284435881767422, 5220845.187266336753964 ], [ 629151.025123631232418, 5220845.200159606523812 ], [ 629150.825134624959901, 5220845.40014675911516 ], [ 629150.800159026519395, 5220845.474840972572565 ] ] ] } },
{ "type": "Feature", "properties": { "label": "vineyard", "area_m2": 0.41674903967804211 }, "geometry": { "type": "Polygon", "coordinates": [ [ [ 629172.250000000116415, 5220845.347054241225123 ], [ 629172.317166378372349, 5220845.328757531940937 ], [ 629172.529150575282983, 5220845.374809152446687 ], [ 629172.550159026519395, 5220845.449840973131359 ], [ 629172.654450336820446, 5220845.454152403399348 ], [ 629172.821647528093308, 5220845.580990635789931 ], [ 629172.824631244293414, 5220845.62297673150897 ], [ 629172.775170688866638, 5220845.675086379982531 ], [ 629172.800104908761568, 5220845.724846694618464 ], [ 629173.025057940161787, 5220845.824842918664217 ], [ 629173.09985291713383, 5220845.824841026216745 ], [ 629173.424821835942566, 5220845.024937958456576 ], [ 629173.424840396037325, 5220844.8251236313954 ], [ 629173.275134863913991, 5220844.775167553685606 ], [ 629173.000169085105881, 5220845.050118694081903 ], [ 629172.97492991713807, 5220845.400179621763527 ], [ 629172.888914681505412, 5220845.528260389342904 ], [ 629172.848052977467887, 5220845.537572714500129 ], [ 629172.6638244780479, 5220845.452061487361789 ], [ 629172.649840973666869, 5220845.375159027054906 ], [ 629172.546001337585039, 5220845.373046255670488 ], [ 629172.326648435555398, 5220845.260379786603153 ], [ 629172.327714875806123, 5220845.169832656159997 ], [ 629172.423701997147873, 5220844.97874878719449 ], [ 629172.624840980162844, 5220844.849859188310802 ], [ 629172.624840973643586, 5220844.500159027054906 ], [ 629172.575086390483193, 5220844.500170705839992 ], [ 629172.550170704256743, 5220844.525086390785873 ], [ 629172.547070133732632, 5220844.748853747732937 ], [ 629172.400168142979965, 5220844.900138531811535 ], [ 629172.397342852666043, 5220844.977553443051875 ], [ 629172.274668800993823, 5220845.226397038437426 ], [ 629172.250000000116415, 5220845.347054241225123 ] ] ] } },
{ "type": "Feature", "properties": { "label": "vineyard", "area_m2": 0.48021729826869569 }, "geometry": { "type": "Polygon", "coordinates": [ [ [ 629169.676114677684382, 5220846.276300762780011 ], [ 629169.725099302013405, 5220846.399900699034333 ], [ 629169.950048957951367, 5220846.49988180398941 ], [ 629169.999885047669522, 5220846.499885046854615 ], [ 629170.032844104571268, 5220846.425904887728393 ], [ 629170.124893628060818, 5220846.374928924255073 ], [ 629170.274881805526093, 5220846.099951041862369 ], [ 629170.287713523721322, 5220846.022906892001629 ], [ 629170.349883639952168, 5220845.974913700483739 ], [ 629170.380545781459659, 5220845.658886241726577 ], [ 629170.474895354593173, 5220845.599884539842606 ], [ 629170.52488285000436, 5220845.524929783307016 ], [ 629170.524882486206479, 5220845.375062812119722 ], [ 629170.499937188345939, 5220845.350117514841259 ], [ 629170.225062811863609, 5220845.375117515213788 ], [ 629170.150099302059971, 5220845.425099301151931 ], [ 629170.100118194706738, 5220845.525048958137631 ], [ 629170.084980919957161, 5220845.682686383835971 ], [ 629169.925099301734008, 5220845.800099302083254 ], [ 629169.870710678282194, 5220845.97071067802608 ], [ 629169.75009513751138, 5220846.000115927308798 ], [ 629169.700106372125447, 5220846.075071075931191 ], [ 629169.676114677684382, 5220846.276300762780011 ] ] ] } },
{ "type": "Feature", "properties": { "label": "vineyard", "area_m2": 0.46590761590803803 }, "geometry": { "type": "Polygon", "coordinates": [ [ [ 629183.750000000116415, 5220845.622054241597652 ], [ 629183.849875097279437, 5220845.649843228980899 ], [ 629184.074842371745035, 5220845.549846291542053 ], [ 629184.099975912948139, 5220845.47303544357419 ], [ 629184.082789359265007, 5220845.307974059134722 ], [ 629184.188936395570636, 5220845.078063758090138 ], [ 629184.253727726172656, 5220845.076615133322775 ], [ 629184.49616498593241, 5220845.173527346923947 ], [ 629184.600133043713868, 5220845.274844232946634 ], [ 629184.674840973573737, 5220845.274840973317623 ], [ 629184.679164803237654, 5220845.196022227406502 ], [ 629184.79993445740547, 5220844.998879287391901 ], [ 629184.724850740050897, 5220844.725145834498107 ], [ 629184.199948124703951, 5220844.500158785842359 ], [ 629183.975158643908799, 5220844.600143460556865 ], [ 629183.975170793011785, 5220844.699937251396477 ], [ 629184.146445900085382, 5220844.949162978678942 ], [ 629184.167210641200654, 5220845.092025940306485 ], [ 629184.074064694228582, 5220845.313214300200343 ], [ 629183.90008638962172, 5220845.325170706957579 ], [ 629183.775141959311441, 5220845.450149672105908 ], [ 629183.750000000116415, 5220845.622054241597652 ] ] ] } },
{ "type": "Feature", "properties": { "label": "vineyard", "area_m2": 0.1162614770779157 }, "geometry": { "type": "Polygon", "coordinates": [ [ [ 629186.800000000046566, 5220845.097054241225123 ], [ 629186.899849630659446, 5220845.099838354624808 ], [ 629186.926457360968925, 5220844.89634467754513 ], [ 629186.992688824539073, 5220844.734553719870746 ], [ 629187.250915175769478, 5220844.699393491260707 ], [ 629187.449841371271759, 5220844.599856554530561 ], [ 629187.449840400950052, 5220844.525123626925051 ], [ 629187.225820037536323, 5220844.425406019203365 ], [ 629187.100123626878485, 5220844.425159599632025 ], [ 629186.800000000046566, 5220845.097054241225123 ] ] ] } },
{ "type": "Feature", "properties": { "label": "vineyard", "area_m2": 0.4579627746984809 }, "geometry": { "type": "Polygon", "coordinates": [ [ [ 629175.200159026542678, 5220844.54984097275883 ], [ 629175.249913625651971, 5220844.549829317256808 ], [ 629175.32485048728995, 5220844.474902085028589 ], [ 629175.49954039696604, 5220844.157345334999263 ], [ 629176.016345934825949, 5220844.331308330409229 ], [ 629175.974255637964234, 5220845.043296819552779 ], [ 629175.875158922863193, 5220845.200137852691114 ], [ 629175.800406159716658, 5220845.399179749190807 ], [ 629175.775024087284692, 5220845.648035444319248 ], [ 629175.876106009702198, 5220845.699933734722435 ], [ 629176.049838356208056, 5220845.674849629402161 ], [ 629176.006128389970399, 5220845.372871051542461 ], [ 629176.174841866246425, 5220845.199856574647129 ], [ 629176.224821778945625, 5220845.074937941506505 ], [ 629176.229642947087996, 5220844.945771845057607 ], [ 629176.449829295859672, 5220844.624913609586656 ], [ 629176.449836538173258, 5220844.525100601837039 ], [ 629176.374824866070412, 5220844.400141367688775 ], [ 629176.299881283543073, 5220844.325169118121266 ], [ 629176.022727857925929, 5220844.324058559723198 ], [ 629175.523622763925232, 5220844.155339872464538 ], [ 629175.475086374790408, 5220844.100170682184398 ], [ 629175.324861410423182, 5220844.300479344092309 ], [ 629175.200159026542678, 5220844.54984097275883 ] ] ] } },
{ "type": "Feature", "properties": { "label": "vineyard", "area_m2": 0.58878916578033325 }, "geometry": { "type": "Polygon", "coordinates": [ [ [ 629181.275114952586591, 5220844.124885046854615 ], [ 629181.363439328619279, 5220844.147698954679072 ], [ 629181.400000000139698, 5220844.224999999627471 ], [ 629181.395062218885869, 5220844.315056913532317 ], [ 629181.350117514026351, 5220844.375062812119722 ], [ 629181.363986622891389, 5220844.53003088477999 ], [ 629181.300116360187531, 5220844.60008629783988 ], [ 629181.300114952493459, 5220844.674885046668351 ], [ 629181.486798019497655, 5220844.62629129178822 ], [ 629181.620710678282194, 5220844.704289321787655 ], [ 629181.650114952586591, 5220844.799885046668351 ], [ 629181.724885047646239, 5220844.799885046668351 ], [ 629181.724885047646239, 5220844.725114952772856 ], [ 629181.640844502369873, 5220844.679017147049308 ], [ 629181.626921472023241, 5220844.580490967258811 ], [ 629181.686731656896882, 5220844.507612046785653 ], [ 629181.849885047646239, 5220844.499885046854615 ], [ 629181.816098594805226, 5220844.3549067620188 ], [ 629181.849882139009424, 5220844.274944255128503 ], [ 629181.849882486159913, 5220844.150062812492251 ], [ 629181.679988637566566, 5220844.118299280293286 ], [ 629181.574402567348443, 5220844.043757014907897 ], [ 629181.554640929447487, 5220843.841592522338033 ], [ 629181.704988636309281, 5220843.706700719892979 ], [ 629181.934801714145578, 5220843.700481527484953 ], [ 629182.017387953470461, 5220843.761731656268239 ], [ 629182.025117514072917, 5220843.899937187321484 ], [ 629182.124904862721451, 5220843.924884072504938 ], [ 629182.175000000046566, 5220843.652454862371087 ], [ 629182.120755959185772, 5220843.449149538762867 ], [ 629182.174884074134752, 5220843.250095137394965 ], [ 629182.047545121051371, 5220843.200000000186265 ], [ 629181.89368281129282, 5220843.245994077064097 ], [ 629181.824913702090271, 5220843.175116361118853 ], [ 629181.675095137441531, 5220843.125115927308798 ], [ 629181.625114952563308, 5220843.274885047227144 ], [ 629181.863439328619279, 5220843.297698955051601 ], [ 629181.898078528232872, 5220843.35549096763134 ], [ 629181.892850608215667, 5220843.487131719477475 ], [ 629181.723981852759607, 5220843.591326433233917 ], [ 629181.659505157498643, 5220843.57176763843745 ], [ 629181.574937188299373, 5220843.475117514841259 ], [ 629181.525106372311711, 5220843.500071074813604 ], [ 629181.275114952586591, 5220844.124885046854615 ] ] ] } },
{ "type": "Feature", "properties": { "label": "vineyard", "area_m2": 0.57936121772990623 }, "geometry": { "type": "Polygon", "coordinates": [ [ [ 629148.341800970491022, 5220845.442955791950226 ], [ 629148.275114280753769, 5220845.524885719642043 ], [ 629148.449885719339363, 5220845.574885719455779 ], [ 629148.49952586053405, 5220845.485372940078378 ], [ 629148.595058137900196, 5220845.480712857097387 ], [ 629148.670068318839185, 5220845.584963637404144 ], [ 629148.675114280660637, 5220845.699885719455779 ], [ 629148.824885719339363, 5220845.749885719269514 ], [ 629148.822627107845619, 5220845.586414637975395 ], [ 629148.85964504792355, 5220845.521583273075521 ], [ 629148.974942678003572, 5220845.499882929958403 ], [ 629149.045110203907825, 5220845.452201985754073 ], [ 629149.17488571931608, 5220845.449885719455779 ], [ 629149.274882085854188, 5220845.124959900975227 ], [ 629149.275000000023283, 5220845.002447512000799 ], [ 629149.162711169454269, 5220844.87709200847894 ], [ 629149.149882929516025, 5220844.80005732178688 ], [ 629148.675114280660637, 5220844.600114280357957 ], [ 629148.525117070646957, 5220844.900057322345674 ], [ 629148.516800973098725, 5220845.017955785617232 ], [ 629148.450115613988601, 5220845.075087058357894 ], [ 629148.438902733614668, 5220845.195785412564874 ], [ 629148.350114280707203, 5220845.250114280730486 ], [ 629148.341800970491022, 5220845.442955791950226 ] ], [ [ 629148.591859175940044, 5220845.31176889128983 ], [ 629148.704827964655124, 5220845.126764041371644 ], [ 629148.816954954061657, 5220845.14170326013118 ], [ 629148.898247600416653, 5220845.267841088585556 ], [ 629148.863590114633553, 5220845.415599861182272 ], [ 629148.784585071029142, 5220845.448444496840239 ], [ 629148.626448179828003, 5220845.401391388848424 ], [ 629148.591859175940044, 5220845.31176889128983 ] ] ] } },
{ "type": "Feature", "properties": { "label": "vineyard", "area_m2": 0.50088247435379685 }, "geometry": { "type": "Polygon", "coordinates": [ [ [ 629172.575000000069849, 5220844.497054241597652 ], [ 629172.624840973643586, 5220844.499840972945094 ], [ 629172.793267328874208, 5220844.092230342328548 ], [ 629172.8999136100756, 5220844.074829294346273 ], [ 629172.976319559267722, 5220843.934241072274745 ], [ 629173.250540221459232, 5220843.930261876434088 ], [ 629173.300165764871053, 5220844.124862728640437 ], [ 629173.394330181065015, 5220844.256629442796111 ], [ 629173.27516856812872, 5220844.475088730454445 ], [ 629173.225157436332665, 5220844.749881321564317 ], [ 629173.300905040930957, 5220844.800163292326033 ], [ 629173.424860808998346, 5220844.824835579842329 ], [ 629173.574843978392892, 5220844.649861785583198 ], [ 629173.774821836152114, 5220844.149937959387898 ], [ 629173.725783421075903, 5220843.846701725386083 ], [ 629173.74984167155344, 5220843.725080902688205 ], [ 629173.625138522475027, 5220843.700168133713305 ], [ 629173.395052416715771, 5220843.92328220512718 ], [ 629172.999455656856298, 5220843.91974230017513 ], [ 629172.977658261777833, 5220843.84685196634382 ], [ 629173.099838787689805, 5220843.649863167665899 ], [ 629173.099931272794493, 5220843.451055886223912 ], [ 629172.975123631185852, 5220843.425159606151283 ], [ 629172.950024087331258, 5220843.476964555680752 ], [ 629172.969112167251296, 5220843.650089176371694 ], [ 629172.775752587243915, 5220843.92377997469157 ], [ 629172.631098731886595, 5220844.44649740960449 ], [ 629172.575000000069849, 5220844.497054241597652 ] ] ] } },
{ "type": "Feature", "properties": { "label": "vineyard", "area_m2": 0.1866463371627155 }, "geometry": { "type": "Polygon", "coordinates": [ [ [ 629151.350160071742721, 5220844.274851584807038 ], [ 629151.522237378172576, 5220844.408029920421541 ], [ 629151.500159599352628, 5220844.649876373820007 ], [ 629151.774840973666869, 5220844.749840972945094 ], [ 629151.774829247849993, 5220844.550062733702362 ], [ 629151.736225753556937, 5220844.383566381409764 ], [ 629152.274913616594858, 5220844.249829302541912 ], [ 629152.374829925247468, 5220844.074923411943018 ], [ 629152.374837065930478, 5220844.000156294554472 ], [ 629152.175086390110664, 5220843.975170705467463 ], [ 629152.150000000139698, 5220844.072054240852594 ], [ 629152.177781894570217, 5220844.248499982990324 ], [ 629151.756416796823032, 5220844.366586154326797 ], [ 629151.499913609703071, 5220844.175170705653727 ], [ 629151.400086384848692, 5220844.175170697271824 ], [ 629151.350160071742721, 5220844.274851584807038 ] ] ] } },
{ "type": "Feature", "properties": { "label": "vineyard", "area_m2": 0.42647546942322029 }, "geometry": { "type": "Polygon", "coordinates": [ [ [ 629178.775116562377661, 5220845.175067697651684 ], [ 629178.800114280660637, 5220845.624885719269514 ], [ 629178.899942678050138, 5220845.624882929958403 ], [ 629178.999882929259911, 5220845.499942678958178 ], [ 629178.974999999976717, 5220845.29098 ], [ 629179.001921471906826, 5220845.005490968003869 ], [ 629179.061731656780466, 5220844.932612047530711 ], [ 629179.199885719339363, 5220844.924885720014572 ], [ 629179.204931681160815, 5220844.809963637031615 ], [ 629179.299882085877471, 5220844.599959902465343 ], [ 629179.286197739769705, 5220844.419251003302634 ], [ 629179.349884613300674, 5220844.349908297881484 ], [ 629179.374882085714489, 5220844.174959902651608 ], [ 629179.374884790973738, 5220844.050095329061151 ], [ 629179.324949503876269, 5220844.025117403827608 ], [ 629179.200064700795338, 5220844.05010893009603 ], [ 629179.075099068460986, 5220844.150100302882493 ], [ 629179.010721615981311, 5220844.256870373152196 ], [ 629178.900114280870184, 5220844.275114280171692 ], [ 629178.900114280870184, 5220844.349885719828308 ], [ 629179.007706610369496, 5220844.389216858893633 ], [ 629179.049547988339327, 5220844.534497263841331 ], [ 629179.01554304419551, 5220844.600525554269552 ], [ 629178.825117070577107, 5220844.725057321600616 ], [ 629178.824560936191119, 5220845.097880554385483 ], [ 629178.775116562377661, 5220845.175067697651684 ] ] ] } },
{ "type": "Feature", "properties": { "label": "vineyard", "area_m2": 0.59526520608069033 }, "geometry": { "type": "Polygon", "coordinates": [ [ [ 629184.150073901051655, 5220844.424049423076212 ], [ 629184.200093993800692, 5220844.524834061041474 ], [ 629184.624869737890549, 5220844.674841017462313 ], [ 629184.799837245373055, 5220844.549858943559229 ], [ 629184.810972700826824, 5220844.393124222755432 ], [ 629185.049829303636216, 5220844.199913615360856 ], [ 629185.038760743103921, 5220843.940860322676599 ], [ 629185.268801839789376, 5220843.901582210324705 ], [ 629185.424876368953846, 5220843.974840393289924 ], [ 629185.449933374417014, 5220843.801098666153848 ], [ 629185.399854122777469, 5220843.700153505429626 ], [ 629185.225132757797837, 5220843.675169711001217 ], [ 629185.060615991591476, 5220843.775000000372529 ], [ 629184.975927678518929, 5220843.773510201834142 ], [ 629184.824882248882204, 5220843.700166214257479 ], [ 629184.725159026565962, 5220843.70015902724117 ], [ 629184.723049396532588, 5220843.778996307402849 ], [ 629184.625479128095321, 5220843.994819537736475 ], [ 629184.450088851735927, 5220844.025173641741276 ], [ 629184.225760404369794, 5220844.199536332860589 ], [ 629184.150177483563311, 5220844.350075895898044 ], [ 629184.150073901051655, 5220844.424049423076212 ] ] ] } },
{ "type": "Feature", "properties": { "label": "vineyard", "area_m2": 0.58167148343222264 }, "geometry": { "type": "Polygon", "coordinates": [ [ [ 629187.225114280707203, 5220844.449885719455779 ], [ 629187.45005049626343, 5220844.549882596358657 ], [ 629187.61506334785372, 5220844.539094988256693 ], [ 629187.67509170237463, 5220844.599884614348412 ], [ 629187.799949505017139, 5220844.649882595986128 ], [ 629188.374935301253572, 5220844.224891068413854 ], [ 629188.449885719339363, 5220844.125114280730486 ], [ 629188.224942678003572, 5220844.000117070041597 ], [ 629187.952860326273367, 5220843.963192126713693 ], [ 629187.904305966454558, 5220843.904028467833996 ], [ 629187.899885719292797, 5220843.800114280544221 ], [ 629187.800114280660637, 5220843.800114280544221 ], [ 629187.792387953260913, 5220843.888268343172967 ], [ 629187.747139673680067, 5220843.938192126341164 ], [ 629187.611731656827033, 5220843.942387952469289 ], [ 629187.557612046715803, 5220843.888268343172967 ], [ 629187.499885719153099, 5220843.700114279985428 ], [ 629187.475057322066277, 5220843.700117069296539 ], [ 629187.300117404898629, 5220844.02505049481988 ], [ 629187.347491673310287, 5220844.150188203901052 ], [ 629187.312288834596984, 5220844.277092000469565 ], [ 629187.250115614151582, 5220844.325087057426572 ], [ 629187.225114280707203, 5220844.449885719455779 ] ], [ [ 629187.649559673620388, 5220844.19935065228492 ], [ 629187.641948860604316, 5220844.115576057694852 ], [ 629187.693345102365129, 5220844.058921325020492 ], [ 629187.796981789404526, 5220844.041098397225142 ], [ 629187.866599686793052, 5220844.100861458107829 ], [ 629187.870956375962123, 5220844.203149137087166 ], [ 629187.816632938222028, 5220844.265921385958791 ], [ 629187.714053538278677, 5220844.273056753911078 ], [ 629187.649559673620388, 5220844.19935065228492 ] ] ] } },
{ "type": "Feature", "properties": { "label": "vineyard", "area_m2": 0.44262916150887122 }, "geometry": { "type": "Polygon", "coordinates": [ [ [ 629172.975000000093132, 5220843.422054241411388 ], [ 629173.124840973760001, 5220843.474840972572565 ], [ 629173.145750843570568, 5220843.379387776367366 ], [ 629173.182301406399347, 5220843.358658514916897 ], [ 629173.651622483506799, 5220843.472522511146963 ], [ 629173.726113861543126, 5220843.724934119731188 ], [ 629173.974912873236462, 5220843.599846926517785 ], [ 629174.025190582964569, 5220843.52417909912765 ], [ 629174.274841235135682, 5220842.899948135018349 ], [ 629174.249897993868217, 5220842.850144096650183 ], [ 629174.099918574676849, 5220842.75017396081239 ], [ 629174.075159026542678, 5220842.750159027054906 ], [ 629174.071902898023836, 5220842.877868190407753 ], [ 629173.875120250857435, 5220843.297893019393086 ], [ 629173.690422437386587, 5220843.464641238562763 ], [ 629173.230370283708908, 5220843.250752416439354 ], [ 629173.249835358001292, 5220843.125077125616372 ], [ 629173.178192434366792, 5220842.99149273801595 ], [ 629173.2946405390976, 5220842.58029654994607 ], [ 629173.328721895930357, 5220842.558415569365025 ], [ 629173.549876368953846, 5220842.574840393848717 ], [ 629173.574829190387391, 5220842.524937245994806 ], [ 629173.624932663049549, 5220842.201084185391665 ], [ 629173.549913614639081, 5220842.07517069671303 ], [ 629173.450123631162569, 5220842.075159606523812 ], [ 629173.42575390310958, 5220842.123778071254492 ], [ 629173.179515457130037, 5220842.974679185077548 ], [ 629173.125147084123455, 5220843.000158975832164 ], [ 629172.975000000093132, 5220843.422054241411388 ] ] ] } },
{ "type": "Feature", "properties": { "label": "vineyard", "area_m2": 0.68378832355009889 }, "geometry": { "type": "Polygon", "coordinates": [ [ [ 629148.60011545883026, 5220844.549895353615284 ], [ 629148.825048958417028, 5220844.674881804734468 ], [ 629149.124885047669522, 5220844.774885047227144 ], [ 629149.140844502369873, 5220844.695982852950692 ], [ 629149.224885047646239, 5220844.649885047227144 ], [ 629149.251810549641959, 5220844.568335916846991 ], [ 629149.313716004602611, 5220844.528787859715521 ], [ 629149.399937188485637, 5220844.524882485158741 ], [ 629149.499883639975451, 5220844.399913701228797 ], [ 629149.499882486183196, 5220844.225062810815871 ], [ 629149.374960457440466, 5220844.058163575828075 ], [ 629149.39185303892009, 5220843.919442975893617 ], [ 629149.499885047669522, 5220843.874885046854615 ], [ 629149.499882486183196, 5220843.750062812119722 ], [ 629149.125114952563308, 5220843.600114952772856 ], [ 629149.100597432814538, 5220843.718757014721632 ], [ 629148.900115926051512, 5220843.825095137581229 ], [ 629148.855557023431174, 5220843.933146961964667 ], [ 629148.775114952586591, 5220843.950114953331649 ], [ 629148.763904835563153, 5220844.095781330950558 ], [ 629148.650117514072917, 5220844.17506281286478 ], [ 629148.649447292205878, 5220844.369521197862923 ], [ 629148.60011545883026, 5220844.549895353615284 ] ] ] } },
{ "type": "Feature", "properties": { "label": "vineyard", "area_m2": 0.26521824392533977 }, "geometry": { "type": "Polygon", "coordinates": [ [ [ 629179.225114280823618, 5220843.600114280357957 ], [ 629179.225117070483975, 5220843.69994267821312 ], [ 629179.32448085071519, 5220843.811523539945483 ], [ 629179.32279801403638, 5220843.929889797233045 ], [ 629179.275115209049545, 5220844.024904671125114 ], [ 629179.37494267791044, 5220844.049882930703461 ], [ 629179.474885719129816, 5220843.999885719269514 ], [ 629179.477864931104705, 5220843.897250248119235 ], [ 629179.515349931432866, 5220843.841280079446733 ], [ 629179.67490467056632, 5220843.824884790927172 ], [ 629179.724882594891824, 5220843.72494950518012 ], [ 629179.729931681416929, 5220843.584963636472821 ], [ 629179.824882595101371, 5220843.449949505738914 ], [ 629179.829931681160815, 5220843.334963637404144 ], [ 629179.874882929376327, 5220843.274942679330707 ], [ 629179.874884790973738, 5220843.075095330365002 ], [ 629179.674959902535193, 5220843.000117913819849 ], [ 629179.57511428068392, 5220843.000114280730486 ], [ 629179.580392602365464, 5220843.124807042069733 ], [ 629179.525116487173364, 5220843.200069234706461 ], [ 629179.525114280870184, 5220843.299885720014572 ], [ 629179.663229771191254, 5220843.33352857735008 ], [ 629179.695916723459959, 5220843.397820700891316 ], [ 629179.682760953437537, 5220843.463930135592818 ], [ 629179.450495244353078, 5220843.68235382065177 ], [ 629179.374775127740577, 5220843.671114110387862 ], [ 629179.299942678073421, 5220843.600117069669068 ], [ 629179.225114280823618, 5220843.600114280357957 ] ] ] } },
{ "type": "Feature", "properties": { "label": "vineyard", "area_m2": 0.053407883282330627 }, "geometry": { "type": "Polygon", "coordinates": [ [ [ 629168.250114952563308, 5220843.625114953145385 ], [ 629168.250114952563308, 5220843.749885046854615 ], [ 629168.399937188485637, 5220843.749882484786212 ], [ 629168.475904887425713, 5220843.632844103500247 ], [ 629168.549885047599673, 5220843.599885046482086 ], [ 629168.549882486113347, 5220843.500062812119722 ], [ 629168.524937188485637, 5220843.475117514841259 ], [ 629168.400078020407818, 5220843.475116766989231 ], [ 629168.324095112737268, 5220843.592155896127224 ], [ 629168.250114952563308, 5220843.625114953145385 ] ] ] } },
{ "type": "Feature", "properties": { "label": "vineyard", "area_m2": 0.70632181595497379 }, "geometry": { "type": "Polygon", "coordinates": [ [ [ 629184.525000000139698, 5220843.222054241225123 ], [ 629184.629819656955078, 5220843.170075970701873 ], [ 629184.813261022558436, 5220843.293069519102573 ], [ 629184.825159026542678, 5220843.374840972945094 ], [ 629185.331477928091772, 5220843.377057950943708 ], [ 629185.532924957806244, 5220843.446038938127458 ], [ 629185.550159026519395, 5220843.574840973131359 ], [ 629185.624876373331062, 5220843.574840400367975 ], [ 629185.699840253335424, 5220843.400151714682579 ], [ 629185.475983040523715, 5220843.2740169595927 ], [ 629185.366904524737038, 5220843.057553594000638 ], [ 629185.545477144187316, 5220842.954068486578763 ], [ 629185.749881283612922, 5220842.999830882064998 ], [ 629185.824830883531831, 5220842.924881284125149 ], [ 629185.799913610564545, 5220842.825170706957579 ], [ 629185.716360908118077, 5220842.820778821595013 ], [ 629185.564700947958045, 5220842.744143420830369 ], [ 629185.550224170438014, 5220842.702993172220886 ], [ 629185.696647567208856, 5220842.531277254223824 ], [ 629185.824858944513835, 5220842.524837244302034 ], [ 629185.949841019464657, 5220842.34986973553896 ], [ 629185.94984097359702, 5220842.300159026868641 ], [ 629185.750150384381413, 5220842.300161656923592 ], [ 629185.693731923936866, 5220842.525912936776876 ], [ 629185.490663299919106, 5220842.69915734231472 ], [ 629185.184819371672347, 5220842.722203094512224 ], [ 629185.074854739010334, 5220842.600160514935851 ], [ 629184.850123626878485, 5220842.550159599632025 ], [ 629184.525000000139698, 5220843.222054241225123 ] ] ] } },
{ "type": "Feature", "properties": { "label": "vineyard", "area_m2": 0.089036228884995294 }, "geometry": { "type": "Polygon", "coordinates": [ [ [ 629146.325104668969288, 5220843.848012074828148 ], [ 629146.325169957242906, 5220843.999898401089013 ], [ 629146.375096112140454, 5220844.049842418171465 ], [ 629146.449911148403771, 5220844.049826358444989 ], [ 629146.524847691878676, 5220843.999867206439376 ], [ 629146.551833277801052, 5220843.923971494659781 ], [ 629146.699826406897046, 5220843.749911171384156 ], [ 629146.749833986861631, 5220843.499950561672449 ], [ 629146.749840973643586, 5220843.350159026682377 ], [ 629146.613503841450438, 5220843.348326372914016 ], [ 629146.585063355392776, 5220843.307034253142774 ], [ 629146.622564968420193, 5220843.09304500836879 ], [ 629146.724840600392781, 5220843.049844761379063 ], [ 629146.724840396083891, 5220842.975123630836606 ], [ 629146.549937959644012, 5220842.900178165175021 ], [ 629146.47516976390034, 5220843.000084013678133 ], [ 629146.475066770683043, 5220843.073904284276068 ], [ 629146.508689491311088, 5220842.970626235939562 ], [ 629146.612316617160104, 5220842.964389597997069 ], [ 629146.622386336443014, 5220843.074986971914768 ], [ 629146.578118493082002, 5220843.33125417213887 ], [ 629146.401030304259621, 5220843.399626771919429 ], [ 629146.350861189421266, 5220843.449318895116448 ], [ 629146.325047959224321, 5220843.60229863692075 ], [ 629146.361168795381673, 5220843.523435207083821 ], [ 629146.512356626102701, 5220843.380435285158455 ], [ 629146.569693592027761, 5220843.364757148548961 ], [ 629146.72748581529595, 5220843.509463458321989 ], [ 629146.69881242653355, 5220843.670229375362396 ], [ 629146.659499542671256, 5220843.792575533501804 ], [ 629146.537235816358589, 5220843.927336753346026 ], [ 629146.325104668969288, 5220843.848012074828148 ] ] ] } },
{ "type": "Feature", "properties": { "label": "vineyard", "area_m2": 0.66644895149256234 }, "geometry": { "type": "Polygon", "coordinates": [ [ [ 629181.750000000116415, 5220842.972054241225123 ], [ 629181.902105925721116, 5220843.028948633000255 ], [ 629182.05096072377637, 5220843.225223511457443 ], [ 629182.175059917150065, 5220843.27483616489917 ], [ 629182.475878522847779, 5220843.299417870119214 ], [ 629182.524931272841059, 5220843.273944114334881 ], [ 629182.502033120486885, 5220842.91788964625448 ], [ 629182.62487636890728, 5220842.899840394034982 ], [ 629182.900143464212306, 5220842.477772235870361 ], [ 629183.149874429916963, 5220842.349852718412876 ], [ 629183.174840973573737, 5220842.275159027427435 ], [ 629182.575159026542678, 5220842.275159027427435 ], [ 629182.57347711652983, 5220842.503647369332612 ], [ 629182.467283024569042, 5220842.778088408522308 ], [ 629182.431606569094583, 5220842.799999999813735 ], [ 629182.341709396569058, 5220842.776827433146536 ], [ 629182.227102292352356, 5220842.529118283651769 ], [ 629182.224829247687012, 5220842.400062734261155 ], [ 629182.174876373261213, 5220842.300159599632025 ], [ 629182.050142300548032, 5220842.300160614773631 ], [ 629181.924853618722409, 5220842.525683916173875 ], [ 629181.750000000116415, 5220842.972054241225123 ] ] ] } },
{ "type": "Feature", "properties": { "label": "vineyard", "area_m2": 0.16203210726684159 }, "geometry": { "type": "Polygon", "coordinates": [ [ [ 629176.32511819456704, 5220843.949951042421162 ], [ 629176.412286476464942, 5220844.047906892374158 ], [ 629176.425114952493459, 5220844.124885046854615 ], [ 629176.499885047669522, 5220844.124885046854615 ], [ 629176.529937781044282, 5220843.909943087957799 ], [ 629176.57488248613663, 5220843.849937187507749 ], [ 629176.544546184479259, 5220843.648525901138783 ], [ 629176.584404959343374, 5220843.592541069723666 ], [ 629176.774882486206479, 5220843.499937187880278 ], [ 629176.763166835065931, 5220843.347489042207599 ], [ 629176.799885047599673, 5220843.200114953331649 ], [ 629176.650071076583117, 5220843.25010637100786 ], [ 629176.550106372102164, 5220843.375071075744927 ], [ 629176.350118194590323, 5220843.800048957578838 ], [ 629176.32511819456704, 5220843.949951042421162 ] ] ] } },
{ "type": "Feature", "properties": { "label": "vineyard", "area_m2": 0.78340334350687069 }, "geometry": { "type": "Polygon", "coordinates": [ [ [ 629165.025117070646957, 5220844.29994267784059 ], [ 629165.200067098601721, 5220844.449883408844471 ], [ 629165.299949505017139, 5220844.449882595799863 ], [ 629165.42490467056632, 5220844.399884791113436 ], [ 629165.501827183412388, 5220844.14332034252584 ], [ 629165.639278382994235, 5220844.018129627220333 ], [ 629165.799935299204662, 5220843.94989106990397 ], [ 629165.999884998309426, 5220843.749900436028838 ], [ 629166.002201986033469, 5220843.570110201835632 ], [ 629166.049882595078088, 5220843.474949506111443 ], [ 629166.099884790950455, 5220843.175095329061151 ], [ 629165.674949504784308, 5220843.000117404386401 ], [ 629165.500107726198621, 5220843.050065791234374 ], [ 629165.470068318536505, 5220843.240036363713443 ], [ 629165.350117404945195, 5220843.450050493702292 ], [ 629165.398835400934331, 5220843.637045608833432 ], [ 629165.201108802226372, 5220843.943548364564776 ], [ 629165.075115163228475, 5220844.000096261501312 ], [ 629165.025117070646957, 5220844.29994267784059 ] ] ] } },
{ "type": "Feature", "properties": { "label": "vineyard", "area_m2": 0.75010072617027435 }, "geometry": { "type": "Polygon", "coordinates": [ [ [ 629187.825114952516742, 5220843.375114953145385 ], [ 629187.825117514003068, 5220843.474937187507749 ], [ 629187.92493718827609, 5220843.499882484786212 ], [ 629188.024885047692806, 5220843.44988504704088 ], [ 629188.046354478807189, 5220843.363235268741846 ], [ 629188.185547776171006, 5220843.263425747863948 ], [ 629188.39741839771159, 5220843.196241142228246 ], [ 629188.461895098909736, 5220843.2157999323681 ], [ 629188.525062811910175, 5220843.299882484599948 ], [ 629188.614820046932437, 5220843.321165356785059 ], [ 629188.650086298119277, 5220843.374883638694882 ], [ 629188.799885047599673, 5220843.374885046854615 ], [ 629188.838235269067809, 5220843.296354479156435 ], [ 629188.949893628014252, 5220843.249928924255073 ], [ 629189.124881805619225, 5220842.899951042607427 ], [ 629189.124881805619225, 5220842.850048957392573 ], [ 629189.099904862698168, 5220842.800115927122533 ], [ 629189.006045945454389, 5220842.772424708120525 ], [ 629188.974885047646239, 5220842.700114953331649 ], [ 629188.792907453840598, 5220842.684297255240381 ], [ 629188.62490486248862, 5220842.500115927308798 ], [ 629188.550114952493459, 5220842.500114953145385 ], [ 629188.520710678189062, 5220842.59571067802608 ], [ 629188.415198286063969, 5220842.624518472701311 ], [ 629188.341853038873523, 5220842.580557024106383 ], [ 629188.324885047622956, 5220842.500114953145385 ], [ 629188.075095137464814, 5220842.425115927122533 ], [ 629187.975116766872816, 5220842.674921978265047 ], [ 629188.112286476418376, 5220842.797906892374158 ], [ 629188.120359070715494, 5220842.933407478034496 ], [ 629188.025117514072917, 5220843.025062812492251 ], [ 629187.959604516276158, 5220843.316833410412073 ], [ 629187.895011362619698, 5220843.368299280293286 ], [ 629187.825114952516742, 5220843.375114953145385 ] ] ] } },
{ "type": "Feature", "properties": { "label": "vineyard", "area_m2": 0.034287065612547227 }, "geometry": { "type": "Polygon", "coordinates": [ [ [ 629170.875114952563308, 5220842.399885047227144 ], [ 629170.974929783726111, 5220842.399882849305868 ], [ 629171.049884541309439, 5220842.349895353429019 ], [ 629171.024882486206479, 5220842.200062812305987 ], [ 629170.974937188322656, 5220842.150117515586317 ], [ 629170.900114952586591, 5220842.150114953517914 ], [ 629170.875114952563308, 5220842.399885047227144 ] ] ] } },
{ "type": "Feature", "properties": { "label": "vineyard", "area_m2": 0.48635279855856134 }, "geometry": { "type": "Polygon", "coordinates": [ [ [ 629165.650117070763372, 5220842.824942679144442 ], [ 629165.707938544685021, 5220842.910332978703082 ], [ 629165.675115208956413, 5220843.024904671125114 ], [ 629166.099885719129816, 5220843.174885720014572 ], [ 629166.099882929353043, 5220843.000057321041822 ], [ 629166.053122343495488, 5220842.917445071041584 ], [ 629166.078928475617431, 5220842.808726401999593 ], [ 629166.14080605073832, 5220842.738498122431338 ], [ 629166.299935300368816, 5220842.674891069531441 ], [ 629166.399883724749088, 5220842.574926441535354 ], [ 629166.449885719339363, 5220842.125114280730486 ], [ 629166.275040099280886, 5220842.10011791344732 ], [ 629165.950064699631184, 5220842.200108930468559 ], [ 629165.850117070483975, 5220842.30005732178688 ], [ 629165.82786939048674, 5220842.569907532073557 ], [ 629165.675107726012357, 5220842.675065791234374 ], [ 629165.650117070763372, 5220842.824942679144442 ] ] ] } },
{ "type": "Feature", "properties": { "label": "vineyard", "area_m2": 0.8953052408958424 }, "geometry": { "type": "Polygon", "coordinates": [ [ [ 629149.150115926051512, 5220843.375095137394965 ], [ 629149.150117514072917, 5220843.599937187507749 ], [ 629149.175071076257154, 5220843.62489362899214 ], [ 629149.475042403675616, 5220843.749881482683122 ], [ 629149.599904862465337, 5220843.724884072318673 ], [ 629149.699881805456243, 5220843.599951041862369 ], [ 629149.70055270800367, 5220843.355478801764548 ], [ 629149.745755308191292, 5220843.200483623892069 ], [ 629149.838716005557217, 5220843.128787859342992 ], [ 629149.974937188322656, 5220843.124882484786212 ], [ 629150.038716004579328, 5220843.078787859529257 ], [ 629150.124885047669522, 5220843.07488504704088 ], [ 629150.188425749889575, 5220842.885547772049904 ], [ 629150.274893628084101, 5220842.799928924068809 ], [ 629150.324881483567879, 5220842.674957594834268 ], [ 629150.32488248613663, 5220842.575062812305987 ], [ 629150.278118152986281, 5220842.492406764999032 ], [ 629150.299882486113347, 5220842.350062812678516 ], [ 629150.149941461160779, 5220842.225109511055052 ], [ 629149.874951042234898, 5220842.100118195638061 ], [ 629149.750062811886892, 5220842.075117515400052 ], [ 629149.725114952540025, 5220842.19988504704088 ], [ 629149.809155497816391, 5220842.245982852764428 ], [ 629149.816799439955503, 5220842.342956223525107 ], [ 629149.675117513979785, 5220842.500062812119722 ], [ 629149.625520137953572, 5220842.640549285337329 ], [ 629149.500114952563308, 5220842.67511495295912 ], [ 629149.520919952308759, 5220842.827173048630357 ], [ 629149.450116766849533, 5220842.925078021362424 ], [ 629149.434604516369291, 5220843.116833410225809 ], [ 629149.285111813107505, 5220843.292051029391587 ], [ 629149.150115926051512, 5220843.375095137394965 ] ] ] } },
{ "type": "Feature", "properties": { "label": "vineyard", "area_m2": 0.58326913964072047 }, "geometry": { "type": "Polygon", "coordinates": [ [ [ 629166.200117404921912, 5220841.449949505738914 ], [ 629166.346879187971354, 5220841.657585957087576 ], [ 629166.317027227487415, 5220841.735125622712076 ], [ 629166.225117070483975, 5220841.80005732178688 ], [ 629166.22511707060039, 5220841.899942678399384 ], [ 629166.334594756131992, 5220842.03315339051187 ], [ 629166.35011707060039, 5220842.099942678585649 ], [ 629166.42488571931608, 5220842.124885719269514 ], [ 629166.447698954725638, 5220842.036560671404004 ], [ 629166.549896918004379, 5220841.999885170720518 ], [ 629166.599883408285677, 5220841.924932900816202 ], [ 629166.615847478271462, 5220841.720978217199445 ], [ 629166.79988571931608, 5220841.599885719828308 ], [ 629166.849882929353043, 5220841.499942678958178 ], [ 629166.899882085854188, 5220841.299959902651608 ], [ 629166.92488571931608, 5220840.925114280544221 ], [ 629166.575040099211037, 5220840.900117913261056 ], [ 629166.350064700236544, 5220840.975108930841088 ], [ 629166.275117070763372, 5220841.050057320855558 ], [ 629166.270068318583071, 5220841.165036363527179 ], [ 629166.200117914122529, 5220841.325040097348392 ], [ 629166.200117404921912, 5220841.449949505738914 ] ] ] } },
{ "type": "Feature", "properties": { "label": "vineyard", "area_m2": 0.37980845198523538 }, "geometry": { "type": "Polygon", "coordinates": [ [ [ 629146.400115614174865, 5220842.74991294182837 ], [ 629146.462288830545731, 5220842.797907991334796 ], [ 629146.475115208886564, 5220842.874904670752585 ], [ 629146.600050495006144, 5220842.949882595799863 ], [ 629146.724904670380056, 5220842.974884791299701 ], [ 629146.78352857392747, 5220842.786770232021809 ], [ 629146.983726401813328, 5220842.703928475268185 ], [ 629147.07494267844595, 5220842.699882930144668 ], [ 629147.225904230144806, 5220842.482844829559326 ], [ 629147.29990467056632, 5220842.449884790927172 ], [ 629147.325000000069849, 5220842.302447511814535 ], [ 629147.299894586787559, 5220842.250078712590039 ], [ 629147.249926441349089, 5220842.20011627394706 ], [ 629147.161560671520419, 5220842.17730104457587 ], [ 629147.126921471906826, 5220842.119509031996131 ], [ 629147.129931681440212, 5220841.984963635914028 ], [ 629147.199882929446176, 5220841.899942679330707 ], [ 629147.174942678073421, 5220841.800117069855332 ], [ 629147.100057321949862, 5220841.800117069855332 ], [ 629146.950114829232916, 5220841.925103082321584 ], [ 629146.95011428068392, 5220842.024885719642043 ], [ 629147.034152521635406, 5220842.070978216826916 ], [ 629147.045068318839185, 5220842.165036362595856 ], [ 629146.999531010864303, 5220842.22923166397959 ], [ 629146.92505732155405, 5220842.250117070041597 ], [ 629146.800107726012357, 5220842.35006579104811 ], [ 629146.756433392642066, 5220842.59879333153367 ], [ 629146.68104185780976, 5220842.639079296030104 ], [ 629146.450057321926579, 5220842.625117070041597 ], [ 629146.400115614174865, 5220842.74991294182837 ] ] ] } },
{ "type": "Feature", "properties": { "label": "vineyard", "area_m2": 0.12889970378109841 }, "geometry": { "type": "Polygon", "coordinates": [ [ [ 629149.800000000046566, 5220842.097054241225123 ], [ 629150.19984097359702, 5220842.249840972945094 ], [ 629150.209644417045638, 5220842.190268836915493 ], [ 629150.31404893589206, 5220842.108375324867666 ], [ 629150.399854745948687, 5220842.099842568859458 ], [ 629150.45297308685258, 5220841.972128253430128 ], [ 629150.724830070859753, 5220841.699898420833051 ], [ 629150.724830042920075, 5220841.500101598910987 ], [ 629150.672636124538258, 5220841.450048371218145 ], [ 629150.714462277246639, 5220841.510949960909784 ], [ 629150.707913671503775, 5220841.707352165132761 ], [ 629150.478629889548756, 5220841.880016893148422 ], [ 629150.414572650450282, 5220842.007934252731502 ], [ 629150.209987102309242, 5220842.143217800185084 ], [ 629150.032388268969953, 5220842.175249772146344 ], [ 629149.973135972744785, 5220842.005823900923133 ], [ 629150.119517849059775, 5220841.721185171976686 ], [ 629150.295832375762984, 5220841.564695879817009 ], [ 629150.408156738500111, 5220841.544821187853813 ], [ 629150.448302237549797, 5220841.481643754057586 ], [ 629150.452404605923221, 5220841.450019368901849 ], [ 629150.27948979428038, 5220841.29758794978261 ], [ 629150.274829295929521, 5220841.150086390785873 ], [ 629150.200159026542678, 5220841.125159027054906 ], [ 629150.200159026542678, 5220841.29984097275883 ], [ 629150.283051930717193, 5220841.307156587950885 ], [ 629150.412837181822397, 5220841.418403881601989 ], [ 629150.420814939308912, 5220841.461698805913329 ], [ 629150.303318367921747, 5220841.546970183961093 ], [ 629150.182043502223678, 5220841.549999999813735 ], [ 629150.022176249884069, 5220841.492177878506482 ], [ 629149.999840973643586, 5220841.45015902724117 ], [ 629149.925159026519395, 5220841.45015902724117 ], [ 629149.925159026519395, 5220841.574840973131359 ], [ 629150.006450255983509, 5220841.584313476458192 ], [ 629150.09225713449996, 5220841.712104944512248 ], [ 629149.972015125094913, 5220841.977875931188464 ], [ 629149.880652841296978, 5220842.068274386227131 ], [ 629149.800159026519395, 5220842.07515902724117 ], [ 629149.800000000046566, 5220842.097054241225123 ] ] ] } },
{ "type": "Feature", "properties": { "label": "vineyard", "area_m2": 0.36698485143990273 }, "geometry": { "type": "Polygon", "coordinates": [ [ [ 629150.250000000116415, 5220841.147054241970181 ], [ 629150.750838871812448, 5220841.055478859692812 ], [ 629150.900138501543552, 5220841.299843525514007 ], [ 629151.074873933452182, 5220841.274845514446497 ], [ 629151.099840600392781, 5220841.200155238620937 ], [ 629150.998516332940198, 5220841.167553439736366 ], [ 629150.899833474308252, 5220840.950091033242643 ], [ 629150.807138573261909, 5220840.897608288563788 ], [ 629150.827820895938203, 5220840.570081146433949 ], [ 629150.942721476429142, 5220840.411117332987487 ], [ 629151.304658779408783, 5220840.568629380315542 ], [ 629151.325159026542678, 5220840.649840973317623 ], [ 629151.37487636890728, 5220840.649840394034982 ], [ 629151.39982919045724, 5220840.599937243387103 ], [ 629151.399840973666869, 5220840.57515902724117 ], [ 629151.317189787514508, 5220840.568657698109746 ], [ 629150.994909298955463, 5220840.314687243662775 ], [ 629150.999832467758097, 5220840.175134853459895 ], [ 629150.874908668571152, 5220840.025160766206682 ], [ 629150.524927239166573, 5220839.875159327872097 ], [ 629150.449933751486242, 5220839.950463955290616 ], [ 629150.350160012021661, 5220840.175058911554515 ], [ 629150.350159026565962, 5220840.249840972945094 ], [ 629150.537305782432668, 5220840.256867403164506 ], [ 629150.674550755415112, 5220840.425239414907992 ], [ 629150.725150385522284, 5220840.574838343076408 ], [ 629150.812703921110369, 5220840.59211378544569 ], [ 629150.800159103120677, 5220840.920998901128769 ], [ 629150.748952164081857, 5220841.050758837722242 ], [ 629150.250159026589245, 5220841.125159027054906 ], [ 629150.250000000116415, 5220841.147054241970181 ] ] ] } },
{ "type": "Feature", "properties": { "label": "vineyard", "area_m2": 0.1289817161503842 }, "geometry": { "type": "Polygon", "coordinates": [ [ [ 629188.300000000046566, 5220840.522054241970181 ], [ 629188.527945770765655, 5220840.575000000186265 ], [ 629188.749840973643586, 5220840.574840973131359 ], [ 629188.788412688765675, 5220840.504791546612978 ], [ 629189.151971885818057, 5220840.524976092390716 ], [ 629189.224872449995019, 5220840.524841896258295 ], [ 629189.424134866450913, 5220840.400687597692013 ], [ 629189.44984097359702, 5220840.275159027427435 ], [ 629189.275141055695713, 5220840.275162756443024 ], [ 629189.119155943044461, 5220840.519171023741364 ], [ 629188.765496325911954, 5220840.500197626650333 ], [ 629188.674913461203687, 5220840.400154009461403 ], [ 629188.524927722057328, 5220840.35015775449574 ], [ 629188.402945769368671, 5220840.349999999627471 ], [ 629188.325138540589251, 5220840.400143761187792 ], [ 629188.300000000046566, 5220840.522054241970181 ] ] ] } },
{ "type": "Feature", "properties": { "label": "vineyard", "area_m2": 0.58535984628776738 }, "geometry": { "type": "Polygon", "coordinates": [ [ [ 629171.675117070553824, 5220841.824942679144442 ], [ 629171.825103081995621, 5220841.999885170720518 ], [ 629171.899949504761025, 5220841.999882595613599 ], [ 629171.974882929236628, 5220841.949942679144442 ], [ 629172.399882595054805, 5220840.874949505552649 ], [ 629172.433710968820378, 5220840.72515950538218 ], [ 629172.499882929259911, 5220840.624942678958178 ], [ 629172.499885719153099, 5220840.550114280544221 ], [ 629172.415847478318028, 5220840.504021783359349 ], [ 629172.399885719292797, 5220840.375114280730486 ], [ 629172.315847478341311, 5220840.329021783545613 ], [ 629172.29988571931608, 5220840.225114280357957 ], [ 629172.125114280846901, 5220840.200114279985428 ], [ 629172.125115209026262, 5220840.274904671125114 ], [ 629172.249090338591486, 5220840.332838837988675 ], [ 629172.272002549609169, 5220840.424300316721201 ], [ 629172.125107726198621, 5220840.550065791234374 ], [ 629171.925117404898629, 5220840.825050494633615 ], [ 629171.925114280660637, 5220840.899885719642043 ], [ 629171.998551822383888, 5220840.923608614131808 ], [ 629172.032613507471979, 5220840.983287122100592 ], [ 629171.984594755806029, 5220841.241846609860659 ], [ 629171.915036359685473, 5220841.295068319886923 ], [ 629171.70011516334489, 5220841.350096261128783 ], [ 629171.786845447029918, 5220841.557589498348534 ], [ 629171.762448828201741, 5220841.633580317720771 ], [ 629171.675117070553824, 5220841.725057320669293 ], [ 629171.675117070553824, 5220841.824942679144442 ] ] ] } },
{ "type": "Feature", "properties": { "label": "vineyard", "area_m2": 0.34270121414986876 }, "geometry": { "type": "Polygon", "coordinates": [ [ [ 629150.500000000116415, 5220839.872054241597652 ], [ 629150.899840973666869, 5220840.04984097275883 ], [ 629150.974532424705103, 5220839.829966089688241 ], [ 629151.154373314930126, 5220839.756547848694026 ], [ 629151.25010475423187, 5220839.824833662249148 ], [ 629151.350895822630264, 5220839.831411032937467 ], [ 629151.492823238600977, 5220839.994416497647762 ], [ 629151.500170704326592, 5220840.249913609586656 ], [ 629151.525086390553042, 5220840.274829294532537 ], [ 629151.549876373261213, 5220840.27484040055424 ], [ 629151.649829247849993, 5220840.074937266297638 ], [ 629151.624876369023696, 5220840.000159606337547 ], [ 629151.495624667149968, 5220839.987794672138989 ], [ 629151.383664668537676, 5220839.812381536699831 ], [ 629151.47493176581338, 5220839.426065921783447 ], [ 629151.350437209941447, 5220839.250887980684638 ], [ 629150.973696055822074, 5220839.129698680713773 ], [ 629150.874937261338346, 5220839.050170765258372 ], [ 629150.825150369200855, 5220839.050161644816399 ], [ 629150.800073871854693, 5220839.125951167196035 ], [ 629150.850155237130821, 5220839.374840600416064 ], [ 629150.924840973573737, 5220839.374840972945094 ], [ 629150.945062363054603, 5220839.163901127874851 ], [ 629150.99469701142516, 5220839.138806758448482 ], [ 629151.191003599669784, 5220839.206658172421157 ], [ 629151.200166336027905, 5220839.274895244278014 ], [ 629151.273417730466463, 5220839.374231171794236 ], [ 629151.272092550760135, 5220839.498561531305313 ], [ 629151.133879507775418, 5220839.670109141618013 ], [ 629150.750086389598437, 5220839.650170707143843 ], [ 629150.500159026589245, 5220839.82515902724117 ], [ 629150.500000000116415, 5220839.872054241597652 ] ] ] } },
{ "type": "Feature", "properties": { "label": "vineyard", "area_m2": 0.75581456813738013 }, "geometry": { "type": "Polygon", "coordinates": [ [ [ 629147.125114280846901, 5220841.599885719828308 ], [ 629147.599885719129816, 5220841.599885719828308 ], [ 629147.682923092972487, 5220841.300081362016499 ], [ 629147.849882594891824, 5220841.124949505552649 ], [ 629147.949882085900754, 5220840.649959901347756 ], [ 629147.9278372337576, 5220840.472440549172461 ], [ 629147.999884385848418, 5220840.399912942200899 ], [ 629148.049882595078088, 5220840.274949505925179 ], [ 629148.049882929422893, 5220840.125057321973145 ], [ 629148.024942678050138, 5220840.100117069669068 ], [ 629147.70009532943368, 5220839.975115208886564 ], [ 629147.661501875845715, 5220840.159193952567875 ], [ 629147.525117070646957, 5220840.275057322345674 ], [ 629147.520068318583071, 5220840.540036363527179 ], [ 629147.275117070763372, 5220841.050057320855558 ], [ 629147.245068318559788, 5220841.265036364085972 ], [ 629147.200117070577107, 5220841.325057321228087 ], [ 629147.19506832130719, 5220841.465036354959011 ], [ 629147.125114280846901, 5220841.599885719828308 ] ] ] } },
{ "type": "Feature", "properties": { "label": "vineyard", "area_m2": 0.64605434810123097 }, "geometry": { "type": "Polygon", "coordinates": [ [ [ 629166.650165482889861, 5220840.17504713870585 ], [ 629166.700153264217079, 5220840.449922187253833 ], [ 629166.800097125698812, 5220840.549830536358058 ], [ 629166.973041328485124, 5220840.549976057372987 ], [ 629167.199841778958216, 5220840.324871939606965 ], [ 629167.249927192693576, 5220840.175961030647159 ], [ 629167.200200840830803, 5220840.077782846055925 ], [ 629167.199842096073553, 5220839.825075418688357 ], [ 629167.10313149006106, 5220839.734821303747594 ], [ 629167.124668962904252, 5220839.482444572262466 ], [ 629167.156109883449972, 5220839.450775653123856 ], [ 629167.599839012371376, 5220839.399850296787918 ], [ 629167.599841616000049, 5220839.2500562639907 ], [ 629167.499924584524706, 5220839.025157902389765 ], [ 629167.200045876554213, 5220839.025158909149468 ], [ 629167.125080303172581, 5220839.050154254771769 ], [ 629167.025154639268294, 5220839.150099604390562 ], [ 629166.975158210028894, 5220839.275049568153918 ], [ 629166.950842280173674, 5220839.706472212448716 ], [ 629166.800147766480222, 5220839.775152888149023 ], [ 629166.725752101279795, 5220839.923781106248498 ], [ 629166.650165482889861, 5220840.17504713870585 ] ] ] } },
{ "type": "Feature", "properties": { "label": "vineyard", "area_m2": 0.5993118243438692 }, "geometry": { "type": "Polygon", "coordinates": [ [ [ 629163.825116275227629, 5220840.799926441162825 ], [ 629163.92505732155405, 5220840.899882930330932 ], [ 629163.999885719269514, 5220840.899885719642043 ], [ 629164.232979399850592, 5220840.539867068640888 ], [ 629164.399884836748242, 5220840.44990373775363 ], [ 629164.42590423009824, 5220840.382844829931855 ], [ 629164.49994267791044, 5220840.349882930517197 ], [ 629164.624891330953687, 5220840.1999228335917 ], [ 629164.699882595101371, 5220840.074949505738914 ], [ 629164.749884790973738, 5220839.825095330365002 ], [ 629164.299949504784308, 5220839.625117404386401 ], [ 629164.225057321949862, 5220839.625117070041597 ], [ 629164.125107726198621, 5220839.72506579104811 ], [ 629164.000117914169095, 5220840.050040097907186 ], [ 629164.020533868460916, 5220840.263804521411657 ], [ 629163.900116275413893, 5220840.40007355902344 ], [ 629163.825116275227629, 5220840.799926441162825 ] ] ] } },
{ "type": "Feature", "properties": { "label": "vineyard", "area_m2": 0.032551183464714868 }, "geometry": { "type": "Polygon", "coordinates": [ [ [ 629172.475000000093132, 5220839.672054241411388 ], [ 629172.549896535347216, 5220839.674836050719023 ], [ 629172.674829295836389, 5220839.574913608841598 ], [ 629172.608023607637733, 5220839.58430383913219 ], [ 629172.554950753692538, 5220839.47873514611274 ], [ 629172.588337644236162, 5220839.44238780066371 ], [ 629172.674956280738115, 5220839.42741581518203 ], [ 629172.724414944299497, 5220839.220234155654907 ], [ 629172.799840973573737, 5220839.199840973131359 ], [ 629172.799840973573737, 5220839.100159026682377 ], [ 629172.725159026565962, 5220839.100159026682377 ], [ 629172.677316487766802, 5220839.401348368264735 ], [ 629172.600086374790408, 5220839.425170682370663 ], [ 629172.500153997563757, 5220839.525086531415582 ], [ 629172.475000000093132, 5220839.672054241411388 ] ] ] } },
{ "type": "Feature", "properties": { "label": "vineyard", "area_m2": 0.51424989828534939 }, "geometry": { "type": "Polygon", "coordinates": [ [ [ 629147.700117514003068, 5220839.950062812305987 ], [ 629147.725071076536551, 5220839.99989362899214 ], [ 629148.025042403722182, 5220840.124881482683122 ], [ 629148.174902712111361, 5220839.999892658554018 ], [ 629148.224881483591162, 5220839.874957595020533 ], [ 629148.231263106572442, 5220839.4820805080235 ], [ 629148.297364016296342, 5220839.427832891233265 ], [ 629148.42493718827609, 5220839.424882484599948 ], [ 629148.499881483614445, 5220839.299957594834268 ], [ 629148.499881805619225, 5220839.075048957951367 ], [ 629148.474904862698168, 5220839.025115927681327 ], [ 629148.200042403652333, 5220839.000118517316878 ], [ 629148.125078020617366, 5220839.025116767734289 ], [ 629147.97510637214873, 5220839.150071076117456 ], [ 629147.775117514072917, 5220839.450062812305987 ], [ 629147.775118194753304, 5220839.549951042048633 ], [ 629147.82826412061695, 5220839.685632551088929 ], [ 629147.700117514003068, 5220839.950062812305987 ] ] ] } },
{ "type": "Feature", "properties": { "label": "vineyard", "area_m2": 0.49253900730028666 }, "geometry": { "type": "Polygon", "coordinates": [ [ [ 629150.850000000093132, 5220839.047054241411388 ], [ 629150.949862580979243, 5220839.099837977439165 ], [ 629151.058095352491364, 5220838.981131753884256 ], [ 629151.147107934812084, 5220838.97570641990751 ], [ 629151.243209286825731, 5220839.050543908961117 ], [ 629151.225159604102373, 5220839.224876368418336 ], [ 629151.274121476570144, 5220839.249417869374156 ], [ 629151.349924020352773, 5220839.249841925688088 ], [ 629151.549840396037325, 5220839.1748763686046 ], [ 629151.552952071535401, 5220839.074307556264102 ], [ 629151.650101755163632, 5220838.925016283988953 ], [ 629151.849837479530834, 5220838.79985586553812 ], [ 629151.802864146884531, 5220838.381797482259572 ], [ 629151.871041935984977, 5220838.25689150672406 ], [ 629151.924840400810353, 5220838.224876373074949 ], [ 629151.89922710985411, 5220838.074407222680748 ], [ 629151.849913623998873, 5220838.025170682929456 ], [ 629151.475159026565962, 5220838.025159027427435 ], [ 629151.475170809775591, 5220838.099937243387103 ], [ 629151.599832173902541, 5220838.358121906407177 ], [ 629151.599352091667242, 5220838.483903805725276 ], [ 629151.55017074639909, 5220838.600062730722129 ], [ 629151.518271188717335, 5220838.830653134733438 ], [ 629151.442383647547103, 5220838.906633660197258 ], [ 629151.400988356675953, 5220838.908444994129241 ], [ 629151.283891312777996, 5220838.826582279056311 ], [ 629151.274828078225255, 5220838.750123266130686 ], [ 629151.174861500738189, 5220838.600156471133232 ], [ 629151.100096111884341, 5220838.600157581269741 ], [ 629151.050169957219623, 5220838.650101599283516 ], [ 629151.04736161720939, 5220838.727539022453129 ], [ 629150.975848525762558, 5220838.872975711710751 ], [ 629150.87463308183942, 5220838.951035446487367 ], [ 629150.850000000093132, 5220839.047054241411388 ] ] ] } },
{ "type": "Feature", "properties": { "label": "vineyard", "area_m2": 0.35646290850966128 }, "geometry": { "type": "Polygon", "coordinates": [ [ [ 629164.253122025518678, 5220839.625658947043121 ], [ 629164.749885719153099, 5220839.824885719455779 ], [ 629164.810785002075136, 5220839.641306067816913 ], [ 629164.974882085807621, 5220839.37495990190655 ], [ 629164.974883437622339, 5220839.075067698955536 ], [ 629164.874934207415208, 5220838.925107725895941 ], [ 629164.750040098908357, 5220838.875117913819849 ], [ 629164.625107726315036, 5220838.950065792538226 ], [ 629164.475117914145812, 5220839.325040097348392 ], [ 629164.531319980858825, 5220839.426919408142567 ], [ 629164.523243132396601, 5220839.495157863944769 ], [ 629164.350144570576958, 5220839.593051818199456 ], [ 629164.250114280730486, 5220839.600114280357957 ], [ 629164.253122025518678, 5220839.625658947043121 ] ] ] } },
{ "type": "Feature", "properties": { "label": "vineyard", "area_m2": 0.15232400548443381 }, "geometry": { "type": "Polygon", "coordinates": [ [ [ 629148.625118516618386, 5220838.225042404606938 ], [ 629148.650114952586591, 5220838.44988504704088 ], [ 629148.874885047669522, 5220838.399885047227144 ], [ 629148.874882486183196, 5220838.100062810815871 ], [ 629148.827576448209584, 5220838.03285600990057 ], [ 629148.82971132430248, 5220837.877108873799443 ], [ 629148.899567712331191, 5220837.813794733025134 ], [ 629149.04993718827609, 5220837.824882484972477 ], [ 629149.074885047622956, 5220837.775114953517914 ], [ 629148.800114952493459, 5220837.67511495295912 ], [ 629148.675118194543757, 5220837.950048957951367 ], [ 629148.625118516618386, 5220838.225042404606938 ] ] ] } },
{ "type": "Feature", "properties": { "label": "vineyard", "area_m2": 0.624926971934194 }, "geometry": { "type": "Polygon", "coordinates": [ [ [ 629170.350114280707203, 5220838.325114279985428 ], [ 629170.350114280823618, 5220838.399885719642043 ], [ 629170.69993290072307, 5220838.399883409030735 ], [ 629170.774885170743801, 5220838.349896918050945 ], [ 629170.795768335810862, 5220838.275468989275396 ], [ 629170.949882595101371, 5220838.09994950518012 ], [ 629170.899882929516025, 5220837.92505732178688 ], [ 629170.82147705135867, 5220837.832698511891067 ], [ 629170.82268694054801, 5220837.76399437431246 ], [ 629170.867947221850045, 5220837.712291093543172 ], [ 629171.149885719292797, 5220837.599885719828308 ], [ 629171.199882595101371, 5220837.47494950518012 ], [ 629171.199885719339363, 5220837.300114280544221 ], [ 629171.127860326319933, 5220837.288192126899958 ], [ 629171.079305966501124, 5220837.22902846802026 ], [ 629171.077201985986903, 5220837.095110203139484 ], [ 629171.124884998425841, 5220836.975099563598633 ], [ 629171.049900436657481, 5220836.900115001015365 ], [ 629170.959963640314527, 5220836.895068319514394 ], [ 629170.800114280660637, 5220836.825114279985428 ], [ 629170.784152521635406, 5220836.904021782800555 ], [ 629170.70011428068392, 5220836.950114279985428 ], [ 629170.66244882682804, 5220837.058580319397151 ], [ 629170.60011707060039, 5220837.125057321973145 ], [ 629170.575117070460692, 5220837.44994267821312 ], [ 629170.66804180003237, 5220837.529610560275614 ], [ 629170.757613506400958, 5220837.791712883859873 ], [ 629170.698037598049268, 5220837.867074030451477 ], [ 629170.500095329596661, 5220837.900115208700299 ], [ 629170.475117404945195, 5220837.950050493702292 ], [ 629170.470118050579913, 5220838.246600828133523 ], [ 629170.417993464041501, 5220838.30575970839709 ], [ 629170.350114280707203, 5220838.325114279985428 ] ] ] } },
{ "type": "Feature", "properties": { "label": "vineyard", "area_m2": 0.16372335042449759 }, "geometry": { "type": "Polygon", "coordinates": [ [ [ 629189.950116360210814, 5220838.425086298957467 ], [ 629189.975114952540025, 5220838.57488504704088 ], [ 629190.047545121051371, 5220838.575000000186265 ], [ 629190.085179953253828, 5220838.521165356971323 ], [ 629190.149904862744734, 5220838.499884072691202 ], [ 629190.249884074204601, 5220838.399904862977564 ], [ 629190.26685303892009, 5220838.169442975893617 ], [ 629190.320971532375552, 5220838.129305966198444 ], [ 629190.399885047692806, 5220838.124885046854615 ], [ 629190.399885047692806, 5220838.000114953145385 ], [ 629190.304289321997203, 5220837.97071067802608 ], [ 629190.249937188345939, 5220837.850117514841259 ], [ 629190.175095137441531, 5220837.850115926936269 ], [ 629190.111574250273407, 5220838.039452227763832 ], [ 629190.000115926028229, 5220838.150095138698816 ], [ 629190.024480752646923, 5220838.338474308140576 ], [ 629189.950116360210814, 5220838.425086298957467 ] ] ] } },
{ "type": "Feature", "properties": { "label": "vineyard", "area_m2": 0.51675052407908872 }, "geometry": { "type": "Polygon", "coordinates": [ [ [ 629151.475169116165489, 5220837.39988128375262 ], [ 629151.550118715502322, 5220837.474830881692469 ], [ 629151.823772210627794, 5220837.478009471669793 ], [ 629151.943433169042692, 5220837.596817738376558 ], [ 629151.943669645232148, 5220837.673545345664024 ], [ 629151.775160071789287, 5220837.77514841593802 ], [ 629151.775159026612528, 5220837.849840972572565 ], [ 629151.849867969052866, 5220837.849842133931816 ], [ 629152.10576095758006, 5220837.663272787816823 ], [ 629152.315397162805311, 5220837.818588868714869 ], [ 629152.325159026542678, 5220837.899840973317623 ], [ 629152.398904285510071, 5220837.899933229200542 ], [ 629152.399840973666869, 5220837.82515902724117 ], [ 629152.31969846051652, 5220837.81872155610472 ], [ 629152.10711145575624, 5220837.650785927660763 ], [ 629152.099834545282647, 5220837.50013077724725 ], [ 629151.993431740324013, 5220837.329294933006167 ], [ 629151.996046166284941, 5220837.289122316055 ], [ 629152.124839928466827, 5220837.199851584620774 ], [ 629152.13346903200727, 5220837.13002033252269 ], [ 629152.25512408267241, 5220837.035409619100392 ], [ 629152.400128381210379, 5220837.124844788573682 ], [ 629152.62169440719299, 5220837.175809382461011 ], [ 629152.673046994372271, 5220837.259835890494287 ], [ 629152.675159026519395, 5220837.374840972945094 ], [ 629152.749913609703071, 5220837.374829294160008 ], [ 629152.774927090387791, 5220837.300970748998225 ], [ 629152.699844916467555, 5220837.075084857642651 ], [ 629152.501883808989078, 5220836.99763248115778 ], [ 629152.39985010761302, 5220836.825131040997803 ], [ 629151.901064866804518, 5220836.625068286433816 ], [ 629151.825250377063639, 5220836.924159361980855 ], [ 629151.849011997808702, 5220837.051997177302837 ], [ 629151.8263575831661, 5220837.182262344285846 ], [ 629151.575139077496715, 5220837.225160390138626 ], [ 629151.475169116165489, 5220837.39988128375262 ] ] ] } },
{ "type": "Feature", "properties": { "label": "vineyard", "area_m2": 0.62895517634733589 }, "geometry": { "type": "Polygon", "coordinates": [ [ [ 629164.900170752429403, 5220838.199937266297638 ], [ 629165.000086384825408, 5220838.374829302541912 ], [ 629165.149937267880887, 5220838.374829245731235 ], [ 629165.27484670910053, 5220838.299895106814802 ], [ 629165.449834852479398, 5220837.999890832230449 ], [ 629165.52451990172267, 5220837.800904016010463 ], [ 629165.503529050853103, 5220837.682985998690128 ], [ 629165.551511080819182, 5220837.450740388594568 ], [ 629165.674418014474213, 5220837.277212526649237 ], [ 629165.799843879998662, 5220837.199857024475932 ], [ 629165.824840528424829, 5220836.950048175640404 ], [ 629165.799844952998683, 5220836.875084832310677 ], [ 629165.724908687057905, 5220836.800160743296146 ], [ 629165.575079986825585, 5220836.750165113247931 ], [ 629165.450153289944865, 5220836.850104893557727 ], [ 629165.419621938024648, 5220837.088669678196311 ], [ 629165.27918808045797, 5220837.245212872512639 ], [ 629165.200161641812883, 5220837.275150368921459 ], [ 629165.200159589992836, 5220837.374876382760704 ], [ 629165.244865115731955, 5220837.421878800727427 ], [ 629165.202893370762467, 5220837.634850240312517 ], [ 629165.0751706964802, 5220837.725086383521557 ], [ 629165.04897602496203, 5220837.89741924405098 ], [ 629164.924824207555503, 5220838.02594252768904 ], [ 629164.900170752429403, 5220838.199937266297638 ] ] ] } },
{ "type": "Feature", "properties": { "label": "vineyard", "area_m2": 0.20562986617953088 }, "geometry": { "type": "Polygon", "coordinates": [ [ [ 629178.875000000116415, 5220837.422054241411388 ], [ 629179.142399921780452, 5220837.382835906930268 ], [ 629179.175158330821432, 5220837.474846433848143 ], [ 629179.749840973643586, 5220837.54984097275883 ], [ 629179.651926526217721, 5220837.374746110290289 ], [ 629179.69984097359702, 5220837.07515902724117 ], [ 629179.350086389575154, 5220837.025170707143843 ], [ 629179.270290388609283, 5220837.277288906276226 ], [ 629179.182189122540876, 5220837.367760620079935 ], [ 629178.875159026589245, 5220837.400159027427435 ], [ 629178.875000000116415, 5220837.422054241411388 ] ] ] } },
{ "type": "Feature", "properties": { "label": "vineyard", "area_m2": 0.60471674454519897 }, "geometry": { "type": "Polygon", "coordinates": [ [ [ 629184.050117404898629, 5220837.574949505738914 ], [ 629184.075096262153238, 5220837.624884836375713 ], [ 629184.199885719339363, 5220837.649885719642043 ], [ 629184.233528573298827, 5220837.536770232021809 ], [ 629184.374885719153099, 5220837.499885719269514 ], [ 629184.407890318892896, 5220837.213164233602583 ], [ 629184.466522798058577, 5220837.177011684514582 ], [ 629184.5548897953704, 5220837.177201986312866 ], [ 629184.683051135390997, 5220837.26557604689151 ], [ 629184.683111217338592, 5220837.332915928214788 ], [ 629184.625117405084893, 5220837.450050493702292 ], [ 629184.625117914285511, 5220837.599959902465343 ], [ 629184.650117070646957, 5220837.724942677654326 ], [ 629184.697552486904897, 5220837.75 ], [ 629184.724892274243757, 5220837.72493420727551 ], [ 629184.999882594915107, 5220837.174949506297708 ], [ 629184.999882929376327, 5220837.100057320669293 ], [ 629184.94989969744347, 5220837.025099067948759 ], [ 629184.826742072356865, 5220836.968068172223866 ], [ 629184.802361638052389, 5220836.878395596519113 ], [ 629184.853536098729819, 5220836.811449981294572 ], [ 629184.949904670007527, 5220836.799884791485965 ], [ 629185.024882595054805, 5220836.674949506297708 ], [ 629185.024884790997021, 5220836.600095328874886 ], [ 629184.874949503922835, 5220836.525117403827608 ], [ 629184.75005732208956, 5220836.525117069482803 ], [ 629184.67509906925261, 5220836.575100301764905 ], [ 629184.567859904724173, 5220836.737984274514019 ], [ 629184.495855232700706, 5220836.76380402315408 ], [ 629184.393129628384486, 5220836.710721618495882 ], [ 629184.374885719269514, 5220836.600114280357957 ], [ 629184.300114280660637, 5220836.600114280357957 ], [ 629184.300114280660637, 5220836.699885719455779 ], [ 629184.379484305623919, 5220836.739318493753672 ], [ 629184.39763836201746, 5220836.821604403667152 ], [ 629184.34646390134003, 5220836.888550018891692 ], [ 629184.175117070553824, 5220836.925057320855558 ], [ 629184.07511428068392, 5220837.224885719828308 ], [ 629184.216347828973085, 5220837.275180445984006 ], [ 629184.247638361994177, 5220837.371604403480887 ], [ 629184.18770244193729, 5220837.442620331421494 ], [ 629184.075095329899341, 5220837.450115208514035 ], [ 629184.050117404898629, 5220837.574949505738914 ] ] ] } },
{ "type": "Feature", "properties": { "label": "vineyard", "area_m2": 0.21666205342694897 }, "geometry": { "type": "Polygon", "coordinates": [ [ [ 629187.025114280870184, 5220837.999885719269514 ], [ 629187.274885719292797, 5220837.999885719269514 ], [ 629187.308710964513011, 5220837.775159515440464 ], [ 629187.449882595101371, 5220837.59994950518012 ], [ 629187.450663667288609, 5220837.476758068427444 ], [ 629187.499882594915107, 5220837.374949505552649 ], [ 629187.524885719292797, 5220837.200114279985428 ], [ 629187.424942677957006, 5220837.150117069482803 ], [ 629187.325057322042994, 5220837.150117069482803 ], [ 629187.200117070577107, 5220837.250057321973145 ], [ 629187.19779801403638, 5220837.554889797233045 ], [ 629187.150117070646957, 5220837.625057321041822 ], [ 629187.13921500032302, 5220837.75869392696768 ], [ 629187.025117070646957, 5220837.900057322345674 ], [ 629187.025114280870184, 5220837.999885719269514 ] ] ] } },
{ "type": "Feature", "properties": { "label": "vineyard", "area_m2": 0.71099554073832716 }, "geometry": { "type": "Polygon", "coordinates": [ [ [ 629181.475159026565962, 5220837.199840973131359 ], [ 629181.956631457898766, 5220837.351024335250258 ], [ 629181.87515807361342, 5220837.674842673353851 ], [ 629182.324876373284496, 5220837.699840400367975 ], [ 629182.799821835942566, 5220836.549937957897782 ], [ 629182.799821105320007, 5220836.475129269063473 ], [ 629182.676711503183469, 5220836.17619011271745 ], [ 629182.649845515028574, 5220835.975126065313816 ], [ 629182.525100086932071, 5220835.950168951414526 ], [ 629182.375158638576977, 5220836.025143454782665 ], [ 629182.299122507800348, 5220836.947754984721541 ], [ 629182.102059980039485, 5220837.288969828747213 ], [ 629181.99958227830939, 5220837.299774151295424 ], [ 629181.552811237052083, 5220837.203357040882111 ], [ 629181.524840973666869, 5220837.100159026682377 ], [ 629181.500150369247422, 5220837.100161644630134 ], [ 629181.475159026565962, 5220837.199840973131359 ] ] ] } },
{ "type": "Feature", "properties": { "label": "vineyard", "area_m2": 0.41572657132670909 }, "geometry": { "type": "Polygon", "coordinates": [ [ [ 629167.425117513979785, 5220838.499937187880278 ], [ 629167.500048958463594, 5220838.549881804734468 ], [ 629167.749937188345939, 5220838.524882485158741 ], [ 629167.874883233336732, 5220838.399921978823841 ], [ 629167.906457257107832, 5220838.323889017105103 ], [ 629167.999884074204601, 5220838.274904862977564 ], [ 629168.032844104571268, 5220838.2009048871696 ], [ 629168.14992892392911, 5220838.149893629364669 ], [ 629168.224882486159913, 5220838.074937188997865 ], [ 629168.19988248613663, 5220837.800062811002135 ], [ 629168.100552708026953, 5220837.644521198235452 ], [ 629168.122698954772204, 5220837.536560671404004 ], [ 629168.249882486183196, 5220837.474937187507749 ], [ 629168.19988248613663, 5220837.150062812492251 ], [ 629168.149904862744734, 5220837.075115927495062 ], [ 629168.100062811863609, 5220837.075117515400052 ], [ 629168.000115926028229, 5220837.150095137767494 ], [ 629167.995359070715494, 5220837.408407477661967 ], [ 629167.925116360187531, 5220837.475086298771203 ], [ 629167.918056286987849, 5220837.550135501660407 ], [ 629167.875117150251754, 5220837.600070216692984 ], [ 629167.900000000139698, 5220837.934021859429777 ], [ 629167.862286476418376, 5220838.102093107998371 ], [ 629167.775117514072917, 5220838.17506281286478 ], [ 629167.767725812853314, 5220838.250964557752013 ], [ 629167.724289815290831, 5220838.30053098872304 ], [ 629167.525062811910175, 5220838.300117515027523 ], [ 629167.450099301990122, 5220838.350099300965667 ], [ 629167.425117513979785, 5220838.499937187880278 ] ] ] } },
{ "type": "Feature", "properties": { "label": "vineyard", "area_m2": 0.60344648670940049 }, "geometry": { "type": "Polygon", "coordinates": [ [ [ 629148.800756532000378, 5220837.499858158640563 ], [ 629148.800117070437409, 5220837.67494267784059 ], [ 629148.825057321926579, 5220837.699882930144668 ], [ 629149.000050495145842, 5220837.774882595986128 ], [ 629149.099942678003572, 5220837.774882930330932 ], [ 629149.199882929562591, 5220837.67494267784059 ], [ 629149.206948180217296, 5220837.499855434522033 ], [ 629149.349882595008239, 5220837.324949505738914 ], [ 629149.407923093531281, 5220837.075081361457705 ], [ 629149.549882929539308, 5220836.94994267821312 ], [ 629149.569240285665728, 5220836.882006544619799 ], [ 629149.649883724749088, 5220836.799926441162825 ], [ 629149.699882085900754, 5220836.599959901534021 ], [ 629149.699882929446176, 5220836.425057320855558 ], [ 629149.674942677957006, 5220836.400117069482803 ], [ 629149.375114280846901, 5220836.300114280544221 ], [ 629149.200117404921912, 5220836.650050493888557 ], [ 629149.188902733614668, 5220836.895785411819816 ], [ 629148.925116275204346, 5220837.050073557533324 ], [ 629148.943989228224382, 5220837.211853430606425 ], [ 629148.875117405084893, 5220837.325050493702292 ], [ 629148.862288830452599, 5220837.452092008665204 ], [ 629148.800756532000378, 5220837.499858158640563 ] ] ] } },
{ "type": "Feature", "properties": { "label": "vineyard", "area_m2": 0.43983857553790817 }, "geometry": { "type": "Polygon", "coordinates": [ [ [ 629151.925000000046566, 5220836.622054241597652 ], [ 629152.351152632618323, 5220836.824936024844646 ], [ 629152.3999136100756, 5220836.824829294346273 ], [ 629152.530669789994135, 5220836.67842579074204 ], [ 629152.817305866046809, 5220836.69987927377224 ], [ 629152.900118678342551, 5220836.849842561408877 ], [ 629152.974876373307779, 5220836.849840399809182 ], [ 629153.049829247756861, 5220836.699937266297638 ], [ 629153.024869343265891, 5220836.550129738636315 ], [ 629152.875159026589245, 5220836.525159027427435 ], [ 629152.873547526309267, 5220836.637415746226907 ], [ 629152.828709291643463, 5220836.689850114285946 ], [ 629152.550736226025037, 5220836.578806375153363 ], [ 629152.553174987435341, 5220836.385603688657284 ], [ 629152.799841886735521, 5220835.949872445315123 ], [ 629152.799842573353089, 5220835.900145251303911 ], [ 629152.650123631348833, 5220835.850159605965018 ], [ 629152.474007950979285, 5220836.148753270506859 ], [ 629152.347414381802082, 5220836.1993068754673 ], [ 629152.150104867876507, 5220836.22515326179564 ], [ 629152.024626768310554, 5220836.351030313409865 ], [ 629151.925000000046566, 5220836.622054241597652 ] ] ] } },
{ "type": "Feature", "properties": { "label": "vineyard", "area_m2": 0.25454997404700885 }, "geometry": { "type": "Polygon", "coordinates": [ [ [ 629190.575163261964917, 5220836.500104249455035 ], [ 629190.650158377480693, 5220836.924841623753309 ], [ 629190.799844791763462, 5220836.89984479919076 ], [ 629190.879620694788173, 5220836.570775459520519 ], [ 629191.199835247593001, 5220836.074864271096885 ], [ 629191.224841622635722, 5220835.875158376991749 ], [ 629191.000143487704918, 5220835.87516188621521 ], [ 629190.900157481897622, 5220836.050126891583204 ], [ 629190.915001334622502, 5220836.2616525311023 ], [ 629190.800894226646051, 5220836.393519594334066 ], [ 629190.650138415745459, 5220836.400159744545817 ], [ 629190.575163261964917, 5220836.500104249455035 ] ] ] } },
{ "type": "Feature", "properties": { "label": "vineyard", "area_m2": 0.41656834738477627 }, "geometry": { "type": "Polygon", "coordinates": [ [ [ 629193.450117514003068, 5220836.100062810815871 ], [ 629193.450114952516742, 5220836.44988504704088 ], [ 629193.499929783400148, 5220836.449882849119604 ], [ 629193.674900698242709, 5220836.349900698289275 ], [ 629193.720953235519119, 5220836.286590660922229 ], [ 629193.874928923789412, 5220836.224893628619611 ], [ 629193.958166590542533, 5220836.090395483188331 ], [ 629194.049895354546607, 5220836.074884540401399 ], [ 629194.099882849957794, 5220835.999929782934487 ], [ 629194.133721673395485, 5220835.800133715383708 ], [ 629194.224882486159913, 5220835.674937187694013 ], [ 629194.224885047646239, 5220835.600114952772856 ], [ 629194.049957596464083, 5220835.525118517689407 ], [ 629193.92267415241804, 5220835.523310549557209 ], [ 629193.775062811910175, 5220835.475117514841259 ], [ 629193.57511819456704, 5220835.850048957392573 ], [ 629193.561485429527238, 5220835.984224155545235 ], [ 629193.450117514003068, 5220836.100062810815871 ] ] ] } },
{ "type": "Feature", "properties": { "label": "vineyard", "area_m2": 0.33179873368874901 }, "geometry": { "type": "Polygon", "coordinates": [ [ [ 629149.375115926028229, 5220836.299904862418771 ], [ 629149.699885047622956, 5220836.424885046668351 ], [ 629149.727468907018192, 5220836.3028430538252 ], [ 629149.899882486206479, 5220836.224937187507749 ], [ 629149.949881483567879, 5220836.049957594834268 ], [ 629149.95055270800367, 5220835.805478801950812 ], [ 629149.999884074204601, 5220835.5500951372087 ], [ 629149.800095137441531, 5220835.525115927681327 ], [ 629149.692051028832793, 5220835.685111814178526 ], [ 629149.600115926004946, 5220835.750095137394965 ], [ 629149.584604516276158, 5220835.841833410784602 ], [ 629149.375117514049634, 5220836.125062812119722 ], [ 629149.375115926028229, 5220836.299904862418771 ] ] ] } },
{ "type": "Feature", "properties": { "label": "vineyard", "area_m2": 0.73380134444634815 }, "geometry": { "type": "Polygon", "coordinates": [ [ [ 629184.675117070437409, 5220836.29994267784059 ], [ 629184.823243132093921, 5220836.379842135123909 ], [ 629184.800114280660637, 5220836.524885719642043 ], [ 629184.975050496286713, 5220836.599882596172392 ], [ 629185.049926441395655, 5220836.599883724935353 ], [ 629185.199882929562591, 5220836.474942677654326 ], [ 629185.208199029555544, 5220836.382044208236039 ], [ 629185.274898909847252, 5220836.324907755479217 ], [ 629185.362551171798259, 5220836.0914196819067 ], [ 629185.474900930770673, 5220835.999899697490036 ], [ 629185.52488292939961, 5220835.924942678771913 ], [ 629185.533710969379172, 5220835.825159504078329 ], [ 629185.599999999976717, 5220835.747552487067878 ], [ 629185.599884790950455, 5220835.675095329061151 ], [ 629185.258209092426114, 5220835.481960345990956 ], [ 629185.218977374839596, 5220835.375699985772371 ], [ 629185.313876432133839, 5220835.259372271597385 ], [ 629185.385959078674205, 5220835.233686538413167 ], [ 629185.448166509973817, 5220835.259538032114506 ], [ 629185.600073558627628, 5220835.42488372605294 ], [ 629185.749884836724959, 5220835.399903737939894 ], [ 629185.724894586950541, 5220835.250078711658716 ], [ 629185.599926441209391, 5220835.100116275250912 ], [ 629185.450057321926579, 5220835.100117069669068 ], [ 629185.367445074021816, 5220835.146877656690776 ], [ 629185.249949504854158, 5220835.100117404013872 ], [ 629185.09589428268373, 5220835.111534100025892 ], [ 629185.038777578971349, 5220835.025987880304456 ], [ 629185.074882929446176, 5220834.875057321041822 ], [ 629185.000095329596661, 5220834.850115208886564 ], [ 629184.950117914122529, 5220834.975040097720921 ], [ 629184.925117914099246, 5220835.349959901534021 ], [ 629184.950115614105016, 5220835.499912942759693 ], [ 629185.022162765497342, 5220835.572440546005964 ], [ 629185.000117404968478, 5220835.774949504993856 ], [ 629185.0839174001012, 5220835.977119413204491 ], [ 629184.941746267839335, 5220836.15699346922338 ], [ 629184.842260126722977, 5220836.219570419751108 ], [ 629184.700057321926579, 5220836.250117070041597 ], [ 629184.675117070437409, 5220836.29994267784059 ] ] ] } },
{ "type": "Feature", "properties": { "label": "vineyard", "area_m2": 0.25535476424085135 }, "geometry": { "type": "Polygon", "coordinates": [ [ [ 629176.75015837745741, 5220836.650158376432955 ], [ 629176.902936944039539, 5220836.775000000372529 ], [ 629177.029946788796224, 5220836.676717414520681 ], [ 629177.19987337582279, 5220836.674843649379909 ], [ 629177.24982688378077, 5220836.599914260208607 ], [ 629177.27536019962281, 5220836.382195711135864 ], [ 629177.424231675569899, 5220836.262261872179806 ], [ 629177.699855415383354, 5220836.299843231216073 ], [ 629177.749841622659005, 5220836.125158376991749 ], [ 629177.67515837715473, 5220836.125158376991749 ], [ 629177.650281562935561, 5220836.285726179368794 ], [ 629177.425010577077046, 5220836.247604296542704 ], [ 629177.305509125813842, 5220836.325103951618075 ], [ 629177.212018389138393, 5220836.446896842680871 ], [ 629177.037936546374112, 5220836.426061539910734 ], [ 629176.872397172031924, 5220836.133659667335451 ], [ 629176.897541454178281, 5220836.021405509673059 ], [ 629177.062282618368044, 5220835.884116204455495 ], [ 629177.376942924922332, 5220835.916763436049223 ], [ 629177.424952087225392, 5220835.977291553281248 ], [ 629177.411541917128488, 5220835.806805809959769 ], [ 629177.724841622635722, 5220835.749841623008251 ], [ 629177.724841622635722, 5220835.675158376805484 ], [ 629177.650158377364278, 5220835.675158376805484 ], [ 629177.62564261816442, 5220835.751893262378871 ], [ 629177.41453466261737, 5220835.795196754857898 ], [ 629177.208963194279931, 5220835.629021463915706 ], [ 629177.19984162284527, 5220835.550158376805484 ], [ 629177.07507596258074, 5220835.550173593685031 ], [ 629177.000156685942784, 5220835.60011980496347 ], [ 629177.022199737373739, 5220835.782085314393044 ], [ 629176.967176105012186, 5220835.927823964506388 ], [ 629176.925123825087212, 5220835.950158897787333 ], [ 629176.875154063221999, 5220836.050064922310412 ], [ 629176.849999999976717, 5220836.177936942316592 ], [ 629176.850158377084881, 5220836.299841622821987 ], [ 629176.990920418058522, 5220836.418640323914587 ], [ 629176.998547444236465, 5220836.487413970753551 ], [ 629176.883804318378679, 5220836.64093794580549 ], [ 629176.75015837745741, 5220836.650158376432955 ] ] ] } },
{ "type": "Feature", "properties": { "label": "vineyard", "area_m2": 0.35366324303571139 }, "geometry": { "type": "Polygon", "coordinates": [ [ [ 629187.325117404921912, 5220836.874949505552649 ], [ 629187.425050496123731, 5220836.974882596172392 ], [ 629187.599885719129816, 5220836.974885719828308 ], [ 629187.688498124131002, 5220836.740806047804654 ], [ 629187.799882929422893, 5220836.624942678026855 ], [ 629187.837711169500835, 5220836.447907991707325 ], [ 629187.949882929446176, 5220836.324942679144442 ], [ 629187.899884791113436, 5220836.07509532943368 ], [ 629187.72495990106836, 5220836.000117913819849 ], [ 629187.525095329852775, 5220836.000115209259093 ], [ 629187.47511707060039, 5220836.149942678399384 ], [ 629187.581870371825062, 5220836.239278381690383 ], [ 629187.598078528069891, 5220836.319509032182395 ], [ 629187.53826834319625, 5220836.392387952655554 ], [ 629187.425114280660637, 5220836.400114280171692 ], [ 629187.325117404921912, 5220836.874949505552649 ] ] ] } },
{ "type": "Feature", "properties": { "label": "vineyard", "area_m2": 0.026579071677802258 }, "geometry": { "type": "Polygon", "coordinates": [ [ [ 629191.125161643954925, 5220835.299849629402161 ], [ 629191.197374255396426, 5220835.348573265597224 ], [ 629191.175159026519395, 5220835.67484097275883 ], [ 629191.249840973643586, 5220835.67484097275883 ], [ 629191.209565666154958, 5220835.363797296769917 ], [ 629191.274954041815363, 5220835.322585251182318 ], [ 629191.170037022209726, 5220835.304486073553562 ], [ 629191.147142143337987, 5220835.211026032455266 ], [ 629191.274840973666869, 5220835.050159026868641 ], [ 629191.200159026542678, 5220835.050159026868641 ], [ 629191.195017190882936, 5220835.117456220090389 ], [ 629191.125162620097399, 5220835.200108178891242 ], [ 629191.125161643954925, 5220835.299849629402161 ] ] ] } },
{ "type": "Feature", "properties": { "label": "vineyard", "area_m2": 0.87991843234330724 }, "geometry": { "type": "Polygon", "coordinates": [ [ [ 629152.600170764839277, 5220834.875062738545239 ], [ 629152.650170696550049, 5220835.849913615733385 ], [ 629152.824861499830149, 5220835.924843528307974 ], [ 629152.924828078248538, 5220835.774876733310521 ], [ 629152.900723870610818, 5220835.619631035253406 ], [ 629152.945035086362623, 5220835.436807151883841 ], [ 629153.329965369426645, 5220835.524291416630149 ], [ 629153.350159026565962, 5220835.699840973131359 ], [ 629153.424876368953846, 5220835.699840393848717 ], [ 629153.449841671506874, 5220835.55008090287447 ], [ 629153.341192810679786, 5220835.515920418314636 ], [ 629153.085755563341081, 5220835.229991694912314 ], [ 629153.204780314583331, 5220835.029454194940627 ], [ 629153.524911149288528, 5220835.024826359003782 ], [ 629153.599843034637161, 5220834.974871816113591 ], [ 629153.694610334932804, 5220834.623511651530862 ], [ 629153.774913609959185, 5220834.599829293787479 ], [ 629153.799829295836389, 5220834.550086391158402 ], [ 629153.200113762868568, 5220834.300172395072877 ], [ 629153.050156468409114, 5220834.400138499215245 ], [ 629153.038078723824583, 5220834.764281917363405 ], [ 629152.650086384848692, 5220834.800170697271824 ], [ 629152.600170764839277, 5220834.875062738545239 ] ] ] } },
{ "type": "Feature", "properties": { "label": "vineyard", "area_m2": 0.16116637045794571 }, "geometry": { "type": "Polygon", "coordinates": [ [ [ 629182.850157430279069, 5220834.349854744970798 ], [ 629183.091723120771348, 5220834.42359945550561 ], [ 629183.09517723985482, 5220834.442238857969642 ], [ 629183.075023908051662, 5220834.801971853710711 ], [ 629183.075157797313295, 5220834.899874745868146 ], [ 629183.198005841230042, 5220835.173566699028015 ], [ 629183.200159026542678, 5220835.324840973131359 ], [ 629183.274876369046979, 5220835.324840393848717 ], [ 629183.299829295836389, 5220835.200086390599608 ], [ 629183.177364984643646, 5220834.904113808646798 ], [ 629183.174829295836389, 5220834.825086390599608 ], [ 629183.080823280964978, 5220834.769161202013493 ], [ 629183.100648753345013, 5220834.402382075786591 ], [ 629183.206497125444002, 5220834.25553610175848 ], [ 629183.623904285486788, 5220834.299933228641748 ], [ 629183.624840973643586, 5220834.225159026682377 ], [ 629182.975101585267112, 5220834.12516993843019 ], [ 629182.874623372103088, 5220834.226043690927327 ], [ 629182.850157430279069, 5220834.349854744970798 ] ] ] } },
{ "type": "Feature", "properties": { "label": "vineyard", "area_m2": 0.54089030375378655 }, "geometry": { "type": "Polygon", "coordinates": [ [ [ 629177.200000000069849, 5220835.272054241970181 ], [ 629177.277085379697382, 5220835.27970596216619 ], [ 629177.425135922268964, 5220835.399830583482981 ], [ 629177.69752827368211, 5220835.429661175236106 ], [ 629177.80014841502998, 5220835.57483992818743 ], [ 629177.924918557750061, 5220835.574826003983617 ], [ 629177.999842563876882, 5220835.524881321936846 ], [ 629177.999840973643586, 5220835.400159027427435 ], [ 629177.918472561636008, 5220835.392834490165114 ], [ 629177.838075905805454, 5220835.277742675505579 ], [ 629177.924831921933219, 5220835.174861513078213 ], [ 629177.948439692961983, 5220834.969562667421997 ], [ 629178.156156922108494, 5220834.947545138187706 ], [ 629178.224876369000413, 5220834.974840393289924 ], [ 629178.32484097359702, 5220834.675159026868641 ], [ 629178.158176111057401, 5220834.877261694520712 ], [ 629177.95302080665715, 5220834.875915976241231 ], [ 629177.699899923871271, 5220834.750168925151229 ], [ 629177.621592042269185, 5220834.74653529189527 ], [ 629177.486880462267436, 5220834.643605134449899 ], [ 629177.502888685441576, 5220834.472397070378065 ], [ 629177.774840973666869, 5220834.42484097275883 ], [ 629177.774840973666869, 5220834.400159027427435 ], [ 629177.507122649927624, 5220834.444254885427654 ], [ 629177.451952238217928, 5220834.365163965150714 ], [ 629177.44984097359702, 5220834.275159027427435 ], [ 629177.425145249464549, 5220834.275157428346574 ], [ 629177.325024087214842, 5220834.551964555867016 ], [ 629177.398569432669319, 5220834.673393160104752 ], [ 629177.399270465830341, 5220834.810755003243685 ], [ 629177.275160071789287, 5220834.90014841593802 ], [ 629177.274101526360027, 5220835.070101340301335 ], [ 629177.200161242391914, 5220835.20010865945369 ], [ 629177.200000000069849, 5220835.272054241970181 ] ] ] } },
{ "type": "Feature", "properties": { "label": "vineyard", "area_m2": 0.83881934532622249 }, "geometry": { "type": "Polygon", "coordinates": [ [ [ 629155.725114952540025, 5220835.049885046668351 ], [ 629155.800135501194745, 5220835.056943712756038 ], [ 629156.075042403652333, 5220835.199881482869387 ], [ 629156.402652770630084, 5220835.232973887585104 ], [ 629156.46005410735961, 5220835.29889237973839 ], [ 629156.450115925981663, 5220835.399904862977564 ], [ 629156.700048958417028, 5220835.549881804734468 ], [ 629156.774904862744734, 5220835.549884072504938 ], [ 629156.824881805572659, 5220835.449951042421162 ], [ 629156.811043399153277, 5220835.317857697606087 ], [ 629156.924884074134752, 5220835.224904862232506 ], [ 629157.124885047669522, 5220834.825114953331649 ], [ 629157.00498863752, 5220834.81829928047955 ], [ 629156.874937188345939, 5220834.725117514841259 ], [ 629156.730706452159211, 5220834.748437223024666 ], [ 629156.668457321007736, 5220834.72265278827399 ], [ 629156.625000000116415, 5220834.590978140942752 ], [ 629156.674882486113347, 5220834.499937187880278 ], [ 629156.674885047599673, 5220834.375114953145385 ], [ 629156.55011592595838, 5220834.400095137767494 ], [ 629156.538793688174337, 5220834.474293420091271 ], [ 629156.491113753407262, 5220834.519454221241176 ], [ 629156.377388118882664, 5220834.506122143939137 ], [ 629156.30220472230576, 5220834.404904476366937 ], [ 629156.274882486206479, 5220834.125062812119722 ], [ 629156.200062811840326, 5220834.100117514841259 ], [ 629155.725114952540025, 5220835.049885046668351 ] ], [ [ 629156.654285238473676, 5220834.773802428506315 ], [ 629156.730870836880058, 5220834.784766552038491 ], [ 629156.776463700691238, 5220834.846241393126547 ], [ 629156.762444091029465, 5220834.933588218875229 ], [ 629156.698105803341605, 5220834.981315856799483 ], [ 629156.621155085973442, 5220834.968287660740316 ], [ 629156.577002096106298, 5220834.903931927867234 ], [ 629156.587713523767889, 5220834.822906892746687 ], [ 629156.654285238473676, 5220834.773802428506315 ] ], [ [ 629156.274298025877215, 5220834.925300011411309 ], [ 629156.16600185923744, 5220834.882558405399323 ], [ 629156.150481527438387, 5220834.740198286250234 ], [ 629156.202860326389782, 5220834.661807873286307 ], [ 629156.309801714145578, 5220834.650481527671218 ], [ 629156.388192126643844, 5220834.702860326506197 ], [ 629156.412186620058492, 5220834.841289549134672 ], [ 629156.361689460347407, 5220834.912635172717273 ], [ 629156.274298025877215, 5220834.925300011411309 ] ] ] } },
{ "type": "Feature", "properties": { "label": "vineyard", "area_m2": 0.048760706041524549 }, "geometry": { "type": "Polygon", "coordinates": [ [ [ 629194.025170771521516, 5220834.950062741525471 ], [ 629194.050150369526818, 5220835.099838354624808 ], [ 629194.149195161531679, 5220835.075627311132848 ], [ 629194.211715728975832, 5220834.938284270465374 ], [ 629194.399842563900165, 5220834.799881321378052 ], [ 629194.399829318397678, 5220834.700086374767125 ], [ 629194.358146895188838, 5220834.636493003927171 ], [ 629194.4425849794643, 5220834.44857825152576 ], [ 629194.599840973620303, 5220834.449840973131359 ], [ 629194.59984040085692, 5220834.425123626366258 ], [ 629194.450159026542678, 5220834.375159027054906 ], [ 629194.347605852177367, 5220834.649988569319248 ], [ 629194.387095503276214, 5220834.699409099295735 ], [ 629194.372830341919325, 5220834.802947021089494 ], [ 629194.176075226510875, 5220834.92734638042748 ], [ 629194.088335823384114, 5220834.867692157626152 ], [ 629194.175123626831919, 5220834.650159600190818 ], [ 629194.025170771521516, 5220834.950062741525471 ] ] ] } },
{ "type": "Feature", "properties": { "label": "vineyard", "area_m2": 0.39424109020979403 }, "geometry": { "type": "Polygon", "coordinates": [ [ [ 629187.725117514026351, 5220835.450062812305987 ], [ 629187.750117514049634, 5220835.574937188997865 ], [ 629187.825062811840326, 5220835.649882485158741 ], [ 629187.974937188322656, 5220835.649882485158741 ], [ 629188.074904862674884, 5220835.599884072318673 ], [ 629188.348268404486589, 5220835.230207621119916 ], [ 629188.599883233313449, 5220835.049921978265047 ], [ 629188.57488248613663, 5220834.625062812119722 ], [ 629188.52492892369628, 5220834.575106371194124 ], [ 629188.400114952586591, 5220834.55011495295912 ], [ 629188.379244692041539, 5220834.624516376294196 ], [ 629188.200115925981663, 5220834.800095138140023 ], [ 629188.184200068470091, 5220835.011895096860826 ], [ 629188.075106372358277, 5220835.100071074441075 ], [ 629187.966491930186749, 5220835.288213807158172 ], [ 629187.800071076257154, 5220835.37510637100786 ], [ 629187.725117514026351, 5220835.450062812305987 ] ] ] } },
{ "type": "Feature", "properties": { "label": "vineyard", "area_m2": 0.50671442402085332 }, "geometry": { "type": "Polygon", "coordinates": [ [ [ 629153.225000000093132, 5220834.297054241411388 ], [ 629153.374844763078727, 5220834.374840600416064 ], [ 629153.507167862728238, 5220834.000232480466366 ], [ 629153.695035028271377, 5220833.918819081038237 ], [ 629153.724843666073866, 5220833.969595110975206 ], [ 629153.74720251664985, 5220834.408632399514318 ], [ 629153.675170704256743, 5220834.499913609586656 ], [ 629153.82484097359702, 5220834.54984097275883 ], [ 629153.825171802775003, 5220834.155529510229826 ], [ 629153.8850924433209, 5220834.03121820371598 ], [ 629153.926005986984819, 5220834.016649940982461 ], [ 629154.075129419681616, 5220834.099842919036746 ], [ 629154.249913609703071, 5220834.124829294160008 ], [ 629154.274829295929521, 5220834.099913609214127 ], [ 629154.274840600439347, 5220833.950155237689614 ], [ 629154.151542842620984, 5220833.895934777334332 ], [ 629154.099284283234738, 5220833.749165686778724 ], [ 629153.924881283659488, 5220833.525169118307531 ], [ 629153.819684901856817, 5220833.518683117814362 ], [ 629153.703723375103436, 5220833.427092024125159 ], [ 629153.674845457309857, 5220833.350128628313541 ], [ 629153.500159026589245, 5220833.275159027427435 ], [ 629153.499259561765939, 5220833.422667279839516 ], [ 629153.400162602192722, 5220833.600110692903399 ], [ 629153.37508157058619, 5220833.800794458948076 ], [ 629153.460155804175884, 5220833.942514278925955 ], [ 629153.374424236244522, 5220834.034914086572826 ], [ 629153.225000000093132, 5220834.297054241411388 ] ] ] } },
{ "type": "Feature", "properties": { "label": "vineyard", "area_m2": 0.6168745871386887 }, "geometry": { "type": "Polygon", "coordinates": [ [ [ 629185.025000000023283, 5220834.847063056193292 ], [ 629185.074897984508425, 5220834.874835786409676 ], [ 629185.206235072924756, 5220834.810795058496296 ], [ 629185.375091784633696, 5220834.949858014471829 ], [ 629185.474908344214782, 5220834.974842892959714 ], [ 629185.524842891842127, 5220834.924908343702555 ], [ 629185.524836090626195, 5220834.800090743228793 ], [ 629185.325639973045327, 5220834.524660406634212 ], [ 629185.280328526394442, 5220834.413643607869744 ], [ 629185.323428549221717, 5220834.260422037914395 ], [ 629185.553898215526715, 5220834.200000000186265 ], [ 629185.749129501054995, 5220834.256211851723492 ], [ 629185.800154629978351, 5220834.47492063511163 ], [ 629185.825077899266034, 5220834.499836516566575 ], [ 629185.949930060422048, 5220834.499839712865651 ], [ 629186.124870334402658, 5220834.399849076755345 ], [ 629186.249307306832634, 5220834.200863569043577 ], [ 629186.274837296456099, 5220833.975147934630513 ], [ 629186.099940510932356, 5220833.900156348012388 ], [ 629185.849351622746326, 5220833.851896871812642 ], [ 629185.824841096997261, 5220833.775123828090727 ], [ 629185.773601568420418, 5220833.749668039381504 ], [ 629185.652936944039539, 5220833.724999999627471 ], [ 629185.600148539640941, 5220833.75013839174062 ], [ 629185.324550256249495, 5220834.076199171133339 ], [ 629185.025527977733873, 5220834.774024063721299 ], [ 629185.025000000023283, 5220834.847063056193292 ] ] ] } },
{ "type": "Feature", "properties": { "label": "vineyard", "area_m2": 0.6672215658598214 }, "geometry": { "type": "Polygon", "coordinates": [ [ [ 629177.525115926051512, 5220834.124904861673713 ], [ 629177.689652175758965, 5220834.271264558658004 ], [ 629177.700114952516742, 5220834.399885047227144 ], [ 629177.774904862744734, 5220834.399884073063731 ], [ 629177.805518935900182, 5220834.347025573253632 ], [ 629177.867768067284487, 5220834.321241141296923 ], [ 629177.975042403675616, 5220834.349881482310593 ], [ 629178.16230888699647, 5220834.339153767563403 ], [ 629178.275048958021216, 5220834.399881804361939 ], [ 629178.349885047646239, 5220834.399885047227144 ], [ 629178.349882486159913, 5220834.325062812305987 ], [ 629178.29993718827609, 5220834.275117515586317 ], [ 629178.172445189789869, 5220834.272163127548993 ], [ 629178.116422485560179, 5220834.234729994088411 ], [ 629178.10045192448888, 5220834.065503649413586 ], [ 629178.134450714918785, 5220833.99947986099869 ], [ 629178.27489362785127, 5220833.899928925558925 ], [ 629178.374882486183196, 5220833.749937187880278 ], [ 629178.403925935854204, 5220833.483732908032835 ], [ 629178.474881483591162, 5220833.349957594648004 ], [ 629178.450000000069849, 5220832.990978140383959 ], [ 629178.474885047646239, 5220832.850114952772856 ], [ 629178.349951042211615, 5220832.800118195824325 ], [ 629178.200095137464814, 5220832.800115927122533 ], [ 629178.125118194613606, 5220832.950048957951367 ], [ 629178.174447292112745, 5220833.130478802137077 ], [ 629178.168035414186306, 5220833.270391989499331 ], [ 629178.000117514049634, 5220833.400062812492251 ], [ 629177.987286476418376, 5220833.477093107998371 ], [ 629177.900118194753304, 5220833.575048957951367 ], [ 629177.880572476191446, 5220833.727253043092787 ], [ 629177.814673049375415, 5220833.762439938262105 ], [ 629177.725114952540025, 5220833.750114953145385 ], [ 629177.680109351756983, 5220833.850044152699411 ], [ 629177.575095137464814, 5220833.875115927308798 ], [ 629177.525118516641669, 5220834.000042404979467 ], [ 629177.525115926051512, 5220834.124904861673713 ] ], [ [ 629177.649117562454194, 5220833.971972848288715 ], [ 629177.672025571693666, 5220833.88051893748343 ], [ 629177.767663341714069, 5220833.838148375973105 ], [ 629177.884174608392641, 5220833.89520391728729 ], [ 629177.916869930224493, 5220833.964502799324691 ], [ 629177.867051029577851, 5220834.08511181268841 ], [ 629177.7698096340755, 5220834.131356917321682 ], [ 629177.684582108049653, 5220834.091047301888466 ], [ 629177.649117562454194, 5220833.971972848288715 ] ] ] } },
{ "type": "Feature", "properties": { "label": "vineyard", "area_m2": 0.33466353747025368 }, "geometry": { "type": "Polygon", "coordinates": [ [ [ 629156.200000000069849, 5220834.097054241225123 ], [ 629156.27485770941712, 5220834.124839396215975 ], [ 629156.352794740931131, 5220834.000408131629229 ], [ 629156.475622588419355, 5220833.957294606603682 ], [ 629156.691799062187783, 5220834.146005732007325 ], [ 629156.700159026542678, 5220834.224840972572565 ], [ 629156.774840973666869, 5220834.224840972572565 ], [ 629156.774840973666869, 5220834.150159027427435 ], [ 629156.693029024754651, 5220834.139175402000546 ], [ 629156.500876205973327, 5220833.870433237403631 ], [ 629156.50145736115519, 5220833.696344676427543 ], [ 629156.559797792229801, 5220833.54366275575012 ], [ 629156.606995462672785, 5220833.525218504481018 ], [ 629156.700083110597916, 5220833.574839004315436 ], [ 629156.82491509092506, 5220833.585204275324941 ], [ 629156.922309275600128, 5220833.67444587405771 ], [ 629156.950158615713008, 5220833.799856567755342 ], [ 629157.074935014592484, 5220833.875037768855691 ], [ 629157.200164415990002, 5220834.099903377704322 ], [ 629157.363911890075542, 5220834.243116744793952 ], [ 629157.375159026589245, 5220834.29984097275883 ], [ 629157.424829190364107, 5220834.249937244690955 ], [ 629157.308404504437931, 5220834.069182544946671 ], [ 629157.349840400973335, 5220833.900123626925051 ], [ 629157.178208581870422, 5220833.802282785996795 ], [ 629157.080082025611773, 5220833.70052273850888 ], [ 629157.099840543000028, 5220833.400048175826669 ], [ 629157.024913616594858, 5220833.250170697458088 ], [ 629156.950150369200855, 5220833.250161645002663 ], [ 629156.916440320783295, 5220833.390153872780502 ], [ 629156.779334120918065, 5220833.46724696457386 ], [ 629156.678629215108231, 5220833.401970275677741 ], [ 629156.649841671576723, 5220833.30008090287447 ], [ 629156.600123626878485, 5220833.275159600190818 ], [ 629156.200000000069849, 5220834.097054241225123 ] ] ] } },
{ "type": "Feature", "properties": { "label": "vineyard", "area_m2": 0.072306432680240756 }, "geometry": { "type": "Polygon", "coordinates": [ [ [ 629188.450115925981663, 5220834.299904862418771 ], [ 629188.575078019988723, 5220834.399883233010769 ], [ 629188.674885047599673, 5220834.399885047227144 ], [ 629188.651803613174707, 5220834.131093133240938 ], [ 629188.684450714965351, 5220834.074479861184955 ], [ 629188.749885047669522, 5220834.049885046668351 ], [ 629188.749885047669522, 5220833.950114953331649 ], [ 629188.600115926004946, 5220833.975095137022436 ], [ 629188.559445180464536, 5220834.108437613584101 ], [ 629188.475114952540025, 5220834.150114953517914 ], [ 629188.450115925981663, 5220834.299904862418771 ] ] ] } },
{ "type": "Feature", "properties": { "label": "vineyard", "area_m2": 0.35771973905371102 }, "geometry": { "type": "Polygon", "coordinates": [ [ [ 629194.400066676782444, 5220834.298913802020252 ], [ 629194.450099600595422, 5220834.374845365062356 ], [ 629194.624918520916253, 5220834.449830833822489 ], [ 629194.725701231393032, 5220834.399124465882778 ], [ 629194.974393663695082, 5220834.100927446968853 ], [ 629194.999829988344572, 5220833.975064280442894 ], [ 629194.877597943297587, 5220833.709299776703119 ], [ 629194.829808487789705, 5220833.466241411864758 ], [ 629194.99984209635295, 5220833.299924580380321 ], [ 629194.999842096120119, 5220833.125075418502092 ], [ 629194.974924581008963, 5220833.100157902576029 ], [ 629194.950123824644834, 5220833.100158898159862 ], [ 629194.800579194794409, 5220833.399159691296518 ], [ 629194.730819106800482, 5220833.62811332475394 ], [ 629194.675142774241976, 5220833.650157967582345 ], [ 629194.450488971779123, 5220834.09930725209415 ], [ 629194.400066676782444, 5220834.298913802020252 ] ] ] } },
{ "type": "Feature", "properties": { "label": "vineyard", "area_m2": 0.2591207769680709 }, "geometry": { "type": "Polygon", "coordinates": [ [ [ 629185.600170704303309, 5220833.375086390413344 ], [ 629185.650159604148939, 5220833.724876368418336 ], [ 629186.29988131695427, 5220833.999842558056116 ], [ 629186.399953101645224, 5220833.847653004340827 ], [ 629186.347592579200864, 5220833.879092655144632 ], [ 629186.109761933330446, 5220833.829039401374757 ], [ 629186.071189637877978, 5220833.772772636264563 ], [ 629186.130263352883048, 5220833.537640958093107 ], [ 629186.399953101528808, 5220833.552346995100379 ], [ 629186.324005137197673, 5220833.446605660952628 ], [ 629186.252185497898608, 5220833.198420912027359 ], [ 629186.301863307133317, 5220833.048927434720099 ], [ 629186.474831868079491, 5220832.874861476942897 ], [ 629186.474840973620303, 5220832.800159026868641 ], [ 629186.400132826413028, 5220832.800159193575382 ], [ 629186.200163225992583, 5220832.975138303823769 ], [ 629186.173569784732535, 5220833.349573258310556 ], [ 629186.043186908471398, 5220833.553368222899735 ], [ 629185.899765778915025, 5220833.623225694522262 ], [ 629185.73959041107446, 5220833.600539512932301 ], [ 629185.674840973573737, 5220833.350159026682377 ], [ 629185.600170704303309, 5220833.375086390413344 ] ] ] } },
{ "type": "Feature", "properties": { "label": "vineyard", "area_m2": 0.37897143194261529 }, "geometry": { "type": "Polygon", "coordinates": [ [ [ 629188.650064317975193, 5220833.723865643143654 ], [ 629188.725075416034088, 5220833.824842097237706 ], [ 629188.850839918595739, 5220833.824284808710217 ], [ 629189.024845360196196, 5220833.674900396727026 ], [ 629189.061121453647502, 5220833.472958321683109 ], [ 629189.32538688799832, 5220833.324089854024351 ], [ 629189.47483212093357, 5220833.049892517738044 ], [ 629189.474976056604646, 5220832.926958668977022 ], [ 629189.399866246734746, 5220832.800137091428041 ], [ 629189.29991288529709, 5220832.725142213515937 ], [ 629189.15012382529676, 5220832.700158897787333 ], [ 629189.075170002644882, 5220832.850064275786281 ], [ 629189.091506087803282, 5220833.126144976355135 ], [ 629188.80015020177234, 5220833.400084808468819 ], [ 629188.650064317975193, 5220833.723865643143654 ] ] ] } },
{ "type": "Feature", "properties": { "label": "vineyard", "area_m2": 0.32026056584030094 }, "geometry": { "type": "Polygon", "coordinates": [ [ [ 629180.425117513979785, 5220834.299937187694013 ], [ 629180.50245487911161, 5220834.375 ], [ 629180.799904862651601, 5220834.349884072318673 ], [ 629180.824881805572659, 5220834.299951042048633 ], [ 629180.80220472230576, 5220833.895095523446798 ], [ 629180.92488180543296, 5220833.674951042048633 ], [ 629180.92488180543296, 5220833.425048957578838 ], [ 629180.874937188345939, 5220833.350117514841259 ], [ 629180.797545121051371, 5220833.325000000186265 ], [ 629180.700062811840326, 5220833.350117514841259 ], [ 629180.475117514026351, 5220833.675062811002135 ], [ 629180.589342608698644, 5220833.790430064313114 ], [ 629180.608901405474171, 5220833.854906761087477 ], [ 629180.550118194543757, 5220833.975048957392573 ], [ 629180.541278327349573, 5220834.099866283126175 ], [ 629180.450103001552634, 5220834.200084531679749 ], [ 629180.425117513979785, 5220834.299937187694013 ] ] ] } },
{ "type": "Feature", "properties": { "label": "vineyard", "area_m2": 0.35092709388166848 }, "geometry": { "type": "Polygon", "coordinates": [ [ [ 629150.825114952516742, 5220833.524885047227144 ], [ 629150.949937188299373, 5220833.524882485158741 ], [ 629151.069291028892621, 5220833.408652032725513 ], [ 629151.274904862744734, 5220833.399884073063731 ], [ 629151.299881805549376, 5220833.349951041862369 ], [ 629151.303925935877487, 5220833.258732908405364 ], [ 629151.350000000093132, 5220833.197545138187706 ], [ 629151.314072692184709, 5220832.950031455606222 ], [ 629151.399884541402571, 5220832.874895354732871 ], [ 629151.450000000069849, 5220832.647545138373971 ], [ 629151.44988248613663, 5220832.450062812305987 ], [ 629151.324951042188331, 5220832.37511819601059 ], [ 629151.200114952516742, 5220832.350114952772856 ], [ 629151.191799439955503, 5220832.617956222966313 ], [ 629150.975117514026351, 5220832.875062812119722 ], [ 629150.975117514026351, 5220833.074937188997865 ], [ 629151.045825639856048, 5220833.184133076108992 ], [ 629151.047962184180506, 5220833.257225482724607 ], [ 629151.007558404002339, 5220833.308998142369092 ], [ 629150.900062811910175, 5220833.325117515400052 ], [ 629150.85010637214873, 5220833.375071075744927 ], [ 629150.825114952516742, 5220833.524885047227144 ] ] ] } },
{ "type": "Feature", "properties": { "label": "vineyard", "area_m2": 0.79585832897477571 }, "geometry": { "type": "Polygon", "coordinates": [ [ [ 629153.500117070623673, 5220833.274942679330707 ], [ 629153.674912942573428, 5220833.349884386174381 ], [ 629153.714278383064084, 5220833.293129627592862 ], [ 629153.774885719176382, 5220833.274885719642043 ], [ 629153.811560671543702, 5220833.147698954679072 ], [ 629153.954028467764147, 5220833.129305966198444 ], [ 629154.020694033592008, 5220833.195971531793475 ], [ 629154.050117070553824, 5220833.449942679144442 ], [ 629154.100114280707203, 5220833.549885720014572 ], [ 629154.17488571931608, 5220833.549885720014572 ], [ 629154.182612046715803, 5220833.336731656454504 ], [ 629154.275000000023283, 5220833.275000000372529 ], [ 629154.420710678095929, 5220833.304289322346449 ], [ 629154.500117070623673, 5220833.524942679330707 ], [ 629154.574904670007527, 5220833.549884791485965 ], [ 629154.624882595031522, 5220833.449949504807591 ], [ 629154.624882085714489, 5220833.37504009809345 ], [ 629154.599884385825135, 5220833.200087057426572 ], [ 629154.52707120613195, 5220833.123547255061567 ], [ 629154.525519149145111, 5220832.886523541994393 ], [ 629154.599884385825135, 5220832.799912942573428 ], [ 629154.604931681416929, 5220832.709963636472821 ], [ 629154.69988340837881, 5220832.574932900257409 ], [ 629154.700000000069849, 5220832.502447512000799 ], [ 629154.586584672215395, 5220832.379046158865094 ], [ 629154.54988571931608, 5220832.275114280171692 ], [ 629154.475114280707203, 5220832.275114280171692 ], [ 629154.424999999930151, 5220832.402447512373328 ], [ 629154.463414245285094, 5220832.580343023873866 ], [ 629154.376108802272938, 5220832.693548364564776 ], [ 629154.313476460054517, 5220832.724480850622058 ], [ 629154.097907992661931, 5220832.712288831360638 ], [ 629153.965753202093765, 5220832.561827795580029 ], [ 629153.946243010577746, 5220832.497361471876502 ], [ 629153.95450727455318, 5220832.406796008348465 ], [ 629153.996357896132395, 5220832.352084948681295 ], [ 629154.174942677957006, 5220832.349882930517197 ], [ 629154.199882929446176, 5220832.324942679144442 ], [ 629154.199882085900754, 5220832.125040099024773 ], [ 629154.174882929539308, 5220832.05005732178688 ], [ 629154.100095329456963, 5220832.025115208700299 ], [ 629154.05898396903649, 5220832.282583449967206 ], [ 629153.997983666136861, 5220832.325622920878232 ], [ 629153.875114280846901, 5220832.325114279985428 ], [ 629153.650117405108176, 5220832.77505049481988 ], [ 629153.696071524405852, 5220832.858726401813328 ], [ 629153.696071524405852, 5220832.966273598372936 ], [ 629153.618959374260157, 5220833.097419643774629 ], [ 629153.500117070623673, 5220833.150057322345674 ], [ 629153.500117070623673, 5220833.274942679330707 ] ] ] } },
{ "type": "Feature", "properties": { "label": "vineyard", "area_m2": 0.063377660242520839 }, "geometry": { "type": "Polygon", "coordinates": [ [ [ 629156.800000000046566, 5220832.997054241597652 ], [ 629157.175684505025856, 5220833.094982098788023 ], [ 629157.200159026542678, 5220833.199840973131359 ], [ 629157.299840973573737, 5220833.199840973131359 ], [ 629157.2749136100756, 5220833.100170705467463 ], [ 629157.193875904660672, 5220833.098146609030664 ], [ 629156.875755343469791, 5220832.975957937538624 ], [ 629156.875662954174913, 5220832.808697275817394 ], [ 629156.922596751712263, 5220832.754647241905332 ], [ 629157.274840973666869, 5220832.749840972945094 ], [ 629157.274829295929521, 5220832.700086390599608 ], [ 629157.22468210675288, 5220832.645461797714233 ], [ 629157.199833981110714, 5220832.375049441121519 ], [ 629157.149876368930563, 5220832.225159605965018 ], [ 629157.125123626901768, 5220832.22515959944576 ], [ 629157.050581663032062, 5220832.374121876433492 ], [ 629157.050159026519395, 5220832.42484097275883 ], [ 629157.144666203763336, 5220832.400162262842059 ], [ 629157.194582714815624, 5220832.417743605561554 ], [ 629157.220340326311998, 5220832.675519386306405 ], [ 629157.171611387166195, 5220832.745822750963271 ], [ 629156.965000000083819, 5220832.747545138001442 ], [ 629156.900123626925051, 5220832.675159599632025 ], [ 629156.800174417672679, 5220832.925082480534911 ], [ 629156.800000000046566, 5220832.997054241597652 ] ] ] } },
{ "type": "Feature", "properties": { "label": "vineyard", "area_m2": 0.16748716153012277 }, "geometry": { "type": "Polygon", "coordinates": [ [ [ 629194.975116562447511, 5220833.100067698396742 ], [ 629194.999912942410447, 5220833.124884385615587 ], [ 629195.039278385112993, 5220833.068129626102746 ], [ 629195.099885719129816, 5220833.049885720014572 ], [ 629195.125904229702428, 5220832.982844829559326 ], [ 629195.199885719339363, 5220832.949885719455779 ], [ 629195.229289321927354, 5220832.829289322718978 ], [ 629195.349904669914395, 5220832.799884791485965 ], [ 629195.424882929539308, 5220832.69994267821312 ], [ 629195.454931681160815, 5220832.384963637217879 ], [ 629195.507006534258835, 5220832.319240292534232 ], [ 629195.574885719339363, 5220832.299885720014572 ], [ 629195.499903738033026, 5220832.050115163438022 ], [ 629195.475095329456963, 5220832.050115209072828 ], [ 629195.300117404898629, 5220832.40005049481988 ], [ 629195.287288830499165, 5220832.50209200847894 ], [ 629195.225101090152748, 5220832.550092244520783 ], [ 629195.189215000486001, 5220832.683693926781416 ], [ 629195.025117405108176, 5220832.950050494633615 ], [ 629195.021071525290608, 5220833.04127359483391 ], [ 629194.975116562447511, 5220833.100067698396742 ] ] ] } },
{ "type": "Feature", "properties": { "label": "vineyard", "area_m2": 0.41219028200408736 }, "geometry": { "type": "Polygon", "coordinates": [ [ [ 629175.401101150084287, 5220833.676284329034388 ], [ 629175.475115208886564, 5220833.874904670752585 ], [ 629175.599885719246231, 5220833.899885719642043 ], [ 629175.631451626890339, 5220833.823891205713153 ], [ 629175.799942678073421, 5220833.749882929958403 ], [ 629175.873264246736653, 5220833.630204810760915 ], [ 629175.924884998472407, 5220833.599900436587632 ], [ 629175.949882929446176, 5220833.375057321041822 ], [ 629175.879931681440212, 5220833.265036364085972 ], [ 629175.870671921526082, 5220833.167567948810756 ], [ 629175.933710968820378, 5220832.925159505568445 ], [ 629175.99988372460939, 5220832.84992644097656 ], [ 629175.999882929376327, 5220832.675057320855558 ], [ 629175.97493420727551, 5220832.650107725523412 ], [ 629175.775057321996428, 5220832.600117069669068 ], [ 629175.700117070460692, 5220832.67505732178688 ], [ 629175.674999999930151, 5220832.777447512373328 ], [ 629175.691131976316683, 5220832.896251607686281 ], [ 629175.599999999976717, 5220833.002447512000799 ], [ 629175.600117070483975, 5220833.07494267821312 ], [ 629175.669804356410168, 5220833.148608909919858 ], [ 629175.681025592843071, 5220833.224288164637983 ], [ 629175.617020600358956, 5220833.33513293042779 ], [ 629175.400117070646957, 5220833.525057322345674 ], [ 629175.401101150084287, 5220833.676284329034388 ] ] ] } },
{ "type": "Feature", "properties": { "label": "vineyard", "area_m2": 0.4348724250225659 }, "geometry": { "type": "Polygon", "coordinates": [ [ [ 629183.45011851657182, 5220832.900042405351996 ], [ 629183.500118194613606, 5220833.274951042607427 ], [ 629183.575086107593961, 5220833.399913895875216 ], [ 629183.67504240362905, 5220833.449881482869387 ], [ 629183.899937188369222, 5220833.424882484599948 ], [ 629183.999881805619225, 5220833.274951042607427 ], [ 629184.00205494184047, 5220833.096401531249285 ], [ 629184.174904862651601, 5220833.024884073063731 ], [ 629184.199881805456243, 5220832.974951041862369 ], [ 629184.19988248613663, 5220832.900062812492251 ], [ 629184.099904862465337, 5220832.800115927122533 ], [ 629184.003003419842571, 5220832.772666032426059 ], [ 629183.924904862651601, 5220832.575115927495062 ], [ 629183.849957596510649, 5220832.550118517130613 ], [ 629183.725062811863609, 5220832.575117515400052 ], [ 629183.64354274305515, 5220832.726110982708633 ], [ 629183.550135501194745, 5220832.793056286871433 ], [ 629183.475114952540025, 5220832.80011495295912 ], [ 629183.45011851657182, 5220832.900042405351996 ] ] ] } },
{ "type": "Feature", "properties": { "label": "vineyard", "area_m2": 0.43911963621804173 }, "geometry": { "type": "Polygon", "coordinates": [ [ [ 629180.92511676682625, 5220832.800078021362424 ], [ 629180.875118516618386, 5220833.124957595020533 ], [ 629180.950106372125447, 5220833.299928924068809 ], [ 629181.074937188299373, 5220833.324882484972477 ], [ 629181.29988180543296, 5220832.999951042234898 ], [ 629181.301966279861517, 5220832.663985847495496 ], [ 629181.449893628014252, 5220832.549928924068809 ], [ 629181.488514570635743, 5220832.415775844827294 ], [ 629181.599882486159913, 5220832.274937189184129 ], [ 629181.602204722352326, 5220832.120095524005592 ], [ 629181.674884074134752, 5220831.950095137581229 ], [ 629181.499951042234898, 5220831.87511819601059 ], [ 629181.400117514072917, 5220831.900062812492251 ], [ 629181.312444093520753, 5220832.108588214032352 ], [ 629181.200115925981663, 5220832.200095137581229 ], [ 629181.175117150181904, 5220832.399929783307016 ], [ 629181.242712081642821, 5220832.505697790533304 ], [ 629181.2389566085767, 5220832.582142286933959 ], [ 629181.178434073459357, 5220832.639596625231206 ], [ 629181.075048958417028, 5220832.650118195451796 ], [ 629181.000106372172013, 5220832.700071075931191 ], [ 629180.92511676682625, 5220832.800078021362424 ] ] ] } },
{ "type": "Feature", "properties": { "label": "vineyard", "area_m2": 0.10553562866502256 }, "geometry": { "type": "Polygon", "coordinates": [ [ [ 629183.750114952563308, 5220832.399885047227144 ], [ 629183.849904862698168, 5220832.399884073063731 ], [ 629183.913519172929227, 5220832.314864479936659 ], [ 629183.999885047669522, 5220832.299885046668351 ], [ 629184.020897915470414, 5220832.184780584648252 ], [ 629184.124885047669522, 5220832.149885047227144 ], [ 629184.126966279931366, 5220831.988985847681761 ], [ 629184.199884074158035, 5220831.924904861487448 ], [ 629184.199885047622956, 5220831.650114953517914 ], [ 629184.125114952563308, 5220831.650114953517914 ], [ 629184.102301045437343, 5220831.963439328595996 ], [ 629183.875117514049634, 5220832.025062812492251 ], [ 629183.850000000093132, 5220832.102454861626029 ], [ 629183.866156707284972, 5220832.221188987605274 ], [ 629183.750114952563308, 5220832.399885047227144 ] ] ] } },
{ "type": "Feature", "properties": { "label": "vineyard", "area_m2": 0.31867351324841758 }, "geometry": { "type": "Polygon", "coordinates": [ [ [ 629154.150000000139698, 5220832.047054241411388 ], [ 629154.319052676903084, 5220831.962773590348661 ], [ 629154.500145305064507, 5220832.149839621968567 ], [ 629154.574913625372574, 5220832.149829317815602 ], [ 629154.679005980025977, 5220832.067043323069811 ], [ 629155.082709623151459, 5220832.290585578419268 ], [ 629155.100159026565962, 5220832.399840973317623 ], [ 629155.149876373354346, 5220832.39984040055424 ], [ 629155.203373986296356, 5220832.219769342802465 ], [ 629155.349826004356146, 5220831.924918557517231 ], [ 629155.349840973620303, 5220831.750159027054906 ], [ 629155.225170704303309, 5220831.775086390785873 ], [ 629155.223051831242628, 5220832.003994480706751 ], [ 629155.138107560458593, 5220832.193845716305077 ], [ 629155.091358432429843, 5220832.208003980107605 ], [ 629154.6983320544241, 5220832.00826177187264 ], [ 629154.674841832136735, 5220831.725129849277437 ], [ 629154.474876369000413, 5220831.425159606151283 ], [ 629154.350159026565962, 5220831.425159026868641 ], [ 629154.347637228434905, 5220831.60411102604121 ], [ 629154.249850584659725, 5220831.874981755390763 ], [ 629154.150000000139698, 5220832.047054241411388 ] ] ] } },
{ "type": "Feature", "properties": { "label": "vineyard", "area_m2": 0.3463852422604885 }, "geometry": { "type": "Polygon", "coordinates": [ [ [ 629178.350115926004946, 5220832.8249048627913 ], [ 629178.624885047669522, 5220832.874885046854615 ], [ 629178.724882486159913, 5220832.699937188997865 ], [ 629178.740019080229104, 5220832.5423136157915 ], [ 629178.899900698219426, 5220832.474900698289275 ], [ 629178.92488180543296, 5220832.424951042048633 ], [ 629178.924882486113347, 5220832.075062812305987 ], [ 629178.849937188322656, 5220832.000117515213788 ], [ 629178.725048958440311, 5220832.025118195451796 ], [ 629178.606317188823596, 5220832.120994077064097 ], [ 629178.425062811700627, 5220832.125117515213788 ], [ 629178.400117514072917, 5220832.150062812492251 ], [ 629178.399447292205878, 5220832.344521198421717 ], [ 629178.350118194590323, 5220832.450048957951367 ], [ 629178.350000000093132, 5220832.547545137815177 ], [ 629178.395062218885869, 5220832.609943086281419 ], [ 629178.400828589103185, 5220832.71786022093147 ], [ 629178.350115926004946, 5220832.8249048627913 ] ] ] } },
{ "type": "Feature", "properties": { "label": "vineyard", "area_m2": 0.13971682516725897 }, "geometry": { "type": "Polygon", "coordinates": [ [ [ 629151.200115925981663, 5220832.349904862232506 ], [ 629151.449885047622956, 5220832.44988504704088 ], [ 629151.457612046739087, 5220832.211731656454504 ], [ 629151.511731656850316, 5220832.157612047158182 ], [ 629151.599885047646239, 5220832.149885047227144 ], [ 629151.604640929377638, 5220831.966592522338033 ], [ 629151.674884074134752, 5220831.875095137394965 ], [ 629151.477454879088327, 5220831.825000000186265 ], [ 629151.425078775850125, 5220831.87509598955512 ], [ 629151.325118194683455, 5220832.025048958137631 ], [ 629151.200115925981663, 5220832.349904862232506 ] ] ] } },
{ "type": "Feature", "properties": { "label": "vineyard", "area_m2": 0.21379756205530112 }, "geometry": { "type": "Polygon", "coordinates": [ [ [ 629148.250118194613606, 5220832.624951042234898 ], [ 629148.300062811700627, 5220832.699882484972477 ], [ 629148.399904862744734, 5220832.699884072877467 ], [ 629148.474881805595942, 5220832.574951042421162 ], [ 629148.488514570635743, 5220832.46577584464103 ], [ 629148.674882486113347, 5220832.224937187507749 ], [ 629148.656943713198416, 5220831.999864498153329 ], [ 629148.799884074134752, 5220831.874904862605035 ], [ 629148.799885047599673, 5220831.525114953517914 ], [ 629148.700117514003068, 5220831.550062811002135 ], [ 629148.711485429550521, 5220831.759224155917764 ], [ 629148.650106372311711, 5220831.825071074999869 ], [ 629148.595710678258911, 5220831.97071067802608 ], [ 629148.475114952540025, 5220832.000114953145385 ], [ 629148.459980919957161, 5220832.182686383835971 ], [ 629148.350095137488097, 5220832.225115926936269 ], [ 629148.325118194683455, 5220832.275048958137631 ], [ 629148.275118194636889, 5220832.400048958137631 ], [ 629148.250118194613606, 5220832.624951042234898 ] ] ] } },
{ "type": "Feature", "properties": { "label": "vineyard", "area_m2": 0.47117207638898262 }, "geometry": { "type": "Polygon", "coordinates": [ [ [ 629154.724999999976717, 5220831.247063060291111 ], [ 629155.196337624103762, 5220831.369258223101497 ], [ 629155.200155817554332, 5220831.599862165749073 ], [ 629155.35013290331699, 5220831.699829229153693 ], [ 629155.499876175192185, 5220831.699841101653874 ], [ 629155.599829997401685, 5220831.499935722909868 ], [ 629155.58993692707736, 5220831.426483314484358 ], [ 629155.724841622635722, 5220831.249841623008251 ], [ 629155.626875691697933, 5220831.049179035238922 ], [ 629155.624841622775421, 5220830.975158377550542 ], [ 629155.55015837715473, 5220830.975158377550542 ], [ 629155.550156283541583, 5220831.049869186244905 ], [ 629155.69517696951516, 5220831.245537852868438 ], [ 629155.528363613062538, 5220831.42091550026089 ], [ 629155.222819057060406, 5220831.37417281512171 ], [ 629154.914388293400407, 5220831.273953130468726 ], [ 629154.902865872252733, 5220830.894708947278559 ], [ 629155.044274832122028, 5220830.803456763736904 ], [ 629155.124867622624151, 5220830.799844887107611 ], [ 629155.249258056515828, 5220830.675513383001089 ], [ 629155.375985840568319, 5220830.395832562819123 ], [ 629155.547762727132067, 5220830.352456593886018 ], [ 629155.644287212984636, 5220830.397012914530933 ], [ 629155.725768125732429, 5220830.550593729130924 ], [ 629155.926958676427603, 5220830.699976056814194 ], [ 629155.974876170745119, 5220830.699841096997261 ], [ 629155.999246959807351, 5220830.65122025180608 ], [ 629156.049842096283101, 5220830.425075417384505 ], [ 629155.700295808725059, 5220830.275247268378735 ], [ 629155.150158377247863, 5220830.100158377550542 ], [ 629155.175164218409918, 5220830.27486130502075 ], [ 629155.262362132780254, 5220830.419785355217755 ], [ 629155.044475242262706, 5220830.728067020885646 ], [ 629154.880089904996566, 5220830.820382324978709 ], [ 629154.725158377201296, 5220830.800158376805484 ], [ 629154.749115965445526, 5220830.946856518276036 ], [ 629154.724999999976717, 5220831.247063060291111 ] ] ] } },
{ "type": "Feature", "properties": { "label": "vineyard", "area_m2": 0.048026442438840293 }, "geometry": { "type": "Polygon", "coordinates": [ [ [ 629192.725114952540025, 5220831.375114953145385 ], [ 629192.725114952540025, 5220831.524885047227144 ], [ 629192.799885047599673, 5220831.524885047227144 ], [ 629192.811095164506696, 5220831.379218669608235 ], [ 629192.924882486113347, 5220831.299937187694013 ], [ 629192.924882486113347, 5220831.125062812119722 ], [ 629192.824929783586413, 5220831.050117150880396 ], [ 629192.750114952563308, 5220831.05011495295912 ], [ 629192.75011636025738, 5220831.124913700856268 ], [ 629192.820359070785344, 5220831.191592521965504 ], [ 629192.824548075674102, 5220831.284496350213885 ], [ 629192.790549285244197, 5220831.350520138628781 ], [ 629192.725114952540025, 5220831.375114953145385 ] ] ] } },
{ "type": "Feature", "properties": { "label": "vineyard", "area_m2": 0.11150934901928287 }, "geometry": { "type": "Polygon", "coordinates": [ [ [ 629181.425114280660637, 5220831.874885719269514 ], [ 629181.67488571931608, 5220831.949885719455779 ], [ 629181.664965747972019, 5220831.673827511258423 ], [ 629181.704787895083427, 5220831.617622787132859 ], [ 629181.774885719292797, 5220831.599885719828308 ], [ 629181.749884790973738, 5220831.300095329061151 ], [ 629181.677447513095103, 5220831.274999999441206 ], [ 629181.600114280707203, 5220831.300114280544221 ], [ 629181.599447979824618, 5220831.469512821175158 ], [ 629181.550117070553824, 5220831.550057320855558 ], [ 629181.545068318839185, 5220831.690036362968385 ], [ 629181.425114280660637, 5220831.874885719269514 ] ] ] } },
{ "type": "Feature", "properties": { "label": "vineyard", "area_m2": 0.49036301954547074 }, "geometry": { "type": "Polygon", "coordinates": [ [ [ 629175.825117070577107, 5220832.599942678585649 ], [ 629175.975050496286713, 5220832.674882596358657 ], [ 629176.099936961545609, 5220832.624889235943556 ], [ 629176.224882595008239, 5220832.449949505738914 ], [ 629176.244240296189673, 5220832.307006529532373 ], [ 629176.3999009312829, 5220832.199899697676301 ], [ 629176.449892273638397, 5220832.124934208579361 ], [ 629176.474884385825135, 5220832.00008705817163 ], [ 629176.408199029508978, 5220831.942955791950226 ], [ 629176.40694818017073, 5220831.824855434708297 ], [ 629176.599882929236628, 5220831.699942679144442 ], [ 629176.699882929446176, 5220831.499942678958178 ], [ 629176.699884791043587, 5220831.375095329247415 ], [ 629176.574942678329535, 5220831.275117069482803 ], [ 629176.325057322042994, 5220831.275117069482803 ], [ 629176.275107726338319, 5220831.325065791606903 ], [ 629176.25, 5220831.377447512932122 ], [ 629176.266289034974761, 5220831.599840485490859 ], [ 629176.100114829256199, 5220831.750103081576526 ], [ 629176.075117914122529, 5220831.825040097348392 ], [ 629176.156789834145457, 5220831.951210841536522 ], [ 629176.160638203844428, 5220832.027636328712106 ], [ 629176.051735757966526, 5220832.194795182906091 ], [ 629175.875117070623673, 5220832.32505732215941 ], [ 629175.872798013966531, 5220832.479889797978103 ], [ 629175.825117070577107, 5220832.599942678585649 ] ] ] } },
{ "type": "Feature", "properties": { "label": "vineyard", "area_m2": 0.063932785149933585 }, "geometry": { "type": "Polygon", "coordinates": [ [ [ 629184.378134644473903, 5220831.325661012902856 ], [ 629184.532092546345666, 5220831.390702744945884 ], [ 629184.575086298049428, 5220831.449883638881147 ], [ 629184.69988248613663, 5220831.424937187694013 ], [ 629184.69988248613663, 5220831.275062812492251 ], [ 629184.624921979964711, 5220831.200116767548025 ], [ 629184.522545121144503, 5220831.174999999813735 ], [ 629184.375114952563308, 5220831.200114953331649 ], [ 629184.378134644473903, 5220831.325661012902856 ] ] ] } },
{ "type": "Feature", "properties": { "label": "vineyard", "area_m2": 0.35118275203788479 }, "geometry": { "type": "Polygon", "coordinates": [ [ [ 629162.050000000046566, 5220831.272054241970181 ], [ 629162.199871817720123, 5220831.274843033403158 ], [ 629162.249952458427288, 5220831.197643542662263 ], [ 629162.174259053892456, 5220831.251054792664945 ], [ 629162.091688754619099, 5220831.21802949346602 ], [ 629162.079262731596828, 5220831.171710100024939 ], [ 629162.12130224541761, 5220831.070720413699746 ], [ 629162.249963136971928, 5220831.027419901452959 ], [ 629162.327146349358372, 5220830.921591573394835 ], [ 629162.541518901358359, 5220830.940515995956957 ], [ 629162.599215356283821, 5220831.030888722278178 ], [ 629162.625159026589245, 5220831.274840973317623 ], [ 629162.774840973666869, 5220831.274840973317623 ], [ 629162.778310014167801, 5220831.145756751298904 ], [ 629162.875883256550878, 5220831.047915601171553 ], [ 629163.014590278849937, 5220831.062690677121282 ], [ 629163.071955181309022, 5220831.146826529875398 ], [ 629163.075159026542678, 5220831.224840972572565 ], [ 629163.099913614685647, 5220831.224829303100705 ], [ 629163.19984097359702, 5220830.975159026682377 ], [ 629163.138414705754258, 5220830.963969882577658 ], [ 629162.943465189891867, 5220830.743790253065526 ], [ 629162.775159026612528, 5220830.750159027054906 ], [ 629162.757959959330037, 5220830.903685026802123 ], [ 629162.633893412188627, 5220830.949820891022682 ], [ 629162.499995476799086, 5220830.853350603953004 ], [ 629162.389280465082265, 5220830.91213293466717 ], [ 629162.305673537775874, 5220830.906670870259404 ], [ 629162.226131107890978, 5220830.824835358187556 ], [ 629162.262291424558498, 5220830.709665728732944 ], [ 629162.366271834238432, 5220830.625909767113626 ], [ 629162.500003600260243, 5220830.677374719642103 ], [ 629162.737017264240421, 5220830.500968364998698 ], [ 629162.904188882443123, 5220830.526477329432964 ], [ 629162.981534810271114, 5220830.581209747120738 ], [ 629163.058121386566199, 5220830.578602503985167 ], [ 629163.258182294201106, 5220830.670584841631353 ], [ 629163.275159026612528, 5220830.749840972945094 ], [ 629163.299913609633222, 5220830.749829294160008 ], [ 629163.425067564006895, 5220830.474393808282912 ], [ 629163.449841235065833, 5220830.399948135018349 ], [ 629163.44984097359702, 5220830.32515902724117 ], [ 629163.432578020496294, 5220830.427349638193846 ], [ 629163.377785240416415, 5220830.442100957036018 ], [ 629163.199838456232101, 5220830.100099395029247 ], [ 629163.1248807242373, 5220830.000161378644407 ], [ 629162.950086377328262, 5220830.00017069093883 ], [ 629162.801874908036552, 5220830.123582388274372 ], [ 629162.700069699669257, 5220830.150174260139465 ], [ 629162.550104895373806, 5220830.225153286010027 ], [ 629162.525047303759493, 5220830.252368620596826 ], [ 629162.8327222118387, 5220830.112906982190907 ], [ 629162.946811022702605, 5220830.013804033398628 ], [ 629163.130355373141356, 5220830.034396363422275 ], [ 629163.181851331493817, 5220830.096958694048226 ], [ 629163.211388035677373, 5220830.27125200163573 ], [ 629163.280022239778191, 5220830.342794739641249 ], [ 629163.232435908634216, 5220830.529213663190603 ], [ 629163.064623860875145, 5220830.559270435012877 ], [ 629162.943842940614559, 5220830.542619722895324 ], [ 629162.823807865730487, 5220830.475570099428296 ], [ 629162.525040149339475, 5220830.500048700720072 ], [ 629162.429609434097074, 5220830.594899312593043 ], [ 629162.300126060144976, 5220830.625154481269419 ], [ 629162.249809601576999, 5220830.725820439867675 ], [ 629162.050528586027212, 5220831.224022978916764 ], [ 629162.050000000046566, 5220831.272054241970181 ] ] ] } },
{ "type": "Feature", "properties": { "label": "vineyard", "area_m2": 0.62420253929653102 }, "geometry": { "type": "Polygon", "coordinates": [ [ [ 629189.500157902133651, 5220831.025075418874621 ], [ 629189.525156108895317, 5220831.199852162972093 ], [ 629189.649887824431062, 5220831.275121563114226 ], [ 629189.845527839846909, 5220831.470359438098967 ], [ 629189.950075414730236, 5220831.624842102639377 ], [ 629190.174870966817252, 5220831.599840661510825 ], [ 629190.225560153950937, 5220831.375193009153008 ], [ 629190.32484053762164, 5220831.199913836084306 ], [ 629190.277123501640745, 5220830.740820788778365 ], [ 629190.374836571281776, 5220830.649921715259552 ], [ 629190.400598990614526, 5220830.303607550449669 ], [ 629190.43110423325561, 5220830.27577546518296 ], [ 629190.57492458098568, 5220830.274842097423971 ], [ 629190.599842096213251, 5220830.150075418874621 ], [ 629190.47507541347295, 5220830.125157897360623 ], [ 629190.400157897267491, 5220830.200075414963067 ], [ 629190.3971864891937, 5220830.28023495990783 ], [ 629190.272811822011136, 5220830.510571274906397 ], [ 629190.123041328508407, 5220830.475023942999542 ], [ 629189.975079362164252, 5220830.500154625624418 ], [ 629189.925170009140857, 5220830.575064278207719 ], [ 629189.917715755058452, 5220830.848175704479218 ], [ 629189.599318977445364, 5220830.950609267689288 ], [ 629189.500157902133651, 5220831.025075418874621 ] ] ] } },
{ "type": "Feature", "properties": { "label": "vineyard", "area_m2": 0.38852863015489703 }, "geometry": { "type": "Polygon", "coordinates": [ [ [ 629186.650159026612528, 5220830.92484097275883 ], [ 629186.774135376792401, 5220830.850687333382666 ], [ 629186.828388612950221, 5220830.7291772486642 ], [ 629187.190920418128371, 5220830.742079130373895 ], [ 629187.199799175723456, 5220830.902784978970885 ], [ 629187.150157095515169, 5220831.000074949115515 ], [ 629187.14989174483344, 5220831.337447168305516 ], [ 629187.100170764839277, 5220831.425062738358974 ], [ 629187.100065900594927, 5220831.673886572010815 ], [ 629187.150086376233958, 5220831.724829317070544 ], [ 629187.272054235683754, 5220831.724999999627471 ], [ 629187.349829318234697, 5220831.649913627654314 ], [ 629187.354432663181797, 5220831.386496415361762 ], [ 629187.499236964737065, 5220831.201801325194538 ], [ 629187.64984541432932, 5220831.099896375089884 ], [ 629187.725000000093132, 5220830.902945758774877 ], [ 629187.674913114169613, 5220830.800152570009232 ], [ 629187.44992723222822, 5220830.700159331783652 ], [ 629186.816447975230403, 5220830.725064970552921 ], [ 629186.75294576457236, 5220830.700000000186265 ], [ 629186.650159026612528, 5220830.92484097275883 ] ] ] } },
{ "type": "Feature", "properties": { "label": "vineyard", "area_m2": 0.50924843759078653 }, "geometry": { "type": "Polygon", "coordinates": [ [ [ 629151.475117404945195, 5220831.325050493702292 ], [ 629151.500115209026262, 5220831.824904670938849 ], [ 629151.675050495192409, 5220831.899882595986128 ], [ 629151.82494267844595, 5220831.899882930330932 ], [ 629151.874882929376327, 5220831.849942677654326 ], [ 629151.854931678972207, 5220831.409963644109666 ], [ 629151.932044210610911, 5220831.308199028484523 ], [ 629152.099942677887157, 5220831.299882930703461 ], [ 629152.199882929562591, 5220831.17494267784059 ], [ 629152.199882595101371, 5220831.075050494633615 ], [ 629152.12655550299678, 5220830.934585078619421 ], [ 629152.199882929446176, 5220830.824942679144442 ], [ 629152.199885170790367, 5220830.750103082507849 ], [ 629152.099934207391925, 5220830.675107725895941 ], [ 629152.000050496077165, 5220830.650117403827608 ], [ 629151.900117070646957, 5220830.725057320669293 ], [ 629151.833013362018391, 5220830.851098857820034 ], [ 629151.700117070577107, 5220830.950057321228087 ], [ 629151.684594759717584, 5220831.066846602596343 ], [ 629151.600105475634336, 5220831.125098694115877 ], [ 629151.475117404945195, 5220831.325050493702292 ] ] ] } },
{ "type": "Feature", "properties": { "label": "vineyard", "area_m2": 0.39560882210845527 }, "geometry": { "type": "Polygon", "coordinates": [ [ [ 629178.675117404898629, 5220831.674949505366385 ], [ 629178.725057321949862, 5220831.749882929958403 ], [ 629178.974935301230289, 5220831.724891068413854 ], [ 629179.074882085900754, 5220831.549959901720285 ], [ 629179.091853038873523, 5220831.344442976638675 ], [ 629179.145971532328986, 5220831.304305966943502 ], [ 629179.249896917724982, 5220831.299885171465576 ], [ 629179.324882929446176, 5220831.199942679144442 ], [ 629179.300000000046566, 5220831.065980000421405 ], [ 629179.325552019872703, 5220830.805487181991339 ], [ 629179.39988292939961, 5220830.624942678026855 ], [ 629179.399882085854188, 5220830.550040097907186 ], [ 629179.349899697350338, 5220830.400099067948759 ], [ 629179.274942678050138, 5220830.350117069669068 ], [ 629179.20009532943368, 5220830.350115208886564 ], [ 629179.125117070623673, 5220830.475057320669293 ], [ 629179.122798015014268, 5220830.704889792017639 ], [ 629179.000117914285511, 5220831.025040097534657 ], [ 629178.996862459229305, 5220831.277890315279365 ], [ 629178.924840491032228, 5220831.341289033181965 ], [ 629178.750064698746428, 5220831.400108931586146 ], [ 629178.675117070553824, 5220831.475057320669293 ], [ 629178.675117404898629, 5220831.674949505366385 ] ] ] } },
{ "type": "Feature", "properties": { "label": "vineyard", "area_m2": 0.24657435237760139 }, "geometry": { "type": "Polygon", "coordinates": [ [ [ 629176.525117514072917, 5220830.950062812305987 ], [ 629176.525117514072917, 5220831.07493718713522 ], [ 629176.575062811840326, 5220831.124882484786212 ], [ 629176.724937188322656, 5220831.124882484786212 ], [ 629176.749882486183196, 5220831.099937187507749 ], [ 629176.806943713221699, 5220830.874864498153329 ], [ 629176.949893627781421, 5220830.69992892537266 ], [ 629177.024881805642508, 5220830.549951042048633 ], [ 629177.074884074158035, 5220830.350095137022436 ], [ 629176.899957596557215, 5220830.275118517689407 ], [ 629176.725115926004946, 5220830.325095137581229 ], [ 629176.650118194636889, 5220830.525048958137631 ], [ 629176.620062218862586, 5220830.815056913532317 ], [ 629176.525117514072917, 5220830.950062812305987 ] ] ] } },
{ "type": "Feature", "properties": { "label": "vineyard", "area_m2": 0.6839749320696592 }, "geometry": { "type": "Polygon", "coordinates": [ [ [ 629157.600159026565962, 5220829.550159026868641 ], [ 629157.600162540213205, 5220829.649855847470462 ], [ 629157.776285034138709, 5220829.751278654672205 ], [ 629157.950123631162569, 5220829.949840393848717 ], [ 629158.040163965662941, 5220829.951952238567173 ], [ 629158.108311676071025, 5220829.998512359336019 ], [ 629158.029372959397733, 5220830.184932606294751 ], [ 629157.950159026542678, 5220830.20015902724117 ], [ 629157.975865136366338, 5220830.325687602162361 ], [ 629158.072054234100506, 5220830.349999999627471 ], [ 629158.299873371259309, 5220830.324838901869953 ], [ 629158.32484097359702, 5220830.250159027054906 ], [ 629158.07987007801421, 5220830.248372888192534 ], [ 629158.036610823939554, 5220830.177714362740517 ], [ 629158.126188789843582, 5220830.009362171404064 ], [ 629158.274876369046979, 5220829.999840393662453 ], [ 629158.308126915362664, 5220829.944149289280176 ], [ 629158.499876373331062, 5220829.824840400367975 ], [ 629158.699821835965849, 5220829.349937957711518 ], [ 629158.691013504634611, 5220829.127261437475681 ], [ 629158.774840973666869, 5220829.099840972572565 ], [ 629158.774840973666869, 5220829.025159027427435 ], [ 629158.531190190813504, 5220829.038527206517756 ], [ 629158.406119593651965, 5220828.882811136543751 ], [ 629158.375681149656884, 5220828.775861476548016 ], [ 629158.250159026589245, 5220828.775159027427435 ], [ 629158.300166662782431, 5220829.074862454086542 ], [ 629158.415550043340772, 5220829.201973018236458 ], [ 629158.352404933422804, 5220829.343828566372395 ], [ 629158.176019726903178, 5220829.422547789290547 ], [ 629158.024919914314523, 5220829.375158592127264 ], [ 629157.823369205929339, 5220829.368502302095294 ], [ 629157.82484097359702, 5220829.000159027054906 ], [ 629157.775159026612528, 5220829.000159027054906 ], [ 629157.797344341874123, 5220829.380443701520562 ], [ 629157.701643330510706, 5220829.541468140669167 ], [ 629157.600159026565962, 5220829.550159026868641 ] ] ] } },
{ "type": "Feature", "properties": { "label": "vineyard", "area_m2": 0.42720934776334435 }, "geometry": { "type": "Polygon", "coordinates": [ [ [ 629165.550159746664576, 5220830.000151715241373 ], [ 629165.575086390483193, 5220830.124829294160008 ], [ 629165.799861696432345, 5220830.124836773611605 ], [ 629165.974254892440513, 5220829.925605224445462 ], [ 629165.976483803591691, 5220829.824028966017067 ], [ 629166.098292999202386, 5220829.504126476123929 ], [ 629166.249833663343452, 5220829.274917465634644 ], [ 629166.299945995444432, 5220828.998644426465034 ], [ 629166.274246097076684, 5220828.798778071068227 ], [ 629166.249868751154281, 5220828.750154228881001 ], [ 629165.94993795407936, 5220828.625178164802492 ], [ 629165.875065889325924, 5220828.651113658212125 ], [ 629165.899472823482938, 5220829.193541211076081 ], [ 629165.875024087261409, 5220829.398035444319248 ], [ 629165.899637269088998, 5220829.478953326120973 ], [ 629165.875309119699523, 5220829.811136610805988 ], [ 629165.550159746664576, 5220830.000151715241373 ] ] ] } },
{ "type": "Feature", "properties": { "label": "vineyard", "area_m2": 0.43944121085156085 }, "geometry": { "type": "Polygon", "coordinates": [ [ [ 629174.00011627539061, 5220829.449926442466676 ], [ 629174.112288830452599, 5220829.547907991334796 ], [ 629174.174447979894467, 5220829.730487179011106 ], [ 629174.152301045251079, 5220829.838439328595996 ], [ 629174.025117070646957, 5220829.900057322345674 ], [ 629174.075117070577107, 5220830.124942678026855 ], [ 629174.234152521705255, 5220830.245978216640651 ], [ 629174.250114280730486, 5220830.399885719642043 ], [ 629174.324885719339363, 5220830.399885719642043 ], [ 629174.294607396586798, 5220829.950192964635789 ], [ 629174.349883512826636, 5220829.874930766411126 ], [ 629174.404881951748393, 5220829.653399164788425 ], [ 629174.449883403605781, 5220829.599932997487485 ], [ 629174.458710968843661, 5220829.450159505940974 ], [ 629174.549882929539308, 5220829.32494267821312 ], [ 629174.574882085900754, 5220829.224959901534021 ], [ 629174.545671916683204, 5220829.017568099312484 ], [ 629174.574882929446176, 5220828.850057320669293 ], [ 629174.549942677957006, 5220828.825117069296539 ], [ 629174.397552486974746, 5220828.774999999441206 ], [ 629174.275117070646957, 5220828.82505732215941 ], [ 629174.275117070646957, 5220828.974942677654326 ], [ 629174.326314903213643, 5220829.046221228316426 ], [ 629174.317076907027513, 5220829.124918637797236 ], [ 629174.259193947655149, 5220829.18650187831372 ], [ 629174.150115163298324, 5220829.225096262060106 ], [ 629174.104021783452481, 5220829.309152521193027 ], [ 629174.025114280870184, 5220829.325114279985428 ], [ 629174.00011627539061, 5220829.449926442466676 ] ] ] } },
{ "type": "Feature", "properties": { "label": "vineyard", "area_m2": 0.31815869543129627 }, "geometry": { "type": "Polygon", "coordinates": [ [ [ 629187.351114677730948, 5220830.251300762407482 ], [ 629187.500062811886892, 5220830.524882485158741 ], [ 629187.599913702113554, 5220830.524883639067411 ], [ 629187.668682811316103, 5220830.454005923122168 ], [ 629187.89992892369628, 5220830.424893628805876 ], [ 629187.949881805456243, 5220830.349951041862369 ], [ 629187.950000000069849, 5220830.277454862371087 ], [ 629187.892264590249397, 5220830.134011411108077 ], [ 629187.92590571322944, 5220830.074068589136004 ], [ 629187.999885047669522, 5220830.049885046668351 ], [ 629187.999885047669522, 5220829.850114952772856 ], [ 629187.750062811886892, 5220829.825117515400052 ], [ 629187.707458931021392, 5220829.940595040097833 ], [ 629187.641693010227755, 5220829.982618733309209 ], [ 629187.524937188485637, 5220829.925117515027523 ], [ 629187.425095137441531, 5220829.950115927495062 ], [ 629187.350117150228471, 5220830.125070217065513 ], [ 629187.351114677730948, 5220830.251300762407482 ] ] ] } },
{ "type": "Feature", "properties": { "label": "vineyard", "area_m2": 0.42742908361537341 }, "geometry": { "type": "Polygon", "coordinates": [ [ [ 629181.650118194636889, 5220830.974951041862369 ], [ 629181.750062811886892, 5220831.074882484972477 ], [ 629181.874937188345939, 5220831.074882484972477 ], [ 629182.02247415354941, 5220830.92672332841903 ], [ 629182.149882486206479, 5220830.849937187507749 ], [ 629182.260778112104163, 5220830.441317390650511 ], [ 629182.399884074227884, 5220830.299904862418771 ], [ 629182.49988180550281, 5220830.099951041862369 ], [ 629182.574881805572659, 5220829.899951042607427 ], [ 629182.574884074158035, 5220829.775095137767494 ], [ 629182.375048957997933, 5220829.75011819601059 ], [ 629182.275106372311711, 5220829.825071074999869 ], [ 629182.236485429573804, 5220829.934224155731499 ], [ 629182.100117514026351, 5220830.100062810815871 ], [ 629182.097795277833939, 5220830.254904475994408 ], [ 629182.036485430435278, 5220830.409224153496325 ], [ 629181.900115458876826, 5220830.525104646570981 ], [ 629181.897795277880505, 5220830.654904476366937 ], [ 629181.862444093567319, 5220830.733588214032352 ], [ 629181.675106372102164, 5220830.875071075744927 ], [ 629181.650118194636889, 5220830.974951041862369 ] ] ] } },
{ "type": "Feature", "properties": { "label": "vineyard", "area_m2": 0.53518817873364688 }, "geometry": { "type": "Polygon", "coordinates": [ [ [ 629176.750117150251754, 5220829.575070217251778 ], [ 629176.846881847130135, 5220829.807593234814703 ], [ 629176.800118194543757, 5220829.925048957578838 ], [ 629176.800117513979785, 5220830.174937187694013 ], [ 629176.900062811910175, 5220830.299882484599948 ], [ 629177.074937188299373, 5220830.349882484413683 ], [ 629177.124881805619225, 5220830.274951042607427 ], [ 629177.103118153172545, 5220830.057593232020736 ], [ 629177.149881483637728, 5220829.874957595020533 ], [ 629177.136287473025732, 5220829.640324841253459 ], [ 629177.211873652297072, 5220829.587342960759997 ], [ 629177.424904862651601, 5220829.599884072318673 ], [ 629177.469802152481861, 5220829.525103497318923 ], [ 629177.549882486113347, 5220829.474937187507749 ], [ 629177.524881483637728, 5220829.300042404793203 ], [ 629177.454937781323679, 5220829.16505691409111 ], [ 629177.436547642457299, 5220829.053739117458463 ], [ 629177.471782098524272, 5220828.973747278563678 ], [ 629177.57488248613663, 5220828.924937187694013 ], [ 629177.549904862651601, 5220828.800115927122533 ], [ 629177.350062811863609, 5220828.800117515027523 ], [ 629177.286283995606937, 5220828.846212140284479 ], [ 629177.200114952516742, 5220828.850114952772856 ], [ 629177.200114952516742, 5220828.94988504704088 ], [ 629177.265327942790464, 5220828.971564368344843 ], [ 629177.302360888337716, 5220829.036349951289594 ], [ 629177.297795277903788, 5220829.179904474876821 ], [ 629177.263409344246611, 5220829.25404675770551 ], [ 629177.161283994559199, 5220829.321212140843272 ], [ 629176.975078020594083, 5220829.325116767548025 ], [ 629176.80011592595838, 5220829.450095137581229 ], [ 629176.793056286987849, 5220829.5251355022192 ], [ 629176.750117150251754, 5220829.575070217251778 ] ] ] } },
{ "type": "Feature", "properties": { "label": "vineyard", "area_m2": 0.18599034851157481 }, "geometry": { "type": "Polygon", "coordinates": [ [ [ 629193.675000000046566, 5220829.497054241597652 ], [ 629193.775335187441669, 5220829.524023782461882 ], [ 629194.124836215982214, 5220828.624940099194646 ], [ 629194.149842573446222, 5220828.300145250745118 ], [ 629194.024937941576354, 5220828.250178222544491 ], [ 629194.000159026589245, 5220828.250159027054906 ], [ 629193.974796109483577, 5220828.645811464637518 ], [ 629193.875168514088728, 5220828.775115044787526 ], [ 629193.87409941595979, 5220828.874552621506155 ], [ 629193.776026728446595, 5220829.1723090428859 ], [ 629193.675170087488368, 5220829.375076592899859 ], [ 629193.675000000046566, 5220829.497054241597652 ] ] ] } },
{ "type": "Feature", "properties": { "label": "vineyard", "area_m2": 0.039696722373934033 }, "geometry": { "type": "Polygon", "coordinates": [ [ [ 629163.475000000093132, 5220829.097054241225123 ], [ 629163.502359884092584, 5220829.124953110702336 ], [ 629163.527113824267872, 5220829.012808973900974 ], [ 629163.570019391481765, 5220828.989465053193271 ], [ 629163.628820580081083, 5220829.030479749664664 ], [ 629163.649840973666869, 5220829.124840972945094 ], [ 629163.649829325266182, 5220829.050086367875338 ], [ 629163.594498991617002, 5220828.94725997466594 ], [ 629163.661871481686831, 5220828.812311287969351 ], [ 629163.749840973643586, 5220828.79984097275883 ], [ 629163.799926087609492, 5220828.549049657769501 ], [ 629163.799840475432575, 5220828.475048185326159 ], [ 629163.774849630659446, 5220828.400161645375192 ], [ 629163.700086385477334, 5220828.400170696899295 ], [ 629163.600173950544558, 5220828.550081419758499 ], [ 629163.671100674313493, 5220828.468628961592913 ], [ 629163.762386723188683, 5220828.468489582650363 ], [ 629163.792561333044432, 5220828.49611157272011 ], [ 629163.745908317039721, 5220828.694502867758274 ], [ 629163.66290657792706, 5220828.791162637062371 ], [ 629163.600048389635049, 5220828.797593705356121 ], [ 629163.543087326106615, 5220828.956348951905966 ], [ 629163.475170704303309, 5220829.000086390413344 ], [ 629163.475000000093132, 5220829.097054241225123 ] ] ] } },
{ "type": "Feature", "properties": { "label": "vineyard", "area_m2": 0.18587700767198306 }, "geometry": { "type": "Polygon", "coordinates": [ [ [ 629185.175116275204346, 5220829.34992644097656 ], [ 629185.34238795330748, 5220829.461731656454504 ], [ 629185.34305181982927, 5220829.550144565291703 ], [ 629185.275117070646957, 5220829.625057321041822 ], [ 629185.275117070646957, 5220829.79994267784059 ], [ 629185.374942678026855, 5220829.824882930144668 ], [ 629185.424882929422893, 5220829.774942678399384 ], [ 629185.450000000069849, 5220829.597552487626672 ], [ 629185.431010771775618, 5220829.438146569766104 ], [ 629185.499882595031522, 5220829.324949504807591 ], [ 629185.549882085877471, 5220829.149959902279079 ], [ 629185.524885719292797, 5220828.950114279985428 ], [ 629185.275114280753769, 5220828.975114280357957 ], [ 629185.272798015037552, 5220829.079889792017639 ], [ 629185.200117070577107, 5220829.200057321228087 ], [ 629185.175116275204346, 5220829.34992644097656 ] ] ] } },
{ "type": "Feature", "properties": { "label": "vineyard", "area_m2": 0.49338849666562695 }, "geometry": { "type": "Polygon", "coordinates": [ [ [ 629185.300117070553824, 5220827.999942678958178 ], [ 629185.375057321973145, 5220828.124882929958403 ], [ 629185.488268343149684, 5220828.132612046785653 ], [ 629185.542387953260913, 5220828.186731656081975 ], [ 629185.525117070646957, 5220828.524942679330707 ], [ 629185.566313462331891, 5220828.610959067009389 ], [ 629185.500115731032565, 5220828.700084673240781 ], [ 629185.500114280730486, 5220828.774885719642043 ], [ 629185.599885719246231, 5220828.774885719642043 ], [ 629185.586684013251215, 5220828.64361556340009 ], [ 629185.621811983641237, 5220828.573723872192204 ], [ 629185.849942677887157, 5220828.549882930703461 ], [ 629185.9132302145008, 5220828.446358448825777 ], [ 629185.999885719153099, 5220828.424885720014572 ], [ 629185.951921471976675, 5220828.155490967445076 ], [ 629185.994442976778373, 5220828.091853038407862 ], [ 629186.074885719339363, 5220828.074885719455779 ], [ 629186.104640057776123, 5220827.8415921702981 ], [ 629186.174884385894984, 5220827.774912943132222 ], [ 629186.174882929422893, 5220827.700057321228087 ], [ 629185.900114280870184, 5220827.575114279985428 ], [ 629185.84238795330748, 5220827.763268343172967 ], [ 629185.78826834319625, 5220827.817387952469289 ], [ 629185.555487179430202, 5220827.824447979219258 ], [ 629185.474942677887157, 5220827.775117069482803 ], [ 629185.37505732208956, 5220827.775117069482803 ], [ 629185.300117404898629, 5220827.925050494261086 ], [ 629185.300117070553824, 5220827.999942678958178 ] ] ] } },
{ "type": "Feature", "properties": { "label": "vineyard", "area_m2": 0.046654774559433579 }, "geometry": { "type": "Polygon", "coordinates": [ [ [ 629190.775114952586591, 5220828.750114953145385 ], [ 629190.775114952586591, 5220828.82488504704088 ], [ 629190.850042403675616, 5220828.849881482310593 ], [ 629191.074885047622956, 5220828.849885046482086 ], [ 629191.049885047599673, 5220828.650114953517914 ], [ 629190.875086298095994, 5220828.675116361118853 ], [ 629190.839820046909153, 5220828.728834643028677 ], [ 629190.775114952586591, 5220828.750114953145385 ] ] ] } },
{ "type": "Feature", "properties": { "label": "vineyard", "area_m2": 0.76367242068257923 }, "geometry": { "type": "Polygon", "coordinates": [ [ [ 629165.875117070623673, 5220828.474942677654326 ], [ 629165.946862464072183, 5220828.547109695151448 ], [ 629165.950115208979696, 5220828.649904671125114 ], [ 629166.175050494959578, 5220828.749882595613599 ], [ 629166.224885719129816, 5220828.749885719269514 ], [ 629166.269442976685241, 5220828.641853038221598 ], [ 629166.399921288480982, 5220828.599894586019218 ], [ 629166.449895640136674, 5220828.549920788034797 ], [ 629166.50819902960211, 5220828.282044208608568 ], [ 629166.64988292939961, 5220828.124942678026855 ], [ 629166.658710965071805, 5220828.025159514509141 ], [ 629166.849882929353043, 5220827.724942677654326 ], [ 629166.874882085830905, 5220827.600040098652244 ], [ 629166.799884791020304, 5220827.300095329061151 ], [ 629166.624949504854158, 5220827.225117404013872 ], [ 629166.500057321973145, 5220827.250117070041597 ], [ 629166.376098863780499, 5220827.408013356849551 ], [ 629166.200117070577107, 5220827.525057321414351 ], [ 629166.200117404921912, 5220827.724949506111443 ], [ 629166.299777789274231, 5220827.858011624775827 ], [ 629166.30231305945199, 5220827.936005625873804 ], [ 629166.257052778149955, 5220827.987708906643093 ], [ 629166.17505732155405, 5220828.000117070041597 ], [ 629166.10011707060039, 5220828.075057321228087 ], [ 629166.067020600312389, 5220828.160132930614054 ], [ 629166.000115163391456, 5220828.200096262618899 ], [ 629165.975601854035631, 5220828.268755020573735 ], [ 629165.875117070623673, 5220828.350057320669293 ], [ 629165.875117070623673, 5220828.474942677654326 ] ] ] } },
{ "type": "Feature", "properties": { "label": "vineyard", "area_m2": 0.33031361473128162 }, "geometry": { "type": "Polygon", "coordinates": [ [ [ 629160.550159026519395, 5220828.525159027427435 ], [ 629160.609457783866674, 5220828.66179717425257 ], [ 629160.575069332262501, 5220828.751043574884534 ], [ 629160.575159026542678, 5220829.124840972945094 ], [ 629160.999911913415417, 5220829.099833364598453 ], [ 629161.19984545733314, 5220828.949871371500194 ], [ 629161.275000000139698, 5220828.722054241225123 ], [ 629161.274829311296344, 5220828.600086377933621 ], [ 629161.199898420018144, 5220828.525169929489493 ], [ 629161.07418000663165, 5220828.525405983440578 ], [ 629160.707061296445318, 5220828.667589974589646 ], [ 629160.550159026519395, 5220828.525159027427435 ] ] ] } },
{ "type": "Feature", "properties": { "label": "vineyard", "area_m2": 0.35273984691408855 }, "geometry": { "type": "Polygon", "coordinates": [ [ [ 629179.60011707060039, 5220829.524942678399384 ], [ 629179.650057321996428, 5220829.574882930144668 ], [ 629179.749949504854158, 5220829.574882595799863 ], [ 629179.89988292939961, 5220829.499942678026855 ], [ 629179.919240296236239, 5220829.432006529532373 ], [ 629180.099883408285677, 5220829.199932901188731 ], [ 629180.113498124992475, 5220829.065806046128273 ], [ 629180.274882595054805, 5220828.849949506111443 ], [ 629180.277201986056753, 5220828.720110202208161 ], [ 629180.324882595101371, 5220828.624949505552649 ], [ 629180.299934210255742, 5220828.575107728131115 ], [ 629180.000114280730486, 5220828.475114280357957 ], [ 629180.021879442268983, 5220828.642408871091902 ], [ 629179.994314266950823, 5220828.836949375458062 ], [ 629179.700117070577107, 5220829.075057321228087 ], [ 629179.689214997924864, 5220829.158693931996822 ], [ 629179.60011707060039, 5220829.275057321414351 ], [ 629179.60011707060039, 5220829.524942678399384 ] ] ] } },
{ "type": "Feature", "properties": { "label": "vineyard", "area_m2": 0.062599546344788495 }, "geometry": { "type": "Polygon", "coordinates": [ [ [ 629171.800159026519395, 5220828.000159027054906 ], [ 629171.825150369200855, 5220828.149838355369866 ], [ 629171.874844762962312, 5220828.149840600788593 ], [ 629171.920879035606049, 5220828.04221991635859 ], [ 629172.067868774523959, 5220828.038138804957271 ], [ 629172.100032412912697, 5220828.074831171892583 ], [ 629172.233702777186409, 5220827.87059998139739 ], [ 629172.335392604814842, 5220827.842867072671652 ], [ 629172.373642867081799, 5220827.866649804636836 ], [ 629172.398969892528839, 5220827.969956055283546 ], [ 629172.246164894779213, 5220828.24573861155659 ], [ 629172.100022209109738, 5220828.253347634337842 ], [ 629172.020605218829587, 5220828.351410702802241 ], [ 629171.875159026589245, 5220828.375159027054906 ], [ 629171.875159026589245, 5220828.399840973317623 ], [ 629171.975907998741604, 5220828.39964388217777 ], [ 629172.149915168061852, 5220828.349844951182604 ], [ 629172.249855961534195, 5220828.249898049049079 ], [ 629172.424418335896917, 5220827.925878126174212 ], [ 629172.424841375555843, 5220827.850143440067768 ], [ 629172.250145239173435, 5220827.775157419033349 ], [ 629172.199387625791132, 5220827.89963271189481 ], [ 629172.097593469312415, 5220828.000180976465344 ], [ 629171.800159026519395, 5220828.000159027054906 ] ] ] } },
{ "type": "Feature", "properties": { "label": "vineyard", "area_m2": 0.33563859899529591 }, "geometry": { "type": "Polygon", "coordinates": [ [ [ 629155.725159026565962, 5220827.499840972945094 ], [ 629156.060487158945762, 5220827.451342164538801 ], [ 629156.173944990499876, 5220827.48938955925405 ], [ 629156.26703391992487, 5220827.795537700876594 ], [ 629156.025861477828585, 5220827.974318848922849 ], [ 629156.025170704349875, 5220828.049913609400392 ], [ 629156.175077110063285, 5220828.149835389107466 ], [ 629156.253998617758043, 5220828.158321851864457 ], [ 629156.425137663143687, 5220828.349837644025683 ], [ 629156.499840973643586, 5220828.349840972572565 ], [ 629156.499840973643586, 5220828.275159027427435 ], [ 629156.418647690792568, 5220828.265920420177281 ], [ 629156.284427635837346, 5220828.101309051737189 ], [ 629156.357188066001981, 5220827.943826435133815 ], [ 629156.501806138199754, 5220827.824275392107666 ], [ 629156.674848102615215, 5220827.749842718243599 ], [ 629156.799847893067636, 5220827.549918320961297 ], [ 629156.82484097359702, 5220827.45015902724117 ], [ 629156.750101580168121, 5220827.450169929303229 ], [ 629156.54588286683429, 5220827.677606722339988 ], [ 629156.420986861921847, 5220827.751497017219663 ], [ 629156.281768199638464, 5220827.782729068771005 ], [ 629156.180615720804781, 5220827.490282624028623 ], [ 629156.224829318351112, 5220827.424913625232875 ], [ 629156.224829730112106, 5220827.350133024156094 ], [ 629156.079619537107646, 5220827.129216618835926 ], [ 629156.074836557614617, 5220827.050100590102375 ], [ 629156.000513000064529, 5220826.92611384857446 ], [ 629155.951964593143202, 5220826.900024087168276 ], [ 629155.725159026565962, 5220827.499840972945094 ] ] ] } },
{ "type": "Feature", "properties": { "label": "vineyard", "area_m2": 0.57996992178435436 }, "geometry": { "type": "Polygon", "coordinates": [ [ [ 629158.400114952586591, 5220827.44988504704088 ], [ 629158.471996580366977, 5220827.477333967573941 ], [ 629158.575099301990122, 5220827.649900699034333 ], [ 629158.700062811840326, 5220827.749882484786212 ], [ 629158.800686221104115, 5220827.749703934416175 ], [ 629158.811807873542421, 5220827.652860325761139 ], [ 629158.870971532305703, 5220827.604305965825915 ], [ 629158.947139673866332, 5220827.611807872541249 ], [ 629158.99569403368514, 5220827.670971531420946 ], [ 629158.992387953447178, 5220827.776790631003678 ], [ 629158.924414829816669, 5220827.835371977649629 ], [ 629158.935251494403929, 5220827.985810466110706 ], [ 629158.895903773140162, 5220828.051458173431456 ], [ 629158.80264485522639, 5220828.065291825681925 ], [ 629158.67493718827609, 5220827.950117515400052 ], [ 629158.600114952540025, 5220827.950114953331649 ], [ 629158.575114952516742, 5220828.149885047227144 ], [ 629158.680557023384608, 5220828.166853038594127 ], [ 629158.724518472794443, 5220828.240198286250234 ], [ 629158.706867047352716, 5220828.31072324514389 ], [ 629158.650116360280663, 5220828.350086298771203 ], [ 629158.650114952586591, 5220828.499885046854615 ], [ 629158.724904862698168, 5220828.499884072691202 ], [ 629158.799883233266883, 5220828.399921979755163 ], [ 629158.81685303885024, 5220828.169442975893617 ], [ 629158.870971532305703, 5220828.129305966198444 ], [ 629158.974885047646239, 5220828.124885046854615 ], [ 629158.987713523674756, 5220828.047906892374158 ], [ 629159.049883639905602, 5220827.999913700856268 ], [ 629159.124881483614445, 5220827.724957594648004 ], [ 629159.094546183361672, 5220827.548525900579989 ], [ 629159.134404958225787, 5220827.492541069164872 ], [ 629159.199885047622956, 5220827.474885046482086 ], [ 629159.202204722329043, 5220827.295095523819327 ], [ 629159.274884074227884, 5220827.1750951372087 ], [ 629159.049951041699387, 5220827.075118195265532 ], [ 629158.864010494435206, 5220827.102321138605475 ], [ 629158.812294552102685, 5220827.057060952298343 ], [ 629158.799885047599673, 5220826.975114952772856 ], [ 629158.650095137767494, 5220826.925115927122533 ], [ 629158.500118194613606, 5220827.100048957392573 ], [ 629158.520957151427865, 5220827.253146494738758 ], [ 629158.425095137441531, 5220827.325115927495062 ], [ 629158.400114952586591, 5220827.44988504704088 ] ] ] } },
{ "type": "Feature", "properties": { "label": "vineyard", "area_m2": 0.64699495464647194 }, "geometry": { "type": "Polygon", "coordinates": [ [ [ 629180.000000000116415, 5220828.472054241225123 ], [ 629180.30006204044912, 5220828.599821834824979 ], [ 629180.349913623998873, 5220828.599829317070544 ], [ 629180.399835628224537, 5220828.54990341886878 ], [ 629180.550330474157818, 5220828.248605135828257 ], [ 629180.603027062839828, 5220828.01911542378366 ], [ 629180.849837915739045, 5220827.599905285052955 ], [ 629180.875000000116415, 5220827.197054241783917 ], [ 629180.849895093473606, 5220827.12515330594033 ], [ 629180.797054238035344, 5220827.099999999627471 ], [ 629180.475954510155134, 5220827.125027641654015 ], [ 629180.400161137338728, 5220827.175086158327758 ], [ 629180.349223580211401, 5220827.599423883482814 ], [ 629180.251076391898096, 5220827.92189856339246 ], [ 629180.000000000116415, 5220828.472054241225123 ] ] ] } },
{ "type": "Feature", "properties": { "label": "vineyard", "area_m2": 0.37714639737967409 }, "geometry": { "type": "Polygon", "coordinates": [ [ [ 629188.075117514003068, 5220828.300062811002135 ], [ 629188.075117514003068, 5220828.449937188997865 ], [ 629188.175058539025486, 5220828.524890488944948 ], [ 629188.325042403652333, 5220828.574881482869387 ], [ 629188.399951042258181, 5220828.574881804175675 ], [ 629188.622674152371474, 5220828.476689450442791 ], [ 629188.799885047599673, 5220828.474885046482086 ], [ 629188.804937781300396, 5220828.384943085722625 ], [ 629188.875000000116415, 5220828.272545138373971 ], [ 629188.874881805619225, 5220828.100048957392573 ], [ 629188.82488248613663, 5220827.950062812305987 ], [ 629188.674957596464083, 5220827.900118517689407 ], [ 629188.450048957951367, 5220827.925118195824325 ], [ 629188.325106372125447, 5220828.025071076117456 ], [ 629188.288297255639918, 5220828.218290164135396 ], [ 629188.125062811886892, 5220828.250117515213788 ], [ 629188.075117514003068, 5220828.300062811002135 ] ] ] } },
{ "type": "Feature", "properties": { "label": "vineyard", "area_m2": 0.34634845599883735 }, "geometry": { "type": "Polygon", "coordinates": [ [ [ 629171.800114952493459, 5220827.149885047227144 ], [ 629172.003296887967736, 5220827.125 ], [ 629172.079102084739134, 5220827.159780584275723 ], [ 629172.10321146377828, 5220827.220867502503097 ], [ 629172.100118516595103, 5220827.499957595020533 ], [ 629172.12511636025738, 5220827.599913700483739 ], [ 629172.195359070785344, 5220827.666592521592975 ], [ 629172.200114952516742, 5220827.774885047227144 ], [ 629172.449885047622956, 5220827.874885046854615 ], [ 629172.365554819465615, 5220827.808437612839043 ], [ 629172.337813379475847, 5220827.708710450679064 ], [ 629172.388310539070517, 5220827.637364827096462 ], [ 629172.474904862698168, 5220827.624884072691202 ], [ 629172.499882486183196, 5220827.500062812119722 ], [ 629172.333508069976233, 5220827.438213807530701 ], [ 629172.216098594828509, 5220827.2299067620188 ], [ 629172.262713523698039, 5220827.072906892746687 ], [ 629172.324883639928885, 5220827.024913701228797 ], [ 629172.327054941793904, 5220826.846401531249285 ], [ 629172.381778911338188, 5220826.80451187863946 ], [ 629172.474885047646239, 5220826.799885046668351 ], [ 629172.474881805595942, 5220826.700048957951367 ], [ 629172.387713523698039, 5220826.602093107998371 ], [ 629172.374885047669522, 5220826.525114953517914 ], [ 629172.225114952540025, 5220826.525114953517914 ], [ 629172.158146961242892, 5220826.755557023920119 ], [ 629172.050114952493459, 5220826.80011495295912 ], [ 629172.038904835586436, 5220826.870781330391765 ], [ 629171.950114952516742, 5220826.92511495295912 ], [ 629171.927301045390777, 5220827.013439328409731 ], [ 629171.825114952516742, 5220827.05011495295912 ], [ 629171.800114952493459, 5220827.149885047227144 ] ] ] } },
{ "type": "Feature", "properties": { "label": "vineyard", "area_m2": 0.62933997483511817 }, "geometry": { "type": "Polygon", "coordinates": [ [ [ 629174.350116275250912, 5220828.249926441349089 ], [ 629174.445914442418143, 5220828.372805339284241 ], [ 629174.400117070646957, 5220828.475057320669293 ], [ 629174.400000000023283, 5220828.597552486695349 ], [ 629174.458940148353577, 5220828.678170708008111 ], [ 629174.450117070577107, 5220828.799942678771913 ], [ 629174.624942678026855, 5220828.874882929958403 ], [ 629174.64988292939961, 5220828.849942678585649 ], [ 629174.652333637932315, 5220828.701062309555709 ], [ 629174.747392172226682, 5220828.576794509775937 ], [ 629174.849942677887157, 5220828.549882930703461 ], [ 629174.89988292939961, 5220828.499942678026855 ], [ 629174.913498125039041, 5220828.415806045755744 ], [ 629175.074882595101371, 5220828.199949505738914 ], [ 629175.049884791136719, 5220827.575095331296325 ], [ 629174.874949505086988, 5220827.500117404386401 ], [ 629174.750057321973145, 5220827.500117070041597 ], [ 629174.625063038431108, 5220827.600110763683915 ], [ 629174.60011707060039, 5220827.625057321973145 ], [ 629174.607113982667215, 5220827.874051258899271 ], [ 629174.524840491008945, 5220827.941289032809436 ], [ 629174.400115163298324, 5220827.975096262060106 ], [ 629174.350116275250912, 5220828.249926441349089 ] ] ] } },
{ "type": "Feature", "properties": { "label": "vineyard", "area_m2": 0.26344228618257165 }, "geometry": { "type": "Polygon", "coordinates": [ [ [ 629177.65006663359236, 5220827.923901490867138 ], [ 629177.72514344996307, 5220828.074841365218163 ], [ 629177.80068114947062, 5220828.074138524010777 ], [ 629177.97483106656, 5220827.724899919703603 ], [ 629178.022142141475342, 5220827.444048301316798 ], [ 629178.224841671530157, 5220827.399919097311795 ], [ 629178.224842401803471, 5220827.30007316544652 ], [ 629178.175200824392959, 5220827.202784979715943 ], [ 629178.174829295836389, 5220827.000086390413344 ], [ 629178.1499136100756, 5220826.975170705467463 ], [ 629178.025155366165563, 5220827.000088440254331 ], [ 629177.950155236874707, 5220827.175095276907086 ], [ 629177.948123118025251, 5220827.324171933345497 ], [ 629177.852585642365739, 5220827.494088661856949 ], [ 629177.650159026612528, 5220827.550159026868641 ], [ 629177.65006663359236, 5220827.923901490867138 ] ] ] } },
{ "type": "Feature", "properties": { "label": "vineyard", "area_m2": 0.2161334956850989 }, "geometry": { "type": "Polygon", "coordinates": [ [ [ 629174.800000000046566, 5220827.497054241597652 ], [ 629175.07485139858909, 5220827.599836639128625 ], [ 629175.174926099134609, 5220827.349049422889948 ], [ 629175.174826406873763, 5220827.30008882842958 ], [ 629175.101813270593993, 5220827.189110251143575 ], [ 629175.124433268210851, 5220826.957140912301838 ], [ 629175.155857917387038, 5220826.925767012871802 ], [ 629175.274913615430705, 5220826.924829302355647 ], [ 629175.349247313570231, 5220826.801220224238932 ], [ 629175.400000000139698, 5220826.647054240107536 ], [ 629175.399829235393554, 5220826.575062738731503 ], [ 629175.349913615384139, 5220826.500170697458088 ], [ 629175.250062742619775, 5220826.500170779414475 ], [ 629175.149623270262964, 5220826.576043894514441 ], [ 629175.100070444284938, 5220826.726020937785506 ], [ 629175.124139601830393, 5220826.93265622202307 ], [ 629175.09828581137117, 5220827.175355577841401 ], [ 629175.065267003024928, 5220827.199807815253735 ], [ 629174.875086376210675, 5220827.200170682743192 ], [ 629174.800861189956777, 5220827.27431889437139 ], [ 629174.800000000046566, 5220827.497054241597652 ] ] ] } },
{ "type": "Feature", "properties": { "label": "vineyard", "area_m2": 0.12794226253062949 }, "geometry": { "type": "Polygon", "coordinates": [ [ [ 629183.275117514072917, 5220827.325062812305987 ], [ 629183.275118194636889, 5220827.474951041862369 ], [ 629183.300095137441531, 5220827.524884073063731 ], [ 629183.374937188345939, 5220827.524882485158741 ], [ 629183.599881805595942, 5220827.199951042421162 ], [ 629183.599885047646239, 5220826.950114953331649 ], [ 629183.425048958393745, 5220826.950118195265532 ], [ 629183.325115925981663, 5220827.000095137394965 ], [ 629183.345919952262193, 5220827.202173048630357 ], [ 629183.275117514072917, 5220827.325062812305987 ] ] ] } },
{ "type": "Feature", "properties": { "label": "vineyard", "area_m2": 0.27096598536740052 }, "geometry": { "type": "Polygon", "coordinates": [ [ [ 629185.775170058244839, 5220826.975064298138022 ], [ 629185.800155630102381, 5220827.22483772225678 ], [ 629185.902119370177388, 5220827.229846348054707 ], [ 629186.049247097689658, 5220827.36341973207891 ], [ 629186.043346137157641, 5220827.450879735872149 ], [ 629185.900157901924103, 5220827.574924583546817 ], [ 629186.174874707823619, 5220827.699843857437372 ], [ 629186.399952951702289, 5220827.572598613798618 ], [ 629186.202915360103361, 5220827.606798792257905 ], [ 629186.067902701091953, 5220827.506435515359044 ], [ 629186.062109484686516, 5220827.461746621876955 ], [ 629186.39996985939797, 5220827.18645048327744 ], [ 629186.549931499757804, 5220826.948951035737991 ], [ 629186.440598262124695, 5220827.105667878873646 ], [ 629186.385311773628928, 5220827.136988685466349 ], [ 629186.200030962587334, 5220827.093774456530809 ], [ 629186.219704065704718, 5220826.906780824996531 ], [ 629186.345333454548381, 5220826.752746350131929 ], [ 629186.549968068022281, 5220826.715934861451387 ], [ 629186.599842096213251, 5220826.575075418688357 ], [ 629186.527936940896325, 5220826.549999999813735 ], [ 629186.425145207671449, 5220826.575152833946049 ], [ 629186.347464483696967, 5220826.728370651602745 ], [ 629186.171157061471604, 5220826.925418445840478 ], [ 629185.994213093537837, 5220826.96854348666966 ], [ 629185.94986707973294, 5220826.925159944221377 ], [ 629185.800123828928918, 5220826.925158903002739 ], [ 629185.775170058244839, 5220826.975064298138022 ] ] ] } },
{ "type": "Feature", "properties": { "label": "vineyard", "area_m2": 0.46027453832285786 }, "geometry": { "type": "Polygon", "coordinates": [ [ [ 629153.775117514072917, 5220826.475062812678516 ], [ 629153.775117514072917, 5220826.524937187321484 ], [ 629153.875062811886892, 5220826.649882485158741 ], [ 629154.003435629652813, 5220826.684672055765986 ], [ 629154.025114952586591, 5220826.799885046668351 ], [ 629154.120710678282194, 5220826.829289321787655 ], [ 629154.150114952586591, 5220826.924885046668351 ], [ 629154.274885047692806, 5220826.924885046668351 ], [ 629154.274885047692806, 5220826.825114953331649 ], [ 629154.204289321904071, 5220826.795710678212345 ], [ 629154.175481527345255, 5220826.73480171430856 ], [ 629154.207612046739087, 5220826.436731656081975 ], [ 629154.252860326319933, 5220826.386807872913778 ], [ 629154.324885047622956, 5220826.374885046854615 ], [ 629154.329485883004963, 5220826.236363052390516 ], [ 629154.398525899625383, 5220826.169546185061336 ], [ 629154.467014509136789, 5220826.175232446752489 ], [ 629154.550095137441531, 5220826.274884073063731 ], [ 629154.649904862744734, 5220826.299884072504938 ], [ 629154.674885047599673, 5220826.075114953331649 ], [ 629154.392170819221064, 5220826.04164011683315 ], [ 629154.329937781323679, 5220825.91505691409111 ], [ 629154.324884074158035, 5220825.800095138140023 ], [ 629154.124928923672996, 5220825.600106370635331 ], [ 629153.925062811817043, 5220825.525117515586317 ], [ 629153.850118516595103, 5220825.675042404793203 ], [ 629153.883901404915377, 5220825.779906773008406 ], [ 629153.850117514026351, 5220825.924937187694013 ], [ 629153.890364538063295, 5220826.020597962662578 ], [ 629153.825000000069849, 5220826.102454861626029 ], [ 629153.825117514003068, 5220826.249937187880278 ], [ 629153.884264755761251, 5220826.3658741787076 ], [ 629153.775117514072917, 5220826.475062812678516 ] ], [ [ 629153.970982852624729, 5220826.28415549825877 ], [ 629153.89305281965062, 5220826.014337845146656 ], [ 629153.956778912222944, 5220825.954511879011989 ], [ 629154.025135501171462, 5220825.956943713128567 ], [ 629154.13308139576111, 5220826.018596366979182 ], [ 629154.174548075650819, 5220826.090503649786115 ], [ 629154.158883254509419, 5220826.267961240373552 ], [ 629154.088126346585341, 5220826.312657038681209 ], [ 629153.970982852624729, 5220826.28415549825877 ] ], [ [ 629154.109155497862957, 5220826.529017147608101 ], [ 629153.943208419135772, 5220826.583334182389081 ], [ 629153.886287473025732, 5220826.534675158560276 ], [ 629153.87930596654769, 5220826.445971531793475 ], [ 629153.927860326366499, 5220826.386807872913778 ], [ 629154.044509032391943, 5220826.376921471208334 ], [ 629154.113192126620561, 5220826.427860326133668 ], [ 629154.109155497862957, 5220826.529017147608101 ] ] ] } },
{ "type": "Feature", "properties": { "label": "vineyard", "area_m2": 0.22963349236360869 }, "geometry": { "type": "Polygon", "coordinates": [ [ [ 629191.425114280660637, 5220827.599885719828308 ], [ 629191.525057321996428, 5220827.649882930330932 ], [ 629191.599926441209391, 5220827.649883724749088 ], [ 629191.674882929539308, 5220827.57494267821312 ], [ 629191.719240295002237, 5220827.432006531395018 ], [ 629191.799884836771525, 5220827.374903738498688 ], [ 629191.825000000069849, 5220827.297552487812936 ], [ 629191.804466137429699, 5220827.136195455677807 ], [ 629191.924882085877471, 5220826.899959902279079 ], [ 629191.899942677933723, 5220826.775117069482803 ], [ 629191.800095329759642, 5220826.750115209259093 ], [ 629191.742020599311218, 5220826.860132931731641 ], [ 629191.525117070646957, 5220827.07505732215941 ], [ 629191.5, 5220827.152447513304651 ], [ 629191.522798013989814, 5220827.304889798164368 ], [ 629191.425117404898629, 5220827.450050494633615 ], [ 629191.425114280660637, 5220827.599885719828308 ] ] ] } },
{ "type": "Feature", "properties": { "label": "vineyard", "area_m2": 0.1276792747486899 }, "geometry": { "type": "Polygon", "coordinates": [ [ [ 629191.800000000046566, 5220826.747054241597652 ], [ 629191.924091826891527, 5220826.79964379966259 ], [ 629192.024861493846402, 5220826.799831891432405 ], [ 629192.17484600294847, 5220826.649913467466831 ], [ 629192.20080121117644, 5220826.422838792204857 ], [ 629192.270062063354999, 5220826.199481209740043 ], [ 629192.349856553249992, 5220826.174841367639601 ], [ 629192.399830236332491, 5220826.074915986508131 ], [ 629192.399840973666869, 5220825.925159026868641 ], [ 629192.300159026519395, 5220825.925159026868641 ], [ 629192.274198789033107, 5220826.177161207422614 ], [ 629192.204539457452483, 5220826.396414205431938 ], [ 629192.000139082199894, 5220826.400160397402942 ], [ 629191.925163983600214, 5220826.500103486701846 ], [ 629191.920155949541368, 5220826.624880188144743 ], [ 629191.800000000046566, 5220826.747054241597652 ] ] ] } },
{ "type": "Feature", "properties": { "label": "vineyard", "area_m2": 0.53684945137108853 }, "geometry": { "type": "Polygon", "coordinates": [ [ [ 629194.00011659169104, 5220828.075067099183798 ], [ 629194.000117070740089, 5220828.249942678958178 ], [ 629194.025065792608075, 5220828.274892274290323 ], [ 629194.15244751307182, 5220828.325000000186265 ], [ 629194.274884836631827, 5220828.274903737939894 ], [ 629194.899882595054805, 5220826.799949506297708 ], [ 629194.89988292939961, 5220826.750057321973145 ], [ 629194.774942677933723, 5220826.650117069482803 ], [ 629194.675117404898629, 5220826.750050494447351 ], [ 629194.645710678072646, 5220826.920710677281022 ], [ 629194.50005732208956, 5220826.950117069296539 ], [ 629194.250117070623673, 5220827.150057322345674 ], [ 629194.250117070623673, 5220827.274942679330707 ], [ 629194.369804356014356, 5220827.398608908988535 ], [ 629194.38102559291292, 5220827.474288164637983 ], [ 629194.284193947678432, 5220827.586501878686249 ], [ 629194.175095329410397, 5220827.600115208886564 ], [ 629194.07006832130719, 5220827.965036354959011 ], [ 629194.00011659169104, 5220828.075067099183798 ] ] ] } },
{ "type": "Feature", "properties": { "label": "vineyard", "area_m2": 0.34800069417352225 }, "geometry": { "type": "Polygon", "coordinates": [ [ [ 629155.975000000093132, 5220826.922054241411388 ], [ 629156.22484257130418, 5220826.849854746833444 ], [ 629156.256587692769244, 5220826.626547293737531 ], [ 629156.482230810215697, 5220826.480173510499299 ], [ 629156.709682463784702, 5220826.583944040350616 ], [ 629156.86509743030183, 5220826.781312519684434 ], [ 629156.825160995591432, 5220826.875083108432591 ], [ 629156.825157429091632, 5220826.999854747205973 ], [ 629156.974913610611111, 5220827.049829293042421 ], [ 629157.024821079452522, 5220826.949944673106074 ], [ 629157.049840600346215, 5220826.575155238620937 ], [ 629156.773852406884544, 5220826.495153605006635 ], [ 629156.628615827765316, 5220826.253188907168806 ], [ 629156.624829295906238, 5220826.150086390785873 ], [ 629156.500075908028521, 5220826.100177529267967 ], [ 629156.375154891982675, 5220826.150146411731839 ], [ 629156.298717036144808, 5220826.399149438366294 ], [ 629156.075152533594519, 5220826.600086860358715 ], [ 629155.975160016561858, 5220826.825058911927044 ], [ 629155.975000000093132, 5220826.922054241411388 ] ] ] } },
{ "type": "Feature", "properties": { "label": "vineyard", "area_m2": 0.62840929991881056 }, "geometry": { "type": "Polygon", "coordinates": [ [ [ 629158.67511592595838, 5220826.9499048627913 ], [ 629158.79993718827609, 5220826.974882484413683 ], [ 629158.866779629956, 5220826.921306695789099 ], [ 629158.93415760085918, 5220826.921306695789099 ], [ 629158.990867545246147, 5220826.972705592401326 ], [ 629159.000115926028229, 5220827.0749048627913 ], [ 629159.274885047692806, 5220827.174885046668351 ], [ 629159.313235269160941, 5220827.09635447897017 ], [ 629159.399885047692806, 5220827.07488504704088 ], [ 629159.424881483544596, 5220826.999957595020533 ], [ 629159.401562778512016, 5220826.855706435628235 ], [ 629159.44988248613663, 5220826.774937188252807 ], [ 629159.458200560300611, 5220826.582043777219951 ], [ 629159.524883639998734, 5220826.524913701228797 ], [ 629159.554289321997203, 5220826.429289322346449 ], [ 629159.649885047692806, 5220826.399885047227144 ], [ 629159.649884074227884, 5220826.350095137022436 ], [ 629158.974951041745953, 5220826.075118195265532 ], [ 629158.900114952586591, 5220826.075114953331649 ], [ 629158.800118516548537, 5220826.350042404606938 ], [ 629158.797795277903788, 5220826.679904474876821 ], [ 629158.675117513979785, 5220826.875062812119722 ], [ 629158.67511592595838, 5220826.9499048627913 ] ] ] } },
{ "type": "Feature", "properties": { "label": "vineyard", "area_m2": 0.48054049262239962 }, "geometry": { "type": "Polygon", "coordinates": [ [ [ 629169.450117404921912, 5220826.949949505738914 ], [ 629169.47509626194369, 5220826.999884836375713 ], [ 629169.552447513095103, 5220827.025000000372529 ], [ 629169.924942678073421, 5220827.024882930330932 ], [ 629169.974882929353043, 5220826.974942677654326 ], [ 629169.961097690975294, 5220826.842734981328249 ], [ 629170.074885719339363, 5220826.774885719642043 ], [ 629170.085784999537282, 5220826.691306073218584 ], [ 629170.14988292939961, 5220826.624942678026855 ], [ 629170.183199029532261, 5220826.457044208422303 ], [ 629170.249884385848418, 5220826.399912942200899 ], [ 629170.249378107488155, 5220826.281176060438156 ], [ 629170.349882929353043, 5220826.099942677654326 ], [ 629170.299882929422893, 5220825.875057321973145 ], [ 629170.224942678003572, 5220825.800117069855332 ], [ 629170.000067699002102, 5220825.800116562284529 ], [ 629169.900095329619944, 5220825.850115208886564 ], [ 629169.875117404968478, 5220825.949949504807591 ], [ 629169.999426746973768, 5220826.132261022925377 ], [ 629170.003179200575687, 5220826.208675583824515 ], [ 629169.893959373817779, 5220826.372419643215835 ], [ 629169.800095329410397, 5220826.400115208700299 ], [ 629169.755759703810327, 5220826.642993470653892 ], [ 629169.637207620195113, 5220826.782962466590106 ], [ 629169.500095329596661, 5220826.850115208886564 ], [ 629169.450117404921912, 5220826.949949505738914 ] ] ] } },
{ "type": "Feature", "properties": { "label": "vineyard", "area_m2": 0.48020827285886797 }, "geometry": { "type": "Polygon", "coordinates": [ [ [ 629161.250117405084893, 5220827.549949506297708 ], [ 629161.299942677957006, 5220827.599882930517197 ], [ 629161.459963632049039, 5220827.50493168272078 ], [ 629161.599885719129816, 5220827.499885719269514 ], [ 629161.636560671497136, 5220827.397698954679072 ], [ 629161.799942678073421, 5220827.374882929958403 ], [ 629161.849882594891824, 5220827.299949505366385 ], [ 629161.849882594891824, 5220827.075050494633615 ], [ 629161.793745371513069, 5220826.897874067537487 ], [ 629161.835780528839678, 5220826.781457914039493 ], [ 629161.949884836794809, 5220826.699903738684952 ], [ 629161.974882085807621, 5220826.50004009809345 ], [ 629161.949883724795654, 5220826.40007355902344 ], [ 629161.799949505017139, 5220826.300117404200137 ], [ 629161.725095329456963, 5220826.300115209072828 ], [ 629161.60011707060039, 5220826.500057321973145 ], [ 629161.591289030620828, 5220826.624840496107936 ], [ 629161.525117070646957, 5220826.70005732215941 ], [ 629161.466289030620828, 5220826.899840496480465 ], [ 629161.400117070646957, 5220827.000057321041822 ], [ 629161.391289030667394, 5220827.174840495921671 ], [ 629161.250117404968478, 5220827.350050495006144 ], [ 629161.250117405084893, 5220827.549949506297708 ] ] ] } },
{ "type": "Feature", "properties": { "label": "vineyard", "area_m2": 0.46187384964269429 }, "geometry": { "type": "Polygon", "coordinates": [ [ [ 629161.80011592595838, 5220826.100095137022436 ], [ 629161.821881846990436, 5220826.232593231834471 ], [ 629161.80011592595838, 5220826.3249048627913 ], [ 629161.850048958440311, 5220826.349881804548204 ], [ 629161.89991370216012, 5220826.349883638322353 ], [ 629161.972445165039971, 5220826.277836879715323 ], [ 629162.097545121097937, 5220826.299999999813735 ], [ 629162.199937188299373, 5220826.274882485158741 ], [ 629162.249882486183196, 5220826.224937187507749 ], [ 629162.252204722375609, 5220826.045095523819327 ], [ 629162.324881805572659, 5220825.874951042234898 ], [ 629162.349881483591162, 5220825.674957594834268 ], [ 629162.338862092932686, 5220825.510578142479062 ], [ 629162.399883639998734, 5220825.449913701973855 ], [ 629162.434450714965351, 5220825.349479861557484 ], [ 629162.649882486206479, 5220825.224937187507749 ], [ 629162.649882486206479, 5220825.125062812119722 ], [ 629162.54993718827609, 5220825.000117515213788 ], [ 629162.325062811840326, 5220824.975117514841259 ], [ 629162.250106372404844, 5220825.05007107462734 ], [ 629162.20011851657182, 5220825.200042405165732 ], [ 629162.216278326814063, 5220825.37486628536135 ], [ 629162.100117514026351, 5220825.500062812119722 ], [ 629162.062444093520753, 5220825.683588214218616 ], [ 629161.925099301734008, 5220825.825099302455783 ], [ 629161.886485429597087, 5220826.03422415535897 ], [ 629161.80011592595838, 5220826.100095137022436 ] ] ] } },
{ "type": "Feature", "properties": { "label": "vineyard", "area_m2": 1.106812315641285 }, "geometry": { "type": "Polygon", "coordinates": [ [ [ 629158.925115208956413, 5220826.074904670938849 ], [ 629159.60004009923432, 5220826.349882086738944 ], [ 629159.699900931213051, 5220826.324899697676301 ], [ 629159.775000000023283, 5220826.147552486509085 ], [ 629159.774882085854188, 5220825.925040097907186 ], [ 629159.714064372587018, 5220825.738254109397531 ], [ 629159.824882929562591, 5220825.599942677654326 ], [ 629159.836807873565704, 5220825.277860326692462 ], [ 629159.895971532328986, 5220825.229305966757238 ], [ 629160.009497263468802, 5220825.225452011451125 ], [ 629160.075525553897023, 5220825.259456955827773 ], [ 629160.100114280707203, 5220825.324885719455779 ], [ 629160.274904670543037, 5220825.324884790927172 ], [ 629160.324882595101371, 5220825.22494950518012 ], [ 629160.224942678003572, 5220825.125117070041597 ], [ 629160.111807873472571, 5220825.072139673866332 ], [ 629160.124884790973738, 5220824.875095329247415 ], [ 629159.649949504993856, 5220824.675117404200137 ], [ 629159.550064699375071, 5220824.700108930468559 ], [ 629159.475085729034618, 5220824.77508573140949 ], [ 629159.449999999953434, 5220824.822552488185465 ], [ 629159.479603257146664, 5220824.968876357190311 ], [ 629159.422927164006978, 5220825.020270736888051 ], [ 629159.32509532943368, 5220825.025115208700299 ], [ 629159.225117914145812, 5220825.275040097534657 ], [ 629159.24267182208132, 5220825.448197764344513 ], [ 629159.10011707060039, 5220825.600057321600616 ], [ 629159.095068318536505, 5220825.690036363899708 ], [ 629159.000117405084893, 5220825.825050493702292 ], [ 629158.925115208956413, 5220826.074904670938849 ] ] ] } },
{ "type": "Feature", "properties": { "label": "vineyard", "area_m2": 0.57746523067465994 }, "geometry": { "type": "Polygon", "coordinates": [ [ [ 629166.575117514003068, 5220827.125062812119722 ], [ 629166.575117514003068, 5220827.199937188997865 ], [ 629166.625071076559834, 5220827.24989362899214 ], [ 629166.800048957928084, 5220827.324881804175675 ], [ 629166.999882486183196, 5220827.224937187507749 ], [ 629166.991921411477961, 5220827.040640488266945 ], [ 629167.124884074204601, 5220826.9499048627913 ], [ 629167.249882486183196, 5220826.649937189184129 ], [ 629167.254937781370245, 5220826.534943086095154 ], [ 629167.299882486113347, 5220826.474937187507749 ], [ 629167.29988180543296, 5220826.325048957951367 ], [ 629167.206943713244982, 5220826.200135502032936 ], [ 629167.199885047622956, 5220826.100114952772856 ], [ 629167.135179953067563, 5220826.078834642656147 ], [ 629167.099913702113554, 5220826.025116361677647 ], [ 629167.025078020640649, 5220826.025116767734289 ], [ 629166.80011592595838, 5220826.225095137022436 ], [ 629166.731867047143169, 5220826.385723246261477 ], [ 629166.600117514026351, 5220826.525062812492251 ], [ 629166.600115926004946, 5220826.599904862232506 ], [ 629166.706991985440254, 5220826.68325212970376 ], [ 629166.73221667483449, 5220826.767406764440238 ], [ 629166.69127832679078, 5220826.949866284616292 ], [ 629166.575117514003068, 5220827.125062812119722 ] ] ] } },
{ "type": "Feature", "properties": { "label": "vineyard", "area_m2": 0.6696411555568611 }, "geometry": { "type": "Polygon", "coordinates": [ [ [ 629156.500163396354765, 5220825.699875826016068 ], [ 629156.595959409722127, 5220825.968764096498489 ], [ 629156.526062969118357, 5220826.125202216207981 ], [ 629156.602936941082589, 5220826.150000000372529 ], [ 629156.822512884275056, 5220826.125680876895785 ], [ 629157.099932435667142, 5220826.17484313622117 ], [ 629157.374836310860701, 5220826.024854731746018 ], [ 629157.37484162254259, 5220825.950158376246691 ], [ 629157.122697177692316, 5220825.920277266763151 ], [ 629156.913408155553043, 5220825.711104767397046 ], [ 629156.951502919895574, 5220825.202887118794024 ], [ 629157.186744925798848, 5220824.924608622677624 ], [ 629157.670273043448105, 5220824.905539567582309 ], [ 629157.699189085047692, 5220824.936184408143163 ], [ 629157.700157903716899, 5220825.049924582242966 ], [ 629157.749876175192185, 5220825.074841101653874 ], [ 629157.824841096997261, 5220824.850123829208314 ], [ 629157.750075419666246, 5220824.8251579022035 ], [ 629157.680437936563976, 5220824.900706511922181 ], [ 629157.200887312297709, 5220824.918229416944087 ], [ 629157.12484209635295, 5220824.575075419619679 ], [ 629156.974936412298121, 5220824.500177434645593 ], [ 629156.900098521262407, 5220824.525155858136714 ], [ 629156.850158217013814, 5220824.625049570575356 ], [ 629156.848396191839129, 5220825.020084326155484 ], [ 629156.674635700532235, 5220825.201054897159338 ], [ 629156.57466852653306, 5220825.401397315785289 ], [ 629156.500163396354765, 5220825.699875826016068 ] ] ] } },
{ "type": "Feature", "properties": { "label": "vineyard", "area_m2": 0.51958916178887227 }, "geometry": { "type": "Polygon", "coordinates": [ [ [ 629178.150117514072917, 5220826.025062812492251 ], [ 629178.200071076513268, 5220826.12489362899214 ], [ 629178.348883282509632, 5220826.160995053127408 ], [ 629178.400086298119277, 5220826.224883638322353 ], [ 629178.59990069817286, 5220826.199900698848069 ], [ 629178.624881805619225, 5220826.149951042607427 ], [ 629178.63680787361227, 5220825.802860326133668 ], [ 629178.799915468436666, 5220825.724896999076009 ], [ 629178.874893627827987, 5220825.649928925558925 ], [ 629179.124881805619225, 5220825.199951042421162 ], [ 629179.124881483614445, 5220825.100042404606938 ], [ 629179.067783325561322, 5220824.942406767047942 ], [ 629179.099881805479527, 5220824.775048958137631 ], [ 629179.04993718827609, 5220824.700117515400052 ], [ 629178.875086298095994, 5220824.725116360932589 ], [ 629178.832092546392232, 5220824.784297254867852 ], [ 629178.750114952563308, 5220824.80011495295912 ], [ 629178.792712081689388, 5220824.994302209466696 ], [ 629178.650117514072917, 5220825.17506281286478 ], [ 629178.57511851657182, 5220825.375042404979467 ], [ 629178.597945058369078, 5220825.778598468750715 ], [ 629178.543221088824794, 5220825.82048812136054 ], [ 629178.250071076443419, 5220825.900106371380389 ], [ 629178.150117514072917, 5220826.025062812492251 ] ] ] } },
{ "type": "Feature", "properties": { "label": "vineyard", "area_m2": 0.43727802653262021 }, "geometry": { "type": "Polygon", "coordinates": [ [ [ 629180.700117914122529, 5220826.974959902465343 ], [ 629180.725114280707203, 5220827.099885719828308 ], [ 629180.874942678026855, 5220827.149882930330932 ], [ 629180.949883724795654, 5220827.074926442466676 ], [ 629180.958710968843661, 5220826.97515950538218 ], [ 629181.074882595101371, 5220826.799949505366385 ], [ 629181.108710969332606, 5220826.475159503519535 ], [ 629181.224892273545265, 5220826.374934208579361 ], [ 629181.299882595078088, 5220826.224949506111443 ], [ 629181.331948181963526, 5220826.049855429679155 ], [ 629181.424882595078088, 5220825.924949506297708 ], [ 629181.399903737939894, 5220825.775115162134171 ], [ 629181.200115163228475, 5220825.800096261315048 ], [ 629181.191800970467739, 5220825.942955791950226 ], [ 629181.125101090408862, 5220826.000092244707048 ], [ 629181.051735757966526, 5220826.144795183092356 ], [ 629180.800103081972338, 5220826.250114829279482 ], [ 629180.725107725826092, 5220826.350065791979432 ], [ 629180.700117404921912, 5220826.400050493888557 ], [ 629180.700117404921912, 5220826.649949505925179 ], [ 629180.77187918801792, 5220826.792414042167366 ], [ 629180.700117914122529, 5220826.974959902465343 ] ] ] } },
{ "type": "Feature", "properties": { "label": "vineyard", "area_m2": 0.33351412049233331 }, "geometry": { "type": "Polygon", "coordinates": [ [ [ 629189.25006395613309, 5220825.14884699229151 ], [ 629189.300157529651187, 5220825.27486658655107 ], [ 629189.924840973573737, 5220825.54984097275883 ], [ 629189.887482552905567, 5220825.360795984044671 ], [ 629190.193502022884786, 5220825.008555396459997 ], [ 629190.349839935544878, 5220824.974868234246969 ], [ 629190.399816562887281, 5220824.799946869723499 ], [ 629190.399841671576723, 5220824.55008090287447 ], [ 629190.199942060862668, 5220824.45015708822757 ], [ 629190.000162934302352, 5220824.475156294181943 ], [ 629190.000156453694217, 5220824.849861513823271 ], [ 629190.145111119607463, 5220824.946836354210973 ], [ 629190.158789058914408, 5220824.986271881498396 ], [ 629189.850100922281854, 5220825.345553930848837 ], [ 629189.750703427707776, 5220825.349334598518908 ], [ 629189.574047983856872, 5220825.294837574474514 ], [ 629189.453183377627283, 5220825.077925055287778 ], [ 629189.424913610564545, 5220824.950170706957579 ], [ 629189.275123631232418, 5220824.950159606523812 ], [ 629189.25006395613309, 5220825.14884699229151 ] ] ] } },
{ "type": "Feature", "properties": { "label": "vineyard", "area_m2": 0.45436803587965385 }, "geometry": { "type": "Polygon", "coordinates": [ [ [ 629186.450116562307812, 5220825.800067698583007 ], [ 629186.450117070577107, 5220825.899942678399384 ], [ 629186.496880962513387, 5220825.992377840913832 ], [ 629186.450117070577107, 5220826.174942678771913 ], [ 629186.552210357622243, 5220826.310277868062258 ], [ 629186.525115209049545, 5220826.549904669634998 ], [ 629186.724942678003572, 5220826.574882930144668 ], [ 629186.799882929422893, 5220826.499942678026855 ], [ 629186.818129628198221, 5220826.314278381876647 ], [ 629186.999885719153099, 5220826.199885719455779 ], [ 629186.999884385848418, 5220826.100087057799101 ], [ 629186.88609769102186, 5220825.957265018485487 ], [ 629186.886007880442776, 5220825.871704735793173 ], [ 629187.000468989135697, 5220825.720768336206675 ], [ 629187.099949504830875, 5220825.699882595799863 ], [ 629187.249884836724959, 5220825.599903737194836 ], [ 629187.27488292939961, 5220825.500057321973145 ], [ 629187.074949503876269, 5220825.400117403827608 ], [ 629186.925114280660637, 5220825.375114280730486 ], [ 629186.94954798836261, 5220825.509497263468802 ], [ 629186.915543044218794, 5220825.575525553897023 ], [ 629186.729889795300551, 5220825.672798014245927 ], [ 629186.500114280846901, 5220825.675114280544221 ], [ 629186.493051819619723, 5220825.75014456640929 ], [ 629186.450116562307812, 5220825.800067698583007 ] ] ] } },
{ "type": "Feature", "properties": { "label": "vineyard", "area_m2": 0.75995803225023284 }, "geometry": { "type": "Polygon", "coordinates": [ [ [ 629189.100117404945195, 5220825.849949506111443 ], [ 629189.308899645227939, 5220826.120095262303948 ], [ 629189.289356488734484, 5220826.184548707678914 ], [ 629189.125117070740089, 5220826.375057321041822 ], [ 629189.150105413049459, 5220826.549921288155019 ], [ 629189.306993465754203, 5220826.708253727294505 ], [ 629189.350096262176521, 5220826.799884838052094 ], [ 629189.399885719292797, 5220826.799885720014572 ], [ 629189.411216322914697, 5220826.725684148259461 ], [ 629189.467828086111695, 5220826.677016485482454 ], [ 629189.624942678026855, 5220826.699882930144668 ], [ 629189.75, 5220826.447552487254143 ], [ 629189.74988340830896, 5220826.400067099370062 ], [ 629189.643104632850736, 5220826.261705976910889 ], [ 629189.636585754691623, 5220826.194656975567341 ], [ 629189.849883724586107, 5220825.999926441349089 ], [ 629189.818974404479377, 5220825.875711846165359 ], [ 629189.924882595078088, 5220825.724949506111443 ], [ 629189.949884791043587, 5220825.550095329061151 ], [ 629189.474949503899552, 5220825.325117403641343 ], [ 629189.300114280660637, 5220825.275114280171692 ], [ 629189.300116562284529, 5220825.3499323008582 ], [ 629189.348247600020841, 5220825.417841086164117 ], [ 629189.345068318536505, 5220825.565036363899708 ], [ 629189.266846609534696, 5220825.659594755619764 ], [ 629189.150057321996428, 5220825.675117069855332 ], [ 629189.10011707060039, 5220825.725057321600616 ], [ 629189.100117404945195, 5220825.849949506111443 ] ] ] } },
{ "type": "Feature", "properties": { "label": "vineyard", "area_m2": 0.5448293814848203 }, "geometry": { "type": "Polygon", "coordinates": [ [ [ 629153.925117513979785, 5220825.524937189184129 ], [ 629154.149885047692806, 5220825.624885046854615 ], [ 629154.168132952880114, 5220825.43927675485611 ], [ 629154.215955731691793, 5220825.402676585130394 ], [ 629154.29378612129949, 5220825.399368220940232 ], [ 629154.425095137441531, 5220825.574884072877467 ], [ 629154.738439328619279, 5220825.597698954865336 ], [ 629154.773078528232872, 5220825.655490967445076 ], [ 629154.775114952586591, 5220825.82488504704088 ], [ 629154.849885047646239, 5220825.82488504704088 ], [ 629154.999881483614445, 5220825.424957594834268 ], [ 629154.999368224991485, 5220825.331213868223131 ], [ 629155.049882849794813, 5220825.274929784238338 ], [ 629155.049882486113347, 5220825.17506281286478 ], [ 629154.927454879041761, 5220825.150000000372529 ], [ 629154.868373104720376, 5220825.188450014218688 ], [ 629154.792664813110605, 5220825.177219747565687 ], [ 629154.647678860579617, 5220825.060989504680037 ], [ 629154.674884074134752, 5220824.900095137767494 ], [ 629154.400114952586591, 5220824.80011495295912 ], [ 629154.370710678282194, 5220824.995710678398609 ], [ 629154.200067027588375, 5220825.075111830607057 ], [ 629154.091833409620449, 5220825.209604516625404 ], [ 629154.000114952563308, 5220825.225114952772856 ], [ 629153.925117513979785, 5220825.524937189184129 ] ] ] } },
{ "type": "Feature", "properties": { "label": "vineyard", "area_m2": 0.33348759564013952 }, "geometry": { "type": "Polygon", "coordinates": [ [ [ 629184.150000000023283, 5220825.197063056752086 ], [ 629184.275593732483685, 5220825.199231876060367 ], [ 629184.306407380383462, 5220825.094646163284779 ], [ 629184.499833938316442, 5220824.849866275675595 ], [ 629184.505065209814347, 5220824.722843585535884 ], [ 629184.675112398806959, 5220824.523979001678526 ], [ 629184.749838150688447, 5220824.224878678098321 ], [ 629184.731161002418958, 5220823.99806796386838 ], [ 629185.024844886153005, 5220823.674867623485625 ], [ 629185.024839000892825, 5220823.600149718113244 ], [ 629184.80014038993977, 5220823.550162102095783 ], [ 629184.675158333382569, 5220823.725129595957696 ], [ 629184.625327681191266, 5220823.945892621763051 ], [ 629184.500154123874381, 5220824.10006494820118 ], [ 629184.44849123316817, 5220824.424085560254753 ], [ 629184.325165791786276, 5220824.675127657130361 ], [ 629184.348334371927194, 5220824.808679901994765 ], [ 629184.301197788328864, 5220825.074575694277883 ], [ 629184.17507541901432, 5220825.100157902576029 ], [ 629184.150000000023283, 5220825.197063056752086 ] ] ] } },
{ "type": "Feature", "properties": { "label": "vineyard", "area_m2": 0.30345675636035896 }, "geometry": { "type": "Polygon", "coordinates": [ [ [ 629150.775000000139698, 5220824.722054241225123 ], [ 629151.174898422905244, 5220824.77483006939292 ], [ 629151.424841368105263, 5220824.6248565511778 ], [ 629151.431354784290306, 5220824.540052885189652 ], [ 629151.665118840173818, 5220824.214205992408097 ], [ 629151.774669855018146, 5220824.275381443090737 ], [ 629151.874564586556517, 5220824.400258937850595 ], [ 629151.899887562030926, 5220824.477147052995861 ], [ 629151.900159026612528, 5220824.79984097275883 ], [ 629151.974840973620303, 5220824.79984097275883 ], [ 629152.02686380862724, 5220824.403044642880559 ], [ 629152.149842116399668, 5220824.224870293401182 ], [ 629152.149829303729348, 5220824.175086383707821 ], [ 629152.073035405948758, 5220824.125024085864425 ], [ 629151.909415383706801, 5220824.167160544544458 ], [ 629151.761017442797311, 5220824.079518395476043 ], [ 629151.72489509335719, 5220823.975153305567801 ], [ 629151.600151743507013, 5220823.95015976857394 ], [ 629151.575024087214842, 5220824.051964555867016 ], [ 629151.590384896844625, 5220824.171255383640528 ], [ 629151.42434353090357, 5220824.538750363513827 ], [ 629151.352378693176433, 5220824.545587007887661 ], [ 629151.199148004525341, 5220824.374604295939207 ], [ 629151.12491855781991, 5220824.325173996388912 ], [ 629151.050123631139286, 5220824.325159606523812 ], [ 629151.025166662875563, 5220824.449862454086542 ], [ 629151.14925201900769, 5220824.586075487546623 ], [ 629151.114309242460877, 5220824.700063702650368 ], [ 629151.072897999198176, 5220824.715804198756814 ], [ 629150.826113565824926, 5220824.625065894797444 ], [ 629150.775000000139698, 5220824.722054241225123 ] ] ] } },
{ "type": "Feature", "properties": { "label": "vineyard", "area_m2": 0.22623836794561075 }, "geometry": { "type": "Polygon", "coordinates": [ [ [ 629170.275118194753304, 5220825.225048957392573 ], [ 629170.275118194753304, 5220825.399951042607427 ], [ 629170.350071076536551, 5220825.49989362899214 ], [ 629170.424951042165048, 5220825.524881804361939 ], [ 629170.549900698126294, 5220825.449900698848069 ], [ 629170.575000000069849, 5220825.302454861812294 ], [ 629170.541643451317213, 5220825.165176745504141 ], [ 629170.584387581213377, 5220825.11309287045151 ], [ 629170.699937188299373, 5220825.099882484413683 ], [ 629170.749893628060818, 5220825.049928924068809 ], [ 629170.799881483544596, 5220824.899957595393062 ], [ 629170.799885047599673, 5220824.650114953517914 ], [ 629170.675048958393745, 5220824.650118195451796 ], [ 629170.60010637214873, 5220824.700071075931191 ], [ 629170.525116766919382, 5220824.800078020431101 ], [ 629170.486485429573804, 5220825.009224155917764 ], [ 629170.325106372125447, 5220825.125071075744927 ], [ 629170.275118194753304, 5220825.225048957392573 ] ] ] } },
{ "type": "Feature", "properties": { "label": "vineyard", "area_m2": 0.64480526893235346 }, "geometry": { "type": "Polygon", "coordinates": [ [ [ 629159.600115208886564, 5220824.67490467056632 ], [ 629160.124942678026855, 5220824.874882929958403 ], [ 629160.274882595054805, 5220824.499949505552649 ], [ 629160.286449980805628, 5220824.378536098636687 ], [ 629160.335042629856616, 5220824.333329892717302 ], [ 629160.401235887547955, 5220824.328502962365746 ], [ 629160.461170935886912, 5220824.374259781092405 ], [ 629160.53136109164916, 5220824.555224804207683 ], [ 629160.511776165105402, 5220824.619703069329262 ], [ 629160.400117070646957, 5220824.725057320669293 ], [ 629160.400114280870184, 5220824.874885719269514 ], [ 629160.449904670240358, 5220824.874884790740907 ], [ 629160.524882085854188, 5220824.699959902092814 ], [ 629160.529881951748393, 5220824.603399164974689 ], [ 629160.599882929353043, 5220824.524942679330707 ], [ 629160.724885719129816, 5220824.150114280171692 ], [ 629160.536560671520419, 5220824.077301044948399 ], [ 629160.499884790973738, 5220823.950095330365002 ], [ 629160.100087057449855, 5220823.800115614198148 ], [ 629160.060721616959199, 5220823.856870372779667 ], [ 629159.950064699165523, 5220823.900108931586146 ], [ 629159.85011707060039, 5220824.025057321414351 ], [ 629159.816289031179622, 5220824.14984049461782 ], [ 629159.600117404945195, 5220824.550050494261086 ], [ 629159.600115208886564, 5220824.67490467056632 ] ], [ [ 629160.347271505394019, 5220824.30996885150671 ], [ 629160.289965750416741, 5220824.148827502503991 ], [ 629160.338335483684205, 5220824.087352378293872 ], [ 629160.429028467740864, 5220824.079305966384709 ], [ 629160.488192126504146, 5220824.127860326319933 ], [ 629160.498137742979452, 5220824.244208940304816 ], [ 629160.44861661514733, 5220824.312386638484895 ], [ 629160.347271505394019, 5220824.30996885150671 ] ] ] } },
{ "type": "Feature", "properties": { "label": "vineyard", "area_m2": 0.15046984239252711 }, "geometry": { "type": "Polygon", "coordinates": [ [ [ 629175.775114280870184, 5220825.025114280171692 ], [ 629175.775117070763372, 5220825.324942679144442 ], [ 629175.850057321949862, 5220825.399882930330932 ], [ 629175.924942678073421, 5220825.399882930330932 ], [ 629175.949882929446176, 5220825.300057320855558 ], [ 629175.879166932078078, 5220825.215844768099487 ], [ 629175.870708120288327, 5220825.106517346575856 ], [ 629175.98496364033781, 5220825.029931680299342 ], [ 629176.124885719269514, 5220825.024885719642043 ], [ 629176.12488372460939, 5220824.950073558837175 ], [ 629176.043974407133646, 5220824.849288164637983 ], [ 629176.055195643566549, 5220824.773608909919858 ], [ 629176.145095263840631, 5220824.716100354678929 ], [ 629176.324959901045077, 5220824.749882086180151 ], [ 629176.399885719292797, 5220824.724885719828308 ], [ 629176.399884791113436, 5220824.675095329061151 ], [ 629176.17494950373657, 5220824.575117403641343 ], [ 629176.073547257226892, 5220824.647928792983294 ], [ 629175.875114280846901, 5220824.625114280730486 ], [ 629175.87511627539061, 5220824.72492644097656 ], [ 629175.970122071914375, 5220824.824143012054265 ], [ 629175.980446999892592, 5220824.901492143981159 ], [ 629175.932052780291997, 5220824.962708905339241 ], [ 629175.775114280870184, 5220825.025114280171692 ] ] ] } },
{ "type": "Feature", "properties": { "label": "vineyard", "area_m2": 0.2034105820336943 }, "geometry": { "type": "Polygon", "coordinates": [ [ [ 629156.975000000093132, 5220824.522054241970181 ], [ 629157.099840973620303, 5220824.54984097275883 ], [ 629157.08390915452037, 5220824.479089681990445 ], [ 629157.2013279752573, 5220824.209048069082201 ], [ 629157.427064035204239, 5220824.171768926084042 ], [ 629157.6964919999009, 5220824.521675423718989 ], [ 629157.700157672865316, 5220824.624898943118751 ], [ 629157.775157702621073, 5220824.849840842187405 ], [ 629157.849839235539548, 5220824.824908670037985 ], [ 629157.899821824161336, 5220824.699937955476344 ], [ 629157.899829295929521, 5220824.575086390599608 ], [ 629157.695255950908177, 5220824.511503713205457 ], [ 629157.458294851589017, 5220824.114109148271382 ], [ 629157.474840400973335, 5220823.900123626925051 ], [ 629157.249937954125926, 5220823.800178164616227 ], [ 629157.175086383591406, 5220823.800170697271824 ], [ 629157.124669368495233, 5220823.876395335420966 ], [ 629157.075065900571644, 5220824.098886571824551 ], [ 629157.144883606350049, 5220824.196647370234132 ], [ 629157.075664347037673, 5220824.479893540032208 ], [ 629156.975159026565962, 5220824.500159027054906 ], [ 629156.975000000093132, 5220824.522054241970181 ] ] ] } },
{ "type": "Feature", "properties": { "label": "vineyard", "area_m2": 0.65288089530918314 }, "geometry": { "type": "Polygon", "coordinates": [ [ [ 629186.85011707060039, 5220824.999942678026855 ], [ 629186.958940129727125, 5220825.128170633688569 ], [ 629186.950115208979696, 5220825.374904670752585 ], [ 629187.274885719292797, 5220825.499885719269514 ], [ 629187.304931681137532, 5220825.309963637031615 ], [ 629187.349882594891824, 5220825.22494950518012 ], [ 629187.352201986010186, 5220824.995110201649368 ], [ 629187.449882595101371, 5220824.799949505366385 ], [ 629187.457612046739087, 5220824.686731656081975 ], [ 629187.511731656850316, 5220824.632612046785653 ], [ 629187.599942678003572, 5220824.624882929958403 ], [ 629187.67489227373153, 5220824.549934208393097 ], [ 629187.749882594915107, 5220824.349949506111443 ], [ 629187.749884790973738, 5220824.175095329061151 ], [ 629187.47255248692818, 5220824.049999999813735 ], [ 629187.400057321996428, 5220824.050117069855332 ], [ 629187.20011428068392, 5220824.150114280171692 ], [ 629187.184594756108709, 5220824.241846609860659 ], [ 629187.075117404921912, 5220824.350050494074821 ], [ 629187.075116275344044, 5220824.399926441721618 ], [ 629187.160878432448953, 5220824.51286493986845 ], [ 629187.117771986639127, 5220824.690627718344331 ], [ 629187.066066131927073, 5220824.744478796608746 ], [ 629186.975057321949862, 5220824.750117070041597 ], [ 629186.900099068880081, 5220824.800100302323699 ], [ 629186.850117404945195, 5220824.900050493888557 ], [ 629186.85011707060039, 5220824.999942678026855 ] ] ] } },
{ "type": "Feature", "properties": { "label": "vineyard", "area_m2": 0.20130640780832371 }, "geometry": { "type": "Polygon", "coordinates": [ [ [ 629173.350114952540025, 5220824.124885046854615 ], [ 629173.42493718827609, 5220824.124882484786212 ], [ 629173.517774522653781, 5220824.002037813887 ], [ 629173.674885047599673, 5220823.999885046854615 ], [ 629173.700000000069849, 5220823.897545138373971 ], [ 629173.674885047599673, 5220823.700114953331649 ], [ 629173.561786193400621, 5220823.666491931304336 ], [ 629173.493975014076568, 5220823.500701988115907 ], [ 629173.566317391116172, 5220823.4107781117782 ], [ 629173.749913702136837, 5220823.399883639067411 ], [ 629173.792907453840598, 5220823.340702745132148 ], [ 629173.874885047669522, 5220823.32488504704088 ], [ 629173.874885047669522, 5220823.250114953145385 ], [ 629173.697545121074654, 5220823.224999999627471 ], [ 629173.425062811700627, 5220823.225117514841259 ], [ 629173.400117514072917, 5220823.250062812119722 ], [ 629173.400117514072917, 5220823.424937187694013 ], [ 629173.458901404868811, 5220823.529906773008406 ], [ 629173.375116766896099, 5220823.650078020989895 ], [ 629173.375114952563308, 5220823.749885046854615 ], [ 629173.459155497839674, 5220823.795982852578163 ], [ 629173.47821146377828, 5220823.904132497496903 ], [ 629173.447531093144789, 5220823.972156946547329 ], [ 629173.37509513751138, 5220824.000115927308798 ], [ 629173.350114952540025, 5220824.124885046854615 ] ] ] } },
{ "type": "Feature", "properties": { "label": "vineyard", "area_m2": 0.063579894439655366 }, "geometry": { "type": "Polygon", "coordinates": [ [ [ 629179.200114952516742, 5220824.000114953145385 ], [ 629179.200114952516742, 5220824.099885046482086 ], [ 629179.274885047692806, 5220824.099885046482086 ], [ 629179.29769895481877, 5220823.96156067121774 ], [ 629179.399937188369222, 5220823.924882484599948 ], [ 629179.474882486159913, 5220823.849937187507749 ], [ 629179.474882486159913, 5220823.650062812492251 ], [ 629179.42493718827609, 5220823.600117514841259 ], [ 629179.350095137488097, 5220823.600115926936269 ], [ 629179.300118516548537, 5220823.725042404606938 ], [ 629179.292850608122535, 5220823.937131719663739 ], [ 629179.200114952516742, 5220824.000114953145385 ] ] ] } },
{ "type": "Feature", "properties": { "label": "vineyard", "area_m2": 0.50632357702487607 }, "geometry": { "type": "Polygon", "coordinates": [ [ [ 629151.375159026589245, 5220823.57515902724117 ], [ 629151.377945771557279, 5220823.650000000372529 ], [ 629151.449857646599412, 5220823.649839331395924 ], [ 629151.603547713020816, 5220823.506208540871739 ], [ 629151.725101571530104, 5220823.574830082245171 ], [ 629151.827164891292341, 5220823.580169839784503 ], [ 629152.020611174637452, 5220823.752368316054344 ], [ 629152.020350005826913, 5220823.953674471005797 ], [ 629151.735792770166881, 5220823.97262932639569 ], [ 629151.697054228628986, 5220823.924999999813735 ], [ 629151.625159026589245, 5220823.925159026868641 ], [ 629151.625159604125656, 5220823.949876368977129 ], [ 629151.676084767328575, 5220823.974932690151036 ], [ 629152.000526142073795, 5220823.980276148766279 ], [ 629152.050153291085735, 5220824.124895107001066 ], [ 629152.125062735634856, 5220824.174829233437777 ], [ 629152.349873935454525, 5220824.124845510348678 ], [ 629152.399829247849993, 5220824.024937266483903 ], [ 629152.399839928606525, 5220823.950148416683078 ], [ 629152.227892085560597, 5220823.822494748979807 ], [ 629152.203915922669694, 5220823.460627324879169 ], [ 629152.375828364747576, 5220823.351875529624522 ], [ 629152.499881323426962, 5220823.349842565134168 ], [ 629152.599826406920329, 5220823.199911172501743 ], [ 629152.599826377118006, 5220823.100088842213154 ], [ 629152.549856241093948, 5220823.025138542056084 ], [ 629152.427945762290619, 5220823.0 ], [ 629152.300159599049948, 5220823.100123625248671 ], [ 629152.297160787391476, 5220823.180332557298243 ], [ 629152.206703206989914, 5220823.356703983619809 ], [ 629152.125159026589245, 5220823.375159027054906 ], [ 629152.144229865632951, 5220823.689702829346061 ], [ 629152.017327747656964, 5220823.740902218967676 ], [ 629151.836872715037316, 5220823.578697199933231 ], [ 629151.84983900457155, 5220823.450083108618855 ], [ 629151.800871628569439, 5220823.361125079914927 ], [ 629151.800180551712401, 5220823.219253655523062 ], [ 629152.024829318397678, 5220823.049913625232875 ], [ 629152.026582269812934, 5220822.949231171049178 ], [ 629152.099840400973335, 5220822.825123626738787 ], [ 629151.900062752771191, 5220822.750170811079443 ], [ 629151.850159604102373, 5220822.775123631581664 ], [ 629151.819029889302328, 5220822.903535223565996 ], [ 629151.600164416013286, 5220823.075096619315445 ], [ 629151.52558182075154, 5220823.224121738225222 ], [ 629151.585323310806416, 5220823.417943920940161 ], [ 629151.454000142752193, 5220823.566627054475248 ], [ 629151.375159026589245, 5220823.57515902724117 ] ] ] } },
{ "type": "Feature", "properties": { "label": "vineyard", "area_m2": 0.63158317046099033 }, "geometry": { "type": "Polygon", "coordinates": [ [ [ 629165.050118194543757, 5220824.924951042048633 ], [ 629165.120062218862586, 5220825.059943086467683 ], [ 629165.150117514072917, 5220825.224937187507749 ], [ 629165.200062811840326, 5220825.274882485158741 ], [ 629165.277454879134893, 5220825.299999999813735 ], [ 629165.499951041769236, 5220825.299881804734468 ], [ 629165.54989265894983, 5220825.27490271255374 ], [ 629165.599882849957794, 5220825.199929783120751 ], [ 629165.574884074158035, 5220825.000095137394965 ], [ 629165.446121567045338, 5220824.923956708982587 ], [ 629165.436043396242894, 5220824.821631266735494 ], [ 629165.593008014722727, 5220824.583252130076289 ], [ 629165.743335917941295, 5220824.426810548640788 ], [ 629165.924882486113347, 5220824.374937187880278 ], [ 629165.924882486113347, 5220824.225062812678516 ], [ 629165.777575291926041, 5220824.143954054452479 ], [ 629165.724937188322656, 5220824.000117515213788 ], [ 629165.425095137441531, 5220823.900115927681327 ], [ 629165.388793688267469, 5220824.224293420091271 ], [ 629165.323042959556915, 5220824.275605788454413 ], [ 629165.200114952516742, 5220824.275114953517914 ], [ 629165.193056287011132, 5220824.375135501846671 ], [ 629165.125117514049634, 5220824.450062812305987 ], [ 629165.122795277857222, 5220824.579904476180673 ], [ 629165.050118516548537, 5220824.750042404979467 ], [ 629165.050118194543757, 5220824.924951042048633 ] ] ] } },
{ "type": "Feature", "properties": { "label": "vineyard", "area_m2": 0.43772642235219866 }, "geometry": { "type": "Polygon", "coordinates": [ [ [ 629189.625, 5220824.097063056193292 ], [ 629189.674924580845982, 5220824.099842097610235 ], [ 629189.771745348232798, 5220824.004994351416826 ], [ 629190.128716293605976, 5220824.075092279352248 ], [ 629190.172823132365011, 5220824.161216831766069 ], [ 629190.150158898672089, 5220824.449876176193357 ], [ 629190.399881131248549, 5220824.549843271262944 ], [ 629190.574854547972791, 5220824.374903283081949 ], [ 629190.649841783335432, 5220824.224950429052114 ], [ 629190.650871649268083, 5220824.088877243921161 ], [ 629190.700000000069849, 5220823.997063057497144 ], [ 629190.699842095957138, 5220823.850075418129563 ], [ 629190.652176804374903, 5220823.788781174458563 ], [ 629190.675000000046566, 5220823.502936942502856 ], [ 629190.649845378939062, 5220823.425079355947673 ], [ 629190.599924586014822, 5220823.375157897360623 ], [ 629190.400158856064081, 5220823.400124761275947 ], [ 629190.400157904135995, 5220823.49992458242923 ], [ 629190.48677643109113, 5220823.62288638856262 ], [ 629190.398664103122428, 5220823.776287348940969 ], [ 629190.130938843358308, 5220824.068358307704329 ], [ 629189.759143825853243, 5220823.990009581670165 ], [ 629189.751195097342134, 5220823.919810481369495 ], [ 629189.824836595216766, 5220823.699921525083482 ], [ 629189.82484162284527, 5220823.625158376991749 ], [ 629189.80012382962741, 5220823.625158903189003 ], [ 629189.625, 5220824.097063056193292 ] ] ] } },
{ "type": "Feature", "properties": { "label": "vineyard", "area_m2": 0.61576736877271132 }, "geometry": { "type": "Polygon", "coordinates": [ [ [ 629154.199999999953434, 5220824.597063057124615 ], [ 629154.302895299857482, 5220824.655444459989667 ], [ 629154.425085844355635, 5220824.824839676730335 ], [ 629154.72485836269334, 5220824.924840038642287 ], [ 629154.899933334905654, 5220824.648913565091789 ], [ 629154.899841622915119, 5220824.400158377364278 ], [ 629154.805932840099558, 5220824.396549051627517 ], [ 629154.707340613356791, 5220824.323514766991138 ], [ 629154.773379074060358, 5220824.131078566424549 ], [ 629154.949232665239833, 5220824.000577501021326 ], [ 629154.970116246957332, 5220823.921343102119863 ], [ 629155.253091038670391, 5220823.839232216589153 ], [ 629155.32477471861057, 5220823.959083065390587 ], [ 629155.250080899801105, 5220824.27579580899328 ], [ 629155.250157904229127, 5220824.424924581311643 ], [ 629155.299924581311643, 5220824.449842097237706 ], [ 629155.574841622961685, 5220823.650158377364278 ], [ 629155.27507542015519, 5220823.675157901830971 ], [ 629155.236108661047183, 5220823.824249151162803 ], [ 629154.979273611330427, 5220823.914819122292101 ], [ 629154.824952845578082, 5220823.850165531970561 ], [ 629154.675098509644158, 5220823.875155841000378 ], [ 629154.40355385967996, 5220824.171625785529613 ], [ 629154.275157004245557, 5220824.250129830092192 ], [ 629154.200158199644648, 5220824.475049565546215 ], [ 629154.199999999953434, 5220824.597063057124615 ] ] ] } },
{ "type": "Feature", "properties": { "label": "vineyard", "area_m2": 0.47982355705249485 }, "geometry": { "type": "Polygon", "coordinates": [ [ [ 629192.525117514072917, 5220824.92506281286478 ], [ 629192.550095137441531, 5220825.124884072691202 ], [ 629192.699885047622956, 5220825.099885046482086 ], [ 629192.720897915423848, 5220824.934780584648252 ], [ 629192.974884074181318, 5220824.799904862418771 ], [ 629193.020755307981744, 5220824.625483624637127 ], [ 629193.19988248613663, 5220824.524937189184129 ], [ 629193.199881805572659, 5220824.375048957765102 ], [ 629193.07555270800367, 5220824.144521198235452 ], [ 629193.096354478737339, 5220824.038235268555582 ], [ 629193.19988248613663, 5220823.974937187507749 ], [ 629193.19988248613663, 5220823.900062812492251 ], [ 629193.124937188345939, 5220823.800117515027523 ], [ 629192.900062811910175, 5220823.775117515586317 ], [ 629192.80011592595838, 5220823.850095137022436 ], [ 629192.836833169916645, 5220824.152510863728821 ], [ 629192.795694033615291, 5220824.329028468579054 ], [ 629192.747139673796482, 5220824.388192127458751 ], [ 629192.650062811910175, 5220824.400117515586317 ], [ 629192.55011676682625, 5220824.500078021548688 ], [ 629192.574447292136028, 5220824.844521198421717 ], [ 629192.525117514072917, 5220824.92506281286478 ] ] ] } },
{ "type": "Feature", "properties": { "label": "vineyard", "area_m2": 0.3965860726539151 }, "geometry": { "type": "Polygon", "coordinates": [ [ [ 629176.000114952563308, 5220824.32488504704088 ], [ 629176.119509032345377, 5220824.326921471394598 ], [ 629176.183146961266175, 5220824.369442976079881 ], [ 629176.198248737258837, 5220824.457155206240714 ], [ 629176.150000000139698, 5220824.527454862371087 ], [ 629176.175071076489985, 5220824.599893628619611 ], [ 629176.399885047692806, 5220824.674885046668351 ], [ 629176.433200560277328, 5220824.257043777033687 ], [ 629176.534806699492037, 5220824.124172342941165 ], [ 629176.624885047669522, 5220824.099885046482086 ], [ 629176.616921411477961, 5220823.940640488639474 ], [ 629176.724882486159913, 5220823.849937187507749 ], [ 629176.747698954772204, 5220823.761560671031475 ], [ 629176.899882486206479, 5220823.699937188997865 ], [ 629176.924882486113347, 5220823.450062812305987 ], [ 629176.749957596533932, 5220823.400118517689407 ], [ 629176.600114952540025, 5220823.400114953517914 ], [ 629176.550117150181904, 5220823.500070217065513 ], [ 629176.561137900920585, 5220823.689421876333654 ], [ 629176.450115925981663, 5220823.775095137767494 ], [ 629176.447543419199064, 5220823.949131345376372 ], [ 629176.330970255890861, 5220824.081160642206669 ], [ 629176.172545121051371, 5220824.049999999813735 ], [ 629176.050107341143303, 5220824.075097288005054 ], [ 629176.000117150251754, 5220824.150070217438042 ], [ 629176.000114952563308, 5220824.32488504704088 ] ] ] } },
{ "type": "Feature", "properties": { "label": "vineyard", "area_m2": 0.38592279585759176 }, "geometry": { "type": "Polygon", "coordinates": [ [ [ 629162.800158103695139, 5220823.900127552449703 ], [ 629162.825086390483193, 5220823.999829294160008 ], [ 629162.974903888069093, 5220823.99984241835773 ], [ 629163.099836042500101, 5220823.849896526895463 ], [ 629163.150741063407622, 5220823.575360579416156 ], [ 629163.341903799911961, 5220823.334923671558499 ], [ 629163.599840973620303, 5220823.274840973317623 ], [ 629163.599839388974942, 5220823.200142299756408 ], [ 629163.475778237800114, 5220823.11065334174782 ], [ 629163.499975912971422, 5220822.601964555680752 ], [ 629163.450878522824496, 5220822.575582129880786 ], [ 629163.325086389551871, 5220822.575170706957579 ], [ 629163.300154021475464, 5220822.600086549296975 ], [ 629163.199935138807632, 5220823.025057750754058 ], [ 629162.800158103695139, 5220823.900127552449703 ] ] ] } },
{ "type": "Feature", "properties": { "label": "vineyard", "area_m2": 0.69307382281125796 }, "geometry": { "type": "Polygon", "coordinates": [ [ [ 629148.225072059780359, 5220823.92402371019125 ], [ 629148.275993092218414, 5220824.075343856588006 ], [ 629148.624177147052251, 5220824.224594401195645 ], [ 629148.774924582219683, 5220824.224842097610235 ], [ 629148.799842096283101, 5220824.199924582615495 ], [ 629148.799841101514176, 5220824.075123826041818 ], [ 629148.550397214479744, 5220823.949446954764426 ], [ 629148.473743565031327, 5220823.865532956086099 ], [ 629148.45266389939934, 5220823.696733985096216 ], [ 629148.574834156315774, 5220823.499869418330491 ], [ 629148.597350320080295, 5220823.382165027782321 ], [ 629148.699229952762835, 5220823.301583809778094 ], [ 629148.83296201529447, 5220823.311291605234146 ], [ 629148.894269158714451, 5220823.492514619603753 ], [ 629148.775167471845634, 5220823.625137848779559 ], [ 629148.775157904135995, 5220823.74992458242923 ], [ 629149.050126863410696, 5220823.874842591583729 ], [ 629149.149924582685344, 5220823.874842098914087 ], [ 629149.199829990859143, 5220823.799935721792281 ], [ 629149.20195698691532, 5220823.448180289007723 ], [ 629149.284848326817155, 5220823.308559473603964 ], [ 629149.399841622915119, 5220823.299841622821987 ], [ 629149.424841096973978, 5220823.000123828649521 ], [ 629149.349509636755101, 5220822.975896025076509 ], [ 629149.275163914542645, 5220823.07509074639529 ], [ 629149.268788099405356, 5220823.300926494412124 ], [ 629149.127482590149157, 5220823.427612024359405 ], [ 629149.085544538218528, 5220823.430540250614285 ], [ 629148.981741215568036, 5220823.328206754289567 ], [ 629148.974843648378737, 5220823.250126623548567 ], [ 629148.704915938898921, 5220823.094627264887094 ], [ 629148.674841622821987, 5220822.625158376991749 ], [ 629148.625143470359035, 5220822.625161868520081 ], [ 629148.523114003124647, 5220822.797632167115808 ], [ 629148.350125177530572, 5220822.850156490691006 ], [ 629148.225169675890356, 5220823.100071107037365 ], [ 629148.225158377434127, 5220823.14984162338078 ], [ 629148.496920611010864, 5220823.191054197028279 ], [ 629148.525000000023283, 5220823.252816474065185 ], [ 629148.225170733290724, 5220823.775132887065411 ], [ 629148.225072059780359, 5220823.92402371019125 ] ] ] } },
{ "type": "Feature", "properties": { "label": "vineyard", "area_m2": 0.30619734565693268 }, "geometry": { "type": "Polygon", "coordinates": [ [ [ 629165.424999999930151, 5220823.897063058800995 ], [ 629165.724177135853097, 5220824.024594398215413 ], [ 629165.775583897484466, 5220823.99906965624541 ], [ 629165.8748302932363, 5220823.874922755174339 ], [ 629165.855463535990566, 5220823.717637965455651 ], [ 629165.943290295894258, 5220823.543299448676407 ], [ 629166.049924581660889, 5220823.524842099286616 ], [ 629166.124843845725991, 5220823.424916020594537 ], [ 629166.224841101444326, 5220822.975123823620379 ], [ 629166.074935722863302, 5220822.900170002132654 ], [ 629166.000151593587361, 5220822.925137518905103 ], [ 629165.899834195617586, 5220823.075944379903376 ], [ 629165.850165482726879, 5220823.250047139823437 ], [ 629165.849089243332855, 5220823.450001820921898 ], [ 629165.756479175528511, 5220823.65497480891645 ], [ 629165.600064274971373, 5220823.675170005299151 ], [ 629165.500135480659083, 5220823.725141545757651 ], [ 629165.424999999930151, 5220823.897063058800995 ] ] ] } },
{ "type": "Feature", "properties": { "label": "vineyard", "area_m2": 0.13296138816323577 }, "geometry": { "type": "Polygon", "coordinates": [ [ [ 629182.100000000093132, 5220823.847054241225123 ], [ 629182.199846692150459, 5220823.824895095080137 ], [ 629182.228044818853959, 5220823.626261205412447 ], [ 629182.313284271396697, 5220823.536715729162097 ], [ 629182.399851585156284, 5220823.524839928373694 ], [ 629182.499120134860277, 5220823.381653556600213 ], [ 629182.624833357869647, 5220823.349911904893816 ], [ 629182.649842569953762, 5220823.100145254284143 ], [ 629182.450159026542678, 5220823.050159026868641 ], [ 629182.447280173422769, 5220823.17358601372689 ], [ 629182.365301761426963, 5220823.284177556633949 ], [ 629182.250159026589245, 5220823.300159026868641 ], [ 629182.268986392999068, 5220823.482002473436296 ], [ 629182.195657358970493, 5220823.61119017470628 ], [ 629182.150145253166556, 5220823.625157428905368 ], [ 629182.100177528802305, 5220823.750075907446444 ], [ 629182.100000000093132, 5220823.847054241225123 ] ] ] } },
{ "type": "Feature", "properties": { "label": "vineyard", "area_m2": 0.16691271097437554 }, "geometry": { "type": "Polygon", "coordinates": [ [ [ 629170.975066651939414, 5220823.948913298547268 ], [ 629171.000124760554172, 5220823.999841143377125 ], [ 629171.074924585991539, 5220823.999842102639377 ], [ 629171.149846418644302, 5220823.924918941222131 ], [ 629171.199842644156888, 5220823.77493321057409 ], [ 629171.211599742178805, 5220823.454447749070823 ], [ 629171.324154928093776, 5220823.425972957164049 ], [ 629171.524023078149185, 5220823.449927971698344 ], [ 629171.549854548065923, 5220823.424903282895684 ], [ 629171.599935681675561, 5220823.348865651525557 ], [ 629171.574844369897619, 5220823.15016227774322 ], [ 629171.450085715390742, 5220823.150173065252602 ], [ 629171.175155106233433, 5220823.37513237260282 ], [ 629171.170422086841427, 5220823.454203280620277 ], [ 629171.025173116242513, 5220823.675085741095245 ], [ 629170.975066651939414, 5220823.948913298547268 ] ] ] } },
{ "type": "Feature", "properties": { "label": "vineyard", "area_m2": 0.80509469614898554 }, "geometry": { "type": "Polygon", "coordinates": [ [ [ 629160.075070422841236, 5220823.698978624306619 ], [ 629160.100154479732737, 5220823.799873939715326 ], [ 629160.449852619320154, 5220823.924837727099657 ], [ 629160.548509623622522, 5220823.703439543023705 ], [ 629160.679393353289925, 5220823.552534842863679 ], [ 629160.933325413614511, 5220823.503177734091878 ], [ 629160.999849630985409, 5220823.524838355369866 ], [ 629161.024840973666869, 5220823.425159026868641 ], [ 629160.721955322194844, 5220823.362898932769895 ], [ 629160.692493742797524, 5220823.325410371646285 ], [ 629160.795816561323591, 5220823.109783926978707 ], [ 629160.924829295836389, 5220823.049913609400392 ], [ 629160.925603134906851, 5220822.800096562132239 ], [ 629161.024822525680065, 5220822.54992410633713 ], [ 629160.999895093380474, 5220822.475153305567801 ], [ 629160.624049575999379, 5220822.325073909014463 ], [ 629160.350153308012523, 5220822.425104904919863 ], [ 629160.275178164243698, 5220822.600062041543424 ], [ 629160.275170681881718, 5220822.724913625046611 ], [ 629160.516691996599548, 5220822.920827759429812 ], [ 629160.524425646057352, 5220823.047986447811127 ], [ 629160.100153997773305, 5220823.500086531043053 ], [ 629160.075070422841236, 5220823.698978624306619 ] ] ] } },
{ "type": "Feature", "properties": { "label": "vineyard", "area_m2": 0.51695308489927749 }, "geometry": { "type": "Polygon", "coordinates": [ [ [ 629187.225114280707203, 5220823.824885719455779 ], [ 629187.315036359708756, 5220823.829931680113077 ], [ 629187.412984280847013, 5220823.882140102796257 ], [ 629187.438795272726566, 5220823.944337015971541 ], [ 629187.425115208839998, 5220824.049904668703675 ], [ 629187.749885719153099, 5220824.174885720014572 ], [ 629187.854931681416929, 5220823.709963636472821 ], [ 629187.906040625763126, 5220823.602580356411636 ], [ 629187.999885719153099, 5220823.574885719455779 ], [ 629187.999885719153099, 5220823.450114279985428 ], [ 629187.863254151889123, 5220823.46093563362956 ], [ 629187.775050495169125, 5220823.425117404200137 ], [ 629187.674288160749711, 5220823.481025593355298 ], [ 629187.59860890370328, 5220823.46980435308069 ], [ 629187.523410631227307, 5220823.367410364560783 ], [ 629187.57488356216345, 5220823.274929760955274 ], [ 629187.579305966501124, 5220823.170971532352269 ], [ 629187.636731656850316, 5220823.107612047344446 ], [ 629187.769512820173986, 5220823.100552020594478 ], [ 629187.942955791018903, 5220823.133199028670788 ], [ 629188.000087057589553, 5220823.199884385801852 ], [ 629188.124885719153099, 5220823.199885719455779 ], [ 629188.125, 5220823.102447513490915 ], [ 629188.099903738009743, 5220823.050115163438022 ], [ 629187.983726401813328, 5220823.046071524731815 ], [ 629187.924932301510125, 5220823.000116562470794 ], [ 629187.704289321904071, 5220822.945710677653551 ], [ 629187.675000000046566, 5220822.875 ], [ 629187.699885719339363, 5220822.700114279985428 ], [ 629187.625099563621916, 5220822.700115000829101 ], [ 629187.47511707060039, 5220822.900057321414351 ], [ 629187.425117070553824, 5220823.149942679330707 ], [ 629187.491289030644111, 5220823.225159503519535 ], [ 629187.495956375962123, 5220823.30314913764596 ], [ 629187.400095329852775, 5220823.375115209259093 ], [ 629187.350117914145812, 5220823.500040099024773 ], [ 629187.341289030620828, 5220823.624840496107936 ], [ 629187.22511707060039, 5220823.750057321973145 ], [ 629187.225114280707203, 5220823.824885719455779 ] ] ] } },
{ "type": "Feature", "properties": { "label": "vineyard", "area_m2": 0.076183548603869097 }, "geometry": { "type": "Polygon", "coordinates": [ [ [ 629155.600000000093132, 5220823.447054241783917 ], [ 629155.649913616594858, 5220823.449829302728176 ], [ 629155.699247127166018, 5220823.376220437698066 ], [ 629155.94984097359702, 5220822.650159027427435 ], [ 629155.800062749534845, 5220822.650170793756843 ], [ 629155.725581997423433, 5220822.724121584556997 ], [ 629155.725169933633879, 5220822.799898416735232 ], [ 629155.821466854773462, 5220822.977359768934548 ], [ 629155.725159746827558, 5220823.12515171431005 ], [ 629155.717638600384817, 5220823.189716265536845 ], [ 629155.600159782916307, 5220823.300135811790824 ], [ 629155.600000000093132, 5220823.447054241783917 ] ] ] } },
{ "type": "Feature", "properties": { "label": "vineyard", "area_m2": 0.32632391374043274 }, "geometry": { "type": "Polygon", "coordinates": [ [ [ 629148.625000000116415, 5220822.622054241597652 ], [ 629149.329205025918782, 5220822.918781948275864 ], [ 629149.375104906735942, 5220822.99984669405967 ], [ 629149.449857694096863, 5220823.024839379824698 ], [ 629149.524838628829457, 5220822.899895053356886 ], [ 629149.576197676477022, 5220822.620159194804728 ], [ 629149.720933340257034, 5220822.28470147959888 ], [ 629149.89984628232196, 5220822.174916693009436 ], [ 629149.974843034637161, 5220821.775128183886409 ], [ 629149.625159026589245, 5220821.600159026682377 ], [ 629149.574384342995472, 5220821.999235101044178 ], [ 629149.475314622977749, 5220822.42387917637825 ], [ 629149.474257706315257, 5220822.729780566878617 ], [ 629149.357340111047961, 5220822.908324336633086 ], [ 629148.720794974360615, 5220822.6562180519104 ], [ 629148.69984097359702, 5220822.57515902724117 ], [ 629148.625159026589245, 5220822.57515902724117 ], [ 629148.625000000116415, 5220822.622054241597652 ] ] ] } },
{ "type": "Feature", "properties": { "label": "vineyard", "area_m2": 0.10128003588696377 }, "geometry": { "type": "Polygon", "coordinates": [ [ [ 629171.575115458923392, 5220822.6001046448946 ], [ 629171.575117150205187, 5220822.674929782748222 ], [ 629171.625114952563308, 5220822.774885047227144 ], [ 629171.749885047669522, 5220822.774885047227144 ], [ 629171.76180787361227, 5220822.577860326506197 ], [ 629171.874885047669522, 5220822.524885047227144 ], [ 629171.874882486183196, 5220822.250062812119722 ], [ 629171.849937188322656, 5220822.225117514841259 ], [ 629171.775086298119277, 5220822.225116360932589 ], [ 629171.739820046932437, 5220822.278834642842412 ], [ 629171.675095137441531, 5220822.300115927122533 ], [ 629171.650118194753304, 5220822.350048957392573 ], [ 629171.658078588312492, 5220822.534359510987997 ], [ 629171.575115458923392, 5220822.6001046448946 ] ] ] } },
{ "type": "Feature", "properties": { "label": "vineyard", "area_m2": 0.10222265434471457 }, "geometry": { "type": "Polygon", "coordinates": [ [ [ 629185.025114952586591, 5220823.099885046482086 ], [ 629185.224885047646239, 5220823.049885046668351 ], [ 629185.233721673372202, 5220822.975133715197444 ], [ 629185.349881805595942, 5220822.799951042048633 ], [ 629185.360778112197295, 5220822.716317390091717 ], [ 629185.449884074158035, 5220822.649904862977564 ], [ 629185.449885047622956, 5220822.575114953331649 ], [ 629185.275062811910175, 5220822.575117515400052 ], [ 629185.250117514049634, 5220822.600062810815871 ], [ 629185.231867047143169, 5220822.710723246447742 ], [ 629185.025115926051512, 5220822.900095138698816 ], [ 629185.025114952586591, 5220823.099885046482086 ] ] ] } },
{ "type": "Feature", "properties": { "label": "vineyard", "area_m2": 0.12460582091360635 }, "geometry": { "type": "Polygon", "coordinates": [ [ [ 629182.600159026565962, 5220822.57515902724117 ], [ 629182.625151743530296, 5220822.849840231239796 ], [ 629182.69990388804581, 5220822.849842417985201 ], [ 629182.749830042943358, 5220822.799898400902748 ], [ 629182.764561965945177, 5220822.65052804723382 ], [ 629182.999913625651971, 5220822.599829317070544 ], [ 629183.049829318537377, 5220822.549913624301553 ], [ 629183.049593889038078, 5220822.47417982108891 ], [ 629182.97519261110574, 5220822.287647856399417 ], [ 629183.12484167155344, 5220822.149919097311795 ], [ 629183.08482932811603, 5220822.108664772473276 ], [ 629183.124840973643586, 5220821.95015902724117 ], [ 629183.054246396292001, 5220822.170215048827231 ], [ 629182.95906393986661, 5220822.265018940903246 ], [ 629182.834527250262909, 5220822.279004296287894 ], [ 629182.798758179531433, 5220822.232353094965219 ], [ 629182.875341275241226, 5220822.073961742222309 ], [ 629182.875148415565491, 5220821.950160072185099 ], [ 629182.750166486948729, 5220822.150131250731647 ], [ 629182.750070647918619, 5220822.223983206786215 ], [ 629182.799128371523693, 5220822.313874919898808 ], [ 629182.800159026519395, 5220822.42484097275883 ], [ 629182.897494857781567, 5220822.475457152351737 ], [ 629182.923168791807257, 5220822.568177240900695 ], [ 629182.77127069060225, 5220822.639351754449308 ], [ 629182.71146702428814, 5220822.585785136558115 ], [ 629182.600159026565962, 5220822.57515902724117 ] ] ] } },
{ "type": "Feature", "properties": { "label": "vineyard", "area_m2": 0.22377576617108169 }, "geometry": { "type": "Polygon", "coordinates": [ [ [ 629176.775117514072917, 5220823.125062812119722 ], [ 629176.800114952493459, 5220823.299885046668351 ], [ 629176.87254512112122, 5220823.299999999813735 ], [ 629176.958166590542533, 5220823.215395483188331 ], [ 629177.024885047692806, 5220823.19988504704088 ], [ 629177.050000000046566, 5220822.852454861626029 ], [ 629177.002204722375609, 5220822.754904475994408 ], [ 629176.997744385269471, 5220822.560162969864905 ], [ 629177.072364016319625, 5220822.477832891047001 ], [ 629177.249904862721451, 5220822.499884072691202 ], [ 629177.274883233360015, 5220822.375078021548688 ], [ 629177.199904862674884, 5220822.275115927681327 ], [ 629177.000062811886892, 5220822.275117515586317 ], [ 629176.950117514003068, 5220822.325062812305987 ], [ 629176.927301045390777, 5220822.463439328595996 ], [ 629176.800114952493459, 5220822.500114953145385 ], [ 629176.800116360187531, 5220822.799913700670004 ], [ 629176.870359070715494, 5220822.866592521779239 ], [ 629176.875000000116415, 5220823.003296887502074 ], [ 629176.850597432814538, 5220823.068757014349103 ], [ 629176.775117514072917, 5220823.125062812119722 ] ] ] } },
{ "type": "Feature", "properties": { "label": "vineyard", "area_m2": 0.58162144863596932 }, "geometry": { "type": "Polygon", "coordinates": [ [ [ 629190.500158377340995, 5220822.074841623194516 ], [ 629190.575785947730765, 5220822.074376756325364 ], [ 629190.699840043438599, 5220821.99985836725682 ], [ 629190.718368449714035, 5220821.918307883664966 ], [ 629190.927747018868104, 5220821.811558769084513 ], [ 629190.967810673639178, 5220821.817900256253779 ], [ 629191.123609574860893, 5220821.99815612565726 ], [ 629191.150169465807267, 5220822.174902874045074 ], [ 629191.248037535697222, 5220822.302513095550239 ], [ 629191.224189104745165, 5220822.51779614854604 ], [ 629191.100163413677365, 5220822.625078353099525 ], [ 629191.124797786120325, 5220822.798937036655843 ], [ 629191.324924583081156, 5220822.799842099659145 ], [ 629191.599829997401685, 5220822.274935721419752 ], [ 629191.599842097028159, 5220821.750075416639447 ], [ 629191.475727606215514, 5220821.599659161642194 ], [ 629191.424845415283926, 5220821.400158749893308 ], [ 629191.349177136202343, 5220821.400405601598322 ], [ 629191.12406117701903, 5220821.526112366467714 ], [ 629190.950167778413743, 5220821.725116170942783 ], [ 629190.928166514728218, 5220821.808682525530457 ], [ 629190.716763983713463, 5220821.913115016184747 ], [ 629190.600123825133778, 5220821.825158897787333 ], [ 629190.500158377340995, 5220822.074841623194516 ] ] ] } },
{ "type": "Feature", "properties": { "label": "vineyard", "area_m2": 0.36301761985286773 }, "geometry": { "type": "Polygon", "coordinates": [ [ [ 629157.775000000139698, 5220822.247054241597652 ], [ 629158.174525977578014, 5220822.424665186554193 ], [ 629158.299840973573737, 5220822.449840973131359 ], [ 629158.278167729848064, 5220822.186847467906773 ], [ 629158.341096146148629, 5220822.150647733360529 ], [ 629158.44993726129178, 5220822.149829234927893 ], [ 629158.549829318304546, 5220822.074913624674082 ], [ 629158.574823054601438, 5220821.802604366093874 ], [ 629158.649849610053934, 5220821.774838339537382 ], [ 629158.724843825679272, 5220821.549895401112735 ], [ 629158.724841970019042, 5220821.475093412213027 ], [ 629158.599861996830441, 5220821.325157579034567 ], [ 629158.499915989814326, 5220821.275169756263494 ], [ 629158.425159026519395, 5220821.275159027427435 ], [ 629158.422927941195667, 5220821.424266658723354 ], [ 629158.150159026612528, 5220821.500159027054906 ], [ 629158.150159026612528, 5220821.574840973131359 ], [ 629158.231547895120457, 5220821.579248379915953 ], [ 629158.420745737035759, 5220821.710341771133244 ], [ 629158.411755155306309, 5220821.938226588070393 ], [ 629158.330791672458872, 5220822.143557951785624 ], [ 629158.203571292106062, 5220822.173177848570049 ], [ 629158.073142464039847, 5220822.080578417517245 ], [ 629158.125076595810242, 5220821.900170088745654 ], [ 629158.024304255261086, 5220821.950876072049141 ], [ 629157.880415361141786, 5220822.166260950267315 ], [ 629157.800084850052372, 5220822.200155074708164 ], [ 629157.775000000139698, 5220822.247054241597652 ] ] ] } },
{ "type": "Feature", "properties": { "label": "vineyard", "area_m2": 0.19757829718198325 }, "geometry": { "type": "Polygon", "coordinates": [ [ [ 629179.600115926004946, 5220823.0749048627913 ], [ 629179.749951041769236, 5220823.099881804548204 ], [ 629179.82488248613663, 5220823.049937187694013 ], [ 629179.833721673348919, 5220822.950133714824915 ], [ 629179.899882486206479, 5220822.874937187880278 ], [ 629179.892617575242184, 5220822.676511596888304 ], [ 629179.949883639928885, 5220822.624913701787591 ], [ 629179.970755308168009, 5220822.525483624078333 ], [ 629180.074884074158035, 5220822.4499048627913 ], [ 629180.049885047599673, 5220822.275114953517914 ], [ 629180.000078020617366, 5220822.275116767734289 ], [ 629179.882092546322383, 5220822.434297255240381 ], [ 629179.775070216855966, 5220822.450117151252925 ], [ 629179.625117514049634, 5220822.525062812492251 ], [ 629179.650000000139698, 5220822.734021859243512 ], [ 629179.600118516595103, 5220822.875042404979467 ], [ 629179.600115926004946, 5220823.0749048627913 ] ] ] } },
{ "type": "Feature", "properties": { "label": "vineyard", "area_m2": 0.73404694374689261 }, "geometry": { "type": "Polygon", "coordinates": [ [ [ 629157.175114280660637, 5220823.799885720014572 ], [ 629157.474885719246231, 5220823.899885719642043 ], [ 629157.523901138221845, 5220823.791986641474068 ], [ 629157.674942677957006, 5220823.724882930517197 ], [ 629157.799885170767084, 5220823.624896917492151 ], [ 629157.775552020175382, 5220823.205487178638577 ], [ 629157.899882929516025, 5220822.94994267821312 ], [ 629157.90761204669252, 5220822.861731656827033 ], [ 629158.115806052344851, 5220822.713498121127486 ], [ 629158.224942678003572, 5220822.699882930144668 ], [ 629158.27488292939961, 5220822.649942678399384 ], [ 629158.299884791136719, 5220822.450095331296325 ], [ 629157.799959902535193, 5220822.250117913819849 ], [ 629157.75010772573296, 5220822.27506579272449 ], [ 629157.725117404945195, 5220822.325050493702292 ], [ 629157.731086479267105, 5220822.481194796971977 ], [ 629157.600117404945195, 5220822.625050494447351 ], [ 629157.175114280660637, 5220823.799885720014572 ] ] ] } },
{ "type": "Feature", "properties": { "label": "vineyard", "area_m2": 0.23348120415636292 }, "geometry": { "type": "Polygon", "coordinates": [ [ [ 629173.800114952493459, 5220823.124885046854615 ], [ 629173.91343932854943, 5220823.147698954679072 ], [ 629173.950114952516742, 5220823.249885046854615 ], [ 629174.074885047622956, 5220823.249885046854615 ], [ 629174.074881805572659, 5220823.050048957578838 ], [ 629174.029937781044282, 5220822.965056912042201 ], [ 629174.026921472046524, 5220822.880490967072546 ], [ 629174.069442976848222, 5220822.816853038035333 ], [ 629174.149885047692806, 5220822.799885046668351 ], [ 629174.149882486206479, 5220822.700062812305987 ], [ 629174.101562778581865, 5220822.605706435628235 ], [ 629174.149882486206479, 5220822.524937188252807 ], [ 629174.152054941863753, 5220822.346401531249285 ], [ 629174.216510379337706, 5220822.302013747394085 ], [ 629174.399885047692806, 5220822.299885046668351 ], [ 629174.399882486206479, 5220822.200062812305987 ], [ 629174.324885047622956, 5220822.075114953331649 ], [ 629174.225114952540025, 5220822.075114953331649 ], [ 629174.192071783007123, 5220822.223044760525227 ], [ 629174.135989505099133, 5220822.277321138419211 ], [ 629174.067275635432452, 5220822.278515858575702 ], [ 629173.974951042211615, 5220822.225118195638061 ], [ 629173.850115926004946, 5220822.250095137394965 ], [ 629173.850114952540025, 5220822.32488504704088 ], [ 629173.932092546368949, 5220822.340702745132148 ], [ 629174.02559743297752, 5220822.43124298658222 ], [ 629174.049480752553791, 5220822.53847430832684 ], [ 629173.92511676682625, 5220822.675078021362424 ], [ 629173.891799439908937, 5220822.892956223338842 ], [ 629173.800117513979785, 5220822.975062810815871 ], [ 629173.800114952493459, 5220823.124885046854615 ] ] ] } },
{ "type": "Feature", "properties": { "label": "vineyard", "area_m2": 0.3879123294411525 }, "geometry": { "type": "Polygon", "coordinates": [ [ [ 629193.525118194753304, 5220822.850048957392573 ], [ 629193.525118194753304, 5220822.999951042234898 ], [ 629193.600114952540025, 5220823.19988504704088 ], [ 629193.699951042188331, 5220823.199881804175675 ], [ 629193.774882486206479, 5220823.149937189184129 ], [ 629193.812555906595662, 5220823.016411785967648 ], [ 629193.946354478830472, 5220822.838235268369317 ], [ 629194.024904862744734, 5220822.799884072504938 ], [ 629194.04988180543296, 5220822.749951042234898 ], [ 629194.050000000046566, 5220822.477454861626029 ], [ 629194.000552708050236, 5220822.369521197862923 ], [ 629193.999885047669522, 5220822.075114953331649 ], [ 629193.900048958486877, 5220822.075118195265532 ], [ 629193.800071076257154, 5220822.12510637100786 ], [ 629193.700106372125447, 5220822.250071075744927 ], [ 629193.65686704730615, 5220822.360723245888948 ], [ 629193.600116360234097, 5220822.400086299516261 ], [ 629193.598248737165704, 5220822.73215520568192 ], [ 629193.525118194753304, 5220822.850048957392573 ] ] ] } },
{ "type": "Feature", "properties": { "label": "vineyard", "area_m2": 0.25664345157489477 }, "geometry": { "type": "Polygon", "coordinates": [ [ [ 629166.050114280660637, 5220822.400114280171692 ], [ 629166.050117404898629, 5220822.649949504993856 ], [ 629166.116325572831556, 5220822.776147495955229 ], [ 629166.050117070553824, 5220822.899942679330707 ], [ 629166.224942677887157, 5220822.974882930517197 ], [ 629166.349885719246231, 5220822.899885719642043 ], [ 629166.39988343778532, 5220822.799932301044464 ], [ 629166.375, 5220822.690980000421405 ], [ 629166.399882085854188, 5220822.624959900975227 ], [ 629166.40207120613195, 5220822.251452744938433 ], [ 629166.549892274313606, 5220822.09993420727551 ], [ 629166.574884791043587, 5220821.925095329061151 ], [ 629166.474949505063705, 5220821.875117404386401 ], [ 629166.400114280870184, 5220821.875114280730486 ], [ 629166.391289030667394, 5220821.9498404962942 ], [ 629166.325117404921912, 5220822.050050494261086 ], [ 629166.322307493188418, 5220822.324529763311148 ], [ 629166.190036359708756, 5220822.395068319514394 ], [ 629166.050114280660637, 5220822.400114280171692 ] ] ] } },
{ "type": "Feature", "properties": { "label": "vineyard", "area_m2": 0.35873623760895873 }, "geometry": { "type": "Polygon", "coordinates": [ [ [ 629151.900000000023283, 5220822.747063059359789 ], [ 629152.050063588074408, 5220822.824822566471994 ], [ 629152.333758073742501, 5220822.804449641145766 ], [ 629152.421543237171136, 5220822.944274831563234 ], [ 629152.425160987419076, 5220822.999850296415389 ], [ 629152.500049590482377, 5220823.024841727688909 ], [ 629152.549864120781422, 5220823.024843410588801 ], [ 629152.650119841913693, 5220822.904844113625586 ], [ 629152.724876170628704, 5220822.899841097183526 ], [ 629152.749951502424665, 5220822.847625664435327 ], [ 629152.595709585119039, 5220822.908751558512449 ], [ 629152.438673909869976, 5220822.858418124727905 ], [ 629152.359770507318899, 5220822.796642223373055 ], [ 629152.355570358340628, 5220822.530192383565009 ], [ 629152.568808864918537, 5220822.405095875263214 ], [ 629152.67500528076198, 5220822.293216488324106 ], [ 629152.859470640541986, 5220822.282558036036789 ], [ 629152.896647673216648, 5220822.312893516384065 ], [ 629152.750050202594139, 5220822.640803361311555 ], [ 629152.899857855634764, 5220822.449851050041616 ], [ 629152.925000000046566, 5220822.397063057869673 ], [ 629152.9031719006598, 5220822.252894102595747 ], [ 629152.946875300025567, 5220822.133080414496362 ], [ 629153.002275916165672, 5220821.998859419487417 ], [ 629153.124842102406546, 5220821.874924586154521 ], [ 629153.124829988344572, 5220821.725064280442894 ], [ 629152.999857570743188, 5220821.525151127949357 ], [ 629152.875158377340995, 5220821.500158376991749 ], [ 629152.823741134256124, 5220821.752924327738583 ], [ 629152.725154559710063, 5220821.900127710774541 ], [ 629152.7206562734209, 5220822.032760700210929 ], [ 629152.653190152836032, 5220822.110473142936826 ], [ 629152.501668602693826, 5220822.036322775296867 ], [ 629152.499950596829876, 5220821.972614225931466 ], [ 629152.366465384024195, 5220822.008671805262566 ], [ 629152.331451189471409, 5220821.992394955828786 ], [ 629152.284936226555146, 5220821.839358223602176 ], [ 629152.334405682166107, 5220821.792372579686344 ], [ 629152.499953902559355, 5220821.777381855994463 ], [ 629152.424924036837183, 5220821.725173591636121 ], [ 629152.350138415698893, 5220821.725159744732082 ], [ 629152.17515509983059, 5220821.92513236682862 ], [ 629152.17515837715473, 5220822.024841622449458 ], [ 629152.484465800225735, 5220822.030485257506371 ], [ 629152.64372401626315, 5220822.128864124417305 ], [ 629152.646825058734976, 5220822.28939442243427 ], [ 629152.586920243105851, 5220822.380444139242172 ], [ 629152.159251961507834, 5220822.499951409175992 ], [ 629152.296784078003839, 5220822.491482893936336 ], [ 629152.331176176900044, 5220822.519836690276861 ], [ 629152.25057932198979, 5220822.772342119365931 ], [ 629152.129852879443206, 5220822.803949604742229 ], [ 629151.989143062965013, 5220822.789150627329946 ], [ 629151.924745949101634, 5220822.624126464128494 ], [ 629151.952396915061399, 5220822.500049453228712 ], [ 629151.900157721713185, 5220822.650059974752367 ], [ 629151.900000000023283, 5220822.747063059359789 ] ] ] } },
{ "type": "Feature", "properties": { "label": "vineyard", "area_m2": 0.15243500085897782 }, "geometry": { "type": "Polygon", "coordinates": [ [ [ 629179.950066625722684, 5220822.173901333473623 ], [ 629180.000143444747664, 5220822.274841370992362 ], [ 629180.124138629296795, 5220822.225681129842997 ], [ 629180.176296440302394, 5220821.903203135356307 ], [ 629180.399831857415847, 5220821.699861468747258 ], [ 629180.399840973666869, 5220821.57515902724117 ], [ 629180.331654421053827, 5220821.534943760372698 ], [ 629180.353398208855651, 5220821.346105495467782 ], [ 629180.44984097359702, 5220821.324840973131359 ], [ 629180.449840396060608, 5220821.2001236313954 ], [ 629180.400878523592837, 5220821.175582130439579 ], [ 629180.350159026565962, 5220821.175159026868641 ], [ 629180.319968942319974, 5220821.581250592134893 ], [ 629180.225879840552807, 5220821.697750883176923 ], [ 629180.100139232352376, 5220821.750156614929438 ], [ 629179.950170704280026, 5220821.875086390413344 ], [ 629179.950066625722684, 5220822.173901333473623 ] ] ] } },
{ "type": "Feature", "properties": { "label": "vineyard", "area_m2": 0.53944049000655225 }, "geometry": { "type": "Polygon", "coordinates": [ [ [ 629149.650114280870184, 5220821.624885719269514 ], [ 629149.799074398470111, 5220821.47967834584415 ], [ 629149.884173858328722, 5220821.471310916356742 ], [ 629149.949389733141288, 5220821.550800995901227 ], [ 629149.941289031179622, 5220821.624840494245291 ], [ 629149.87511627539061, 5220821.700073558837175 ], [ 629149.875114280846901, 5220821.724885719828308 ], [ 629149.92490467056632, 5220821.724884791299701 ], [ 629150.08927838515956, 5220821.493129625916481 ], [ 629150.249885719153099, 5220821.474885719828308 ], [ 629150.263498125015758, 5220821.340806045569479 ], [ 629150.52488292939961, 5220821.049942678771913 ], [ 629150.549884791020304, 5220820.775095328688622 ], [ 629150.302447513095103, 5220820.649999999441206 ], [ 629150.240588886896148, 5220820.771694702096283 ], [ 629150.138294021831825, 5220820.781895366497338 ], [ 629150.07720198482275, 5220820.704889792017639 ], [ 629150.099882929236628, 5220820.550057320855558 ], [ 629150.025114280870184, 5220820.525114280171692 ], [ 629149.988192126504146, 5220820.747139673680067 ], [ 629149.875095329596661, 5220820.800115209072828 ], [ 629149.775117405108176, 5220821.000050494447351 ], [ 629149.650114280870184, 5220821.624885719269514 ] ] ] } },
{ "type": "Feature", "properties": { "label": "vineyard", "area_m2": 0.32783374225281919 }, "geometry": { "type": "Polygon", "coordinates": [ [ [ 629160.625114952563308, 5220822.349885046482086 ], [ 629161.04993718827609, 5220822.499882484786212 ], [ 629161.157929837005213, 5220822.250066553242505 ], [ 629161.274881805642508, 5220822.074951042421162 ], [ 629161.277204722282477, 5220821.945095525123179 ], [ 629161.349885047646239, 5220821.750114953145385 ], [ 629161.174951042165048, 5220821.675118195824325 ], [ 629161.025114952586591, 5220821.700114953331649 ], [ 629161.004244692041539, 5220821.849516375921667 ], [ 629160.908588208607398, 5220821.937444096431136 ], [ 629160.800104645546526, 5220821.975115459412336 ], [ 629160.700106372358277, 5220822.100071074441075 ], [ 629160.625118194730021, 5220822.275048958137631 ], [ 629160.625114952563308, 5220822.349885046482086 ] ] ] } },
{ "type": "Feature", "properties": { "label": "vineyard", "area_m2": 0.35129762024957095 }, "geometry": { "type": "Polygon", "coordinates": [ [ [ 629188.150117070646957, 5220822.350057320669293 ], [ 629188.175117070437409, 5220822.474942677654326 ], [ 629188.25005732208956, 5220822.549882930703461 ], [ 629188.474885719129816, 5220822.574885719455779 ], [ 629188.524882595054805, 5220822.449949505738914 ], [ 629188.538498125039041, 5220822.215806045569479 ], [ 629188.749882929376327, 5220822.04994267784059 ], [ 629188.752201986033469, 5220821.870110201649368 ], [ 629188.799882595078088, 5220821.774949505925179 ], [ 629188.774934207787737, 5220821.675107725895941 ], [ 629188.599959900719114, 5220821.60011791344732 ], [ 629188.499855429399759, 5220821.593051818199456 ], [ 629188.400114280870184, 5220821.525114280171692 ], [ 629188.463474219315685, 5220821.693243545480072 ], [ 629188.300117070437409, 5220821.900057322345674 ], [ 629188.295068318839185, 5220822.115036362782121 ], [ 629188.261501875007525, 5220822.209193954244256 ], [ 629188.150117070646957, 5220822.350057320669293 ] ] ] } },
{ "type": "Feature", "properties": { "label": "vineyard", "area_m2": 0.37571626351716525 }, "geometry": { "type": "Polygon", "coordinates": [ [ [ 629182.925159399746917, 5220821.225155238062143 ], [ 629182.925172394723631, 5220821.299886238761246 ], [ 629183.150150369619951, 5220821.724838354624808 ], [ 629183.299856546684168, 5220821.724841360934079 ], [ 629183.424829190596938, 5220821.474937243387103 ], [ 629183.381525279255584, 5220821.193479778245091 ], [ 629183.674836543155834, 5220820.724899402819574 ], [ 629183.674836053047329, 5220820.650103467516601 ], [ 629183.575592910288833, 5220820.525773237459362 ], [ 629183.400159026612528, 5220820.500159027054906 ], [ 629183.353147748392075, 5220820.785333090461791 ], [ 629183.300159596954472, 5220820.825123623944819 ], [ 629183.296816532034427, 5220820.927925114519894 ], [ 629183.180893391021527, 5220821.139107391238213 ], [ 629182.925159399746917, 5220821.225155238062143 ] ] ] } },
{ "type": "Feature", "properties": { "label": "vineyard", "area_m2": 0.59998813465813849 }, "geometry": { "type": "Polygon", "coordinates": [ [ [ 629168.675117404898629, 5220822.59994950518012 ], [ 629168.700096262153238, 5220822.649884836748242 ], [ 629168.850050496286713, 5220822.724882596172392 ], [ 629168.99994267791044, 5220822.724882930517197 ], [ 629169.04989227373153, 5220822.674934208393097 ], [ 629169.075000000069849, 5220822.622552487999201 ], [ 629169.051752399653196, 5220822.46784108877182 ], [ 629169.124882085830905, 5220822.324959902092814 ], [ 629169.136807873495854, 5220822.102860326878726 ], [ 629169.333726401790045, 5220822.003928475081921 ], [ 629169.449904670240358, 5220821.999884790740907 ], [ 629169.524882595054805, 5220821.874949505552649 ], [ 629169.524700825219043, 5220821.561525688506663 ], [ 629169.550000000046566, 5220821.497552487999201 ], [ 629169.524899697629735, 5220821.350099069066346 ], [ 629169.374949503922835, 5220821.275117403827608 ], [ 629169.300057321670465, 5220821.275117069482803 ], [ 629169.125107726315036, 5220821.450065792538226 ], [ 629169.041289035463706, 5220821.724840484559536 ], [ 629168.925117404898629, 5220821.875050494447351 ], [ 629168.887448828201741, 5220822.0335803180933 ], [ 629168.700117070577107, 5220822.225057321600616 ], [ 629168.675117404898629, 5220822.59994950518012 ] ] ] } },
{ "type": "Feature", "properties": { "label": "vineyard", "area_m2": 0.22648500769592431 }, "geometry": { "type": "Polygon", "coordinates": [ [ [ 629194.225114280707203, 5220821.150114280171692 ], [ 629194.261850040988065, 5220821.297703325748444 ], [ 629194.225114280707203, 5220821.549885720014572 ], [ 629194.324904670007527, 5220821.549884791485965 ], [ 629194.399882929516025, 5220821.44994267821312 ], [ 629194.382612046669237, 5220821.136731656268239 ], [ 629194.427860326250084, 5220821.086807873100042 ], [ 629194.524942678050138, 5220821.074882930144668 ], [ 629194.599884836701676, 5220821.024903737939894 ], [ 629194.64988343778532, 5220820.924932301044464 ], [ 629194.663498118403368, 5220820.765806058421731 ], [ 629194.725904230144806, 5220820.657844829373062 ], [ 629194.824882929562591, 5220820.599942677654326 ], [ 629194.79988571931608, 5220820.400114280171692 ], [ 629194.62505732208956, 5220820.400117069482803 ], [ 629194.525107726454735, 5220820.500065791420639 ], [ 629194.490921386168338, 5220820.791632938198745 ], [ 629194.437135129584931, 5220820.842849244363606 ], [ 629194.350114280823618, 5220820.850114280357957 ], [ 629194.367387953330763, 5220821.088268343359232 ], [ 629194.313268343219534, 5220821.142387952655554 ], [ 629194.225114280707203, 5220821.150114280171692 ] ] ] } },
{ "type": "Feature", "properties": { "label": "vineyard", "area_m2": 0.66381738977815763 }, "geometry": { "type": "Polygon", "coordinates": [ [ [ 629191.600000000093132, 5220821.147054241970181 ], [ 629191.999874313827604, 5220821.199843937531114 ], [ 629192.224867610842921, 5220821.074848398566246 ], [ 629192.249840973643586, 5220821.000159027054906 ], [ 629191.962664619088173, 5220820.892121331766248 ], [ 629191.93974941316992, 5220820.849251761101186 ], [ 629191.999069570563734, 5220820.678921173326671 ], [ 629192.099854022380896, 5220820.59985654335469 ], [ 629192.22484828508459, 5220820.399910943582654 ], [ 629192.374840396107174, 5220820.000123631209135 ], [ 629192.099930080468766, 5220819.875186181627214 ], [ 629191.800123631139286, 5220819.825159606523812 ], [ 629191.775067309034057, 5220819.876084757968783 ], [ 629191.773580901324749, 5220820.201584211550653 ], [ 629191.6751519725658, 5220820.400076477788389 ], [ 629191.575166019028984, 5220820.750049441121519 ], [ 629191.600000000093132, 5220821.147054241970181 ] ] ] } },
{ "type": "Feature", "properties": { "label": "vineyard", "area_m2": 0.12957495646531011 }, "geometry": { "type": "Polygon", "coordinates": [ [ [ 629169.299999999930151, 5220821.272063057869673 ], [ 629169.475064277881756, 5220821.349829997867346 ], [ 629169.549841622938402, 5220821.349841622635722 ], [ 629169.51746681984514, 5220821.050926459021866 ], [ 629169.623084648745134, 5220820.913588674739003 ], [ 629169.701038329862058, 5220820.949930978938937 ], [ 629169.799842096283101, 5220820.924924582242966 ], [ 629169.799829319119453, 5220820.80013286229223 ], [ 629169.708861394668929, 5220820.652111305855215 ], [ 629169.799836569582112, 5220820.524921736679971 ], [ 629169.774900392745622, 5220820.475154637359083 ], [ 629169.650077253929339, 5220820.425169721245766 ], [ 629169.525145060615614, 5220820.525137483142316 ], [ 629169.500046856701374, 5220820.577303172089159 ], [ 629169.567621459369548, 5220820.52494979929179 ], [ 629169.689575618831441, 5220820.606770434416831 ], [ 629169.699432834400795, 5220820.727587655186653 ], [ 629169.569283967139199, 5220820.827907133847475 ], [ 629169.500046879635192, 5220820.797660341486335 ], [ 629169.603822687757201, 5220820.878943314775825 ], [ 629169.60934488219209, 5220820.920502805151045 ], [ 629169.50867273111362, 5220821.057944494299591 ], [ 629169.375075413496234, 5220821.050157897174358 ], [ 629169.325154638965614, 5220821.100099604576826 ], [ 629169.299999999930151, 5220821.272063057869673 ] ] ] } },
{ "type": "Feature", "properties": { "label": "vineyard", "area_m2": 0.13038852323661673 }, "geometry": { "type": "Polygon", "coordinates": [ [ [ 629152.625159026589245, 5220821.050159026868641 ], [ 629152.625159026589245, 5220821.124840972945094 ], [ 629152.730235800845549, 5220821.127813798375428 ], [ 629152.965607699239627, 5220821.251203493215144 ], [ 629152.974781496101059, 5220821.40699546225369 ], [ 629152.925159026519395, 5220821.524840973317623 ], [ 629152.999896541005, 5220821.5248360671103 ], [ 629153.174915148643777, 5220821.424844927154481 ], [ 629153.251965251634829, 5220821.299227494746447 ], [ 629153.37484167155344, 5220821.19991909712553 ], [ 629153.278721469687298, 5220821.251716765575111 ], [ 629153.151988383498974, 5220821.409717076458037 ], [ 629153.1111359995557, 5220821.415415748953819 ], [ 629153.020209774840623, 5220821.252896244637668 ], [ 629153.073423664434813, 5220821.162737678736448 ], [ 629153.073657786939293, 5220821.070486485026777 ], [ 629153.177353942184709, 5220820.937565098516643 ], [ 629153.374976273393258, 5220820.990917203016579 ], [ 629153.449824009207077, 5220820.84991358872503 ], [ 629153.449840400950052, 5220820.750123626552522 ], [ 629153.025159026612528, 5220820.57515902724117 ], [ 629153.025159026612528, 5220820.599840972572565 ], [ 629153.241025449824519, 5220820.690850826911628 ], [ 629153.270778700010851, 5220820.828707346692681 ], [ 629153.13022098550573, 5220820.92228134535253 ], [ 629153.025159026612528, 5220820.925159026868641 ], [ 629153.015766846132465, 5220821.226388679817319 ], [ 629152.961066234740429, 5220821.242728558368981 ], [ 629152.743363731075078, 5220821.131685975007713 ], [ 629152.724840973620303, 5220821.050159026868641 ], [ 629152.625159026589245, 5220821.050159026868641 ] ] ] } },
{ "type": "Feature", "properties": { "label": "vineyard", "area_m2": 0.14496074018343108 }, "geometry": { "type": "Polygon", "coordinates": [ [ [ 629171.850116591667756, 5220821.900067099370062 ], [ 629171.850115209002979, 5220821.974904670380056 ], [ 629171.974885719129816, 5220821.999885719269514 ], [ 629171.990847478271462, 5220821.89597821701318 ], [ 629172.074942678329535, 5220821.849882930517197 ], [ 629172.149883408332244, 5220821.749932901002467 ], [ 629172.178928474662825, 5220821.508726405911148 ], [ 629172.224883437622339, 5220821.449932302348316 ], [ 629172.229931681416929, 5220821.359963635914028 ], [ 629172.299882085877471, 5220821.199959902092814 ], [ 629172.325000000069849, 5220821.022552486509085 ], [ 629172.299942677957006, 5220820.900117069482803 ], [ 629172.225114280707203, 5220820.900114280171692 ], [ 629172.222798014990985, 5220821.079889792017639 ], [ 629172.150117070763372, 5220821.175057320855558 ], [ 629172.143051818013191, 5220821.350144570693374 ], [ 629172.050117070437409, 5220821.45005732215941 ], [ 629171.986501874984242, 5220821.759193954057992 ], [ 629171.850116591667756, 5220821.900067099370062 ] ] ] } },
{ "type": "Feature", "properties": { "label": "vineyard", "area_m2": 0.19841021621088753 }, "geometry": { "type": "Polygon", "coordinates": [ [ [ 629174.750000000116415, 5220821.072054241783917 ], [ 629174.824898420018144, 5220821.0748300710693 ], [ 629174.899829311412759, 5220820.999913620762527 ], [ 629174.903035371913575, 5220820.801458200439811 ], [ 629175.074849158525467, 5220820.599914091639221 ], [ 629175.349839313770644, 5220820.074924581684172 ], [ 629175.324913610587828, 5220819.950170706957579 ], [ 629175.100157606531866, 5220820.000148799270391 ], [ 629175.098306336789392, 5220820.267647861503065 ], [ 629174.87516383791808, 5220820.525066402740777 ], [ 629174.750157414120622, 5220820.950079683214426 ], [ 629174.750000000116415, 5220821.072054241783917 ] ] ] } },
{ "type": "Feature", "properties": { "label": "vineyard", "area_m2": 0.39800105318552514 }, "geometry": { "type": "Polygon", "coordinates": [ [ [ 629166.400115163298324, 5220821.525096262805164 ], [ 629166.400117166573182, 5220821.699944636784494 ], [ 629166.433899644995108, 5220821.779904742725194 ], [ 629166.400114280870184, 5220821.874885719269514 ], [ 629166.574885719339363, 5220821.924885720014572 ], [ 629166.586807873565704, 5220821.852860326878726 ], [ 629166.636731656850316, 5220821.807612047530711 ], [ 629166.849949504830875, 5220821.824882595799863 ], [ 629166.949882929446176, 5220821.749942678958178 ], [ 629166.92555202008225, 5220821.505487178452313 ], [ 629166.974882594891824, 5220821.325050494633615 ], [ 629166.860785002238117, 5220821.158693932928145 ], [ 629166.849999999976717, 5220821.090979999862611 ], [ 629166.888498125015758, 5220820.965806045569479 ], [ 629166.999882929376327, 5220820.849942677654326 ], [ 629166.974903738009743, 5220820.625115163624287 ], [ 629166.900057321996428, 5220820.625117070041597 ], [ 629166.82510772626847, 5220820.700065791606903 ], [ 629166.791289031156339, 5220820.89984049461782 ], [ 629166.625117405084893, 5220821.125050494447351 ], [ 629166.602356632356532, 5220821.340181498788297 ], [ 629166.400115163298324, 5220821.525096262805164 ] ] ] } },
{ "type": "Feature", "properties": { "label": "vineyard", "area_m2": 0.45735677330648572 }, "geometry": { "type": "Polygon", "coordinates": [ [ [ 629155.549668139545247, 5220821.473589377477765 ], [ 629155.600143444724381, 5220821.574841370806098 ], [ 629155.649876369046979, 5220821.574840393848717 ], [ 629155.710105867008679, 5220821.449256741441786 ], [ 629155.89371678174939, 5220821.402325089089572 ], [ 629155.999861481250264, 5220821.424831873737276 ], [ 629156.149412167724222, 5220821.250890081748366 ], [ 629156.249829221749678, 5220820.999937256798148 ], [ 629156.249934099731036, 5220820.926113428547978 ], [ 629156.125163023592904, 5220820.79991524387151 ], [ 629156.029511635191739, 5220820.632608541287482 ], [ 629156.099840973620303, 5220820.32515902724117 ], [ 629156.000159026589245, 5220820.32515902724117 ], [ 629155.997282142285258, 5220820.405169438570738 ], [ 629155.904217063914984, 5220820.591399907134473 ], [ 629155.850159604102373, 5220820.625123631209135 ], [ 629155.550752051640302, 5220821.123793737031519 ], [ 629155.525000000139698, 5220821.202945758588612 ], [ 629155.549668139545247, 5220821.473589377477765 ] ] ] } },
{ "type": "Feature", "properties": { "label": "vineyard", "area_m2": 0.67959578449750357 }, "geometry": { "type": "Polygon", "coordinates": [ [ [ 629161.075117070577107, 5220821.549942678771913 ], [ 629161.125115209026262, 5220821.674904669634998 ], [ 629161.275050494936295, 5220821.749882595613599 ], [ 629161.374942678026855, 5220821.749882929958403 ], [ 629161.599883724586107, 5220821.47492644097656 ], [ 629161.618129628361203, 5220821.164278381504118 ], [ 629161.741306070587598, 5220821.060785001143813 ], [ 629161.824885719339363, 5220821.049885720014572 ], [ 629161.824882929446176, 5220820.975057320669293 ], [ 629161.743006534292363, 5220820.891746272332966 ], [ 629161.679931681137532, 5220820.76503636315465 ], [ 629161.688498124131002, 5220820.665806047618389 ], [ 629161.749855431960896, 5220820.606948181055486 ], [ 629161.874885719153099, 5220820.599885719828308 ], [ 629161.906040625763126, 5220820.527580356225371 ], [ 629161.974999999976717, 5220820.5 ], [ 629162.057706612744369, 5220820.53921686206013 ], [ 629162.100114280823618, 5220820.649885719642043 ], [ 629162.149904670543037, 5220820.649884791113436 ], [ 629162.17488571931608, 5220820.500114280730486 ], [ 629162.114278381806798, 5220820.481870371848345 ], [ 629162.074912942363881, 5220820.425115614198148 ], [ 629161.824949503876269, 5220820.325117403641343 ], [ 629161.725057322066277, 5220820.325117069296539 ], [ 629161.550115163205191, 5220820.400096262805164 ], [ 629161.541289035463706, 5220820.474840484559536 ], [ 629161.491846609511413, 5220820.534594755619764 ], [ 629161.300057321670465, 5220820.575117069296539 ], [ 629161.275117070646957, 5220820.600057320669293 ], [ 629161.275000000023283, 5220820.722552486695349 ], [ 629161.310904963524081, 5220820.865063479170203 ], [ 629161.10011707060039, 5220821.100057321600616 ], [ 629161.124447979847901, 5220821.344512821175158 ], [ 629161.075117070460692, 5220821.42505732178688 ], [ 629161.075117070577107, 5220821.549942678771913 ] ] ] } },
{ "type": "Feature", "properties": { "label": "vineyard", "area_m2": 0.81603128663226399 }, "geometry": { "type": "Polygon", "coordinates": [ [ [ 629188.425117404898629, 5220820.149949504993856 ], [ 629188.450100302696228, 5220820.199900931678712 ], [ 629188.675067698932253, 5220820.299883438274264 ], [ 629188.749932900536805, 5220820.299883409403265 ], [ 629188.847317271865904, 5220820.241226814687252 ], [ 629188.915181580465287, 5220820.247643406502903 ], [ 629188.980759703787044, 5220820.307006529532373 ], [ 629189.000117070623673, 5220820.399942679330707 ], [ 629189.05005732155405, 5220820.449882930144668 ], [ 629189.249949505086988, 5220820.499882595613599 ], [ 629189.424882929422893, 5220820.349942678585649 ], [ 629189.487551171798259, 5220820.2164196819067 ], [ 629189.574882929446176, 5220820.124942678958178 ], [ 629189.603928474709392, 5220819.883726404979825 ], [ 629189.674882929422893, 5220819.799942678771913 ], [ 629189.674884385894984, 5220819.625087057240307 ], [ 629189.618129628361203, 5220819.585721618495882 ], [ 629189.599885719129816, 5220819.525114280171692 ], [ 629189.525040100328624, 5220819.525117913261056 ], [ 629189.425067098462023, 5220819.550116591155529 ], [ 629189.240844788495451, 5220819.695833060890436 ], [ 629189.134810283896513, 5220819.679130738601089 ], [ 629189.099999999976717, 5220819.60329999960959 ], [ 629189.129931681440212, 5220819.459963636472821 ], [ 629189.199882929446176, 5220819.374942678958178 ], [ 629189.274884791113436, 5220819.175095329061151 ], [ 629189.174949504784308, 5220819.125117404386401 ], [ 629189.100114280707203, 5220819.125114280730486 ], [ 629189.061567239812575, 5220819.239459652453661 ], [ 629188.900117404991761, 5220819.425050494261086 ], [ 629188.893051819643006, 5220819.550144566223025 ], [ 629188.800117404898629, 5220819.700050494633615 ], [ 629188.783146961126477, 5220819.955557024106383 ], [ 629188.729028467671014, 5220819.995694033801556 ], [ 629188.630487176938914, 5220819.999447979964316 ], [ 629188.500095329596661, 5220819.925115209072828 ], [ 629188.425117404898629, 5220820.149949504993856 ] ] ] } },
{ "type": "Feature", "properties": { "label": "vineyard", "area_m2": 0.25736287657179657 }, "geometry": { "type": "Polygon", "coordinates": [ [ [ 629180.350807538954541, 5220821.149838991463184 ], [ 629180.400048958021216, 5220821.199881804175675 ], [ 629180.549885047599673, 5220821.19988504704088 ], [ 629180.554640929447487, 5220821.016592522151768 ], [ 629180.674884074134752, 5220820.924904862418771 ], [ 629180.731943713268265, 5220820.699864498339593 ], [ 629180.799882486113347, 5220820.624937187880278 ], [ 629180.806943713221699, 5220820.549864497967064 ], [ 629180.899881805642508, 5220820.399951042607427 ], [ 629180.880685595679097, 5220820.188054207712412 ], [ 629181.024882486206479, 5220819.999937187880278 ], [ 629181.024885047692806, 5220819.92511495295912 ], [ 629180.875104645616375, 5220819.925115459598601 ], [ 629180.825117150205187, 5220820.000070217065513 ], [ 629180.848437223117799, 5220820.134480030275881 ], [ 629180.828878423781134, 5220820.198956721462309 ], [ 629180.728434074670076, 5220820.289596624672413 ], [ 629180.600114952540025, 5220820.30011495295912 ], [ 629180.592387953423895, 5220820.51326834410429 ], [ 629180.547139673843049, 5220820.563192127272487 ], [ 629180.475114952540025, 5220820.575114953331649 ], [ 629180.495359070715494, 5220820.858407477848232 ], [ 629180.425116360187531, 5220820.925086298957467 ], [ 629180.412286476464942, 5220821.102093107998371 ], [ 629180.350807538954541, 5220821.149838991463184 ] ] ] } },
{ "type": "Feature", "properties": { "label": "vineyard", "area_m2": 0.62127693721780741 }, "geometry": { "type": "Polygon", "coordinates": [ [ [ 629188.225117404945195, 5220821.349949506111443 ], [ 629188.425057321670465, 5220821.549882930703461 ], [ 629188.774885719292797, 5220821.674885720014572 ], [ 629188.749891069135629, 5220821.550064698792994 ], [ 629188.634098755544983, 5220821.420388801954687 ], [ 629188.70792309299577, 5220821.225081361830235 ], [ 629188.784963639220223, 5220821.154931680299342 ], [ 629189.049942678073421, 5220821.124882929958403 ], [ 629189.099882594891824, 5220821.049949505366385 ], [ 629189.07489969744347, 5220820.900099067948759 ], [ 629188.961585754761472, 5220820.805343024432659 ], [ 629188.999882929376327, 5220820.699942679144442 ], [ 629188.974885719129816, 5220820.550114280544221 ], [ 629188.900057321996428, 5220820.550117069855332 ], [ 629188.825117070577107, 5220820.625057321973145 ], [ 629188.823835385381244, 5220820.737045654095709 ], [ 629188.760402564192191, 5220820.843336539342999 ], [ 629188.686904615373351, 5220820.862658846192062 ], [ 629188.616123547079042, 5220820.817969432100654 ], [ 629188.571525563835166, 5220820.590567319653928 ], [ 629188.724883724586107, 5220820.424926441162825 ], [ 629188.724884790950455, 5220820.300095329061151 ], [ 629188.499949503922835, 5220820.200117403641343 ], [ 629188.45011428068392, 5220820.200114279985428 ], [ 629188.449560936074704, 5220820.447880555875599 ], [ 629188.400116562377661, 5220820.5250676991418 ], [ 629188.395359942223877, 5220820.733407829888165 ], [ 629188.325115614105016, 5220820.800087057054043 ], [ 629188.314214997924864, 5220820.958693931810558 ], [ 629188.225117070483975, 5220821.05005732178688 ], [ 629188.225117404945195, 5220821.349949506111443 ] ] ] } },
{ "type": "Feature", "properties": { "label": "vineyard", "area_m2": 0.22679533965130536 }, "geometry": { "type": "Polygon", "coordinates": [ [ [ 629158.575114952516742, 5220821.049885046668351 ], [ 629158.649937188369222, 5220821.049882484599948 ], [ 629158.730207621585578, 5220820.948268404230475 ], [ 629158.82492892362643, 5220820.899893629364669 ], [ 629158.874882486183196, 5220820.849937187507749 ], [ 629158.893132952856831, 5220820.739276754669845 ], [ 629158.983166590565816, 5220820.665395483374596 ], [ 629159.199885047622956, 5220820.624885046854615 ], [ 629159.199885047622956, 5220820.42511495295912 ], [ 629159.121354478760622, 5220820.386764731258154 ], [ 629159.074937188299373, 5220820.275117515586317 ], [ 629158.825114952516742, 5220820.200114953331649 ], [ 629158.816799439955503, 5220820.342956223525107 ], [ 629158.725117514026351, 5220820.425062811002135 ], [ 629158.725116360234097, 5220820.574913701042533 ], [ 629158.787286476464942, 5220820.622906892560422 ], [ 629158.795957151334733, 5220820.703146494925022 ], [ 629158.75808139576111, 5220820.756403633393347 ], [ 629158.625099302036688, 5220820.82509930152446 ], [ 629158.575114952516742, 5220821.049885046668351 ] ] ] } },
{ "type": "Feature", "properties": { "label": "vineyard", "area_m2": 0.27817283996494924 }, "geometry": { "type": "Polygon", "coordinates": [ [ [ 629158.850000000093132, 5220820.197054240852594 ], [ 629159.075950424186885, 5220820.299926090985537 ], [ 629159.374840973760001, 5220820.224840971641243 ], [ 629159.374839928466827, 5220820.100148415192962 ], [ 629159.23846207850147, 5220820.021441601216793 ], [ 629159.227824683999643, 5220819.975927988998592 ], [ 629159.374839331489056, 5220819.824857646599412 ], [ 629159.380162714631297, 5220819.745295244269073 ], [ 629159.527560668531805, 5220819.576804746873677 ], [ 629159.674849630566314, 5220819.599838354624808 ], [ 629159.699841671506874, 5220819.42508090287447 ], [ 629159.575123631162569, 5220819.400159606710076 ], [ 629159.534251539502293, 5220819.559551642276347 ], [ 629159.362636516918428, 5220819.688346104696393 ], [ 629159.272581707104109, 5220819.650046100839972 ], [ 629159.238100020564161, 5220819.838282470591366 ], [ 629159.189609298831783, 5220819.919606451876462 ], [ 629158.974508457235061, 5220819.940897122956812 ], [ 629158.943630485562608, 5220819.813746717758477 ], [ 629159.074975912924856, 5220819.298035443760455 ], [ 629159.049848256632686, 5220819.100159768015146 ], [ 629159.000123626901768, 5220819.10015959944576 ], [ 629158.9001573814312, 5220819.350079672411084 ], [ 629158.964803859009407, 5220819.628060004673898 ], [ 629158.900159399840049, 5220819.675155237317085 ], [ 629158.899933190084994, 5220820.019339293241501 ], [ 629158.850000000093132, 5220820.197054240852594 ] ] ] } },
{ "type": "Feature", "properties": { "label": "vineyard", "area_m2": 0.32309610832315111 }, "geometry": { "type": "Polygon", "coordinates": [ [ [ 629150.025115926051512, 5220820.524904862977564 ], [ 629150.077454879065044, 5220820.549999999813735 ], [ 629150.243224124307744, 5220820.52506217174232 ], [ 629150.325071076396853, 5220820.674893628805876 ], [ 629150.524885047692806, 5220820.774885047227144 ], [ 629150.554640929447487, 5220820.466592522338033 ], [ 629150.724883233313449, 5220820.249921978451312 ], [ 629150.724885047646239, 5220820.05011495295912 ], [ 629150.424957596464083, 5220819.975118516944349 ], [ 629150.275095137534663, 5220820.000115927308798 ], [ 629150.025115926051512, 5220820.524904862977564 ] ] ] } },
{ "type": "Feature", "properties": { "label": "vineyard", "area_m2": 0.22045187100270469 }, "geometry": { "type": "Polygon", "coordinates": [ [ [ 629164.150118194753304, 5220820.649951042607427 ], [ 629164.200062811840326, 5220820.724882484413683 ], [ 629164.324937188299373, 5220820.724882484413683 ], [ 629164.399884074227884, 5220820.674904862418771 ], [ 629164.415395483840257, 5220820.608166590332985 ], [ 629164.474882486159913, 5220820.549937187694013 ], [ 629164.549882849911228, 5220820.399929783307016 ], [ 629164.55220472230576, 5220820.220095523633063 ], [ 629164.624881805619225, 5220820.049951042048633 ], [ 629164.624881805619225, 5220819.975048957392573 ], [ 629164.574937188299373, 5220819.900117515586317 ], [ 629164.400104645639658, 5220819.925115459598601 ], [ 629164.325117514003068, 5220820.025062812492251 ], [ 629164.32006221881602, 5220820.240056914277375 ], [ 629164.25795723637566, 5220820.362206414341927 ], [ 629164.200115925981663, 5220820.400095138698816 ], [ 629164.150118194753304, 5220820.649951042607427 ] ] ] } },
{ "type": "Feature", "properties": { "label": "vineyard", "area_m2": 0.20672200357044593 }, "geometry": { "type": "Polygon", "coordinates": [ [ [ 629186.475114952540025, 5220819.849885046482086 ], [ 629186.57488248613663, 5220819.824937188997865 ], [ 629186.609886079560965, 5220819.650373364798725 ], [ 629186.724904862698168, 5220819.599884072318673 ], [ 629186.799882486113347, 5220819.499937187880278 ], [ 629186.813514570589177, 5220819.390775844454765 ], [ 629186.899883233360015, 5220819.299921978265047 ], [ 629186.92488180543296, 5220819.000048957765102 ], [ 629186.849937188322656, 5220818.900117515586317 ], [ 629186.750095137394965, 5220818.900115927681327 ], [ 629186.650117514072917, 5220819.000062812119722 ], [ 629186.614221888012253, 5220819.158682609908283 ], [ 629186.525117514072917, 5220819.250062812119722 ], [ 629186.525117514072917, 5220819.349937187507749 ], [ 629186.57006221881602, 5220819.409943086095154 ], [ 629186.599548075697385, 5220819.60949635040015 ], [ 629186.56554928526748, 5220819.675520138815045 ], [ 629186.475117514026351, 5220819.725062810815871 ], [ 629186.475114952540025, 5220819.849885046482086 ] ] ] } },
{ "type": "Feature", "properties": { "label": "vineyard", "area_m2": 0.25400631936654988 }, "geometry": { "type": "Polygon", "coordinates": [ [ [ 629175.125114280846901, 5220819.625114280730486 ], [ 629175.125114280846901, 5220819.749885719269514 ], [ 629175.245710678165779, 5220819.77928932197392 ], [ 629175.275115209049545, 5220819.949904670938849 ], [ 629175.349885719129816, 5220819.974885719828308 ], [ 629175.479289321927354, 5220819.65428932197392 ], [ 629175.599885719129816, 5220819.624885719269514 ], [ 629175.607965796603821, 5220819.54736855160445 ], [ 629175.655092465109192, 5220819.497130610980093 ], [ 629175.824885719339363, 5220819.499885719269514 ], [ 629175.824885719339363, 5220819.375114280730486 ], [ 629175.71173165680375, 5220819.367387953214347 ], [ 629175.651921471930109, 5220819.294509032741189 ], [ 629175.662711169454269, 5220819.197907991707325 ], [ 629175.724884385825135, 5220819.149912942200899 ], [ 629175.724885719129816, 5220818.925114280544221 ], [ 629175.500057321973145, 5220818.925117069855332 ], [ 629175.400117070646957, 5220819.025057322345674 ], [ 629175.425117070553824, 5220819.249942678958178 ], [ 629175.470068318536505, 5220819.309963636100292 ], [ 629175.499447979847901, 5220819.455487178638577 ], [ 629175.477301045320928, 5220819.588439328595996 ], [ 629175.40980171400588, 5220819.624518472701311 ], [ 629175.125114280846901, 5220819.625114280730486 ] ] ] } },
{ "type": "Feature", "properties": { "label": "vineyard", "area_m2": 0.24515876164960476 }, "geometry": { "type": "Polygon", "coordinates": [ [ [ 629194.775000000139698, 5220820.147054241038859 ], [ 629194.85008885175921, 5220820.199826358817518 ], [ 629194.924856555415317, 5220820.199841370806098 ], [ 629195.199839307460934, 5220819.749924577772617 ], [ 629195.202481562737375, 5220819.570742044597864 ], [ 629195.274335613357835, 5220819.37703048158437 ], [ 629195.374846558668651, 5220819.249898798763752 ], [ 629195.424841234926134, 5220819.124948135577142 ], [ 629195.424840528401546, 5220819.025048175826669 ], [ 629195.374913609703071, 5220818.925170705653727 ], [ 629195.34966478694696, 5220818.925976134836674 ], [ 629194.775581759400666, 5220820.049121792428195 ], [ 629194.775000000139698, 5220820.147054241038859 ] ] ] } },
{ "type": "Feature", "properties": { "label": "vineyard", "area_m2": 0.51007431392224889 }, "geometry": { "type": "Polygon", "coordinates": [ [ [ 629153.025115926051512, 5220820.5749048627913 ], [ 629153.183682608418167, 5220820.610778111033142 ], [ 629153.400048958021216, 5220820.74988180398941 ], [ 629153.449913702323101, 5220820.749883638694882 ], [ 629153.529723394312896, 5220820.684079761616886 ], [ 629153.674885047599673, 5220820.69988504704088 ], [ 629153.724881483591162, 5220820.549957594834268 ], [ 629153.754042848828249, 5220820.096853505820036 ], [ 629153.849885047646239, 5220820.024885047227144 ], [ 629153.852204722352326, 5220819.895095523446798 ], [ 629153.949881805572659, 5220819.674951042048633 ], [ 629153.949884074158035, 5220819.600095137022436 ], [ 629153.800114952493459, 5220819.55011495295912 ], [ 629153.795062219141982, 5220819.74005691241473 ], [ 629153.74699658062309, 5220819.822666032239795 ], [ 629153.687749606673606, 5220819.849552228115499 ], [ 629153.609734228113666, 5220819.842915561981499 ], [ 629153.549913702066988, 5220819.775116361677647 ], [ 629153.454988637473434, 5220819.768299280665815 ], [ 629153.349937188322656, 5220819.700117515400052 ], [ 629153.225095137488097, 5220819.700115927495062 ], [ 629153.200116360210814, 5220819.824913701042533 ], [ 629153.266799439908937, 5220819.882043777033687 ], [ 629153.275117514072917, 5220819.999937187880278 ], [ 629153.389605764532462, 5220820.074494774453342 ], [ 629153.403480494976975, 5220820.159395164810121 ], [ 629153.228557878290303, 5220820.440846665762365 ], [ 629153.172117672045715, 5220820.473212921991944 ], [ 629153.050095137441531, 5220820.475115926936269 ], [ 629153.025115926051512, 5220820.5749048627913 ] ] ] } },
{ "type": "Feature", "properties": { "label": "vineyard", "area_m2": 0.73331517108835376 }, "geometry": { "type": "Polygon", "coordinates": [ [ [ 629150.500000000116415, 5220819.597054241225123 ], [ 629150.575081441435032, 5220819.649826004169881 ], [ 629150.649873371701688, 5220819.649829751811922 ], [ 629150.974854729021899, 5220819.524851649999619 ], [ 629151.125107141328044, 5220819.225084133446217 ], [ 629151.274829295929521, 5220819.049913609400392 ], [ 629151.275776134920307, 5220818.900576427578926 ], [ 629151.374833961715922, 5220818.500049444846809 ], [ 629151.299838874139823, 5220818.225121727213264 ], [ 629151.099937267485075, 5220818.075170753523707 ], [ 629151.050146376248449, 5220818.075158382765949 ], [ 629150.801706885220483, 5220818.720975928008556 ], [ 629150.575156498351134, 5220819.150076423771679 ], [ 629150.500000000116415, 5220819.597054241225123 ] ] ] } },
{ "type": "Feature", "properties": { "label": "vineyard", "area_m2": 0.50062385398566855 }, "geometry": { "type": "Polygon", "coordinates": [ [ [ 629147.275118194753304, 5220820.999951042234898 ], [ 629147.349904862698168, 5220821.099884072318673 ], [ 629148.124881805619225, 5220819.549951042048633 ], [ 629148.099902712157927, 5220819.475107341073453 ], [ 629147.999937188345939, 5220819.400117515586317 ], [ 629147.85004895797465, 5220819.425118195824325 ], [ 629147.750106372172013, 5220819.500071075744927 ], [ 629147.650118194753304, 5220819.700048957951367 ], [ 629147.638192126643844, 5220819.947139673866332 ], [ 629147.588268343359232, 5220819.992387953214347 ], [ 629147.500062811886892, 5220820.000117515213788 ], [ 629147.400117514072917, 5220820.100062812678516 ], [ 629147.420919952332042, 5220820.402173048816621 ], [ 629147.275118516641669, 5220820.750042404979467 ], [ 629147.275118194753304, 5220820.999951042234898 ] ] ] } },
{ "type": "Feature", "properties": { "label": "vineyard", "area_m2": 0.25879301156736084 }, "geometry": { "type": "Polygon", "coordinates": [ [ [ 629178.250000000116415, 5220819.397054241970181 ], [ 629178.374869188759476, 5220819.399834468960762 ], [ 629178.574840980116278, 5220819.27485918905586 ], [ 629178.575606696889736, 5220818.999846545048058 ], [ 629178.670967642101459, 5220818.736361126415431 ], [ 629178.924839596729726, 5220818.549860909581184 ], [ 629178.924418337526731, 5220818.399121877737343 ], [ 629178.874846755759791, 5220818.300104853697121 ], [ 629178.74991362541914, 5220818.175170682370663 ], [ 629178.650143454433419, 5220818.17515863943845 ], [ 629178.575168950948864, 5220818.325100086629391 ], [ 629178.573665137635544, 5220818.700814357958734 ], [ 629178.426906750188209, 5220819.09559762198478 ], [ 629178.250170681858435, 5220819.325086374767125 ], [ 629178.250000000116415, 5220819.397054241970181 ] ] ] } },
{ "type": "Feature", "properties": { "label": "vineyard", "area_m2": 0.34293690454404224 }, "geometry": { "type": "Polygon", "coordinates": [ [ [ 629167.125118194613606, 5220819.949951042421162 ], [ 629167.196074064355344, 5220820.058732908219099 ], [ 629167.200117514003068, 5220820.249937187880278 ], [ 629167.300048957928084, 5220820.324881804175675 ], [ 629167.399884074227884, 5220820.299904862418771 ], [ 629167.364153763279319, 5220820.062691140919924 ], [ 629167.44988248613663, 5220819.924937187694013 ], [ 629167.457612046739087, 5220819.786731655709445 ], [ 629167.511731656850316, 5220819.732612046413124 ], [ 629167.599895354593173, 5220819.724884539842606 ], [ 629167.69988248613663, 5220819.574937188997865 ], [ 629167.69988248613663, 5220819.475062810815871 ], [ 629167.615395483910106, 5220819.391833410598338 ], [ 629167.599884074181318, 5220819.325095137581229 ], [ 629167.399951042258181, 5220819.225118195638061 ], [ 629167.300062811700627, 5220819.250117515213788 ], [ 629167.250117514049634, 5220819.300062811002135 ], [ 629167.247795277857222, 5220819.454904476180673 ], [ 629167.175118194543757, 5220819.600048957392573 ], [ 629167.125118194613606, 5220819.949951042421162 ] ] ] } },
{ "type": "Feature", "properties": { "label": "vineyard", "area_m2": 0.24035570635994297 }, "geometry": { "type": "Polygon", "coordinates": [ [ [ 629180.900046898634173, 5220819.527346995659173 ], [ 629180.975362351397052, 5220819.490508857183158 ], [ 629181.130257333628833, 5220819.65652394015342 ], [ 629181.060246509965509, 5220819.727612560614944 ], [ 629180.900159026612528, 5220819.774840973317623 ], [ 629180.999915997730568, 5220819.77483026124537 ], [ 629181.199872097466141, 5220819.649855428375304 ], [ 629181.231330354930833, 5220819.451454654335976 ], [ 629181.39983992849011, 5220819.34985158406198 ], [ 629181.402004441479221, 5220819.223267487250268 ], [ 629181.495286828954704, 5220819.06365105882287 ], [ 629181.599840973620303, 5220819.04984097275883 ], [ 629181.599840973620303, 5220818.850159026682377 ], [ 629181.425159026519395, 5220818.850159026682377 ], [ 629181.408392608631402, 5220818.957069179974496 ], [ 629181.2518041995354, 5220819.047994221560657 ], [ 629181.150159026612528, 5220819.050159026868641 ], [ 629181.141037215245888, 5220819.154021554626524 ], [ 629180.950170681928284, 5220819.30008637253195 ], [ 629180.900046898634173, 5220819.527346995659173 ] ] ] } },
{ "type": "Feature", "properties": { "label": "vineyard", "area_m2": 0.65123651761035262 }, "geometry": { "type": "Polygon", "coordinates": [ [ [ 629169.650117914308794, 5220820.074959902092814 ], [ 629169.69944797991775, 5220820.205487178638577 ], [ 629169.650117914192379, 5220820.37504009809345 ], [ 629169.67510030255653, 5220820.449900931678712 ], [ 629169.775050494936295, 5220820.499882595613599 ], [ 629169.999904670403339, 5220820.524884791113436 ], [ 629170.224882085691206, 5220820.174959901720285 ], [ 629170.153122343705036, 5220819.96744507458061 ], [ 629170.188498117495328, 5220819.765806059353054 ], [ 629170.315806052298285, 5220819.613498121500015 ], [ 629170.474885719129816, 5220819.599885719828308 ], [ 629170.474882929353043, 5220819.475057320669293 ], [ 629170.400000000023283, 5220819.363520000129938 ], [ 629170.402201986056753, 5220819.245110201649368 ], [ 629170.474885719129816, 5220819.025114280171692 ], [ 629170.29994950373657, 5220818.950117403641343 ], [ 629170.225107725826092, 5220818.975065791979432 ], [ 629170.161734513589181, 5220819.264340828172863 ], [ 629169.700107725686394, 5220819.77506579272449 ], [ 629169.650117914308794, 5220819.925040097907186 ], [ 629169.650117914308794, 5220820.074959902092814 ] ] ] } },
{ "type": "Feature", "properties": { "label": "vineyard", "area_m2": 0.78281508363680374 }, "geometry": { "type": "Polygon", "coordinates": [ [ [ 629161.600114952540025, 5220820.174885046668351 ], [ 629161.753434073529206, 5220820.185403374955058 ], [ 629161.821876297006384, 5220820.247147344052792 ], [ 629161.825115925981663, 5220820.349904862232506 ], [ 629162.000048958463594, 5220820.424881804734468 ], [ 629162.074885047622956, 5220820.424885046668351 ], [ 629162.114888184587471, 5220820.332948973402381 ], [ 629162.249882486183196, 5220820.249937187880278 ], [ 629162.249882486183196, 5220820.125062812119722 ], [ 629162.11098457290791, 5220819.979915601201355 ], [ 629162.136095164576545, 5220819.729218669235706 ], [ 629162.249882486183196, 5220819.649937189184129 ], [ 629162.287555905990303, 5220819.5414117872715 ], [ 629162.338169405702502, 5220819.493154181167483 ], [ 629162.405222930712625, 5220819.486549988389015 ], [ 629162.475086297723465, 5220819.549883638508618 ], [ 629162.549885047599673, 5220819.549885046668351 ], [ 629162.557612046715803, 5220819.336731656454504 ], [ 629162.611731656827033, 5220819.282612047158182 ], [ 629162.699885047622956, 5220819.274885047227144 ], [ 629162.699885047622956, 5220819.200114953331649 ], [ 629162.56017995334696, 5220819.178834643214941 ], [ 629162.474928923766129, 5220819.025106371380389 ], [ 629162.349957596510649, 5220818.975118516944349 ], [ 629162.240640491014346, 5220818.983078588731587 ], [ 629162.174895354546607, 5220818.900115460157394 ], [ 629162.025114952586591, 5220818.850114952772856 ], [ 629162.038986618164927, 5220819.055030906572938 ], [ 629161.900116360280663, 5220819.225086298771203 ], [ 629161.864221888012253, 5220819.458682609722018 ], [ 629161.775135501171462, 5220819.543056286871433 ], [ 629161.650114952586591, 5220819.55011495295912 ], [ 629161.650116766919382, 5220819.624921979382634 ], [ 629161.722795277833939, 5220819.720095523633063 ], [ 629161.724548075697385, 5220819.85949635040015 ], [ 629161.69054928526748, 5220819.925520138815045 ], [ 629161.600117514026351, 5220819.975062810815871 ], [ 629161.600114952540025, 5220820.174885046668351 ] ] ] } },
{ "type": "Feature", "properties": { "label": "vineyard", "area_m2": 0.51661589835962174 }, "geometry": { "type": "Polygon", "coordinates": [ [ [ 629191.975116360234097, 5220819.599913700483739 ], [ 629192.04179943993222, 5220819.657043776474893 ], [ 629192.100071076536551, 5220819.899893629364669 ], [ 629192.325042403652333, 5220819.999881482683122 ], [ 629192.424904862651601, 5220819.999884072691202 ], [ 629192.510394235956483, 5220819.724494773894548 ], [ 629192.599904862698168, 5220819.674884072504938 ], [ 629192.67488180543296, 5220819.549951042048633 ], [ 629192.550552707980387, 5220819.344521198421717 ], [ 629192.599881483591162, 5220819.074957595206797 ], [ 629192.599882486159913, 5220818.875062812119722 ], [ 629192.574937188299373, 5220818.850117514841259 ], [ 629192.442844794713892, 5220818.848248736932874 ], [ 629192.374929783400148, 5220818.800117150880396 ], [ 629192.300114952493459, 5220818.80011495295912 ], [ 629192.286485430435278, 5220819.034224153496325 ], [ 629192.191747867851518, 5220819.131991987116635 ], [ 629192.025117514072917, 5220819.225062812678516 ], [ 629192.09090114175342, 5220819.420405933633447 ], [ 629191.975117514026351, 5220819.550062811002135 ], [ 629191.975116360234097, 5220819.599913700483739 ] ] ] } },
{ "type": "Feature", "properties": { "label": "vineyard", "area_m2": 0.11879395148315414 }, "geometry": { "type": "Polygon", "coordinates": [ [ [ 629173.075000000069849, 5220818.822054241783917 ], [ 629173.175103486981243, 5220818.899836016818881 ], [ 629173.274226768407971, 5220818.875592906028032 ], [ 629173.357729108771309, 5220818.57194250728935 ], [ 629173.424840973573737, 5220818.54984097275883 ], [ 629173.434134653187357, 5220818.493544147349894 ], [ 629173.549839622108266, 5220818.399854694493115 ], [ 629173.549840600346215, 5220818.325155238620937 ], [ 629173.374913623905741, 5220818.250170686282218 ], [ 629173.275159026612528, 5220818.250159027054906 ], [ 629173.270656488253735, 5220818.307757536880672 ], [ 629173.200166336027905, 5220818.400104756467044 ], [ 629173.200000000069849, 5220818.472054241225123 ], [ 629173.30024038197007, 5220818.574480815790594 ], [ 629173.285397027619183, 5220818.689988332800567 ], [ 629173.0751593997702, 5220818.750155238434672 ], [ 629173.075000000069849, 5220818.822054241783917 ] ] ] } },
{ "type": "Feature", "properties": { "label": "vineyard", "area_m2": 0.28241543006213399 }, "geometry": { "type": "Polygon", "coordinates": [ [ [ 629167.474999999976717, 5220818.897063058800995 ], [ 629167.575075941858813, 5220818.974826447665691 ], [ 629167.674847978516482, 5220818.924875585362315 ], [ 629167.70195698691532, 5220818.748180288821459 ], [ 629167.77699153823778, 5220818.616800730116665 ], [ 629167.849924585898407, 5220818.599842103198171 ], [ 629168.074848523712717, 5220818.399876721203327 ], [ 629168.14981711783912, 5220818.149949176236987 ], [ 629168.124900395516306, 5220818.075154639780521 ], [ 629167.825147932861, 5220817.950162701308727 ], [ 629167.625158217153512, 5220818.375049569644034 ], [ 629167.690399762708694, 5220818.546221653930843 ], [ 629167.624393272562884, 5220818.688727877102792 ], [ 629167.475157901993953, 5220818.750075418502092 ], [ 629167.474999999976717, 5220818.897063058800995 ] ] ] } },
{ "type": "Feature", "properties": { "label": "vineyard", "area_m2": 0.10199930222777681 }, "geometry": { "type": "Polygon", "coordinates": [ [ [ 629159.375159026589245, 5220818.300159026868641 ], [ 629159.375159026589245, 5220818.449840973131359 ], [ 629159.493263494456187, 5220818.426381852477789 ], [ 629159.818082274054177, 5220818.466949664056301 ], [ 629159.824127717874944, 5220818.611123942770064 ], [ 629159.725170681835152, 5220818.75008637458086 ], [ 629159.700159026542678, 5220818.974840972572565 ], [ 629159.87484425609, 5220818.974840280599892 ], [ 629159.900705831241794, 5220818.627889005467296 ], [ 629159.974833664251491, 5220818.524895243346691 ], [ 629159.974840973620303, 5220818.400159027427435 ], [ 629159.875086376210675, 5220818.400170682929456 ], [ 629159.810569301829673, 5220818.448734642937779 ], [ 629159.507920487551019, 5220818.424934125505388 ], [ 629159.476768527762033, 5220818.397328023798764 ], [ 629159.474840973620303, 5220818.300159026868641 ], [ 629159.375159026589245, 5220818.300159026868641 ] ] ] } },
{ "type": "Feature", "properties": { "label": "vineyard", "area_m2": 0.43971025459313717 }, "geometry": { "type": "Polygon", "coordinates": [ [ [ 629156.80011592595838, 5220818.174904862418771 ], [ 629156.918861479847692, 5220818.238404888659716 ], [ 629156.951585129019804, 5220818.307593232952058 ], [ 629156.932026337133721, 5220818.372069929726422 ], [ 629156.80011592595838, 5220818.500095138326287 ], [ 629156.800117513979785, 5220818.574937188997865 ], [ 629156.925062811700627, 5220818.649882485158741 ], [ 629157.04993718827609, 5220818.649882485158741 ], [ 629157.124881805619225, 5220818.549951042048633 ], [ 629157.124883233336732, 5220818.450078021734953 ], [ 629157.022780247265473, 5220818.357335179112852 ], [ 629157.014398705796339, 5220818.272235922515392 ], [ 629157.138519171741791, 5220818.164864480495453 ], [ 629157.199885047622956, 5220818.149885047227144 ], [ 629157.219263491570018, 5220818.081972918473184 ], [ 629157.299882486113347, 5220817.999937187880278 ], [ 629157.499882849981077, 5220817.599929782561958 ], [ 629157.499884074204601, 5220817.525095137767494 ], [ 629157.19995104172267, 5220817.400118195451796 ], [ 629157.050071076257154, 5220817.425106370821595 ], [ 629156.975118194706738, 5220817.525048958137631 ], [ 629156.972795277833939, 5220817.729904476553202 ], [ 629156.916278327349573, 5220817.874866283498704 ], [ 629156.800117513979785, 5220817.975062810815871 ], [ 629156.80011592595838, 5220818.174904862418771 ] ] ] } },
{ "type": "Feature", "properties": { "label": "vineyard", "area_m2": 0.56709961648076945 }, "geometry": { "type": "Polygon", "coordinates": [ [ [ 629162.025000000139698, 5220818.847054241225123 ], [ 629162.499840973643586, 5220819.04984097275883 ], [ 629162.456941406242549, 5220819.004428985528648 ], [ 629162.499961849302053, 5220818.802450019866228 ], [ 629162.486870600841939, 5220818.638216610997915 ], [ 629162.577058493625373, 5220818.549873237498105 ], [ 629162.791688499739394, 5220818.476969776675105 ], [ 629163.049876373261213, 5220818.474840399809182 ], [ 629163.124840973643586, 5220818.275159027427435 ], [ 629162.887150910450146, 5220818.198863086290658 ], [ 629162.799852469121106, 5220817.950155103579164 ], [ 629162.600086384802125, 5220817.925170697271824 ], [ 629162.543002886115573, 5220818.003950279206038 ], [ 629162.382319909869693, 5220818.091285256668925 ], [ 629162.175123631139286, 5220817.950159606523812 ], [ 629162.150060530635528, 5220818.073777263052762 ], [ 629162.199335038661957, 5220818.250703941099346 ], [ 629162.224326510680839, 5220818.573153123259544 ], [ 629162.139673365745693, 5220818.740406190976501 ], [ 629162.025159026612528, 5220818.750159027054906 ], [ 629162.025000000139698, 5220818.847054241225123 ] ] ] } },
{ "type": "Feature", "properties": { "label": "vineyard", "area_m2": 0.58709596713492551 }, "geometry": { "type": "Polygon", "coordinates": [ [ [ 629189.099999999976717, 5220819.122063060291111 ], [ 629189.299841622821987, 5220819.199841623194516 ], [ 629189.304543815320358, 5220819.108919921331108 ], [ 629189.347589880460873, 5220819.083436166867614 ], [ 629189.490112577099353, 5220819.119410485960543 ], [ 629189.550077848718502, 5220819.199836511164904 ], [ 629189.799924581311643, 5220819.249842097051442 ], [ 629189.925534448353574, 5220819.100632222369313 ], [ 629190.049231873825192, 5220819.02559373434633 ], [ 629190.0, 5220818.707960924133658 ], [ 629190.074841773021035, 5220818.44995042681694 ], [ 629190.074976056814194, 5220818.226958671584725 ], [ 629190.025658555445261, 5220818.125832946971059 ], [ 629189.87515837745741, 5220818.075158376246691 ], [ 629189.897608300787397, 5220818.19056845549494 ], [ 629189.874819134362042, 5220818.471357949078083 ], [ 629189.831873704097234, 5220818.5830710940063 ], [ 629189.701571565587074, 5220818.648580739274621 ], [ 629189.614423860679381, 5220818.649268646724522 ], [ 629189.527567893150263, 5220818.528195796534419 ], [ 629189.501525982399471, 5220818.375833031721413 ], [ 629189.649835901916958, 5220818.099928418174386 ], [ 629189.649841622565873, 5220817.97515837661922 ], [ 629189.500159110873938, 5220818.000151078216732 ], [ 629189.497034151805565, 5220818.196341992355883 ], [ 629189.350154656451195, 5220818.35009961668402 ], [ 629189.275048155803233, 5220818.552345694974065 ], [ 629189.337589165661484, 5220818.49057692848146 ], [ 629189.490693148109131, 5220818.479573348537087 ], [ 629189.53764675243292, 5220818.637386404909194 ], [ 629189.455704443505965, 5220818.784148159436882 ], [ 629189.275020407978445, 5220818.778355083428323 ], [ 629189.10016690264456, 5220819.000134195201099 ], [ 629189.099999999976717, 5220819.122063060291111 ] ] ] } },
{ "type": "Feature", "properties": { "label": "vineyard", "area_m2": 0.64704855776469794 }, "geometry": { "type": "Polygon", "coordinates": [ [ [ 629153.600114952540025, 5220819.000114953145385 ], [ 629153.600117514026351, 5220819.249937187880278 ], [ 629153.650116360280663, 5220819.374913700856268 ], [ 629153.716799439978786, 5220819.432043776847422 ], [ 629153.725114952540025, 5220819.524885047227144 ], [ 629153.949885047622956, 5220819.599885046482086 ], [ 629153.956943713244982, 5220819.524864497594535 ], [ 629154.018008014769293, 5220819.43325212970376 ], [ 629154.124904862721451, 5220819.374884072691202 ], [ 629154.149881805642508, 5220819.324951042421162 ], [ 629154.150552708073519, 5220819.105478801764548 ], [ 629154.208721673348919, 5220818.87513371463865 ], [ 629154.399882486206479, 5220818.674937187694013 ], [ 629154.399884074227884, 5220818.375095137394965 ], [ 629154.074951042188331, 5220818.225118195638061 ], [ 629154.000117514049634, 5220818.250062812119722 ], [ 629153.991799439885654, 5220818.367956222966313 ], [ 629153.900106372311711, 5220818.450071074999869 ], [ 629153.858146961312741, 5220818.580557024106383 ], [ 629153.804028467857279, 5220818.620694033801556 ], [ 629153.725062811863609, 5220818.625117515213788 ], [ 629153.650118194753304, 5220818.750048957765102 ], [ 629153.708794166566804, 5220818.906744393520057 ], [ 629153.673561379429884, 5220818.976384883746505 ], [ 629153.600114952540025, 5220819.000114953145385 ] ] ] } },
{ "type": "Feature", "properties": { "label": "vineyard", "area_m2": 0.4078880969160083 }, "geometry": { "type": "Polygon", "coordinates": [ [ [ 629183.900117405108176, 5220819.049949505366385 ], [ 629183.990559210418724, 5220819.153985084965825 ], [ 629184.000117070740089, 5220819.249942678958178 ], [ 629184.075057321926579, 5220819.324882930144668 ], [ 629184.149904670543037, 5220819.324884790927172 ], [ 629184.249882594915107, 5220819.124949505552649 ], [ 629184.271358448662795, 5220819.013230214826763 ], [ 629184.474884998286143, 5220818.874900436028838 ], [ 629184.474884385825135, 5220818.800087057985365 ], [ 629184.404640057706274, 5220818.733407829888165 ], [ 629184.400519149261527, 5220818.611523539759219 ], [ 629184.574882595101371, 5220818.374949505552649 ], [ 629184.599999999976717, 5220818.272552486509085 ], [ 629184.574934207485057, 5220818.225107724778354 ], [ 629184.350114280707203, 5220818.150114280171692 ], [ 629184.299585063592531, 5220818.265140782110393 ], [ 629184.12505732208956, 5220818.275117069482803 ], [ 629184.075117070577107, 5220818.325057321228087 ], [ 629184.050117404898629, 5220818.549949505366385 ], [ 629184.116289034951478, 5220818.650159514509141 ], [ 629184.122965129092336, 5220818.737200045958161 ], [ 629183.925107725546695, 5220818.90006579272449 ], [ 629183.900117405108176, 5220819.049949505366385 ] ] ] } },
{ "type": "Feature", "properties": { "label": "vineyard", "area_m2": 0.59351950511618912 }, "geometry": { "type": "Polygon", "coordinates": [ [ [ 629189.599999999976717, 5220817.972063059918582 ], [ 629190.02504957455676, 5220818.149841791018844 ], [ 629190.074924586922862, 5220818.149842102080584 ], [ 629190.173879624577239, 5220818.050946085713804 ], [ 629190.349845928023569, 5220817.799935080111027 ], [ 629190.374842095770873, 5220817.575075418688357 ], [ 629190.108259603148326, 5220817.376711064949632 ], [ 629190.085357452859171, 5220817.226530048064888 ], [ 629190.433433005819097, 5220816.988117946311831 ], [ 629190.52507777698338, 5220817.049836507067084 ], [ 629190.649924581171945, 5220817.0498420977965 ], [ 629190.674927972489968, 5220817.024023048579693 ], [ 629190.674839049694128, 5220816.775158154778183 ], [ 629190.400158377364278, 5220816.750158376991749 ], [ 629190.415176746435463, 5220816.931270896457136 ], [ 629190.101071438635699, 5220817.200417505577207 ], [ 629190.060798446531408, 5220817.195864767767489 ], [ 629189.974452592432499, 5220817.100885977037251 ], [ 629189.775163962505758, 5220817.325091120786965 ], [ 629189.650170009233989, 5220817.575064278207719 ], [ 629189.599999999976717, 5220817.972063059918582 ] ] ] } },
{ "type": "Feature", "properties": { "label": "vineyard", "area_m2": 0.44734010789007383 }, "geometry": { "type": "Polygon", "coordinates": [ [ [ 629181.300000000046566, 5220818.397054241970181 ], [ 629181.452945770695806, 5220818.424999999813735 ], [ 629181.57482322177384, 5220818.399890919215977 ], [ 629181.725230609998107, 5220818.148849215358496 ], [ 629181.82648436143063, 5220817.699028400704265 ], [ 629181.948595752473921, 5220817.379020792432129 ], [ 629182.224839385482483, 5220817.199857697822154 ], [ 629182.200181897962466, 5220817.075647633522749 ], [ 629181.999913609703071, 5220816.750170705839992 ], [ 629181.925086375093088, 5220816.750170682556927 ], [ 629181.875153998960741, 5220816.800086528994143 ], [ 629181.70015998382587, 5220817.200126006267965 ], [ 629181.724371556774713, 5220817.407374742440879 ], [ 629181.698273518704809, 5220817.724347072653472 ], [ 629181.300623200600967, 5220818.324220007285476 ], [ 629181.300000000046566, 5220818.397054241970181 ] ] ] } },
{ "type": "Feature", "properties": { "label": "vineyard", "area_m2": 0.16887958101260697 }, "geometry": { "type": "Polygon", "coordinates": [ [ [ 629148.324999999953434, 5220818.547063060104847 ], [ 629148.475655365269631, 5220818.524350873194635 ], [ 629148.799830535543151, 5220818.199902874417603 ], [ 629148.802798553719185, 5220818.0956687387079 ], [ 629148.875, 5220817.997063056565821 ], [ 629148.80522565508727, 5220817.810306287370622 ], [ 629148.878346327808686, 5220817.611075551249087 ], [ 629149.024841622915119, 5220817.599841622635722 ], [ 629149.024842891842127, 5220817.500091656111181 ], [ 629148.974908344214782, 5220817.450157106854022 ], [ 629148.875157903763466, 5220817.475075417198241 ], [ 629148.874025359284133, 5220817.602295903488994 ], [ 629148.797609148663469, 5220817.824998195283115 ], [ 629148.826453077956103, 5220817.888323147781193 ], [ 629148.807267475523986, 5220818.05884415935725 ], [ 629148.767666338128038, 5220818.079185273498297 ], [ 629148.552529434091412, 5220818.029624175280333 ], [ 629148.550141923129559, 5220817.94476483296603 ], [ 629148.627303172252141, 5220817.825046855956316 ], [ 629148.550768104847521, 5220817.874406266957521 ], [ 629148.324999999953434, 5220818.547063060104847 ] ] ] } },
{ "type": "Feature", "properties": { "label": "vineyard", "area_m2": 0.20414634963754255 }, "geometry": { "type": "Polygon", "coordinates": [ [ [ 629151.075117150205187, 5220818.000070217065513 ], [ 629151.075117514003068, 5220818.074937188997865 ], [ 629151.224885047646239, 5220818.149885047227144 ], [ 629151.252575291902758, 5220818.056045945733786 ], [ 629151.399893628084101, 5220817.974928923882544 ], [ 629151.42488180543296, 5220817.924951042048633 ], [ 629151.412813379429281, 5220817.758710450492799 ], [ 629151.454760058317333, 5220817.692640375345945 ], [ 629151.602325847838074, 5220817.676689450629056 ], [ 629151.700062811840326, 5220817.749882484786212 ], [ 629151.824893628014252, 5220817.724928923882544 ], [ 629151.849883233313449, 5220817.600078021176159 ], [ 629151.693596366909333, 5220817.508081396110356 ], [ 629151.652204722282477, 5220817.404904475435615 ], [ 629151.649882486206479, 5220817.275062812492251 ], [ 629151.599937188322656, 5220817.225117514841259 ], [ 629151.425114952493459, 5220817.225114952772856 ], [ 629151.425115458783694, 5220817.299895353615284 ], [ 629151.568056287011132, 5220817.424864497967064 ], [ 629151.558146961266175, 5220817.555557023733854 ], [ 629151.504028467810713, 5220817.595694033429027 ], [ 629151.400114952586591, 5220817.600114952772856 ], [ 629151.398137394571677, 5220817.713500159792602 ], [ 629151.352544544264674, 5220817.774975002743304 ], [ 629151.175104645546526, 5220817.775115460157394 ], [ 629151.075117150205187, 5220818.000070217065513 ] ] ] } },
{ "type": "Feature", "properties": { "label": "vineyard", "area_m2": 0.088890938530439847 }, "geometry": { "type": "Polygon", "coordinates": [ [ [ 629178.800114952493459, 5220817.80011495295912 ], [ 629178.800118194543757, 5220817.924951042048633 ], [ 629178.850062811863609, 5220817.999882484786212 ], [ 629179.099885047646239, 5220817.94988504704088 ], [ 629179.132612046785653, 5220817.73673165589571 ], [ 629179.186731656896882, 5220817.682612046599388 ], [ 629179.274885047692806, 5220817.674885046668351 ], [ 629179.274885047692806, 5220817.55011495295912 ], [ 629179.175114952493459, 5220817.55011495295912 ], [ 629179.167387953377329, 5220817.63826834410429 ], [ 629179.122139673796482, 5220817.688192127272487 ], [ 629179.025070216855966, 5220817.700117151252925 ], [ 629178.875135501148179, 5220817.793056286871433 ], [ 629178.800114952493459, 5220817.80011495295912 ] ] ] } },
{ "type": "Feature", "properties": { "label": "vineyard", "area_m2": 0.12332911217179658 }, "geometry": { "type": "Polygon", "coordinates": [ [ [ 629173.550114952493459, 5220817.850114952772856 ], [ 629173.550114952493459, 5220817.94988504704088 ], [ 629173.774937188369222, 5220817.924882484599948 ], [ 629173.843596366932616, 5220817.66691860370338 ], [ 629174.024882486206479, 5220817.599937187507749 ], [ 629174.024882486206479, 5220817.275062812492251 ], [ 629173.949937188299373, 5220817.175117515027523 ], [ 629173.850114952540025, 5220817.17511495295912 ], [ 629173.845062218839303, 5220817.29005691409111 ], [ 629173.800117513979785, 5220817.350062810815871 ], [ 629173.800114952493459, 5220817.44988504704088 ], [ 629173.902301045367494, 5220817.486560671590269 ], [ 629173.913192126550712, 5220817.597139674238861 ], [ 629173.85402846778743, 5220817.645694034174085 ], [ 629173.750114952563308, 5220817.650114953517914 ], [ 629173.722424708306789, 5220817.743954055011272 ], [ 629173.550114952493459, 5220817.850114952772856 ] ] ] } },
{ "type": "Feature", "properties": { "label": "vineyard", "area_m2": 0.48346182971787677 }, "geometry": { "type": "Polygon", "coordinates": [ [ [ 629175.675807542167604, 5220818.425161009654403 ], [ 629175.737286476418376, 5220818.472906892187893 ], [ 629175.800000000046566, 5220818.659021859057248 ], [ 629175.759155497769825, 5220818.804017147049308 ], [ 629175.675114952493459, 5220818.850114952772856 ], [ 629175.67511592595838, 5220818.924904862418771 ], [ 629175.824913702090271, 5220818.949883638881147 ], [ 629175.88473422836978, 5220818.882084437645972 ], [ 629175.999885047669522, 5220818.874885046854615 ], [ 629176.003925935830921, 5220818.78373290784657 ], [ 629176.090844502323307, 5220818.595982852391899 ], [ 629176.224882486159913, 5220818.499937187880278 ], [ 629176.225519247585908, 5220818.21152569167316 ], [ 629176.299883639905602, 5220818.124913700856268 ], [ 629176.300552707980387, 5220817.805478801950812 ], [ 629176.324881483567879, 5220817.749957595020533 ], [ 629176.324881483567879, 5220817.675042404793203 ], [ 629176.274937188369222, 5220817.575117515400052 ], [ 629176.200114952516742, 5220817.575114953331649 ], [ 629176.137131719617173, 5220817.66785060800612 ], [ 629176.000114952563308, 5220817.67511495295912 ], [ 629175.977301045437343, 5220817.838439328595996 ], [ 629175.850114952540025, 5220817.875114953145385 ], [ 629175.87069403368514, 5220818.279028467833996 ], [ 629175.813268343335949, 5220818.342387952841818 ], [ 629175.675114952493459, 5220818.350114952772856 ], [ 629175.675807542167604, 5220818.425161009654403 ] ] ] } },
{ "type": "Feature", "properties": { "label": "vineyard", "area_m2": 0.60819075955584434 }, "geometry": { "type": "Polygon", "coordinates": [ [ [ 629170.275117514072917, 5220818.92506281286478 ], [ 629170.300071076489985, 5220818.974893628619611 ], [ 629170.400048958021216, 5220819.024881804361939 ], [ 629170.474895354476757, 5220819.024884540587664 ], [ 629170.531573967542499, 5220818.945676888339221 ], [ 629170.67493718827609, 5220818.949882484972477 ], [ 629170.774882486206479, 5220818.874937187880278 ], [ 629170.800000000046566, 5220818.797545137815177 ], [ 629170.78601337724831, 5220818.59496911522001 ], [ 629170.899881483637728, 5220818.399957595393062 ], [ 629170.899881483637728, 5220818.225042404606938 ], [ 629170.843052819604054, 5220818.014337845146656 ], [ 629170.897347230347805, 5220817.957973887212574 ], [ 629171.149893628084101, 5220817.874928924255073 ], [ 629171.199881805572659, 5220817.774951042607427 ], [ 629171.199884074158035, 5220817.600095137022436 ], [ 629171.024951041792519, 5220817.525118195451796 ], [ 629170.925062811817043, 5220817.525117515586317 ], [ 629170.725099302013405, 5220817.650099301710725 ], [ 629170.656122142332606, 5220817.797611883841455 ], [ 629170.550117513979785, 5220817.875062812119722 ], [ 629170.539221888058819, 5220817.958682609722018 ], [ 629170.475117514026351, 5220818.025062812492251 ], [ 629170.475115926004946, 5220818.099904862232506 ], [ 629170.561485429527238, 5220818.165775844827294 ], [ 629170.572795277810656, 5220818.254904475994408 ], [ 629170.350117514026351, 5220818.550062811002135 ], [ 629170.400300012552179, 5220818.799298021011055 ], [ 629170.275117514072917, 5220818.92506281286478 ] ] ] } },
{ "type": "Feature", "properties": { "label": "vineyard", "area_m2": 0.25987729543590032 }, "geometry": { "type": "Polygon", "coordinates": [ [ [ 629184.350115926004946, 5220818.149904862977564 ], [ 629184.599904862698168, 5220818.249884072691202 ], [ 629184.688425749889575, 5220817.960547772236168 ], [ 629184.874882486183196, 5220817.774937189184129 ], [ 629184.899883233360015, 5220817.600078021176159 ], [ 629184.749928923789412, 5220817.450106371194124 ], [ 629184.625062811886892, 5220817.425117515027523 ], [ 629184.550117513979785, 5220817.500062812119722 ], [ 629184.46707016217988, 5220817.724933448247612 ], [ 629184.350117514026351, 5220817.900062812492251 ], [ 629184.371881847037002, 5220818.017406768165529 ], [ 629184.350115926004946, 5220818.149904862977564 ] ] ] } },
{ "type": "Feature", "properties": { "label": "vineyard", "area_m2": 0.27570256037329743 }, "geometry": { "type": "Polygon", "coordinates": [ [ [ 629178.978134641423821, 5220817.275661012157798 ], [ 629179.12254512112122, 5220817.299999999813735 ], [ 629179.225499151390977, 5220817.267649770714343 ], [ 629179.325062811840326, 5220817.374882484786212 ], [ 629179.399929783423431, 5220817.374882848933339 ], [ 629179.499885047669522, 5220817.32488504704088 ], [ 629179.550000000046566, 5220817.047545137815177 ], [ 629179.529305966570973, 5220816.720971532166004 ], [ 629179.577860326389782, 5220816.661807873286307 ], [ 629179.724882486159913, 5220816.624937187880278 ], [ 629179.731943713268265, 5220816.549864497967064 ], [ 629179.77488285000436, 5220816.499929782934487 ], [ 629179.774885047692806, 5220816.375114953145385 ], [ 629179.650048958021216, 5220816.350118195638061 ], [ 629179.550099301966839, 5220816.400099301710725 ], [ 629179.525000000139698, 5220816.452454862184823 ], [ 629179.558968318859115, 5220816.621728092432022 ], [ 629179.543287663022056, 5220816.678844911046326 ], [ 629179.488636948633939, 5220816.720514116808772 ], [ 629179.300062811700627, 5220816.725117514841259 ], [ 629179.275117514072917, 5220816.750062812119722 ], [ 629179.285927307442762, 5220816.899968543089926 ], [ 629179.175117513979785, 5220817.000062812119722 ], [ 629179.16411082551349, 5220817.151574256829917 ], [ 629179.102635983843356, 5220817.197167108766735 ], [ 629178.975114952540025, 5220817.200114953331649 ], [ 629178.978134641423821, 5220817.275661012157798 ] ] ] } },
{ "type": "Feature", "properties": { "label": "vineyard", "area_m2": 0.049394158511741525 }, "geometry": { "type": "Polygon", "coordinates": [ [ [ 629193.000114952563308, 5220817.249885046854615 ], [ 629193.24578133050818, 5220817.286095164716244 ], [ 629193.325062811840326, 5220817.399882485158741 ], [ 629193.399885047692806, 5220817.399885047227144 ], [ 629193.418132952880114, 5220817.339276754297316 ], [ 629193.474883639952168, 5220817.299913700670004 ], [ 629193.424951042165048, 5220817.25011819601059 ], [ 629193.174957596464083, 5220817.175118517130613 ], [ 629193.025062811910175, 5220817.175117515027523 ], [ 629193.000114952563308, 5220817.249885046854615 ] ] ] } },
{ "type": "Feature", "properties": { "label": "vineyard", "area_m2": 0.44576220006658207 }, "geometry": { "type": "Polygon", "coordinates": [ [ [ 629167.824999999953434, 5220817.947063060477376 ], [ 629168.126086116419174, 5220818.099933320656419 ], [ 629168.349842030904256, 5220817.999857226386666 ], [ 629168.350053392117843, 5220817.80570699647069 ], [ 629168.399830341455527, 5220817.699928901158273 ], [ 629168.401953617343679, 5220817.609838062897325 ], [ 629168.499976056511514, 5220817.473041333258152 ], [ 629168.499829988344572, 5220817.350064280442894 ], [ 629168.381955436314456, 5220817.08038776833564 ], [ 629168.453540764865465, 5220816.886860616505146 ], [ 629168.623904752428643, 5220816.899933766573668 ], [ 629168.624841101467609, 5220816.875123824924231 ], [ 629168.400158377364278, 5220816.800158376805484 ], [ 629168.444026626297273, 5220816.886606774292886 ], [ 629168.381419716984965, 5220817.066441803239286 ], [ 629168.22507541347295, 5220817.050157897174358 ], [ 629168.175154639990069, 5220817.100099602714181 ], [ 629168.097499772324227, 5220817.378200313076377 ], [ 629168.025760938879102, 5220817.473038862459362 ], [ 629167.850165374577045, 5220817.600098820403218 ], [ 629167.824999999953434, 5220817.947063060477376 ] ] ] } },
{ "type": "Feature", "properties": { "label": "vineyard", "area_m2": 0.082604376834656379 }, "geometry": { "type": "Polygon", "coordinates": [ [ [ 629160.125114952563308, 5220817.025114953517914 ], [ 629160.125117514049634, 5220817.099937187507749 ], [ 629160.171881847199984, 5220817.182593234814703 ], [ 629160.150114952586591, 5220817.474885046482086 ], [ 629160.224885047646239, 5220817.474885046482086 ], [ 629160.233721673372202, 5220817.275133715011179 ], [ 629160.399883233360015, 5220817.149921978823841 ], [ 629160.44988248613663, 5220817.049937187694013 ], [ 629160.449885047622956, 5220816.950114953331649 ], [ 629160.125114952563308, 5220817.025114953517914 ] ] ] } },
{ "type": "Feature", "properties": { "label": "vineyard", "area_m2": 0.55977842058598526 }, "geometry": { "type": "Polygon", "coordinates": [ [ [ 629154.050117070437409, 5220818.224942677654326 ], [ 629154.225050495006144, 5220818.324882595799863 ], [ 629154.399896917981096, 5220818.374885170720518 ], [ 629154.574892273754813, 5220818.174934207461774 ], [ 629154.608710965025239, 5220818.025159514509141 ], [ 629154.699882929446176, 5220817.899942679330707 ], [ 629154.724882085691206, 5220817.700040098279715 ], [ 629154.588129364186898, 5220817.348143209703267 ], [ 629154.667037532199174, 5220817.212792381644249 ], [ 629154.724884998286143, 5220817.174900435842574 ], [ 629154.724882595008239, 5220817.100050495006144 ], [ 629154.624942678026855, 5220816.925117069855332 ], [ 629154.500057321973145, 5220816.925117069855332 ], [ 629154.400117070763372, 5220817.050057320855558 ], [ 629154.373681082623079, 5220817.406446228735149 ], [ 629154.200117404921912, 5220817.650050493888557 ], [ 629154.170068318839185, 5220817.865036362782121 ], [ 629154.050117914099246, 5220818.100040098652244 ], [ 629154.050117070437409, 5220818.224942677654326 ] ] ] } },
{ "type": "Feature", "properties": { "label": "vineyard", "area_m2": 0.46143242139283575 }, "geometry": { "type": "Polygon", "coordinates": [ [ [ 629151.500000000116415, 5220817.022054241970181 ], [ 629151.656887209857814, 5220817.036154726520181 ], [ 629151.794968697358854, 5220817.19785632379353 ], [ 629151.825123631162569, 5220817.349840393289924 ], [ 629151.899872440146282, 5220817.349841874092817 ], [ 629152.074841953348368, 5220817.249855027534068 ], [ 629152.099949999363162, 5220817.097566340118647 ], [ 629151.910059196176007, 5220816.930834408849478 ], [ 629151.901220891159028, 5220816.890973312780261 ], [ 629152.099961739848368, 5220816.752407724037766 ], [ 629152.399839794496074, 5220816.449911694042385 ], [ 629152.474811175372452, 5220816.199901240877807 ], [ 629152.474840973620303, 5220816.000159027054906 ], [ 629152.39301462075673, 5220815.994395942427218 ], [ 629152.099913625395857, 5220815.800170682370663 ], [ 629152.025123631232418, 5220815.800159606151283 ], [ 629152.000159026589245, 5220816.024840973317623 ], [ 629152.17682322463952, 5220816.018345720134676 ], [ 629152.294218269875273, 5220816.286684788763523 ], [ 629152.221898602554575, 5220816.526228598318994 ], [ 629151.927433018223383, 5220816.57253033015877 ], [ 629151.874849630985409, 5220816.500161645002663 ], [ 629151.775159026612528, 5220816.500159027054906 ], [ 629151.771887000300921, 5220816.628277122043073 ], [ 629151.634445626172237, 5220816.832443344406784 ], [ 629151.525150369270705, 5220816.850161644630134 ], [ 629151.500000000116415, 5220817.022054241970181 ] ] ] } },
{ "type": "Feature", "properties": { "label": "vineyard", "area_m2": 0.60254539494623649 }, "geometry": { "type": "Polygon", "coordinates": [ [ [ 629187.000117070740089, 5220818.125057321041822 ], [ 629187.05005732155405, 5220818.249882929958403 ], [ 629187.199949504807591, 5220818.274882595986128 ], [ 629187.424935299204662, 5220818.149891070090234 ], [ 629187.524895640439354, 5220818.049920787103474 ], [ 629187.558710968820378, 5220817.925159505568445 ], [ 629187.64988259493839, 5220817.774949505925179 ], [ 629187.649882595054805, 5220817.700050493702292 ], [ 629187.586599970236421, 5220817.554896901361644 ], [ 629187.630429581855424, 5220817.332739870063961 ], [ 629187.682057825964876, 5220817.237852453254163 ], [ 629187.79989227373153, 5220817.174934208393097 ], [ 629187.874882085714489, 5220816.974959902465343 ], [ 629187.874882929376327, 5220816.900057322345674 ], [ 629187.749899697373621, 5220816.775099067948759 ], [ 629187.577447513001971, 5220816.75 ], [ 629187.525057983119041, 5220816.775110618211329 ], [ 629187.4750990687171, 5220816.800100302323699 ], [ 629187.35011707060039, 5220816.975057321600616 ], [ 629187.347798013943247, 5220817.229889797978103 ], [ 629187.225117914145812, 5220817.525040097534657 ], [ 629187.245068318559788, 5220817.740036363713443 ], [ 629187.000117070740089, 5220818.125057321041822 ] ] ] } },
{ "type": "Feature", "properties": { "label": "vineyard", "area_m2": 0.39797444925640307 }, "geometry": { "type": "Polygon", "coordinates": [ [ [ 629157.075114952516742, 5220817.19988504704088 ], [ 629157.188192126573995, 5220817.252860326319933 ], [ 629157.175117513979785, 5220817.399937189184129 ], [ 629157.200071076396853, 5220817.424893628805876 ], [ 629157.499885047669522, 5220817.524885047227144 ], [ 629157.513514570659027, 5220817.440775844268501 ], [ 629157.59990069817286, 5220817.374900698661804 ], [ 629157.65792983758729, 5220817.200066552497447 ], [ 629157.749882849981077, 5220817.074929783120751 ], [ 629157.725552708026953, 5220816.830478802323341 ], [ 629157.774882486206479, 5220816.675062811002135 ], [ 629157.475062811863609, 5220816.550117515027523 ], [ 629157.400117514072917, 5220816.650062812492251 ], [ 629157.384604516322725, 5220816.766833410598338 ], [ 629157.251731598633341, 5220816.944792374968529 ], [ 629157.125099301803857, 5220817.050099302083254 ], [ 629157.075114952516742, 5220817.19988504704088 ] ] ] } },
{ "type": "Feature", "properties": { "label": "vineyard", "area_m2": 0.4806023182041313 }, "geometry": { "type": "Polygon", "coordinates": [ [ [ 629162.650114280870184, 5220817.700114279985428 ], [ 629162.650114280870184, 5220817.799885720014572 ], [ 629162.78674584813416, 5220817.78906436637044 ], [ 629162.87505732208956, 5220817.849882930517197 ], [ 629162.947552486904897, 5220817.850000000558794 ], [ 629162.995978216873482, 5220817.765847478061914 ], [ 629163.124942678026855, 5220817.749882929958403 ], [ 629163.199884836794809, 5220817.699903738684952 ], [ 629163.202201985986903, 5220817.570110202766955 ], [ 629163.249882929259911, 5220817.499942678958178 ], [ 629163.2309994334355, 5220817.338191769085824 ], [ 629163.424882085877471, 5220816.899959902279079 ], [ 629163.424882929422893, 5220816.725057321600616 ], [ 629163.399942677933723, 5220816.700117069296539 ], [ 629163.000114280846901, 5220816.550114280544221 ], [ 629162.849999999976717, 5220816.977447513490915 ], [ 629162.85011707060039, 5220817.099942678585649 ], [ 629162.916289031156339, 5220817.175159505568445 ], [ 629162.925117070553824, 5220817.274942679330707 ], [ 629162.972798013943247, 5220817.345110202208161 ], [ 629162.970694033545442, 5220817.579028467647731 ], [ 629162.91326834319625, 5220817.642387952655554 ], [ 629162.825067698955536, 5220817.650116561912 ], [ 629162.757158912252635, 5220817.698247599415481 ], [ 629162.650114280870184, 5220817.700114279985428 ] ] ] } },
{ "type": "Feature", "properties": { "label": "vineyard", "area_m2": 0.43772597207647268 }, "geometry": { "type": "Polygon", "coordinates": [ [ [ 629170.951114677707665, 5220817.201300762593746 ], [ 629171.03135691746138, 5220817.405190377496183 ], [ 629170.975115926004946, 5220817.524904862977564 ], [ 629171.150042403722182, 5220817.599881482310593 ], [ 629171.249885047669522, 5220817.599885046482086 ], [ 629171.283721672836691, 5220817.150133716873825 ], [ 629171.346565925516188, 5220817.085403375327587 ], [ 629171.474884074181318, 5220817.049904862418771 ], [ 629171.483200560207479, 5220816.857043776661158 ], [ 629171.649882486206479, 5220816.674937187694013 ], [ 629171.599893628037535, 5220816.575071075931191 ], [ 629171.474937188322656, 5220816.450117515400052 ], [ 629171.374937188345939, 5220816.400117515586317 ], [ 629171.225062811863609, 5220816.400117515586317 ], [ 629171.200111829792149, 5220816.425067027099431 ], [ 629171.150117150275037, 5220816.500070217065513 ], [ 629171.147795277880505, 5220816.629904475994408 ], [ 629171.07511851657182, 5220816.800042404793203 ], [ 629171.066799439955503, 5220816.942956223152578 ], [ 629170.950117514003068, 5220817.050062811002135 ], [ 629170.951114677707665, 5220817.201300762593746 ] ] ] } },
{ "type": "Feature", "properties": { "label": "vineyard", "area_m2": 0.25925887354889704 }, "geometry": { "type": "Polygon", "coordinates": [ [ [ 629179.62517068546731, 5220815.925086375325918 ], [ 629179.650158107397147, 5220816.224924012087286 ], [ 629179.700150385499001, 5220816.374838342890143 ], [ 629179.774899913347326, 5220816.374831048771739 ], [ 629179.924845910863951, 5220816.299856142140925 ], [ 629179.951956889708526, 5220816.023180888965726 ], [ 629180.029342340654694, 5220815.888808405026793 ], [ 629180.07484097359702, 5220815.874840972945094 ], [ 629180.07482931483537, 5220815.725086376070976 ], [ 629180.004464812926017, 5220815.607717676088214 ], [ 629180.051733922795393, 5220815.440439391881227 ], [ 629180.149846435058862, 5220815.424841668456793 ], [ 629180.174840973573737, 5220815.20015902724117 ], [ 629180.100096112117171, 5220815.200157581828535 ], [ 629180.050169957219623, 5220815.250101598910987 ], [ 629180.049414815730415, 5220815.426973371766508 ], [ 629179.998266803799197, 5220815.609561674296856 ], [ 629179.875062738894485, 5220815.625170765444636 ], [ 629179.725096617476083, 5220815.700164412148297 ], [ 629179.62517068546731, 5220815.925086375325918 ] ] ] } },
{ "type": "Feature", "properties": { "label": "vineyard", "area_m2": 0.20616271105271916 }, "geometry": { "type": "Polygon", "coordinates": [ [ [ 629173.97516137198545, 5220816.70011926908046 ], [ 629174.025168649270199, 5220817.024871775880456 ], [ 629174.150128222769126, 5220817.14983134996146 ], [ 629174.224840973620303, 5220817.149840973317623 ], [ 629174.076055446406826, 5220817.045411225408316 ], [ 629174.033675351878628, 5220816.881997645832598 ], [ 629174.224970418494195, 5220816.796661036089063 ], [ 629174.300234487745911, 5220816.698978258296847 ], [ 629174.374829344451427, 5220816.499940190464258 ], [ 629174.351694090408273, 5220816.302601438947022 ], [ 629174.399825582513586, 5220816.17491751909256 ], [ 629174.434414861956611, 5220815.881951497867703 ], [ 629174.499840973643586, 5220815.849840972572565 ], [ 629174.499840973643586, 5220815.775159027427435 ], [ 629174.400159026612528, 5220815.775159027427435 ], [ 629174.391269876272418, 5220815.854005602188408 ], [ 629174.250135313952342, 5220815.975147413089871 ], [ 629174.225067308987491, 5220816.026084758341312 ], [ 629174.200912430416793, 5220816.538892755284905 ], [ 629173.97516137198545, 5220816.70011926908046 ] ] ] } },
{ "type": "Feature", "properties": { "label": "vineyard", "area_m2": 0.062351112712041759 }, "geometry": { "type": "Polygon", "coordinates": [ [ [ 629176.750000000116415, 5220816.247054241597652 ], [ 629176.82484097359702, 5220816.249840972945094 ], [ 629176.82483713387046, 5220816.175097618252039 ], [ 629176.787692477344535, 5220816.126227123662829 ], [ 629176.796573522617109, 5220816.027323856949806 ], [ 629176.94991362397559, 5220815.974829317070544 ], [ 629177.024829318281263, 5220815.899913627654314 ], [ 629177.024840973666869, 5220815.82515902724117 ], [ 629176.924891822505742, 5220815.750162621028721 ], [ 629176.850159026565962, 5220815.750159027054906 ], [ 629176.845017190906219, 5220815.817456220276654 ], [ 629176.750170692801476, 5220815.925086379982531 ], [ 629176.750000000116415, 5220816.247054241597652 ] ] ] } },
{ "type": "Feature", "properties": { "label": "vineyard", "area_m2": 0.25540067800361749 }, "geometry": { "type": "Polygon", "coordinates": [ [ [ 629149.025117914308794, 5220816.799959901720285 ], [ 629149.075057321926579, 5220816.949882930144668 ], [ 629149.177447513095103, 5220816.975000000558794 ], [ 629149.249935299856588, 5220816.949891068972647 ], [ 629149.324882929446176, 5220816.874942678958178 ], [ 629149.335784999537282, 5220816.61630607303232 ], [ 629149.474882929353043, 5220816.499942678958178 ], [ 629149.495768331340514, 5220816.425468996167183 ], [ 629149.599883724586107, 5220816.324926442466676 ], [ 629149.599884790950455, 5220816.250095329247415 ], [ 629149.250095329596661, 5220816.100115208886564 ], [ 629149.200117404921912, 5220816.200050493702292 ], [ 629149.191289031179622, 5220816.39984049461782 ], [ 629149.050117404898629, 5220816.600050495006144 ], [ 629149.025117914308794, 5220816.799959901720285 ] ] ] } },
{ "type": "Feature", "properties": { "label": "vineyard", "area_m2": 0.44816549914329223 }, "geometry": { "type": "Polygon", "coordinates": [ [ [ 629163.025000000023283, 5220816.572063056752086 ], [ 629163.424858369166031, 5220816.724840046837926 ], [ 629163.547077638562769, 5220816.530433890409768 ], [ 629163.699923673877493, 5220816.474843416363001 ], [ 629163.774830535287037, 5220816.399902874603868 ], [ 629163.774829995003529, 5220816.325064277276397 ], [ 629163.675591158913448, 5220816.149752701632679 ], [ 629163.599853446357884, 5220815.925125752575696 ], [ 629163.350118873640895, 5220815.825156733393669 ], [ 629163.215946244075894, 5220815.963559566065669 ], [ 629163.05015837715473, 5220815.850158377550542 ], [ 629163.145100739784539, 5220816.011289232410491 ], [ 629163.074943357612938, 5220816.175920675508678 ], [ 629163.025000000023283, 5220816.572063056752086 ] ] ] } },
{ "type": "Feature", "properties": { "label": "vineyard", "area_m2": 0.456016693448277 }, "geometry": { "type": "Polygon", "coordinates": [ [ [ 629157.474999999976717, 5220816.547063057310879 ], [ 629157.774879187112674, 5220816.674833672121167 ], [ 629157.924248089664616, 5220816.476218620315194 ], [ 629158.072864428744651, 5220816.00560231693089 ], [ 629158.179644367191941, 5220815.808896350674331 ], [ 629158.637238927534781, 5220815.779351292178035 ], [ 629158.699850296019576, 5220815.849839014001191 ], [ 629158.724841622635722, 5220815.750158376991749 ], [ 629158.65960992325563, 5220815.775753138586879 ], [ 629158.197243198635988, 5220815.79155536275357 ], [ 629158.174830007134005, 5220815.525064271874726 ], [ 629158.124848319101147, 5220815.40013123024255 ], [ 629158.049914257600904, 5220815.350173115730286 ], [ 629157.900158856180497, 5220815.375124760903418 ], [ 629157.920426666387357, 5220815.606380552984774 ], [ 629157.600159031106159, 5220816.175120388157666 ], [ 629157.474999999976717, 5220816.547063057310879 ] ] ] } },
{ "type": "Feature", "properties": { "label": "vineyard", "area_m2": 0.43698678606576424 }, "geometry": { "type": "Polygon", "coordinates": [ [ [ 629168.425118194543757, 5220816.600048957392573 ], [ 629168.450114952516742, 5220816.82488504704088 ], [ 629168.575048957951367, 5220816.87488180398941 ], [ 629168.674885047599673, 5220816.874885046854615 ], [ 629168.704289321904071, 5220816.754289321601391 ], [ 629168.874893628060818, 5220816.674928924068809 ], [ 629168.899881483637728, 5220816.600042404606938 ], [ 629168.85175126302056, 5220816.417844793759286 ], [ 629168.950000000069849, 5220816.272545138373971 ], [ 629168.87707159772981, 5220816.076453964225948 ], [ 629168.949883639928885, 5220815.999913700856268 ], [ 629168.937555906595662, 5220815.816411785781384 ], [ 629169.124882486183196, 5220815.674937187694013 ], [ 629169.150000000139698, 5220815.597545137628913 ], [ 629169.124900698196143, 5220815.45009930152446 ], [ 629169.072545121074654, 5220815.424999999813735 ], [ 629168.875115926028229, 5220815.450095137581229 ], [ 629168.82511851657182, 5220815.600042404606938 ], [ 629168.845062218839303, 5220815.79005691409111 ], [ 629168.575116766849533, 5220816.100078021176159 ], [ 629168.588986618095078, 5220816.255030906759202 ], [ 629168.500118194613606, 5220816.375048957765102 ], [ 629168.495062218862586, 5220816.465056913904846 ], [ 629168.425118194543757, 5220816.600048957392573 ] ] ] } },
{ "type": "Feature", "properties": { "label": "vineyard", "area_m2": 0.36170576708968594 }, "geometry": { "type": "Polygon", "coordinates": [ [ [ 629149.275117514072917, 5220816.099937187507749 ], [ 629149.550048957928084, 5220816.24988180398941 ], [ 629149.599885047646239, 5220816.249885046854615 ], [ 629149.613514570635743, 5220816.165775844827294 ], [ 629149.69988248613663, 5220816.074937188997865 ], [ 629149.675552707980387, 5220815.780478801578283 ], [ 629149.733721673372202, 5220815.62513371463865 ], [ 629149.813519171671942, 5220815.539864480495453 ], [ 629149.92493718827609, 5220815.524882485158741 ], [ 629149.999884074204601, 5220815.474904862232506 ], [ 629149.999882486183196, 5220815.350062810815871 ], [ 629149.974937188322656, 5220815.325117515400052 ], [ 629149.847621421329677, 5220815.313481889665127 ], [ 629149.774937188369222, 5220815.200117515400052 ], [ 629149.62509513751138, 5220815.200115927495062 ], [ 629149.58922188798897, 5220815.358682610094547 ], [ 629149.450104721239768, 5220815.500077666714787 ], [ 629149.414221888058819, 5220815.658682609908283 ], [ 629149.300118194543757, 5220815.800048957578838 ], [ 629149.307216674555093, 5220815.967406769283116 ], [ 629149.275117514072917, 5220816.099937187507749 ] ] ] } },
{ "type": "Feature", "properties": { "label": "vineyard", "area_m2": 0.21549538064672791 }, "geometry": { "type": "Polygon", "coordinates": [ [ [ 629152.225000000093132, 5220815.422054241411388 ], [ 629152.400139073375612, 5220815.599839611910284 ], [ 629152.474840973620303, 5220815.599840972572565 ], [ 629152.474845717893913, 5220815.475113607011735 ], [ 629152.401827572262846, 5220815.303982719779015 ], [ 629152.400801782729104, 5220815.193252904340625 ], [ 629152.451409381697886, 5220815.098670962266624 ], [ 629152.583351204055361, 5220814.970739490352571 ], [ 629152.717928277561441, 5220815.091970660723746 ], [ 629152.725159026565962, 5220815.199840973131359 ], [ 629152.849840973620303, 5220815.199840973131359 ], [ 629152.849840973620303, 5220815.100159026682377 ], [ 629152.724130610004067, 5220815.093392941169441 ], [ 629152.604846411966719, 5220814.952112033963203 ], [ 629152.601615199702792, 5220814.736797926947474 ], [ 629152.775527430698276, 5220814.624948490411043 ], [ 629153.049840973573737, 5220814.599840972572565 ], [ 629153.049837459926493, 5220814.500144152902067 ], [ 629152.873949785134755, 5220814.399802941828966 ], [ 629152.700159026542678, 5220814.375159027054906 ], [ 629152.67368430714123, 5220814.549403843469918 ], [ 629152.549578871228732, 5220814.701147868297994 ], [ 629152.225000000093132, 5220815.422054241411388 ] ] ] } },
{ "type": "Feature", "properties": { "label": "vineyard", "area_m2": 0.18153504198206816 }, "geometry": { "type": "Polygon", "coordinates": [ [ [ 629171.675118516548537, 5220815.575042405165732 ], [ 629171.700117514003068, 5220815.699937188997865 ], [ 629171.750062811886892, 5220815.749882484786212 ], [ 629171.874882486183196, 5220815.699937188997865 ], [ 629171.913514569750987, 5220815.440775846131146 ], [ 629171.966411791741848, 5220815.387555902823806 ], [ 629172.124900698196143, 5220815.324900698848069 ], [ 629172.149881805642508, 5220815.274951042607427 ], [ 629172.149882486206479, 5220815.050062811002135 ], [ 629172.124928923789412, 5220815.025106371380389 ], [ 629171.950062811840326, 5220815.000117515213788 ], [ 629171.875106372172013, 5220815.075071075931191 ], [ 629171.81627832679078, 5220815.24986628536135 ], [ 629171.70011819456704, 5220815.450048957951367 ], [ 629171.675118516548537, 5220815.575042405165732 ] ] ] } },
{ "type": "Feature", "properties": { "label": "vineyard", "area_m2": 0.49147631696347693 }, "geometry": { "type": "Polygon", "coordinates": [ [ [ 629163.375115209026262, 5220815.849904671311378 ], [ 629163.599885719129816, 5220815.924885720014572 ], [ 629163.621358448639512, 5220815.838230215013027 ], [ 629163.749882929259911, 5220815.749942678958178 ], [ 629163.753928474732675, 5220815.633726404979825 ], [ 629163.799883437692188, 5220815.574932301416993 ], [ 629163.763149958918802, 5220815.42729667108506 ], [ 629163.777071206830442, 5220815.276452741585672 ], [ 629163.849884385825135, 5220815.199912942014635 ], [ 629163.906244981102645, 5220815.049398144707084 ], [ 629164.072703302605078, 5220814.988149960525334 ], [ 629164.324932301184162, 5220815.024883437901735 ], [ 629164.449882929446176, 5220814.949942679144442 ], [ 629164.449882929446176, 5220814.875057321041822 ], [ 629164.319240285665728, 5220814.742993455380201 ], [ 629164.274942678050138, 5220814.625117070041597 ], [ 629164.100057322066277, 5220814.575117069296539 ], [ 629164.053273343946785, 5220814.700755709782243 ], [ 629163.978535927715711, 5220814.738457466475666 ], [ 629163.907017835881561, 5220814.712111295200884 ], [ 629163.874896917957813, 5220814.650114828720689 ], [ 629163.800114280660637, 5220814.650114280171692 ], [ 629163.788902733591385, 5220814.770785411819816 ], [ 629163.70011428068392, 5220814.825114279985428 ], [ 629163.723243134445511, 5220815.045157859101892 ], [ 629163.663630964001641, 5220815.095515395514667 ], [ 629163.550114280660637, 5220815.100114280357957 ], [ 629163.541289031156339, 5220815.199840494431555 ], [ 629163.450117070577107, 5220815.325057321228087 ], [ 629163.450115730869584, 5220815.399915327318013 ], [ 629163.502154844230972, 5220815.442563054151833 ], [ 629163.515376111958176, 5220815.508618049323559 ], [ 629163.400115163414739, 5220815.625096262432635 ], [ 629163.375115209026262, 5220815.849904671311378 ] ] ] } },
{ "type": "Feature", "properties": { "label": "vineyard", "area_m2": 0.37481687418376525 }, "geometry": { "type": "Polygon", "coordinates": [ [ [ 629174.400115001597442, 5220815.524900436401367 ], [ 629174.475099563365802, 5220815.599884998984635 ], [ 629174.629889795323834, 5220815.602201986126602 ], [ 629174.750040099257603, 5220815.64988208655268 ], [ 629174.849884836701676, 5220815.599903737194836 ], [ 629174.850552020128816, 5220815.330487178638577 ], [ 629174.899882085854188, 5220815.199959902092814 ], [ 629174.877016482991166, 5220815.067828092724085 ], [ 629174.943401561235078, 5220815.004087547771633 ], [ 629175.07494267844595, 5220814.999882929958403 ], [ 629175.14988259493839, 5220814.899949505925179 ], [ 629175.149884791113436, 5220814.82509532943368 ], [ 629174.899959901114926, 5220814.72511791344732 ], [ 629174.800103081972338, 5220814.725114828906953 ], [ 629174.692993464064784, 5220814.880759708583355 ], [ 629174.525057321996428, 5220814.925117069855332 ], [ 629174.5, 5220814.952447513118386 ], [ 629174.522420595516451, 5220815.157868115231395 ], [ 629174.400117070646957, 5220815.350057320669293 ], [ 629174.400115001597442, 5220815.524900436401367 ] ] ] } },
{ "type": "Feature", "properties": { "label": "vineyard", "area_m2": 0.49664222593904372 }, "geometry": { "type": "Polygon", "coordinates": [ [ [ 629155.075114952516742, 5220815.874885046854615 ], [ 629155.18648082728032, 5220815.889864480122924 ], [ 629155.275062811910175, 5220815.999882484786212 ], [ 629155.374937188345939, 5220815.999882484786212 ], [ 629155.44988248613663, 5220815.899937189184129 ], [ 629155.443052819580771, 5220815.639337845146656 ], [ 629155.600000000093132, 5220815.522545138373971 ], [ 629155.599885047646239, 5220815.42511495295912 ], [ 629155.504042848828249, 5220815.353146494366229 ], [ 629155.479305966524407, 5220815.170971531420946 ], [ 629155.519442976801656, 5220815.116853037849069 ], [ 629155.649864498991519, 5220815.056943712756038 ], [ 629155.749937188345939, 5220815.049882484599948 ], [ 629155.810778112150729, 5220814.891317389905453 ], [ 629155.863519171718508, 5220814.839864480309188 ], [ 629155.999885047669522, 5220814.82488504704088 ], [ 629155.999882486183196, 5220814.700062812305987 ], [ 629155.915395483840257, 5220814.616833410225809 ], [ 629155.899885047692806, 5220814.55011495295912 ], [ 629155.774951042258181, 5220814.50011819601059 ], [ 629155.634480006527156, 5220814.548437222838402 ], [ 629155.50009513751138, 5220814.500115927308798 ], [ 629155.400118194753304, 5220814.725048957392573 ], [ 629155.373033720301464, 5220815.23601415194571 ], [ 629155.275118194753304, 5220815.350048957392573 ], [ 629155.263904835563153, 5220815.520781330764294 ], [ 629155.175114952493459, 5220815.575114953331649 ], [ 629155.162286476464942, 5220815.677093107253313 ], [ 629155.100116360234097, 5220815.725086298771203 ], [ 629155.075114952516742, 5220815.874885046854615 ] ] ] } },
{ "type": "Feature", "properties": { "label": "vineyard", "area_m2": 0.13738985660212713 }, "geometry": { "type": "Polygon", "coordinates": [ [ [ 629185.800114280660637, 5220814.400114280171692 ], [ 629185.800117070437409, 5220814.474942677654326 ], [ 629185.850057321949862, 5220814.524882930330932 ], [ 629185.999942678026855, 5220814.524882930330932 ], [ 629186.025000000023283, 5220814.427447511814535 ], [ 629185.992386493599042, 5220814.333287116140127 ], [ 629186.034413943300024, 5220814.26753618195653 ], [ 629186.122880555689335, 5220814.250439063645899 ], [ 629186.200067699071951, 5220814.299883438274264 ], [ 629186.324885719339363, 5220814.299885720014572 ], [ 629186.324882929446176, 5220814.225057320669293 ], [ 629186.215405243914574, 5220814.09184660948813 ], [ 629186.199882595101371, 5220814.000050494447351 ], [ 629186.124934207415208, 5220813.875107726082206 ], [ 629186.000114280730486, 5220813.850114280357957 ], [ 629186.010935627389699, 5220813.986745891161263 ], [ 629185.950117914122529, 5220814.150040097534657 ], [ 629185.956922752200626, 5220814.335720104165375 ], [ 629185.902631452307105, 5220814.39203420188278 ], [ 629185.800114280660637, 5220814.400114280171692 ] ] ] } },
{ "type": "Feature", "properties": { "label": "vineyard", "area_m2": 0.18233960749002809 }, "geometry": { "type": "Polygon", "coordinates": [ [ [ 629174.925117513979785, 5220814.724937187507749 ], [ 629175.102454879088327, 5220814.825000000186265 ], [ 629175.149885047692806, 5220814.82488504704088 ], [ 629175.19988248613663, 5220814.724937187507749 ], [ 629175.199882138869725, 5220814.350055743008852 ], [ 629175.167381266714074, 5220814.258306991308928 ], [ 629175.217939047259279, 5220814.187294552102685 ], [ 629175.349884074181318, 5220814.149904862977564 ], [ 629175.375000000116415, 5220814.047545137815177 ], [ 629175.349904862698168, 5220813.875115927308798 ], [ 629175.275114952586591, 5220813.875114953145385 ], [ 629175.250597432837822, 5220813.943757014349103 ], [ 629175.150116766919382, 5220814.025078020989895 ], [ 629175.183968319790438, 5220814.17172809317708 ], [ 629175.162477520643733, 5220814.237005721777678 ], [ 629174.975071076536551, 5220814.300106370821595 ], [ 629174.925118194543757, 5220814.375048957765102 ], [ 629174.953176433569752, 5220814.629906767979264 ], [ 629174.925117513979785, 5220814.724937187507749 ] ] ] } },
{ "type": "Feature", "properties": { "label": "vineyard", "area_m2": 0.42108669073237431 }, "geometry": { "type": "Polygon", "coordinates": [ [ [ 629166.300117070437409, 5220815.025057322345674 ], [ 629166.325117404921912, 5220815.274949505925179 ], [ 629166.35009626194369, 5220815.324884836561978 ], [ 629166.397552486974746, 5220815.325000000186265 ], [ 629166.574935299577191, 5220815.274891070090234 ], [ 629166.679610560182482, 5220815.131958200596273 ], [ 629166.822552486904897, 5220815.150000000372529 ], [ 629166.849882929353043, 5220815.124942678958178 ], [ 629166.874882929376327, 5220814.925057320855558 ], [ 629166.759538034559228, 5220814.848166513256729 ], [ 629166.734623888041824, 5220814.76638195104897 ], [ 629166.924882929539308, 5220814.57494267821312 ], [ 629166.92720198596362, 5220814.445110202766955 ], [ 629166.999882085714489, 5220814.299959902651608 ], [ 629166.999884790973738, 5220814.225095328874886 ], [ 629166.775050496100448, 5220814.150117403827608 ], [ 629166.600117070483975, 5220814.30005732178688 ], [ 629166.57006832130719, 5220814.465036354959011 ], [ 629166.47511707060039, 5220814.625057321973145 ], [ 629166.467849244247191, 5220814.912135129794478 ], [ 629166.300117070437409, 5220815.025057322345674 ] ] ] } },
{ "type": "Feature", "properties": { "label": "vineyard", "area_m2": 0.4809693668195934 }, "geometry": { "type": "Polygon", "coordinates": [ [ [ 629182.45011428068392, 5220815.049885720014572 ], [ 629182.627125928876922, 5220815.043745371513069 ], [ 629182.79990467056632, 5220815.099884791299701 ], [ 629182.999882594915107, 5220814.799949506297708 ], [ 629182.974999999976717, 5220814.625 ], [ 629183.011560671497136, 5220814.547698955051601 ], [ 629183.25902, 5220814.5 ], [ 629183.449904670007527, 5220814.549884791485965 ], [ 629183.474883408285677, 5220814.400067099370062 ], [ 629183.354931681416929, 5220814.240036363713443 ], [ 629183.349885719129816, 5220814.000114280730486 ], [ 629183.247907991637476, 5220813.987288830801845 ], [ 629183.199912942363881, 5220813.925115614198148 ], [ 629182.950057321926579, 5220813.925117069855332 ], [ 629182.900107726338319, 5220813.97506579104811 ], [ 629182.850117404945195, 5220814.075050493702292 ], [ 629182.870833068503998, 5220814.240844766609371 ], [ 629182.72511707060039, 5220814.400057321414351 ], [ 629182.72511707060039, 5220814.474942678585649 ], [ 629182.797798014013097, 5220814.570110202766955 ], [ 629182.791289035463706, 5220814.724840484559536 ], [ 629182.616746268817224, 5220814.90699346922338 ], [ 629182.475114280707203, 5220814.950114279985428 ], [ 629182.45011428068392, 5220815.049885720014572 ] ] ] } },
{ "type": "Feature", "properties": { "label": "vineyard", "area_m2": 0.58818503013889534 }, "geometry": { "type": "Polygon", "coordinates": [ [ [ 629160.950117150205187, 5220815.375070217065513 ], [ 629160.95011819456704, 5220815.449951042421162 ], [ 629161.025062811910175, 5220815.549882484599948 ], [ 629161.099937188322656, 5220815.549882484599948 ], [ 629161.19988248613663, 5220815.474937187507749 ], [ 629161.202204722329043, 5220815.195095524191856 ], [ 629161.242042763857171, 5220815.112793586216867 ], [ 629161.299884074134752, 5220815.074904861859977 ], [ 629161.294156177551486, 5220814.793153690174222 ], [ 629161.350788401789032, 5220814.733431528322399 ], [ 629161.499900698196143, 5220814.699900698848069 ], [ 629161.524881805642508, 5220814.649951042607427 ], [ 629161.550000000046566, 5220814.152454862371087 ], [ 629161.502204722375609, 5220814.029904476366937 ], [ 629161.499885047669522, 5220813.900114953517914 ], [ 629161.37254512112122, 5220813.875 ], [ 629161.200114952516742, 5220813.900114953517914 ], [ 629161.19127832679078, 5220813.974866284988821 ], [ 629160.975118194590323, 5220814.375048957765102 ], [ 629160.975114952540025, 5220814.399885047227144 ], [ 629161.072531093144789, 5220814.4278430538252 ], [ 629161.103149746661074, 5220814.505422787740827 ], [ 629160.975118194590323, 5220814.700048957951367 ], [ 629160.975118516595103, 5220814.949957595206797 ], [ 629161.025000000139698, 5220815.159021859057248 ], [ 629160.993056286941282, 5220815.325135502032936 ], [ 629160.950117150205187, 5220815.375070217065513 ] ] ] } },
{ "type": "Feature", "properties": { "label": "vineyard", "area_m2": 0.40990036071137348 }, "geometry": { "type": "Polygon", "coordinates": [ [ [ 629149.750118194613606, 5220814.699951042421162 ], [ 629149.800062811700627, 5220814.774882485158741 ], [ 629150.000042403698899, 5220814.849881482310593 ], [ 629150.074893628014252, 5220814.799928924068809 ], [ 629150.133721673395485, 5220814.62513371463865 ], [ 629150.224882486159913, 5220814.499937187880278 ], [ 629150.258721673395485, 5220814.225133715197444 ], [ 629150.305207621539012, 5220814.14826840441674 ], [ 629150.399884074227884, 5220814.099904862232506 ], [ 629150.404937781044282, 5220813.984943088144064 ], [ 629150.524885047692806, 5220813.725114952772856 ], [ 629150.075114952516742, 5220813.775114953517914 ], [ 629150.061721904203296, 5220813.914363727904856 ], [ 629149.991833409643732, 5220813.984604516997933 ], [ 629149.925114952493459, 5220814.000114953145385 ], [ 629149.897795277880505, 5220814.304904475808144 ], [ 629149.750118194613606, 5220814.699951042421162 ] ] ] } },
{ "type": "Feature", "properties": { "label": "vineyard", "area_m2": 0.19554497473265708 }, "geometry": { "type": "Polygon", "coordinates": [ [ [ 629152.925117150181904, 5220813.924929782748222 ], [ 629152.973248737165704, 5220813.992844793945551 ], [ 629153.000114952563308, 5220814.249885046854615 ], [ 629153.074885047622956, 5220814.249885046854615 ], [ 629153.079305966501124, 5220814.170971531420946 ], [ 629153.119442976778373, 5220814.116853037849069 ], [ 629153.29993718827609, 5220814.099882484413683 ], [ 629153.349882486159913, 5220814.049937187694013 ], [ 629153.358721673372202, 5220813.950133714824915 ], [ 629153.449881805572659, 5220813.799951042048633 ], [ 629153.45714939199388, 5220813.662868279963732 ], [ 629153.549904862651601, 5220813.599884072318673 ], [ 629153.599885047646239, 5220813.475114952772856 ], [ 629153.425114952493459, 5220813.500114953145385 ], [ 629153.409604516346008, 5220813.59183340985328 ], [ 629153.273883282206953, 5220813.76400494761765 ], [ 629153.081787245580927, 5220813.774576742202044 ], [ 629153.000062811886892, 5220813.750117515213788 ], [ 629152.925117150181904, 5220813.924929782748222 ] ] ] } },
{ "type": "Feature", "properties": { "label": "vineyard", "area_m2": 0.57026564334320284 }, "geometry": { "type": "Polygon", "coordinates": [ [ [ 629163.900117070763372, 5220814.199942679144442 ], [ 629163.987288830452599, 5220814.272907991893589 ], [ 629164.000117070623673, 5220814.399942679330707 ], [ 629164.140140785253607, 5220814.500414941459894 ], [ 629164.150115209049545, 5220814.599904671311378 ], [ 629164.29988571931608, 5220814.649885719642043 ], [ 629164.275000000023283, 5220814.434019999578595 ], [ 629164.294240296236239, 5220814.357006529346108 ], [ 629164.35996364033781, 5220814.304931680671871 ], [ 629164.574884836794809, 5220814.249903738498688 ], [ 629164.550000000046566, 5220813.99098000023514 ], [ 629164.583429222344421, 5220813.906706477515399 ], [ 629164.654611199046485, 5220813.859098754823208 ], [ 629164.79988571931608, 5220813.874885719269514 ], [ 629164.799883437808603, 5220813.750067698769271 ], [ 629164.753928475663997, 5220813.691273598000407 ], [ 629164.724885719129816, 5220813.450114279985428 ], [ 629164.275095330085605, 5220813.450115208514035 ], [ 629164.200117914122529, 5220813.600040097720921 ], [ 629164.186501882504672, 5220813.734193940646946 ], [ 629163.900117070646957, 5220814.07505732215941 ], [ 629163.900117070763372, 5220814.199942679144442 ] ] ] } },
{ "type": "Feature", "properties": { "label": "vineyard", "area_m2": 0.18522362748794888 }, "geometry": { "type": "Polygon", "coordinates": [ [ [ 629166.800117070437409, 5220813.900057322345674 ], [ 629166.800117070553824, 5220814.149942679330707 ], [ 629167.024885719292797, 5220814.249885719269514 ], [ 629167.029931679018773, 5220814.034963644109666 ], [ 629167.068129628198221, 5220813.939278381876647 ], [ 629167.14988292939961, 5220813.874942678026855 ], [ 629167.147534581250511, 5220813.692373169586062 ], [ 629167.274885170743801, 5220813.599896918050945 ], [ 629167.274885719292797, 5220813.450114279985428 ], [ 629167.100057322066277, 5220813.450117069296539 ], [ 629167.075107725802809, 5220813.475065791979432 ], [ 629166.980759703787044, 5220813.667993471026421 ], [ 629166.850117070483975, 5220813.80005732178688 ], [ 629166.800117070437409, 5220813.900057322345674 ] ] ] } },
{ "type": "Feature", "properties": { "label": "vineyard", "area_m2": 0.11329049753770667 }, "geometry": { "type": "Polygon", "coordinates": [ [ [ 629158.62511636025738, 5220813.825086299329996 ], [ 629158.650114952586591, 5220814.07488504704088 ], [ 629158.724904862698168, 5220814.074884072877467 ], [ 629158.772698954795487, 5220813.936560671776533 ], [ 629158.924882486113347, 5220813.849937187507749 ], [ 629158.897102795657702, 5220813.555143292061985 ], [ 629158.956778911408037, 5220813.504511878825724 ], [ 629159.074885047622956, 5220813.499885046854615 ], [ 629159.074885047622956, 5220813.450114953331649 ], [ 629158.775114952586591, 5220813.450114953331649 ], [ 629158.770062218885869, 5220813.640056913718581 ], [ 629158.675597433000803, 5220813.793757013976574 ], [ 629158.62511636025738, 5220813.825086299329996 ] ] ] } },
{ "type": "Feature", "properties": { "label": "vineyard", "area_m2": 0.11890357199913337 }, "geometry": { "type": "Polygon", "coordinates": [ [ [ 629172.500118516618386, 5220813.600042404606938 ], [ 629172.550099301966839, 5220813.749900698661804 ], [ 629172.799921979778446, 5220813.774883233010769 ], [ 629172.924882849911228, 5220813.599929782561958 ], [ 629172.949885047622956, 5220813.450114953331649 ], [ 629172.525114952586591, 5220813.450114953331649 ], [ 629172.500118516618386, 5220813.600042404606938 ] ] ] } },
{ "type": "Feature", "properties": { "label": "vineyard", "area_m2": 0.39978409691105476 }, "geometry": { "type": "Polygon", "coordinates": [ [ [ 629155.725115208886564, 5220814.499904670752585 ], [ 629155.82505049626343, 5220814.549882596358657 ], [ 629155.899885719292797, 5220814.549885720014572 ], [ 629155.921358448686078, 5220814.463230215013027 ], [ 629155.999885719153099, 5220814.424885720014572 ], [ 629156.002201986033469, 5220814.270110202021897 ], [ 629156.042293387232348, 5220814.189216862432659 ], [ 629156.299892274197191, 5220814.074934207834303 ], [ 629156.349882085807621, 5220813.899959901347756 ], [ 629156.325000000069849, 5220813.690980000421405 ], [ 629156.349884790950455, 5220813.475095328874886 ], [ 629156.29994950373657, 5220813.450117403641343 ], [ 629155.95011428068392, 5220813.450114279985428 ], [ 629156.016800970421173, 5220813.532044208608568 ], [ 629156.022798013989814, 5220813.604889797978103 ], [ 629155.959193947724998, 5220813.68650187831372 ], [ 629155.825117070577107, 5220813.725057321600616 ], [ 629155.800116562284529, 5220813.949932301416993 ], [ 629155.846071525360458, 5220814.008726405911148 ], [ 629155.849480850738473, 5220814.138476460240781 ], [ 629155.72511707060039, 5220814.275057321414351 ], [ 629155.725115208886564, 5220814.499904670752585 ] ] ] } },
{ "type": "Feature", "properties": { "label": "vineyard", "area_m2": 0.050474955508574247 }, "geometry": { "type": "Polygon", "coordinates": [ [ [ 629169.825114952516742, 5220813.450114953331649 ], [ 629169.925062811817043, 5220813.599882484413683 ], [ 629170.000520137953572, 5220813.634450714103878 ], [ 629170.025114952470176, 5220813.69988504704088 ], [ 629170.149884074227884, 5220813.674904862418771 ], [ 629170.14988285000436, 5220813.575070217251778 ], [ 629170.106943713268265, 5220813.5251355022192 ], [ 629170.099885047646239, 5220813.450114953331649 ], [ 629169.825114952516742, 5220813.450114953331649 ] ] ] } }
]
}
