{
"type": "FeatureCollection",
"name": "siret3_r007_c004__vineyard",
"crs": { "type": "name", "properties": { "name": "urn:ogc:def:crs:EPSG::32635" } },
"features": [
{ "type": "Feature", "properties": { "label": "vineyard", "area_m2": 0.32179491275893102 }, "geometry": { "type": "Polygon", "coordinates": [ [ [ 629206.949999999953434, 5220863.197063060477376 ], [ 629207.199852023855783, 5220863.174841597676277 ], [ 629207.276637132512406, 5220863.023515655659139 ], [ 629207.378390922909603, 5220862.930805987678468 ], [ 629207.74984162254259, 5220863.049841623753309 ], [ 629207.74984162254259, 5220863.025158376432955 ], [ 629207.414493841119111, 5220862.861388394609094 ], [ 629207.402328885043971, 5220862.482073326595128 ], [ 629207.550178859266452, 5220862.324006299488246 ], [ 629207.649845433770679, 5220862.02487625181675 ], [ 629207.6249245821964, 5220861.900157902389765 ], [ 629207.550143487518653, 5220861.900161885656416 ], [ 629207.350684850709513, 5220862.24906400218606 ], [ 629206.975151812424883, 5220863.050110682845116 ], [ 629206.949999999953434, 5220863.197063060477376 ] ] ] } },
{ "type": "Feature", "properties": { "label": "vineyard", "area_m2": 0.058380704627356922 }, "geometry": { "type": "Polygon", "coordinates": [ [ [ 629242.525000000023283, 5220863.047054241411388 ], [ 629242.62482931476552, 5220862.949913622811437 ], [ 629242.62672238657251, 5220862.880843474529684 ], [ 629242.657196387182921, 5220862.853223450481892 ], [ 629242.971611387096345, 5220862.8541772486642 ], [ 629243.000158633920364, 5220862.92485654912889 ], [ 629243.151964588440023, 5220862.999975913204253 ], [ 629243.299840396037325, 5220862.974876368418336 ], [ 629243.29982600430958, 5220862.875081442296505 ], [ 629243.248035406926647, 5220862.800024086609483 ], [ 629243.100076612900011, 5220862.800170134752989 ], [ 629242.994373626541346, 5220862.849942961707711 ], [ 629242.600123626878485, 5220862.85015959944576 ], [ 629242.525000000023283, 5220863.047054241411388 ] ] ] } },
{ "type": "Feature", "properties": { "label": "vineyard", "area_m2": 0.28954881082346706 }, "geometry": { "type": "Polygon", "coordinates": [ [ [ 629201.678134641377255, 5220863.075661011971533 ], [ 629201.875042403582484, 5220863.124881482683122 ], [ 629202.249885047553107, 5220863.149885047227144 ], [ 629202.25493778125383, 5220862.95994308590889 ], [ 629202.374882486066781, 5220862.799937187694013 ], [ 629202.374882486066781, 5220862.67506281286478 ], [ 629202.326562776812352, 5220862.580706459470093 ], [ 629202.399881805526093, 5220862.449951042421162 ], [ 629202.399884074111469, 5220862.375095137394965 ], [ 629202.2749575964408, 5220862.325118517503142 ], [ 629202.175062811817043, 5220862.325117515400052 ], [ 629202.115549285197631, 5220862.450520138256252 ], [ 629201.99888328218367, 5220862.539004947058856 ], [ 629201.925114952493459, 5220862.55011495295912 ], [ 629201.925114952493459, 5220862.649885047227144 ], [ 629202.02095715131145, 5220862.721853505820036 ], [ 629202.016278326744214, 5220862.87486628536135 ], [ 629201.966833409504034, 5220862.934604517184198 ], [ 629201.900114952470176, 5220862.950114953331649 ], [ 629201.85401714744512, 5220863.03415549825877 ], [ 629201.675114952493459, 5220863.05011495295912 ], [ 629201.678134641377255, 5220863.075661011971533 ] ] ] } },
{ "type": "Feature", "properties": { "label": "vineyard", "area_m2": 0.129265074579272 }, "geometry": { "type": "Polygon", "coordinates": [ [ [ 629209.550000000046566, 5220862.397054241970181 ], [ 629209.649876368814148, 5220862.399840394034982 ], [ 629209.674246095237322, 5220862.351221931166947 ], [ 629209.775088266236708, 5220861.899518663063645 ], [ 629210.600940028438345, 5220861.780181111767888 ], [ 629210.633798546856269, 5220861.810165743343532 ], [ 629210.675159026519395, 5220862.04984097275883 ], [ 629210.724876369000413, 5220862.049840393476188 ], [ 629210.799975912785158, 5220861.873035443946719 ], [ 629210.799841892905533, 5220861.600075988098979 ], [ 629210.749849614687264, 5220861.450161657296121 ], [ 629210.67515902640298, 5220861.45015902724117 ], [ 629210.601673505268991, 5220861.774312601424754 ], [ 629209.725145263480954, 5220861.900157438591123 ], [ 629209.550000000046566, 5220862.397054241970181 ] ] ] } },
{ "type": "Feature", "properties": { "label": "vineyard", "area_m2": 0.28087681053980373 }, "geometry": { "type": "Polygon", "coordinates": [ [ [ 629199.574999999953434, 5220862.522063057869673 ], [ 629199.74992458592169, 5220862.574842101894319 ], [ 629199.999343282543123, 5220862.275662207975984 ], [ 629200.126056854613125, 5220862.025985438376665 ], [ 629200.321013932931237, 5220861.904166500084102 ], [ 629200.399841622565873, 5220861.89984162338078 ], [ 629200.399842096259817, 5220861.875075418502092 ], [ 629200.325125086586922, 5220861.850166617892683 ], [ 629200.128981913556345, 5220861.913540149107575 ], [ 629200.053553977864794, 5220861.803160568699241 ], [ 629200.04984110139776, 5220861.725123822689056 ], [ 629199.775158377364278, 5220861.625158376991749 ], [ 629199.725023943232372, 5220861.973041329532862 ], [ 629199.792489095125347, 5220862.216124629601836 ], [ 629199.725138963432983, 5220862.275142008438706 ], [ 629199.574999999953434, 5220862.522063057869673 ] ] ] } },
{ "type": "Feature", "properties": { "label": "vineyard", "area_m2": 0.20769984583174397 }, "geometry": { "type": "Polygon", "coordinates": [ [ [ 629237.000158377224579, 5220861.274841622449458 ], [ 629237.052202897961251, 5220861.304592977277935 ], [ 629237.150157897267491, 5220861.924924585036933 ], [ 629237.37620111531578, 5220862.15074376668781 ], [ 629237.64903048845008, 5220862.34920207131654 ], [ 629237.749876174842939, 5220862.374841101467609 ], [ 629237.854166074423119, 5220862.121014169417322 ], [ 629238.124418835272081, 5220861.62587702460587 ], [ 629238.124839012511075, 5220861.550149704329669 ], [ 629237.948079983121715, 5220861.513469005003572 ], [ 629237.774842096259817, 5220861.175075417384505 ], [ 629237.725158377084881, 5220861.150158377364278 ], [ 629237.945105525897816, 5220861.515943288803101 ], [ 629237.949736093403772, 5220861.60040067974478 ], [ 629237.899316982715391, 5220861.788820794783533 ], [ 629237.750158377340995, 5220861.800158376805484 ], [ 629237.814714049687609, 5220862.132903692312539 ], [ 629237.710629547480494, 5220862.198202848434448 ], [ 629237.612585725146346, 5220862.198547148145735 ], [ 629237.47903723444324, 5220862.126900586299598 ], [ 629237.42484705906827, 5220862.000121649354696 ], [ 629237.324922292493284, 5220861.925163501873612 ], [ 629237.152635070960969, 5220861.881415149196982 ], [ 629237.049841622938402, 5220861.200158377178013 ], [ 629237.025123829836957, 5220861.200158903375268 ], [ 629237.000158377224579, 5220861.274841622449458 ] ] ] } },
{ "type": "Feature", "properties": { "label": "vineyard", "area_m2": 0.73317452978157793 }, "geometry": { "type": "Polygon", "coordinates": [ [ [ 629199.750075548072346, 5220861.399094926193357 ], [ 629199.825099618756212, 5220861.649845345877111 ], [ 629200.399841622798704, 5220861.874841623008251 ], [ 629200.399830375914462, 5220861.725122912786901 ], [ 629200.303286172100343, 5220861.350429111160338 ], [ 629200.399836547090672, 5220861.199921930208802 ], [ 629200.403358466690406, 5220860.971956648863852 ], [ 629200.599177902797237, 5220860.626558619551361 ], [ 629200.674842102569528, 5220860.549924586899579 ], [ 629200.674841097090393, 5220860.425123829394579 ], [ 629200.622063056565821, 5220860.399999999441206 ], [ 629200.30097694741562, 5220860.400072026997805 ], [ 629200.275815394474193, 5220860.424358997493982 ], [ 629199.825161061715335, 5220861.025088023394346 ], [ 629199.750188169884495, 5220861.275099526159465 ], [ 629199.750075548072346, 5220861.399094926193357 ] ] ] } },
{ "type": "Feature", "properties": { "label": "vineyard", "area_m2": 0.45444705444639422 }, "geometry": { "type": "Polygon", "coordinates": [ [ [ 629204.525116360164247, 5220862.874913700856268 ], [ 629204.599480752600357, 5220862.96152569167316 ], [ 629204.575114952516742, 5220863.19988504704088 ], [ 629204.674904862651601, 5220863.199884072877467 ], [ 629204.699881805572659, 5220863.000048957765102 ], [ 629204.631943713175133, 5220862.9001355022192 ], [ 629204.635778112104163, 5220862.816317390650511 ], [ 629204.728444671840407, 5220862.740997399203479 ], [ 629204.874904862605035, 5220862.749884072691202 ], [ 629204.951723332516849, 5220862.597474148496985 ], [ 629205.099888170487247, 5220862.474932971410453 ], [ 629205.149882849887945, 5220862.399929783307016 ], [ 629205.215395483770408, 5220862.15816659014672 ], [ 629205.349882486159913, 5220862.074937188997865 ], [ 629205.374881805386394, 5220861.875048957765102 ], [ 629205.324937188299373, 5220861.800117515027523 ], [ 629205.07495104172267, 5220861.700118195265532 ], [ 629204.975117514026351, 5220861.725062812678516 ], [ 629204.94127832679078, 5220861.949866284616292 ], [ 629204.894792378647253, 5220862.026731595396996 ], [ 629204.80011592595838, 5220862.075095137581229 ], [ 629204.816799439839087, 5220862.292956222780049 ], [ 629204.718542743008584, 5220862.426110982894897 ], [ 629204.625115925911814, 5220862.475095137022436 ], [ 629204.625882438616827, 5220862.601623184978962 ], [ 629204.55011592595838, 5220862.675095138140023 ], [ 629204.525116360164247, 5220862.874913700856268 ] ] ] } },
{ "type": "Feature", "properties": { "label": "vineyard", "area_m2": 0.379779188557192 }, "geometry": { "type": "Polygon", "coordinates": [ [ [ 629243.20011428068392, 5220862.374885719269514 ], [ 629243.374900930793956, 5220862.299899697303772 ], [ 629243.512952125049196, 5220862.081897152587771 ], [ 629243.67488483665511, 5220862.024903738871217 ], [ 629243.757979400688782, 5220861.86486706789583 ], [ 629243.924884836771525, 5220861.724903737194836 ], [ 629243.949882595101371, 5220861.575050494633615 ], [ 629243.879931681440212, 5220861.440036363899708 ], [ 629243.874882929376327, 5220861.350057320669293 ], [ 629243.649949504993856, 5220861.225117404013872 ], [ 629243.600114280823618, 5220861.225114280357957 ], [ 629243.595359943807125, 5220861.383407824672759 ], [ 629243.475117404945195, 5220861.525050493888557 ], [ 629243.471797314821742, 5220861.68632085621357 ], [ 629243.350117404945195, 5220861.825050493702292 ], [ 629243.341200816212222, 5220861.955791519954801 ], [ 629243.200117070577107, 5220862.100057321600616 ], [ 629243.20011428068392, 5220862.374885719269514 ] ] ] } },
{ "type": "Feature", "properties": { "label": "vineyard", "area_m2": 0.45599291881175846 }, "geometry": { "type": "Polygon", "coordinates": [ [ [ 629243.599999999976717, 5220861.222063057124615 ], [ 629243.874857209855691, 5220861.349842016585171 ], [ 629244.074835279141553, 5220860.999925484880805 ], [ 629244.078618093393743, 5220860.871802448295057 ], [ 629244.299847882939503, 5220860.549918610602617 ], [ 629244.399508417234756, 5220860.325776663608849 ], [ 629244.399839323596098, 5220860.200119468383491 ], [ 629244.099935725680552, 5220860.00017000362277 ], [ 629244.025123829604127, 5220860.000158904120326 ], [ 629244.000170058337972, 5220860.050064298324287 ], [ 629243.975528829963878, 5220860.294002171605825 ], [ 629243.900165498373099, 5220860.475047143176198 ], [ 629243.851470666821115, 5220860.862300453707576 ], [ 629243.600169464480132, 5220861.050097125582397 ], [ 629243.599999999976717, 5220861.222063057124615 ] ] ] } },
{ "type": "Feature", "properties": { "label": "vineyard", "area_m2": 0.67536352265237953 }, "geometry": { "type": "Polygon", "coordinates": [ [ [ 629202.275114952470176, 5220862.349885046482086 ], [ 629202.399937188252807, 5220862.374882484786212 ], [ 629202.495597959612496, 5220862.334635461680591 ], [ 629202.575086297933012, 5220862.399883639067411 ], [ 629202.699885047622956, 5220862.399885047227144 ], [ 629202.774881483521312, 5220862.074957595206797 ], [ 629202.804640929331072, 5220861.566592521965504 ], [ 629202.974882486159913, 5220861.424937187694013 ], [ 629202.976966279908083, 5220861.13898584805429 ], [ 629203.124893628060818, 5220861.02492892369628 ], [ 629203.149884074111469, 5220860.900095137767494 ], [ 629202.849951041745953, 5220860.775118195451796 ], [ 629202.74977018206846, 5220860.830395024269819 ], [ 629202.575114952516742, 5220860.825114953331649 ], [ 629202.56627832679078, 5220861.099866284988821 ], [ 629202.521996580297127, 5220861.172666032798588 ], [ 629202.425062811817043, 5220861.200117515400052 ], [ 629202.350117514026351, 5220861.30006281286478 ], [ 629202.375116360140964, 5220861.474913700483739 ], [ 629202.431867047096603, 5220861.514276753179729 ], [ 629202.498248737188987, 5220861.667844793759286 ], [ 629202.473078528186306, 5220862.069509033113718 ], [ 629202.422139673843049, 5220862.138192127458751 ], [ 629202.325114952516742, 5220862.150114953517914 ], [ 629202.321074064238928, 5220862.266267091967165 ], [ 629202.275114952470176, 5220862.349885046482086 ] ] ] } },
{ "type": "Feature", "properties": { "label": "vineyard", "area_m2": 0.37187427078684127 }, "geometry": { "type": "Polygon", "coordinates": [ [ [ 629204.975114952540025, 5220861.374885046854615 ], [ 629205.088268343242817, 5220861.382612046785653 ], [ 629205.148078528116457, 5220861.455490967258811 ], [ 629205.141278326744214, 5220861.549866285175085 ], [ 629205.025115925935097, 5220861.6999048627913 ], [ 629205.250048958347179, 5220861.799881804734468 ], [ 629205.324885047622956, 5220861.799885046668351 ], [ 629205.322639111778699, 5220861.636349950917065 ], [ 629205.352468907018192, 5220861.577843053266406 ], [ 629205.599884074181318, 5220861.524904862977564 ], [ 629205.599882849957794, 5220861.400070217438042 ], [ 629205.550000000046566, 5220861.313522287644446 ], [ 629205.551751262973994, 5220861.167844793759286 ], [ 629205.599882849957794, 5220861.099929782561958 ], [ 629205.574884074158035, 5220860.825095137581229 ], [ 629205.350114952540025, 5220860.750114953145385 ], [ 629205.33922188798897, 5220860.883682609535754 ], [ 629205.250115925911814, 5220860.950095137581229 ], [ 629205.233146961196326, 5220861.130557023920119 ], [ 629205.169509032275528, 5220861.173078528605402 ], [ 629205.050062811817043, 5220861.175117515027523 ], [ 629205.000117513933219, 5220861.225062810815871 ], [ 629204.975114952540025, 5220861.374885046854615 ] ] ] } },
{ "type": "Feature", "properties": { "label": "vineyard", "area_m2": 0.044631938203698818 }, "geometry": { "type": "Polygon", "coordinates": [ [ [ 629237.425000000046566, 5220860.447054240852594 ], [ 629237.450086389551871, 5220860.474829292856157 ], [ 629237.524840973550454, 5220860.474840972572565 ], [ 629237.525754899252206, 5220860.274983420036733 ], [ 629237.61911608686205, 5220860.045841682702303 ], [ 629237.849829303682782, 5220859.849913615733385 ], [ 629237.800380019587465, 5220859.674928158521652 ], [ 629237.849840973620303, 5220859.600159026682377 ], [ 629237.824664787156507, 5220859.600976133719087 ], [ 629237.425000000046566, 5220860.447054240852594 ] ] ] } },
{ "type": "Feature", "properties": { "label": "vineyard", "area_m2": 0.056780281307587804 }, "geometry": { "type": "Polygon", "coordinates": [ [ [ 629208.225115926004946, 5220860.200095137581229 ], [ 629208.225115926004946, 5220860.3249048627913 ], [ 629208.325078020337969, 5220860.399883233010769 ], [ 629208.449885047622956, 5220860.399885047227144 ], [ 629208.475000000093132, 5220860.222545137628913 ], [ 629208.449937188299373, 5220860.125117515213788 ], [ 629208.350062811863609, 5220860.125117515213788 ], [ 629208.225115926004946, 5220860.200095137581229 ] ] ] } },
{ "type": "Feature", "properties": { "label": "vineyard", "area_m2": 0.75248834694681699 }, "geometry": { "type": "Polygon", "coordinates": [ [ [ 629241.325170752359554, 5220858.975062733516097 ], [ 629241.32543201756198, 5220859.076031930744648 ], [ 629241.399934761691839, 5220859.305667148903012 ], [ 629241.400067331036553, 5220859.648915692232549 ], [ 629241.424626768450253, 5220859.698969688266516 ], [ 629241.725129242055118, 5220859.89983796607703 ], [ 629241.849067384144291, 5220859.911780710332096 ], [ 629241.94830746226944, 5220860.146148745901883 ], [ 629241.950159026542678, 5220860.249840972945094 ], [ 629241.999913615291007, 5220860.249829302541912 ], [ 629242.049840563558973, 5220860.125132974237204 ], [ 629241.857392921927385, 5220859.905641016550362 ], [ 629241.849829318351112, 5220859.825086374767125 ], [ 629241.802970428834669, 5220859.773839513771236 ], [ 629241.804647845332511, 5220859.472611531615257 ], [ 629242.002931370632723, 5220859.156923582777381 ], [ 629242.295770078082569, 5220859.199388634413481 ], [ 629242.472054237616248, 5220859.299999999813735 ], [ 629242.524842677521519, 5220859.150136609561741 ], [ 629242.399917252594605, 5220859.050170157104731 ], [ 629242.320609104237519, 5220859.045010257512331 ], [ 629242.08400822035037, 5220858.881112152710557 ], [ 629242.049845520523377, 5220858.775126064196229 ], [ 629241.674948134808801, 5220858.625158765353262 ], [ 629241.500123626785353, 5220858.625159599818289 ], [ 629241.325170752359554, 5220858.975062733516097 ] ] ] } },
{ "type": "Feature", "properties": { "label": "vineyard", "area_m2": 0.31857417467176224 }, "geometry": { "type": "Polygon", "coordinates": [ [ [ 629202.600114952540025, 5220860.525114953517914 ], [ 629202.600114952540025, 5220860.624885046854615 ], [ 629202.711480827303603, 5220860.639864480122924 ], [ 629202.850071076420136, 5220860.799893628805876 ], [ 629203.025048957904801, 5220860.87488180398941 ], [ 629203.174885047599673, 5220860.899885047227144 ], [ 629203.204289321904071, 5220860.804289322346449 ], [ 629203.299885047599673, 5220860.774885047227144 ], [ 629203.299882486113347, 5220860.600062810815871 ], [ 629203.201751262880862, 5220860.457155206240714 ], [ 629203.199885047622956, 5220860.150114953517914 ], [ 629203.117907453794032, 5220860.134297255426645 ], [ 629203.074913702090271, 5220860.075116361491382 ], [ 629202.900062811793759, 5220860.075117515400052 ], [ 629202.875117513933219, 5220860.100062810815871 ], [ 629202.875117513933219, 5220860.199937188997865 ], [ 629202.949561221757904, 5220860.302120193839073 ], [ 629202.920710678212345, 5220860.445710677653551 ], [ 629202.600114952540025, 5220860.525114953517914 ] ] ] } },
{ "type": "Feature", "properties": { "label": "vineyard", "area_m2": 0.46960270706836094 }, "geometry": { "type": "Polygon", "coordinates": [ [ [ 629205.200117150205187, 5220860.424929782748222 ], [ 629205.243056286941282, 5220860.4748644977808 ], [ 629205.250117513933219, 5220860.549937187694013 ], [ 629205.314221887965687, 5220860.616317390464246 ], [ 629205.350099302013405, 5220860.749900698661804 ], [ 629205.574885047622956, 5220860.82488504704088 ], [ 629205.586807873565704, 5220860.627860326319933 ], [ 629205.699904862674884, 5220860.574884072877467 ], [ 629205.724881805595942, 5220860.524951042607427 ], [ 629205.724882849957794, 5220860.400070217438042 ], [ 629205.675438778358512, 5220860.322879806160927 ], [ 629205.675024996511638, 5220860.147455456666648 ], [ 629205.736499836551957, 5220860.101862605661154 ], [ 629205.899929783307016, 5220860.09988284856081 ], [ 629205.999921979499049, 5220860.049883232451975 ], [ 629206.049883233266883, 5220859.999921978451312 ], [ 629206.068132952786982, 5220859.864276754669845 ], [ 629206.174884074134752, 5220859.799904862418771 ], [ 629206.199884074158035, 5220859.6750951372087 ], [ 629205.899951042141765, 5220859.550118195824325 ], [ 629205.800114952493459, 5220859.55011495295912 ], [ 629205.786485429503955, 5220859.634224155917764 ], [ 629205.675117513979785, 5220859.775062812492251 ], [ 629205.700000000069849, 5220859.890978140756488 ], [ 629205.68078936857637, 5220860.094108829274774 ], [ 629205.585795566788875, 5220860.133456548675895 ], [ 629205.449951042188331, 5220860.050118195824325 ], [ 629205.375114952446893, 5220860.05011495295912 ], [ 629205.361485430388711, 5220860.134224154055119 ], [ 629205.200117514003068, 5220860.350062810815871 ], [ 629205.200117150205187, 5220860.424929782748222 ] ] ] } },
{ "type": "Feature", "properties": { "label": "vineyard", "area_m2": 0.45859962165850177 }, "geometry": { "type": "Polygon", "coordinates": [ [ [ 629238.350114952540025, 5220859.749885046854615 ], [ 629238.424904862418771, 5220859.749884072691202 ], [ 629238.462793587590568, 5220859.692042762413621 ], [ 629238.530723733594641, 5220859.671867052093148 ], [ 629238.601076007704251, 5220859.706799791194499 ], [ 629238.625114952446893, 5220859.774885047227144 ], [ 629238.749937188229524, 5220859.774882485158741 ], [ 629238.786807873519138, 5220859.652860325761139 ], [ 629238.83673165680375, 5220859.607612046413124 ], [ 629239.124937188229524, 5220859.599882484413683 ], [ 629239.399881805526093, 5220859.049951042048633 ], [ 629239.449885047622956, 5220858.80011495295912 ], [ 629238.950114952516742, 5220858.600114952772856 ], [ 629239.1057365097804, 5220858.756972920149565 ], [ 629239.125, 5220858.834021859802306 ], [ 629239.062206419184804, 5220858.95795723143965 ], [ 629238.900062811793759, 5220859.000117515213788 ], [ 629238.80011592595838, 5220859.075095137581229 ], [ 629238.952407658682205, 5220859.234939553774893 ], [ 629238.942070162156597, 5220859.349933448247612 ], [ 629238.746555312187411, 5220859.484002605080605 ], [ 629238.622545121004805, 5220859.450000000186265 ], [ 629238.400114952470176, 5220859.475114952772856 ], [ 629238.39824873721227, 5220859.60715520568192 ], [ 629238.350117150228471, 5220859.675070216879249 ], [ 629238.350114952540025, 5220859.749885046854615 ] ] ] } },
{ "type": "Feature", "properties": { "label": "vineyard", "area_m2": 0.3041596877098669 }, "geometry": { "type": "Polygon", "coordinates": [ [ [ 629200.450158377178013, 5220859.225158377550542 ], [ 629200.450169634190388, 5220859.299867639318109 ], [ 629200.59538017923478, 5220859.520775890909135 ], [ 629200.600169672747143, 5220859.59989860933274 ], [ 629200.670511672506109, 5220859.74216587562114 ], [ 629200.600158227840438, 5220859.950049577280879 ], [ 629200.625156219117343, 5220860.199879742227495 ], [ 629200.725074516260065, 5220860.274835280142725 ], [ 629200.799841622821987, 5220860.274841622449458 ], [ 629200.80089514143765, 5220860.150445408187807 ], [ 629200.874493443290703, 5220859.926090222783387 ], [ 629201.024826899752952, 5220859.599914265796542 ], [ 629201.024842012440786, 5220859.425142793916166 ], [ 629200.824871934135444, 5220859.325166893191636 ], [ 629200.700916641275398, 5220859.323498382233083 ], [ 629200.450158377178013, 5220859.225158377550542 ] ] ] } },
{ "type": "Feature", "properties": { "label": "vineyard", "area_m2": 0.17669776055203593 }, "geometry": { "type": "Polygon", "coordinates": [ [ [ 629208.550158328609541, 5220859.225080902688205 ], [ 629208.55017074639909, 5220859.324937269091606 ], [ 629208.600030949455686, 5220859.440922183915973 ], [ 629208.757747725467198, 5220859.413643030449748 ], [ 629208.818447680096142, 5220859.497976242564619 ], [ 629208.79805596510414, 5220859.633448254317045 ], [ 629208.600169084966183, 5220859.649881306104362 ], [ 629208.700086383265443, 5220859.749829302541912 ], [ 629208.799849614617415, 5220859.749838342890143 ], [ 629208.849829891463742, 5220859.525076600722969 ], [ 629208.670458977343515, 5220859.221944972872734 ], [ 629208.807258503860794, 5220859.130853116512299 ], [ 629208.89568122907076, 5220859.174555347301066 ], [ 629208.925158794503659, 5220859.249840950593352 ], [ 629208.99987636890728, 5220859.249840393662453 ], [ 629209.02492686570622, 5220859.100966178812087 ], [ 629208.98222403426189, 5220858.994088357314467 ], [ 629209.055370854330249, 5220858.840963416732848 ], [ 629209.143544148420915, 5220858.734134654514492 ], [ 629209.19984097359702, 5220858.724840972572565 ], [ 629209.199829295859672, 5220858.650086390785873 ], [ 629209.125117751187645, 5220858.625166214071214 ], [ 629208.974072321667336, 5220858.698510201647878 ], [ 629208.875159026472829, 5220858.70015902724117 ], [ 629208.895587682840414, 5220858.916855301707983 ], [ 629208.800160369137302, 5220859.000139060430229 ], [ 629208.793648789636791, 5220859.112052956596017 ], [ 629208.550158328609541, 5220859.225080902688205 ] ] ] } },
{ "type": "Feature", "properties": { "label": "vineyard", "area_m2": 0.28163476319900926 }, "geometry": { "type": "Polygon", "coordinates": [ [ [ 629197.851114677963778, 5220859.651300762780011 ], [ 629197.925118516548537, 5220860.099957594648004 ], [ 629197.975114952540025, 5220860.274885047227144 ], [ 629197.999885047553107, 5220860.274885047227144 ], [ 629198.007612046669237, 5220860.061731656081975 ], [ 629198.052860326250084, 5220860.011807872913778 ], [ 629198.124904862605035, 5220859.999884072691202 ], [ 629198.174893627990969, 5220859.924928924068809 ], [ 629198.308721673325635, 5220859.525133715011179 ], [ 629198.374882486066781, 5220859.44993718713522 ], [ 629198.399882486090064, 5220859.300062811002135 ], [ 629198.19995104172267, 5220859.200118195265532 ], [ 629198.050114952493459, 5220859.17511495295912 ], [ 629198.098248737165704, 5220859.26784479431808 ], [ 629198.091278326814063, 5220859.399866284802556 ], [ 629198.032092546345666, 5220859.484297255054116 ], [ 629197.875099301920272, 5220859.525099301710725 ], [ 629197.851114677963778, 5220859.651300762780011 ] ] ] } },
{ "type": "Feature", "properties": { "label": "vineyard", "area_m2": 0.37513471421264993 }, "geometry": { "type": "Polygon", "coordinates": [ [ [ 629203.075114952516742, 5220859.899885047227144 ], [ 629203.275042403605767, 5220859.949881482869387 ], [ 629203.424904862651601, 5220859.949884072877467 ], [ 629203.487713523674756, 5220859.647906892001629 ], [ 629203.549883639905602, 5220859.599913700483739 ], [ 629203.647474145865999, 5220859.401723335497081 ], [ 629203.824885047622956, 5220859.374885046854615 ], [ 629203.874884074088186, 5220859.150095137767494 ], [ 629203.5249575964408, 5220859.000118517316878 ], [ 629203.400099301943555, 5220859.07509930152446 ], [ 629203.359155497746542, 5220859.204017147421837 ], [ 629203.275114952470176, 5220859.250114953145385 ], [ 629203.225117514026351, 5220859.350062812678516 ], [ 629203.196074064238928, 5220859.616267091594636 ], [ 629203.07511819456704, 5220859.825048957951367 ], [ 629203.075114952516742, 5220859.899885047227144 ] ] ] } },
{ "type": "Feature", "properties": { "label": "vineyard", "area_m2": 0.30498090955973695 }, "geometry": { "type": "Polygon", "coordinates": [ [ [ 629244.050115208956413, 5220859.999904670752585 ], [ 629244.199885719339363, 5220860.049885720014572 ], [ 629244.226827176753432, 5220859.968320350162685 ], [ 629244.365806052344851, 5220859.863498121500015 ], [ 629244.52495990076568, 5220859.849882086738944 ], [ 629244.624892273684964, 5220859.799934207461774 ], [ 629244.65694818191696, 5220859.649855429306626 ], [ 629244.724882594891824, 5220859.549949505366385 ], [ 629244.699884791043587, 5220859.125095329247415 ], [ 629244.549949505017139, 5220859.050117404200137 ], [ 629244.475115163251758, 5220859.075096262618899 ], [ 629244.443051818059757, 5220859.275144570507109 ], [ 629244.325117070577107, 5220859.450057321228087 ], [ 629244.316362430923618, 5220859.655676950700581 ], [ 629244.259193947655149, 5220859.711501878686249 ], [ 629244.150099069229327, 5220859.750100302509964 ], [ 629244.050115208956413, 5220859.999904670752585 ] ] ] } },
{ "type": "Feature", "properties": { "label": "vineyard", "area_m2": 0.454523468461069 }, "geometry": { "type": "Polygon", "coordinates": [ [ [ 629200.699999999953434, 5220859.022063057869673 ], [ 629200.989334792247973, 5220858.984109335578978 ], [ 629201.040211057639681, 5220859.113507793284953 ], [ 629201.025158903095871, 5220859.249876170419157 ], [ 629201.077936943969689, 5220859.275000000372529 ], [ 629201.199870496173389, 5220859.249868344515562 ], [ 629201.229723149444908, 5220859.097712672315538 ], [ 629201.322712672990747, 5220859.004723149351776 ], [ 629201.599876170628704, 5220859.024841097183526 ], [ 629201.624842095770873, 5220858.900075418874621 ], [ 629201.550617332453839, 5220858.824670494534075 ], [ 629201.502113623777404, 5220858.695680783130229 ], [ 629201.554180031293072, 5220858.565396149642766 ], [ 629201.62484162254259, 5220858.549841623753309 ], [ 629201.624841101351194, 5220858.475123823620379 ], [ 629201.199950430192985, 5220858.300158210098743 ], [ 629201.150158377364278, 5220858.300158376805484 ], [ 629201.148385469336063, 5220858.376655983738601 ], [ 629201.115793678094633, 5220858.404984476044774 ], [ 629200.862739336909726, 5220858.44120682682842 ], [ 629200.80012382962741, 5220858.375158903189003 ], [ 629200.775158377364278, 5220858.449841623194516 ], [ 629201.082391600124538, 5220858.557244339957833 ], [ 629201.106625982560217, 5220858.599614873528481 ], [ 629200.995627809548751, 5220858.778326476924121 ], [ 629200.907761464943178, 5220858.845653112046421 ], [ 629200.850137756671757, 5220858.850167335942388 ], [ 629200.752288897288963, 5220858.945290308445692 ], [ 629200.700158377061598, 5220858.950158377178013 ], [ 629200.699999999953434, 5220859.022063057869673 ] ] ] } },
{ "type": "Feature", "properties": { "label": "vineyard", "area_m2": 0.88207863076314141 }, "geometry": { "type": "Polygon", "coordinates": [ [ [ 629205.82511428068392, 5220859.549885720014572 ], [ 629206.150040100328624, 5220859.674882086925209 ], [ 629206.449949503876269, 5220859.674882596358657 ], [ 629206.499884836724959, 5220859.649903737939894 ], [ 629206.499882929376327, 5220859.525057322345674 ], [ 629206.330691141309217, 5220859.395012171007693 ], [ 629206.289965747972019, 5220859.173827511258423 ], [ 629206.338335480540991, 5220859.112352380529046 ], [ 629206.474942677887157, 5220859.099882930517197 ], [ 629206.549892274197191, 5220859.024934208020568 ], [ 629206.599882085807621, 5220858.899959901347756 ], [ 629206.597643363755196, 5220858.659818509593606 ], [ 629206.799889234942384, 5220858.474936963059008 ], [ 629206.924883724772371, 5220858.299926441162825 ], [ 629206.899884791113436, 5220858.07509532943368 ], [ 629206.575095329899341, 5220857.950115208514035 ], [ 629206.436567239812575, 5220858.214459652081132 ], [ 629206.385975996498019, 5220858.257863308303058 ], [ 629206.300948868854903, 5220858.257114044390619 ], [ 629206.224903737893328, 5220858.150115162134171 ], [ 629206.150114280870184, 5220858.150114280171692 ], [ 629206.125114280846901, 5220858.299885720014572 ], [ 629206.262807014631107, 5220858.293121173046529 ], [ 629206.308299903292209, 5220858.40332992374897 ], [ 629206.200115163228475, 5220858.500096261501312 ], [ 629206.126391388941556, 5220858.873551818542182 ], [ 629206.046751121175475, 5220858.908967209979892 ], [ 629205.950057321926579, 5220858.875117070041597 ], [ 629205.825117070577107, 5220859.000057321973145 ], [ 629205.825117070577107, 5220859.174942678771913 ], [ 629205.895068318583071, 5220859.259963636286557 ], [ 629205.911864499910735, 5220859.401992266066372 ], [ 629205.885605339892209, 5220859.465059712529182 ], [ 629205.825115163228475, 5220859.500096261501312 ], [ 629205.82511428068392, 5220859.549885720014572 ] ] ] } },
{ "type": "Feature", "properties": { "label": "vineyard", "area_m2": 0.16598115752046436 }, "geometry": { "type": "Polygon", "coordinates": [ [ [ 629241.675000000046566, 5220858.647054241970181 ], [ 629242.049881322076544, 5220858.774842562153935 ], [ 629242.099826004356146, 5220858.699918558821082 ], [ 629242.108639472862706, 5220858.570994922891259 ], [ 629242.272856342140585, 5220858.430031300522387 ], [ 629242.350377904018387, 5220858.42523745726794 ], [ 629242.688632553443313, 5220858.506630978547037 ], [ 629242.700159026542678, 5220858.79984097275883 ], [ 629242.724876369000413, 5220858.799840393476188 ], [ 629242.899840973550454, 5220858.425159026868641 ], [ 629242.68665618787054, 5220858.496260403655469 ], [ 629242.370549817220308, 5220858.425385342910886 ], [ 629242.325681149610318, 5220858.325861476361752 ], [ 629242.240774861187674, 5220858.305747231468558 ], [ 629242.029059416614473, 5220857.956447592005134 ], [ 629242.024840396014042, 5220857.900123631581664 ], [ 629241.900159026496112, 5220857.875159027054906 ], [ 629241.950086374767125, 5220857.949829317629337 ], [ 629242.031921595917083, 5220857.965860866941512 ], [ 629242.233889466617256, 5220858.32109828107059 ], [ 629241.675000000046566, 5220858.647054241970181 ] ] ] } },
{ "type": "Feature", "properties": { "label": "vineyard", "area_m2": 0.35862364850170336 }, "geometry": { "type": "Polygon", "coordinates": [ [ [ 629209.125, 5220858.622063056565821 ], [ 629209.199870415148325, 5220858.64984168857336 ], [ 629209.399846722371876, 5220858.499922177754343 ], [ 629209.524841783219017, 5220858.074950428679585 ], [ 629209.533664732705802, 5220857.809322176501155 ], [ 629209.82487337582279, 5220857.749843648634851 ], [ 629209.87482688378077, 5220857.674914258532226 ], [ 629209.850546888075769, 5220857.399865557439625 ], [ 629209.899927968974225, 5220857.07597687933594 ], [ 629209.824924585991539, 5220857.000157897360623 ], [ 629209.700123829534277, 5220857.000158903189003 ], [ 629209.675170058268122, 5220857.050064297392964 ], [ 629209.650062028085813, 5220857.373818892985582 ], [ 629209.734028058359399, 5220857.680652684532106 ], [ 629209.532237305189483, 5220857.790493237785995 ], [ 629209.399922100245021, 5220857.675163483247161 ], [ 629209.300157903577201, 5220857.700075418688357 ], [ 629209.274128350778483, 5220858.211122755892575 ], [ 629209.125524725648575, 5220858.549088001251221 ], [ 629209.125, 5220858.622063056565821 ] ] ] } },
{ "type": "Feature", "properties": { "label": "vineyard", "area_m2": 0.52985645552655714 }, "geometry": { "type": "Polygon", "coordinates": [ [ [ 629235.950158377178013, 5220857.600158377550542 ], [ 629235.975159277790226, 5220857.899838379584253 ], [ 629236.080483329482377, 5220857.901416189037263 ], [ 629236.442972670076415, 5220858.010333934798837 ], [ 629236.475158377201296, 5220858.449841623194516 ], [ 629236.499876175192185, 5220858.449841101653874 ], [ 629237.174418951733969, 5220857.100876927375793 ], [ 629237.174842028645799, 5220857.050142778083682 ], [ 629236.800144588225521, 5220856.900156771764159 ], [ 629236.626790438895114, 5220857.319188297726214 ], [ 629236.450161874294281, 5220857.425143476575613 ], [ 629236.450157904182561, 5220857.499924581497908 ], [ 629236.616529271821491, 5220857.657129341736436 ], [ 629236.450281136552803, 5220857.98358238209039 ], [ 629236.115172587451525, 5220857.829350969754159 ], [ 629236.024857211159542, 5220857.600157982669771 ], [ 629235.950158377178013, 5220857.600158377550542 ] ] ] } },
{ "type": "Feature", "properties": { "label": "vineyard", "area_m2": 0.36633356416887608 }, "geometry": { "type": "Polygon", "coordinates": [ [ [ 629244.553122003911994, 5220859.07565894164145 ], [ 629244.699959901045077, 5220859.124882086180151 ], [ 629244.855487179826014, 5220859.075552020221949 ], [ 629245.07494267844595, 5220859.074882930144668 ], [ 629245.1499009312829, 5220859.024899697862566 ], [ 629245.175000000046566, 5220858.972552487626672 ], [ 629245.150000000023283, 5220858.83402 ], [ 629245.174882595078088, 5220858.500050494447351 ], [ 629245.127201986033469, 5220858.404889797791839 ], [ 629245.124882929259911, 5220858.125057321041822 ], [ 629245.099942678003572, 5220858.100117069669068 ], [ 629245.025057321996428, 5220858.100117069669068 ], [ 629244.900107726338319, 5220858.200065791606903 ], [ 629244.865559213911183, 5220858.371014907024801 ], [ 629244.800101090106182, 5220858.425092244520783 ], [ 629244.700117404921912, 5220858.625050494447351 ], [ 629244.766137217986397, 5220858.871236985549331 ], [ 629244.669795180670917, 5220859.001735760830343 ], [ 629244.550114280660637, 5220859.050114280544221 ], [ 629244.553122003911994, 5220859.07565894164145 ] ] ] } },
{ "type": "Feature", "properties": { "label": "vineyard", "area_m2": 1.1167711774520408 }, "geometry": { "type": "Polygon", "coordinates": [ [ [ 629241.900000000023283, 5220857.872063056565821 ], [ 629242.025063607259654, 5220857.924822517670691 ], [ 629242.449841622728854, 5220857.949841623194516 ], [ 629242.49955717578996, 5220857.727273862808943 ], [ 629242.601919092237949, 5220857.57373253442347 ], [ 629242.748428572202101, 5220857.476419064216316 ], [ 629242.922189223347232, 5220857.476872906088829 ], [ 629243.075993567006662, 5220857.63050187099725 ], [ 629242.900159421958961, 5220857.775147756561637 ], [ 629242.850157903740183, 5220858.199924582615495 ], [ 629242.999876174842939, 5220858.249841101467609 ], [ 629243.099823428550735, 5220858.024919215589762 ], [ 629243.085317712859251, 5220857.922486770898104 ], [ 629243.249845344573259, 5220857.7249003816396 ], [ 629243.424842540756799, 5220857.374933925457299 ], [ 629243.474819674389437, 5220857.199897578917444 ], [ 629243.474826900521293, 5220857.050085731782019 ], [ 629243.424857970327139, 5220856.975138975307345 ], [ 629243.10097594500985, 5220856.82552797999233 ], [ 629242.81175581982825, 5220856.915006110444665 ], [ 629242.724854606552981, 5220856.800147877074778 ], [ 629242.525071641081013, 5220856.725164229981601 ], [ 629242.400159956770949, 5220856.800141632556915 ], [ 629242.334969224757515, 5220857.505340895615518 ], [ 629242.050075414008461, 5220857.550157897174358 ], [ 629241.900581100024283, 5220857.799123029224575 ], [ 629241.900000000023283, 5220857.872063056565821 ] ] ] } },
{ "type": "Feature", "properties": { "label": "vineyard", "area_m2": 0.6248791658727505 }, "geometry": { "type": "Polygon", "coordinates": [ [ [ 629198.050114952493459, 5220859.174885046668351 ], [ 629198.424885047599673, 5220859.299885046668351 ], [ 629198.461590655962937, 5220859.170953242108226 ], [ 629198.524884074111469, 5220859.124904861673713 ], [ 629198.512598770437762, 5220858.869744488038123 ], [ 629198.674882486113347, 5220858.699937188997865 ], [ 629198.679937781300396, 5220858.609943086281419 ], [ 629198.760744407190941, 5220858.431495225057006 ], [ 629198.874904862605035, 5220858.374884072691202 ], [ 629198.949881805456243, 5220858.224951041862369 ], [ 629198.949885047622956, 5220858.100114952772856 ], [ 629198.765640491619706, 5220858.08307858929038 ], [ 629198.697545121074654, 5220858.0 ], [ 629198.593906866502948, 5220858.098196387290955 ], [ 629198.350114952540025, 5220858.075114953331649 ], [ 629198.344314404530451, 5220858.186945792287588 ], [ 629198.275116360164247, 5220858.250086299143732 ], [ 629198.07511819456704, 5220858.750048957765102 ], [ 629198.050114952493459, 5220859.174885046668351 ] ] ] } },
{ "type": "Feature", "properties": { "label": "vineyard", "area_m2": 0.57095245801043149 }, "geometry": { "type": "Polygon", "coordinates": [ [ [ 629238.950115925981663, 5220858.599904862232506 ], [ 629239.350042403675616, 5220858.774881483055651 ], [ 629239.524937188252807, 5220858.724882484413683 ], [ 629239.599882486159913, 5220858.649937189184129 ], [ 629239.649882486090064, 5220858.549937187694013 ], [ 629239.650000000023283, 5220857.802454861812294 ], [ 629239.60504420415964, 5220857.746730937622488 ], [ 629239.598565392429009, 5220857.67112554050982 ], [ 629239.653054071241058, 5220857.605013210326433 ], [ 629239.824937188299373, 5220857.599882484413683 ], [ 629239.849885047646239, 5220857.55011495295912 ], [ 629239.499951041652821, 5220857.400118195451796 ], [ 629239.350062811863609, 5220857.400117515586317 ], [ 629239.325117514003068, 5220857.425062811002135 ], [ 629239.325114952516742, 5220857.474885046482086 ], [ 629239.517355980351567, 5220857.49377727881074 ], [ 629239.55410081113223, 5220857.605983754619956 ], [ 629239.496706752222963, 5220857.667627474293113 ], [ 629239.30011592595838, 5220857.700095137581229 ], [ 629239.318056286894716, 5220857.950135502032936 ], [ 629239.256867047282867, 5220858.085723245516419 ], [ 629239.125099301687442, 5220858.200099302455783 ], [ 629239.000117513933219, 5220858.400062812492251 ], [ 629238.950115925981663, 5220858.599904862232506 ] ] ] } },
{ "type": "Feature", "properties": { "label": "vineyard", "area_m2": 0.74700507500411673 }, "geometry": { "type": "Polygon", "coordinates": [ [ [ 629203.500807542121038, 5220858.874838990159333 ], [ 629203.500117513933219, 5220858.999937187880278 ], [ 629203.525062811793759, 5220859.024882485158741 ], [ 629203.874885047553107, 5220859.149885047227144 ], [ 629203.877204722259194, 5220859.045095523819327 ], [ 629203.924881805549376, 5220858.949951042421162 ], [ 629203.911095164483413, 5220858.729218669235706 ], [ 629203.999885047553107, 5220858.674885046668351 ], [ 629204.006943713175133, 5220858.574864498339593 ], [ 629204.099882486159913, 5220858.474937187507749 ], [ 629204.121354478760622, 5220858.338235268369317 ], [ 629204.199885047622956, 5220858.299885046668351 ], [ 629204.281457257224247, 5220858.123889016918838 ], [ 629204.399882486090064, 5220858.049937187694013 ], [ 629204.402204722282477, 5220857.945095524191856 ], [ 629204.450000000069849, 5220857.847545137628913 ], [ 629204.39988504757639, 5220857.625114953145385 ], [ 629204.174929783330299, 5220857.52511715143919 ], [ 629204.100062811863609, 5220857.525117515586317 ], [ 629203.936895098886453, 5220857.734200067818165 ], [ 629203.750114952446893, 5220857.750114953145385 ], [ 629203.720710678142495, 5220857.870710678398609 ], [ 629203.575106372358277, 5220857.92507107462734 ], [ 629203.550114952493459, 5220857.999885046854615 ], [ 629203.734801714075729, 5220858.000481527298689 ], [ 629203.802301045390777, 5220858.036560671404004 ], [ 629203.82451847277116, 5220858.209801713936031 ], [ 629203.780557023361325, 5220858.283146961592138 ], [ 629203.650115925935097, 5220858.325095137581229 ], [ 629203.641799439908937, 5220858.442956223152578 ], [ 629203.575116360210814, 5220858.500086299143732 ], [ 629203.570359070668928, 5220858.808407478034496 ], [ 629203.500807542121038, 5220858.874838990159333 ] ] ] } },
{ "type": "Feature", "properties": { "label": "vineyard", "area_m2": 0.66765571665899004 }, "geometry": { "type": "Polygon", "coordinates": [ [ [ 629206.350116766872816, 5220857.67492197919637 ], [ 629206.528645521379076, 5220857.788235268555582 ], [ 629206.600062811863609, 5220857.974882484413683 ], [ 629206.874885047553107, 5220858.07488504704088 ], [ 629206.883721673279069, 5220857.975133715197444 ], [ 629206.966970048728399, 5220857.87390926014632 ], [ 629207.149884074111469, 5220857.774904862977564 ], [ 629207.145676889456809, 5220857.581573965027928 ], [ 629207.299882486113347, 5220857.424937187694013 ], [ 629207.349881483591162, 5220857.199957595206797 ], [ 629207.349882486159913, 5220856.975062810815871 ], [ 629207.29993718827609, 5220856.925117515027523 ], [ 629207.200070216786116, 5220856.90011715143919 ], [ 629206.81586691190023, 5220857.145825644023716 ], [ 629206.747489104047418, 5220857.161833168007433 ], [ 629206.600114952540025, 5220857.125114953145385 ], [ 629206.590819354983978, 5220857.251313502900302 ], [ 629206.526731595746242, 5220857.369792379438877 ], [ 629206.425117513979785, 5220857.450062812305987 ], [ 629206.350116766872816, 5220857.67492197919637 ] ] ] } },
{ "type": "Feature", "properties": { "label": "vineyard", "area_m2": 0.76664734596457573 }, "geometry": { "type": "Polygon", "coordinates": [ [ [ 629201.075114952516742, 5220857.92511495295912 ], [ 629201.075116766849533, 5220857.999921979382634 ], [ 629201.220957151381299, 5220858.121853505261242 ], [ 629201.222795277833939, 5220858.204904476180673 ], [ 629201.175117513979785, 5220858.299937187694013 ], [ 629201.624885047553107, 5220858.474885046482086 ], [ 629201.646354478783906, 5220858.388235268183053 ], [ 629201.724895354593173, 5220858.349884539842606 ], [ 629201.774882849887945, 5220858.274929783307016 ], [ 629201.774882486090064, 5220858.200062812305987 ], [ 629201.726562777534127, 5220858.109480009414256 ], [ 629201.82488248613663, 5220857.974937187507749 ], [ 629201.807149391970597, 5220857.512868280522525 ], [ 629201.849911461933516, 5220857.463448637165129 ], [ 629201.999885047553107, 5220857.399885047227144 ], [ 629202.024402567301877, 5220857.331242985092103 ], [ 629202.174883233266883, 5220857.199921978637576 ], [ 629202.199885047622956, 5220856.975114952772856 ], [ 629202.074951042188331, 5220856.925118195824325 ], [ 629201.650062811793759, 5220856.925117515027523 ], [ 629201.600118516595103, 5220857.125042404979467 ], [ 629201.613192126504146, 5220857.397139674052596 ], [ 629201.563268343219534, 5220857.442387953400612 ], [ 629201.475114952540025, 5220857.450114953331649 ], [ 629201.463904835633002, 5220857.570781330578029 ], [ 629201.350117514026351, 5220857.650062812492251 ], [ 629201.275116766802967, 5220857.775078020989895 ], [ 629201.245710678165779, 5220857.895710677839816 ], [ 629201.075114952516742, 5220857.92511495295912 ] ] ] } },
{ "type": "Feature", "properties": { "label": "vineyard", "area_m2": 0.18596683952903317 }, "geometry": { "type": "Polygon", "coordinates": [ [ [ 629236.625159026472829, 5220856.42484097275883 ], [ 629236.69984097359702, 5220856.42484097275883 ], [ 629236.704576722462662, 5220856.345804665237665 ], [ 629236.807244914467447, 5220856.210377292707562 ], [ 629237.090953882434405, 5220856.326319840736687 ], [ 629237.046457291929983, 5220856.705761351622641 ], [ 629236.949219931266271, 5220856.866543455980718 ], [ 629236.800159026519395, 5220856.875159027054906 ], [ 629236.800159599282779, 5220856.899876373820007 ], [ 629237.199876373284496, 5220857.074840400367975 ], [ 629237.674835385405459, 5220856.199922889471054 ], [ 629237.674840476829559, 5220856.100098901428282 ], [ 629237.525441022007726, 5220855.850892258808017 ], [ 629237.424913625349291, 5220855.750170682556927 ], [ 629237.325086384778842, 5220855.750170697458088 ], [ 629237.266250570304692, 5220855.822847196832299 ], [ 629237.222673236741684, 5220855.827772907912731 ], [ 629237.032134254928678, 5220855.678210952319205 ], [ 629237.024829295813106, 5220855.525086390785873 ], [ 629236.975086384802125, 5220855.500170697458088 ], [ 629236.925170764792711, 5220855.575062738731503 ], [ 629236.950086389551871, 5220855.674829293042421 ], [ 629237.030301539576612, 5220855.68127844389528 ], [ 629237.24999580765143, 5220855.852393801324069 ], [ 629237.29013542283792, 5220855.826710601337254 ], [ 629237.507749726762995, 5220855.835270587354898 ], [ 629237.617560939863324, 5220856.062945399433374 ], [ 629237.628754342440516, 5220856.252721681259573 ], [ 629237.511240103282034, 5220856.390501861460507 ], [ 629237.468351769493893, 5220856.555979850701988 ], [ 629237.266277111368254, 5220856.935842609964311 ], [ 629237.13970532885287, 5220856.994734454900026 ], [ 629237.097044206690043, 5220856.972953668795526 ], [ 629237.062227099318989, 5220856.843975047580898 ], [ 629237.066447630175389, 5220856.603637343272567 ], [ 629237.110651534283534, 5220856.463274789042771 ], [ 629237.118485282524489, 5220856.295050898566842 ], [ 629237.249952227808535, 5220856.103425836190581 ], [ 629237.119951339089312, 5220856.246378745883703 ], [ 629236.833619492943399, 5220856.202977429144084 ], [ 629236.750315380748361, 5220856.000975214876235 ], [ 629236.725086384802125, 5220856.000170697458088 ], [ 629236.625170752289705, 5220856.175062733702362 ], [ 629236.625159026472829, 5220856.42484097275883 ] ] ] } },
{ "type": "Feature", "properties": { "label": "vineyard", "area_m2": 0.20236236954853493 }, "geometry": { "type": "Polygon", "coordinates": [ [ [ 629245.200114952516742, 5220857.799885046668351 ], [ 629245.39988504757639, 5220857.774885047227144 ], [ 629245.440844502300024, 5220857.570982852950692 ], [ 629245.574883233290166, 5220857.474921979010105 ], [ 629245.578925935784355, 5220857.358732908032835 ], [ 629245.624882849864662, 5220857.299929782748222 ], [ 629245.629305966431275, 5220857.02097153197974 ], [ 629245.677860326250084, 5220856.961807873100042 ], [ 629245.749885047553107, 5220856.94988504704088 ], [ 629245.724904862698168, 5220856.800115927122533 ], [ 629245.600062811863609, 5220856.800117515027523 ], [ 629245.575106372125447, 5220856.825071075931191 ], [ 629245.37511819449719, 5220857.250048957765102 ], [ 629245.377897204481997, 5220857.444856707938015 ], [ 629245.327652770560235, 5220857.492026112042367 ], [ 629245.250114952446893, 5220857.500114953145385 ], [ 629245.246074064285494, 5220857.59126709215343 ], [ 629245.200117150205187, 5220857.650070217438042 ], [ 629245.200114952516742, 5220857.799885046668351 ] ] ] } },
{ "type": "Feature", "properties": { "label": "vineyard", "area_m2": 0.35143480959829643 }, "geometry": { "type": "Polygon", "coordinates": [ [ [ 629198.675114952493459, 5220857.950114953331649 ], [ 629198.700062811840326, 5220858.024882485158741 ], [ 629198.795011363807134, 5220858.031700720079243 ], [ 629198.875062811770476, 5220858.099882484413683 ], [ 629198.974882486159913, 5220858.074937188997865 ], [ 629199.031943713198416, 5220857.399864497594535 ], [ 629199.108166590565816, 5220857.315395482815802 ], [ 629199.199885047622956, 5220857.299885046668351 ], [ 629199.299881805549376, 5220857.149951042607427 ], [ 629199.275552707957104, 5220856.905478801578283 ], [ 629199.324881805572659, 5220856.799951042048633 ], [ 629199.324884074158035, 5220856.700095137581229 ], [ 629199.224951041745953, 5220856.650118195451796 ], [ 629199.125070216716267, 5220856.625117151066661 ], [ 629199.066267091431655, 5220856.671074064448476 ], [ 629198.925114952493459, 5220856.67511495295912 ], [ 629198.975117514026351, 5220856.899937187321484 ], [ 629199.045919952215627, 5220857.022826950997114 ], [ 629199.022795277764089, 5220857.229904476553202 ], [ 629198.970710678142495, 5220857.370710678398609 ], [ 629198.850062811863609, 5220857.400117515586317 ], [ 629198.800117513979785, 5220857.450062812305987 ], [ 629198.821074064238928, 5220857.691267091780901 ], [ 629198.775117150158621, 5220857.750070217065513 ], [ 629198.76511392055545, 5220857.899626635015011 ], [ 629198.675114952493459, 5220857.950114953331649 ] ] ] } },
{ "type": "Feature", "properties": { "label": "vineyard", "area_m2": 0.34140447023352688 }, "geometry": { "type": "Polygon", "coordinates": [ [ [ 629204.075114952516742, 5220857.274885047227144 ], [ 629204.153645521379076, 5220857.313235268928111 ], [ 629204.175114952493459, 5220857.399885047227144 ], [ 629204.3152657719329, 5220857.407084438018501 ], [ 629204.375086297979578, 5220857.474883638322353 ], [ 629204.499885047553107, 5220857.474885046482086 ], [ 629204.532844104920514, 5220857.400904886424541 ], [ 629204.599885047646239, 5220857.374885046854615 ], [ 629204.589153775363229, 5220857.137691059149802 ], [ 629204.674882486113347, 5220857.024937189184129 ], [ 629204.724885047646239, 5220856.67511495295912 ], [ 629204.626116717932746, 5220856.664004947058856 ], [ 629204.574913702090271, 5220856.600116360932589 ], [ 629204.425062811817043, 5220856.600117514841259 ], [ 629204.381867047282867, 5220856.710723245516419 ], [ 629204.300117513979785, 5220856.775062812492251 ], [ 629204.287286476464942, 5220856.877093107439578 ], [ 629204.225116360234097, 5220856.925086298957467 ], [ 629204.227897203760222, 5220857.119856708683074 ], [ 629204.075115925981663, 5220857.200095137581229 ], [ 629204.075114952516742, 5220857.274885047227144 ] ] ] } },
{ "type": "Feature", "properties": { "label": "vineyard", "area_m2": 0.26371136098568904 }, "geometry": { "type": "Polygon", "coordinates": [ [ [ 629234.075000000069849, 5220856.597054241225123 ], [ 629234.13213766971603, 5220856.549430678598583 ], [ 629234.620184085215442, 5220856.502196141518652 ], [ 629234.770462811691687, 5220856.627432982437313 ], [ 629234.77517070423346, 5220856.799913609400392 ], [ 629234.80008639045991, 5220856.824829294346273 ], [ 629235.024852040223777, 5220856.824840298853815 ], [ 629235.124823782243766, 5220856.54987027682364 ], [ 629235.149829311063513, 5220856.225086377002299 ], [ 629235.049913622788154, 5220856.12517069093883 ], [ 629234.975081425509416, 5220856.12517396081239 ], [ 629234.700143919559196, 5220856.300146490335464 ], [ 629234.625163983670063, 5220856.400103486143053 ], [ 629234.603897347231396, 5220856.496604284271598 ], [ 629234.075159026542678, 5220856.550159026868641 ], [ 629234.075000000069849, 5220856.597054241225123 ] ] ] } },
{ "type": "Feature", "properties": { "label": "vineyard", "area_m2": 0.14063196296158947 }, "geometry": { "type": "Polygon", "coordinates": [ [ [ 629245.725000000093132, 5220856.547054241411388 ], [ 629245.774840973550454, 5220856.54984097275883 ], [ 629245.777014451450668, 5220856.475801894441247 ], [ 629245.848917614319362, 5220856.355080937966704 ], [ 629245.974829295882955, 5220856.299913609400392 ], [ 629246.024829253670759, 5220856.09993726760149 ], [ 629246.026589155895635, 5220855.950395712628961 ], [ 629246.101601600530557, 5220855.829625882208347 ], [ 629246.274848256609403, 5220855.849840231239796 ], [ 629246.399826049571857, 5220855.524918581359088 ], [ 629246.349851202568971, 5220855.275157607160509 ], [ 629246.324664786923677, 5220855.275976135395467 ], [ 629246.100581664592028, 5220855.724121873266995 ], [ 629246.032940412173048, 5220855.926541328430176 ], [ 629245.825379993533716, 5220856.299537786282599 ], [ 629245.725000000093132, 5220856.547054241411388 ] ] ] } },
{ "type": "Feature", "properties": { "label": "vineyard", "area_m2": 0.44257892107912267 }, "geometry": { "type": "Polygon", "coordinates": [ [ [ 629201.550115001504309, 5220856.574900437146425 ], [ 629201.625099563389085, 5220856.64988499879837 ], [ 629201.724915327038616, 5220856.649884269572794 ], [ 629201.79465697822161, 5220856.586585753597319 ], [ 629201.870365181588568, 5220856.597718259319663 ], [ 629201.920068321283907, 5220856.659963645040989 ], [ 629201.925117070553824, 5220856.749942678958178 ], [ 629202.038902733591385, 5220856.829214587807655 ], [ 629202.050117070437409, 5220856.92494267784059 ], [ 629202.125050496077165, 5220856.974882596172392 ], [ 629202.224896765896119, 5220856.974885178729892 ], [ 629202.299959446652792, 5220856.889095072634518 ], [ 629202.449904670007527, 5220856.924884791485965 ], [ 629202.499882085714489, 5220856.799959902651608 ], [ 629202.476565813180059, 5220856.680595340207219 ], [ 629202.524883104721084, 5220856.599939099512994 ], [ 629202.52488292939961, 5220856.500057321973145 ], [ 629202.318129622377455, 5220856.41072160936892 ], [ 629202.300000000046566, 5220856.190980000421405 ], [ 629202.324882929446176, 5220856.100057320669293 ], [ 629202.075057321926579, 5220855.850117069669068 ], [ 629201.999840490985662, 5220855.91628903336823 ], [ 629201.925114280660637, 5220855.925114280544221 ], [ 629201.925117070553824, 5220855.999942678958178 ], [ 629202.152301045251079, 5220856.061560671776533 ], [ 629202.174999999930151, 5220856.125 ], [ 629202.158146961126477, 5220856.280557023361325 ], [ 629202.000115163275041, 5220856.350096262060106 ], [ 629201.952386798220687, 5220856.463479947298765 ], [ 629201.813660467742011, 5220856.512582563795149 ], [ 629201.723723867791705, 5220856.47818801086396 ], [ 629201.699885719339363, 5220856.375114280730486 ], [ 629201.625057321973145, 5220856.375117070041597 ], [ 629201.550117404898629, 5220856.500050494447351 ], [ 629201.550115001504309, 5220856.574900437146425 ] ] ] } },
{ "type": "Feature", "properties": { "label": "vineyard", "area_m2": 0.33230339830783368 }, "geometry": { "type": "Polygon", "coordinates": [ [ [ 629231.650000000023283, 5220856.122054241597652 ], [ 629232.076177767827176, 5220856.289634699933231 ], [ 629232.100159026565962, 5220856.324840973131359 ], [ 629232.524913610541262, 5220856.299829293042421 ], [ 629232.549231556826271, 5220856.275588118471205 ], [ 629232.500343054533005, 5220855.997836628928781 ], [ 629232.574843526934274, 5220855.150138502940536 ], [ 629232.424866428715177, 5220855.050171409733593 ], [ 629232.275086390436627, 5220855.050170705653727 ], [ 629232.250170704210177, 5220855.075086390599608 ], [ 629232.250170704210177, 5220855.174913609400392 ], [ 629232.431529415538535, 5220855.348673483356833 ], [ 629232.250160668627359, 5220855.550142353400588 ], [ 629232.250159026472829, 5220855.67484097275883 ], [ 629232.329571580630727, 5220855.677748477086425 ], [ 629232.444565560901538, 5220855.745524172671139 ], [ 629232.399197961203754, 5220856.003526865504682 ], [ 629232.298029554076493, 5220856.222943352535367 ], [ 629232.094269655062817, 5220856.28889374807477 ], [ 629231.881815170752816, 5220856.032957445830107 ], [ 629231.874830042826943, 5220855.925101598724723 ], [ 629231.82490388781298, 5220855.87515758164227 ], [ 629231.725123631185852, 5220855.875159606337547 ], [ 629231.650178164010867, 5220856.050062040798366 ], [ 629231.650000000023283, 5220856.122054241597652 ] ] ] } },
{ "type": "Feature", "properties": { "label": "vineyard", "area_m2": 0.60629421354236435 }, "geometry": { "type": "Polygon", "coordinates": [ [ [ 629239.449999999953434, 5220857.397063058800995 ], [ 629239.774232430150732, 5220857.549531996250153 ], [ 629239.84992548939772, 5220857.549835287034512 ], [ 629239.974829956423491, 5220857.424935708753765 ], [ 629239.961635762127116, 5220857.283489069901407 ], [ 629240.120468602166511, 5220857.061079238541424 ], [ 629240.249845342244953, 5220857.024900385178626 ], [ 629240.29959440161474, 5220856.900822852738202 ], [ 629240.27483059396036, 5220856.700066678225994 ], [ 629240.129687040345743, 5220856.392921234481037 ], [ 629240.224841622635722, 5220856.175158376805484 ], [ 629240.115731784375384, 5220856.163284271024168 ], [ 629239.931741215637885, 5220855.978206754662097 ], [ 629239.924841622938402, 5220855.900158377364278 ], [ 629239.825158377061598, 5220855.900158377364278 ], [ 629239.825158377061598, 5220855.974841622635722 ], [ 629239.932158715324476, 5220855.988841377198696 ], [ 629240.096658387570642, 5220856.221637701615691 ], [ 629240.098179978784174, 5220856.321983862668276 ], [ 629239.826217847294174, 5220856.698331710882485 ], [ 629239.475157903740183, 5220856.900075417943299 ], [ 629239.449999999953434, 5220857.397063058800995 ] ] ] } },
{ "type": "Feature", "properties": { "label": "vineyard", "area_m2": 0.54344089904529347 }, "geometry": { "type": "Polygon", "coordinates": [ [ [ 629242.975807538954541, 5220856.55016100872308 ], [ 629243.03186704730615, 5220856.589276754297316 ], [ 629243.050116360187531, 5220856.674913701601326 ], [ 629243.107423035195097, 5220856.726597566157579 ], [ 629243.100115926004946, 5220856.849904862232506 ], [ 629243.374885047553107, 5220856.94988504704088 ], [ 629243.378925935830921, 5220856.78373290784657 ], [ 629243.446565925492905, 5220856.710403375327587 ], [ 629243.537131719640456, 5220856.70714939199388 ], [ 629243.600114952540025, 5220856.799885046668351 ], [ 629243.674885047599673, 5220856.799885046668351 ], [ 629243.68771352362819, 5220856.722906892187893 ], [ 629243.79988180543296, 5220856.599951041862369 ], [ 629243.799885047599673, 5220856.55011495295912 ], [ 629243.701273755636066, 5220856.494194156490266 ], [ 629243.69933075888548, 5220856.40999052952975 ], [ 629243.79993718827609, 5220856.349882484413683 ], [ 629243.883166591287591, 5220856.240395482629538 ], [ 629243.974885047646239, 5220856.224885046482086 ], [ 629243.974885047646239, 5220856.150114953517914 ], [ 629243.872698954772204, 5220856.113439328968525 ], [ 629243.849885047646239, 5220856.000114953145385 ], [ 629243.740640491596423, 5220856.008078589104116 ], [ 629243.674895354430191, 5220855.925115459598601 ], [ 629243.525114952353761, 5220855.900114953517914 ], [ 629243.525117513956502, 5220855.999937187880278 ], [ 629243.603480494930409, 5220856.090604835189879 ], [ 629243.600114952540025, 5220856.249885046854615 ], [ 629243.678645521402359, 5220856.288235268555582 ], [ 629243.698078528163023, 5220856.369509032927454 ], [ 629243.647139673819765, 5220856.438192127272487 ], [ 629243.531614390900359, 5220856.458297314122319 ], [ 629243.549518472747877, 5220856.534801714122295 ], [ 629243.513439328526147, 5220856.602301045320928 ], [ 629243.392939047189429, 5220856.612705447711051 ], [ 629243.341031681280583, 5220856.521728092804551 ], [ 629243.418412965256721, 5220856.421153060160577 ], [ 629243.399881805409677, 5220856.275048958137631 ], [ 629243.291921411873773, 5220856.159359510987997 ], [ 629243.299881483544596, 5220856.000042404979467 ], [ 629243.275552707957104, 5220855.944521198049188 ], [ 629243.287713523721322, 5220855.872906892560422 ], [ 629243.349884074181318, 5220855.8000951372087 ], [ 629243.125114952446893, 5220855.725114952772856 ], [ 629243.148033720208332, 5220855.961014152504504 ], [ 629243.075115925981663, 5220856.025095138698816 ], [ 629243.053645521402359, 5220856.136764731258154 ], [ 629242.975114952540025, 5220856.17511495295912 ], [ 629242.975807538954541, 5220856.55016100872308 ] ] ] } },
{ "type": "Feature", "properties": { "label": "vineyard", "area_m2": 1.3137890109716737 }, "geometry": { "type": "Polygon", "coordinates": [ [ [ 629243.025062058586627, 5220855.573808367364109 ], [ 629243.125152360764332, 5220855.724863595329225 ], [ 629243.175822573946789, 5220855.750191249884665 ], [ 629243.824252564227208, 5220855.999597583897412 ], [ 629243.975782019202597, 5220855.999287138693035 ], [ 629244.125369360321201, 5220855.89895560964942 ], [ 629244.349829247803427, 5220855.449937266297638 ], [ 629244.32959329453297, 5220855.219753778539598 ], [ 629244.424169953679666, 5220855.051582796499133 ], [ 629244.674853185075335, 5220854.749850599095225 ], [ 629244.749829303589649, 5220854.550086384639144 ], [ 629244.599948135903105, 5220854.475158764980733 ], [ 629244.322130825836211, 5220854.471901398152113 ], [ 629244.054264021338895, 5220854.326494571752846 ], [ 629243.999062087154016, 5220854.224683972075582 ], [ 629243.824937959667295, 5220854.150178165175021 ], [ 629243.725159026565962, 5220854.150159027427435 ], [ 629243.750157436239533, 5220854.499881321564317 ], [ 629243.828008958138525, 5220854.557716059498489 ], [ 629243.925155237084255, 5220854.7998406002298 ], [ 629244.073499790858477, 5220854.803268346004188 ], [ 629244.261020221281797, 5220854.963714708574116 ], [ 629244.226180312922224, 5220855.143425709567964 ], [ 629243.812161113135517, 5220855.388195505365729 ], [ 629243.655926559702493, 5220855.207711741328239 ], [ 629243.624913610517979, 5220855.075170706957579 ], [ 629243.175086384755559, 5220855.175170697271824 ], [ 629243.025170752312988, 5220855.450062734074891 ], [ 629243.025062058586627, 5220855.573808367364109 ] ] ] } },
{ "type": "Feature", "properties": { "label": "vineyard", "area_m2": 0.3909043350489726 }, "geometry": { "type": "Polygon", "coordinates": [ [ [ 629199.075170752359554, 5220856.250062733888626 ], [ 629199.125153713743202, 5220856.62491668947041 ], [ 629199.275062045431696, 5220856.699821823276579 ], [ 629199.349856545799412, 5220856.69984136056155 ], [ 629199.451804280979559, 5220856.453897417522967 ], [ 629199.599873721948825, 5220856.374845105223358 ], [ 629199.625136689399369, 5220856.324058858677745 ], [ 629199.674817981431261, 5220856.149919067509472 ], [ 629199.674975912901573, 5220856.001964556053281 ], [ 629199.610779428388923, 5220855.862177615985274 ], [ 629199.743087359238416, 5220855.687630651518703 ], [ 629199.82484097359702, 5220855.67484097275883 ], [ 629199.82484097359702, 5220855.650159027427435 ], [ 629199.750159026472829, 5220855.650159027427435 ], [ 629199.587364648818038, 5220855.869308786466718 ], [ 629199.494265025830828, 5220855.846323724836111 ], [ 629199.300123631139286, 5220855.700159606523812 ], [ 629199.075170752359554, 5220856.250062733888626 ] ] ] } },
{ "type": "Feature", "properties": { "label": "vineyard", "area_m2": 0.45453066953465121 }, "geometry": { "type": "Polygon", "coordinates": [ [ [ 629240.450812772964127, 5220855.349361808039248 ], [ 629240.526641086209565, 5220855.442839240655303 ], [ 629240.548370840610005, 5220855.660184283740819 ], [ 629240.525157903786749, 5220855.774924582801759 ], [ 629240.622063059709035, 5220855.800000000745058 ], [ 629240.799840938299894, 5220855.774844921194017 ], [ 629240.799841622821987, 5220855.675158376805484 ], [ 629240.680228730430827, 5220855.763789160177112 ], [ 629240.560055933543481, 5220855.679947527125478 ], [ 629240.534675713162869, 5220855.449731641449034 ], [ 629240.674870342132635, 5220855.42484447080642 ], [ 629240.992817079764791, 5220855.206616102717817 ], [ 629241.199881128850393, 5220855.249843270517886 ], [ 629241.324829997494817, 5220855.024935721419752 ], [ 629241.324829995050095, 5220854.850064277648926 ], [ 629241.274868350010365, 5220854.750129501335323 ], [ 629241.049922088510357, 5220854.625163482502103 ], [ 629240.975126624223776, 5220854.625156351365149 ], [ 629240.827288589789532, 5220854.795287665911019 ], [ 629240.650085714296438, 5220854.800173065625131 ], [ 629240.575884831370786, 5220854.849562996067107 ], [ 629240.549999999930151, 5220854.877936942502856 ], [ 629240.571183286025189, 5220855.146657110191882 ], [ 629240.450812772964127, 5220855.349361808039248 ] ] ] } },
{ "type": "Feature", "properties": { "label": "vineyard", "area_m2": 0.51535523017738272 }, "geometry": { "type": "Polygon", "coordinates": [ [ [ 629199.425114952493459, 5220855.399885047227144 ], [ 629199.533732908661477, 5220855.328925935551524 ], [ 629199.670011363807134, 5220855.331700719892979 ], [ 629199.759002595907077, 5220855.428444649092853 ], [ 629199.750114952446893, 5220855.649885047227144 ], [ 629199.824929783702828, 5220855.649882849305868 ], [ 629199.899902711971663, 5220855.599892658181489 ], [ 629199.949881805572659, 5220855.499951042234898 ], [ 629199.926751262973994, 5220855.217844794504344 ], [ 629200.049882849911228, 5220855.024929783307016 ], [ 629200.058200560160913, 5220854.832043777219951 ], [ 629200.124883639859036, 5220854.774913701228797 ], [ 629200.131943713175133, 5220854.649864497594535 ], [ 629200.215554819675162, 5220854.516562386415899 ], [ 629200.299895354546607, 5220854.474884539842606 ], [ 629200.349882849957794, 5220854.399929783307016 ], [ 629200.324885047622956, 5220854.075114953331649 ], [ 629200.225114952540025, 5220854.05011495295912 ], [ 629200.191799439839087, 5220854.317956223152578 ], [ 629199.997117671766318, 5220854.523212922737002 ], [ 629199.892939046025276, 5220854.51270544808358 ], [ 629199.842381265480071, 5220854.441693008877337 ], [ 629199.893008014652878, 5220854.30825212970376 ], [ 629199.974884541356005, 5220854.249895353801548 ], [ 629199.974885047646239, 5220854.150114953517914 ], [ 629199.925095137441531, 5220854.150115927681327 ], [ 629199.425114952493459, 5220855.399885047227144 ] ] ] } },
{ "type": "Feature", "properties": { "label": "vineyard", "area_m2": 0.036489889695775247 }, "geometry": { "type": "Polygon", "coordinates": [ [ [ 629237.800062811817043, 5220855.250117515213788 ], [ 629237.775117513956502, 5220855.374937187880278 ], [ 629237.825071076396853, 5220855.424893628805876 ], [ 629237.877454878995195, 5220855.450000000186265 ], [ 629237.999884074088186, 5220855.424904862418771 ], [ 629237.974885047646239, 5220855.250114953145385 ], [ 629237.800062811817043, 5220855.250117515213788 ] ] ] } },
{ "type": "Feature", "properties": { "label": "vineyard", "area_m2": 0.32778855073076635 }, "geometry": { "type": "Polygon", "coordinates": [ [ [ 629235.175115208839998, 5220855.549904668703675 ], [ 629235.279231664142571, 5220855.625468988902867 ], [ 629235.300114280660637, 5220855.699885719455779 ], [ 629235.399942678050138, 5220855.699882930144668 ], [ 629235.439990865648724, 5220855.492349176667631 ], [ 629235.599884836585261, 5220855.424903737381101 ], [ 629235.650000000023283, 5220855.227447513490915 ], [ 629235.589135294547305, 5220855.107573091052473 ], [ 629235.64988292939961, 5220854.999942678026855 ], [ 629235.662711169454269, 5220854.897907991893589 ], [ 629235.724884385708719, 5220854.849912942387164 ], [ 629235.700519149308093, 5220854.611523539759219 ], [ 629235.774884385755286, 5220854.524912943132222 ], [ 629235.774884791113436, 5220854.425095329061151 ], [ 629235.675114280660637, 5220854.400114280171692 ], [ 629235.659594756085426, 5220854.491846609860659 ], [ 629235.581284867599607, 5220854.556054088287055 ], [ 629235.400114280870184, 5220854.550114280544221 ], [ 629235.44944797991775, 5220854.730487179011106 ], [ 629235.450117070460692, 5220854.94994267821312 ], [ 629235.499777785269544, 5220855.00801161583513 ], [ 629235.505446999915875, 5220855.076492143794894 ], [ 629235.438630964024924, 5220855.145515395328403 ], [ 629235.225114280707203, 5220855.150114280171692 ], [ 629235.175115208839998, 5220855.549904668703675 ] ] ] } },
{ "type": "Feature", "properties": { "label": "vineyard", "area_m2": 0.14835892924008337 }, "geometry": { "type": "Polygon", "coordinates": [ [ [ 629243.825000000069849, 5220854.172054241411388 ], [ 629243.999858944443986, 5220854.224837243556976 ], [ 629244.132551239570603, 5220854.051376878283918 ], [ 629244.624116513761692, 5220854.031773680821061 ], [ 629244.650166064151563, 5220854.099859558977187 ], [ 629244.79516506975051, 5220854.24843543022871 ], [ 629244.744063862715848, 5220854.460324666462839 ], [ 629244.551095714676194, 5220854.450066771358252 ], [ 629244.550159604055807, 5220854.474876368418336 ], [ 629244.774840973550454, 5220854.54984097275883 ], [ 629244.753765179309994, 5220854.45784424431622 ], [ 629244.796766956336796, 5220854.253011857159436 ], [ 629244.924840396037325, 5220854.199876368977129 ], [ 629244.924836030462757, 5220854.000103480182588 ], [ 629244.798915241961367, 5220853.875067310407758 ], [ 629244.700150385499001, 5220853.875161657109857 ], [ 629244.655539940809831, 5220854.006259148940444 ], [ 629244.622594575281255, 5220854.026248178444803 ], [ 629244.15866982343141, 5220854.04529245942831 ], [ 629244.099876369000413, 5220853.925159606151283 ], [ 629244.000144128105603, 5220853.925162515603006 ], [ 629243.825000000069849, 5220854.172054241411388 ] ] ] } },
{ "type": "Feature", "properties": { "label": "vineyard", "area_m2": 0.30720129726823081 }, "geometry": { "type": "Polygon", "coordinates": [ [ [ 629235.300000000046566, 5220854.022054241038859 ], [ 629235.652249641134404, 5220854.129252347163856 ], [ 629235.723607349675149, 5220854.227391324937344 ], [ 629235.725159026565962, 5220854.42484097275883 ], [ 629235.774849614710547, 5220854.424838342703879 ], [ 629235.826391606125981, 5220854.273300742730498 ], [ 629235.974870519246906, 5220854.074862843379378 ], [ 629236.094459600746632, 5220853.836175257340074 ], [ 629236.175243485951796, 5220853.798989279195666 ], [ 629236.224936727085151, 5220853.673833088018 ], [ 629236.199838864966296, 5220853.475086154416203 ], [ 629236.050159026519395, 5220853.400159027427435 ], [ 629235.859855414018966, 5220853.593352096155286 ], [ 629235.775155858485959, 5220853.625155857764184 ], [ 629235.750068735214882, 5220853.773944276385009 ], [ 629235.791620626347139, 5220853.824461716227233 ], [ 629235.715196715667844, 5220854.043321120552719 ], [ 629235.646004202542827, 5220854.04805008135736 ], [ 629235.398886339389719, 5220853.925065889954567 ], [ 629235.300159026519395, 5220853.925159026868641 ], [ 629235.300000000046566, 5220854.022054241038859 ] ] ] } },
{ "type": "Feature", "properties": { "label": "vineyard", "area_m2": 0.062041967338802309 }, "geometry": { "type": "Polygon", "coordinates": [ [ [ 629246.675000000046566, 5220854.572054241783917 ], [ 629246.774882828234695, 5220854.549846534617245 ], [ 629246.849847585195675, 5220854.474881132133305 ], [ 629246.899841242004186, 5220854.324948134832084 ], [ 629246.901740448316559, 5220854.172425391152501 ], [ 629246.999848231789656, 5220854.074841941706836 ], [ 629247.024841170292348, 5220853.999948112294078 ], [ 629246.993979238905013, 5220853.897738695144653 ], [ 629247.024840973550454, 5220853.850159026682377 ], [ 629247.000123626785353, 5220853.85015959944576 ], [ 629246.925170752336271, 5220854.000062733888626 ], [ 629246.921532073174603, 5220854.106205143034458 ], [ 629246.825151779921725, 5220854.200158014893532 ], [ 629246.675000000046566, 5220854.572054241783917 ] ] ] } },
{ "type": "Feature", "properties": { "label": "vineyard", "area_m2": 0.20564015595806315 }, "geometry": { "type": "Polygon", "coordinates": [ [ [ 629232.675807538907975, 5220853.999838991090655 ], [ 629232.675117513979785, 5220854.074937188997865 ], [ 629232.755395021406002, 5220854.17522980645299 ], [ 629232.750117513933219, 5220854.374937187880278 ], [ 629232.850095137371682, 5220854.474884072318673 ], [ 629232.93982004688587, 5220854.496165356598794 ], [ 629232.975086298072711, 5220854.549883638508618 ], [ 629233.049904862651601, 5220854.549884072504938 ], [ 629233.099882486159913, 5220854.474937187507749 ], [ 629233.100000000093132, 5220854.377454861998558 ], [ 629233.017060488811694, 5220854.23967304173857 ], [ 629233.050000000046566, 5220854.147545138373971 ], [ 629233.024882486090064, 5220853.900062812492251 ], [ 629232.974937188439071, 5220853.850117514841259 ], [ 629232.750114952446893, 5220853.825114953331649 ], [ 629232.741799439885654, 5220853.942956223152578 ], [ 629232.675807538907975, 5220853.999838991090655 ] ] ] } },
{ "type": "Feature", "properties": { "label": "vineyard", "area_m2": 0.27582190130063028 }, "geometry": { "type": "Polygon", "coordinates": [ [ [ 629200.25, 5220854.072054241783917 ], [ 629200.3498576937709, 5220854.09983937907964 ], [ 629200.424836525693536, 5220853.974899395368993 ], [ 629200.425647733383812, 5220853.841096146963537 ], [ 629200.466814432293177, 5220853.781051144003868 ], [ 629200.728210292058066, 5220853.825450936332345 ], [ 629200.750159026472829, 5220853.92484097275883 ], [ 629200.874829295789823, 5220853.899913609027863 ], [ 629200.824872483732179, 5220853.750152678228915 ], [ 629200.577769219176844, 5220853.569247935898602 ], [ 629200.575602973811328, 5220853.45009651593864 ], [ 629200.624840549542569, 5220853.275048173964024 ], [ 629200.474876369000413, 5220852.825159606523812 ], [ 629200.450145262177102, 5220852.825157438404858 ], [ 629200.32515881920699, 5220853.150051887147129 ], [ 629200.445251198369078, 5220853.382887975312769 ], [ 629200.299930829904042, 5220853.775815332308412 ], [ 629200.25, 5220854.072054241783917 ] ] ] } },
{ "type": "Feature", "properties": { "label": "vineyard", "area_m2": 0.41257226296849792 }, "geometry": { "type": "Polygon", "coordinates": [ [ [ 629238.000114280730486, 5220854.649885719642043 ], [ 629238.099935299833305, 5220854.624891068786383 ], [ 629238.209155245218426, 5220854.529166926629841 ], [ 629238.399926441372372, 5220854.524883724749088 ], [ 629238.474882929236628, 5220854.449942679144442 ], [ 629238.474884385825135, 5220854.350087057799101 ], [ 629238.402071206830442, 5220854.273547258228064 ], [ 629238.40404362406116, 5220854.07185086235404 ], [ 629238.499885719153099, 5220853.999885719269514 ], [ 629238.57447444612626, 5220853.809456955641508 ], [ 629238.67488571931608, 5220853.774885719642043 ], [ 629238.67488571931608, 5220853.700114279985428 ], [ 629238.572698954725638, 5220853.663439327850938 ], [ 629238.549882929539308, 5220853.55005732178688 ], [ 629238.499942678026855, 5220853.500117070041597 ], [ 629238.305092465132475, 5220853.502869389019907 ], [ 629238.224942678003572, 5220853.350117069669068 ], [ 629238.125117070740089, 5220853.375057321041822 ], [ 629238.125114280846901, 5220853.449885719455779 ], [ 629238.228188012493774, 5220853.473723868839443 ], [ 629238.262582563445903, 5220853.563660472631454 ], [ 629238.200117404921912, 5220853.725050494074821 ], [ 629238.216149439685978, 5220853.896202863194048 ], [ 629238.075117070577107, 5220854.100057321600616 ], [ 629238.072965127066709, 5220854.262200053781271 ], [ 629238.000117405084893, 5220854.375050494447351 ], [ 629238.000114280730486, 5220854.649885719642043 ] ] ] } },
{ "type": "Feature", "properties": { "label": "vineyard", "area_m2": 0.53795778653504089 }, "geometry": { "type": "Polygon", "coordinates": [ [ [ 629244.225000000093132, 5220853.347054241225123 ], [ 629244.299870295100845, 5220853.349842114374042 ], [ 629244.478044660179876, 5220853.226863807998598 ], [ 629244.649865703657269, 5220853.224838406778872 ], [ 629244.899849445326254, 5220852.99984944332391 ], [ 629245.088792847236618, 5220852.775793192908168 ], [ 629245.178998024319299, 5220852.783303526230156 ], [ 629245.364878573338501, 5220852.991083598695695 ], [ 629245.375159026472829, 5220853.149840973317623 ], [ 629245.39987637323793, 5220853.14984040055424 ], [ 629245.449830351746641, 5220853.049934666603804 ], [ 629245.499975912855007, 5220852.72303544357419 ], [ 629245.499836557544768, 5220852.650100591592491 ], [ 629245.425512584624812, 5220852.526113158091903 ], [ 629245.374913625302725, 5220852.475170682184398 ], [ 629245.052124655572698, 5220852.424841694533825 ], [ 629244.824866375885904, 5220852.250165318138897 ], [ 629244.750159026472829, 5220852.250159027054906 ], [ 629244.747897859429941, 5220852.32910677511245 ], [ 629244.631536348722875, 5220852.580183459445834 ], [ 629244.550066770636477, 5220852.601095715537667 ], [ 629244.550861478899606, 5220852.675681152381003 ], [ 629244.672715723630972, 5220852.725327633321285 ], [ 629244.691069740103558, 5220853.000863884575665 ], [ 629244.658220594632439, 5220853.02481229417026 ], [ 629244.45015174348373, 5220853.025159768760204 ], [ 629244.419505960657261, 5220853.128307513892651 ], [ 629244.225160387344658, 5220853.275139076635242 ], [ 629244.225000000093132, 5220853.347054241225123 ] ] ] } },
{ "type": "Feature", "properties": { "label": "vineyard", "area_m2": 0.19318191585246183 }, "geometry": { "type": "Polygon", "coordinates": [ [ [ 629238.175000000046566, 5220852.822054240852594 ], [ 629238.20111366128549, 5220852.849934109486639 ], [ 629238.34551208477933, 5220852.833091142587364 ], [ 629238.831535984994844, 5220853.02119243144989 ], [ 629238.875159026472829, 5220853.374840972945094 ], [ 629239.02487637323793, 5220853.374840400181711 ], [ 629239.174839988118038, 5220853.049941088072956 ], [ 629239.10368830896914, 5220852.839611631818116 ], [ 629239.221369618433528, 5220852.495158115401864 ], [ 629239.299840973573737, 5220852.474840972572565 ], [ 629239.299829190364107, 5220852.375062754377723 ], [ 629239.274876368930563, 5220852.325159606523812 ], [ 629239.200159026542678, 5220852.32515902724117 ], [ 629239.21816006815061, 5220852.49455248657614 ], [ 629239.10157588054426, 5220852.833063867874444 ], [ 629238.975141055649146, 5220852.850162755697966 ], [ 629238.829004198079929, 5220853.016091898083687 ], [ 629238.328171195345931, 5220852.810711517930031 ], [ 629238.327147032949142, 5220852.670804076828063 ], [ 629238.466657443786971, 5220852.373004454188049 ], [ 629238.549876368953846, 5220852.349840393289924 ], [ 629238.574829190387391, 5220852.299937245436013 ], [ 629238.57484097359702, 5220852.225159026682377 ], [ 629238.475159026565962, 5220852.225159026682377 ], [ 629238.471481956192292, 5220852.355669104494154 ], [ 629238.309519869391806, 5220852.633337751962245 ], [ 629238.250123626785353, 5220852.650159600190818 ], [ 629238.175000000046566, 5220852.822054240852594 ] ] ] } },
{ "type": "Feature", "properties": { "label": "vineyard", "area_m2": 0.70627174353279576 }, "geometry": { "type": "Polygon", "coordinates": [ [ [ 629240.92511592595838, 5220853.600095137022436 ], [ 629240.950106372125447, 5220853.724928923882544 ], [ 629241.042051029508002, 5220853.78988818731159 ], [ 629241.074338077916764, 5220853.851768961176276 ], [ 629241.06627832679078, 5220853.924866285175085 ], [ 629241.000117513933219, 5220854.024937189184129 ], [ 629241.125048957881518, 5220854.12488180398941 ], [ 629241.324937188299373, 5220854.099882484413683 ], [ 629241.424884074134752, 5220853.999904861673713 ], [ 629241.429937781300396, 5220853.909943086095154 ], [ 629241.4898881878471, 5220853.807948969304562 ], [ 629241.67493718827609, 5220853.749882484786212 ], [ 629241.749882486066781, 5220853.674937187694013 ], [ 629241.824881805572659, 5220853.424951042048633 ], [ 629241.800552707980387, 5220853.155478801578283 ], [ 629241.849882486159913, 5220852.975062810815871 ], [ 629241.772545121028088, 5220852.924999999813735 ], [ 629241.650048957904801, 5220852.925118195824325 ], [ 629241.543212755699642, 5220852.974576741456985 ], [ 629241.300062811817043, 5220852.950117515400052 ], [ 629241.200117514003068, 5220853.100062810815871 ], [ 629241.197945057530887, 5220853.253598468378186 ], [ 629241.050117513979785, 5220853.350062810815871 ], [ 629241.041278326767497, 5220853.49986628536135 ], [ 629240.92511592595838, 5220853.600095137022436 ] ] ] } },
{ "type": "Feature", "properties": { "label": "vineyard", "area_m2": 0.27271535841715727 }, "geometry": { "type": "Polygon", "coordinates": [ [ [ 629236.000117150135338, 5220853.124929782934487 ], [ 629236.07091995223891, 5220853.272826950997114 ], [ 629236.050117513979785, 5220853.399937189184129 ], [ 629236.199885047622956, 5220853.474885046482086 ], [ 629236.219263491570018, 5220853.306972918100655 ], [ 629236.279988637426868, 5220853.256700719706714 ], [ 629236.374885047553107, 5220853.249885046854615 ], [ 629236.374882486066781, 5220853.125062812119722 ], [ 629236.327204722329043, 5220853.054904475808144 ], [ 629236.289098583161831, 5220852.792138318531215 ], [ 629236.302456580917351, 5220852.725868654437363 ], [ 629236.457244490738958, 5220852.534601070918143 ], [ 629236.551623185048811, 5220852.52411756105721 ], [ 629236.625095137394965, 5220852.599884072318673 ], [ 629236.699937188299373, 5220852.599882484413683 ], [ 629236.749881483498029, 5220852.499957595020533 ], [ 629236.69995104172267, 5220852.450118195265532 ], [ 629236.586349957506172, 5220852.452360888943076 ], [ 629236.527843056130223, 5220852.422531095333397 ], [ 629236.499884074088186, 5220852.225095137022436 ], [ 629236.350114952540025, 5220852.17511495295912 ], [ 629236.350117514026351, 5220852.249937187880278 ], [ 629236.424447292112745, 5220852.355478801764548 ], [ 629236.42307852813974, 5220852.469509032554924 ], [ 629236.388439328526147, 5220852.527301045134664 ], [ 629236.125114952446893, 5220852.55011495295912 ], [ 629236.125117150135338, 5220852.674929782748222 ], [ 629236.167104510008357, 5220852.719744486734271 ], [ 629236.173708708956838, 5220852.786798012442887 ], [ 629236.125117150135338, 5220852.850070216692984 ], [ 629236.109155497746542, 5220852.979017147794366 ], [ 629236.000117513933219, 5220853.050062811002135 ], [ 629236.000117150135338, 5220853.124929782934487 ] ] ] } },
{ "type": "Feature", "properties": { "label": "vineyard", "area_m2": 0.61073743114021783 }, "geometry": { "type": "Polygon", "coordinates": [ [ [ 629232.925114829209633, 5220852.900103081949055 ], [ 629232.925117070437409, 5220852.974942677654326 ], [ 629232.975096262176521, 5220853.049884838052094 ], [ 629233.099840492359363, 5220853.058710968121886 ], [ 629233.262462487560697, 5220853.161055750213563 ], [ 629233.270855910493992, 5220853.246212720870972 ], [ 629233.200117070577107, 5220853.325057321228087 ], [ 629233.200115208979696, 5220853.524904671125114 ], [ 629233.289219468948431, 5220853.58145791105926 ], [ 629233.375096261966974, 5220853.774884836748242 ], [ 629233.474942677887157, 5220853.799882930703461 ], [ 629233.549882929539308, 5220853.69994267821312 ], [ 629233.574882085900754, 5220853.474959901534021 ], [ 629233.546821267344058, 5220853.320076713338494 ], [ 629233.599999999976717, 5220853.052447512745857 ], [ 629233.554931681137532, 5220852.990036362782121 ], [ 629233.552579402923584, 5220852.917131890542805 ], [ 629233.649855431984179, 5220852.806948181241751 ], [ 629233.824904670007527, 5220852.799884791485965 ], [ 629233.849999999976717, 5220852.577447513118386 ], [ 629233.824891069554724, 5220852.525064701214433 ], [ 629233.774942678050138, 5220852.475117069669068 ], [ 629233.548442864790559, 5220852.47589835524559 ], [ 629233.47490629774984, 5220852.400115287862718 ], [ 629233.400050496100448, 5220852.400117403827608 ], [ 629233.32510772626847, 5220852.450065791606903 ], [ 629233.226108802249655, 5220852.643548364751041 ], [ 629233.050115163321607, 5220852.725096261128783 ], [ 629233.006993465707637, 5220852.841746272519231 ], [ 629232.925114829209633, 5220852.900103081949055 ] ] ] } },
{ "type": "Feature", "properties": { "label": "vineyard", "area_m2": 0.19525297529599919 }, "geometry": { "type": "Polygon", "coordinates": [ [ [ 629236.375, 5220852.197054241783917 ], [ 629236.44984097359702, 5220852.199840973131359 ], [ 629236.55148522532545, 5220851.93425721116364 ], [ 629236.624913610517979, 5220851.924829293042421 ], [ 629236.725445040152408, 5220851.800549603998661 ], [ 629236.894323868444189, 5220851.703100432641804 ], [ 629237.024837065837346, 5220851.674843705259264 ], [ 629236.999846306396648, 5220851.500083292834461 ], [ 629236.899913623929024, 5220851.400170682929456 ], [ 629236.650138274766505, 5220851.425158536061645 ], [ 629236.52515372086782, 5220851.550083311274648 ], [ 629236.47516464360524, 5220851.750077249482274 ], [ 629236.498087827349082, 5220851.909504465758801 ], [ 629236.453752729226835, 5220852.142505750060081 ], [ 629236.375, 5220852.197054241783917 ] ] ] } },
{ "type": "Feature", "properties": { "label": "vineyard", "area_m2": 0.55791358082735099 }, "geometry": { "type": "Polygon", "coordinates": [ [ [ 629244.828134645940736, 5220851.800661012530327 ], [ 629245.005736508523114, 5220851.956972918473184 ], [ 629245.025115925935097, 5220852.124904862605035 ], [ 629245.118542743031867, 5220852.173889017663896 ], [ 629245.150114952470176, 5220852.249885046854615 ], [ 629245.27488504757639, 5220852.249885046854615 ], [ 629245.297698954702355, 5220852.161560671404004 ], [ 629245.384021858917549, 5220852.125 ], [ 629245.473189450800419, 5220852.168335917405784 ], [ 629245.500114952446893, 5220852.249885046854615 ], [ 629245.654059824184515, 5220852.227524670772254 ], [ 629245.749885047553107, 5220852.274885047227144 ], [ 629245.799881805549376, 5220852.149951042607427 ], [ 629245.78886209288612, 5220852.010578142479062 ], [ 629245.874882486066781, 5220851.924937187694013 ], [ 629245.924882849911228, 5220851.700070217251778 ], [ 629245.843839367036708, 5220851.580970281735063 ], [ 629245.849885047646239, 5220851.475114952772856 ], [ 629245.800070216297172, 5220851.475117150694132 ], [ 629245.734395151026547, 5220851.528480499051511 ], [ 629245.642179015907459, 5220851.51946048438549 ], [ 629245.586095164529979, 5220851.470781330950558 ], [ 629245.57488248613663, 5220851.375062812119722 ], [ 629245.450114952516742, 5220851.325114953331649 ], [ 629245.460251494660042, 5220851.535810464993119 ], [ 629245.420903774444014, 5220851.601458172313869 ], [ 629245.356427075341344, 5220851.621016965247691 ], [ 629245.167844794690609, 5220851.598248736932874 ], [ 629245.049951041699387, 5220851.525118195451796 ], [ 629244.975114952540025, 5220851.525114953517914 ], [ 629244.922537438571453, 5220851.668835455551744 ], [ 629244.825114952516742, 5220851.700114953331649 ], [ 629244.828134645940736, 5220851.800661012530327 ] ], [ [ 629245.300000000046566, 5220851.786477712914348 ], [ 629245.335021271603182, 5220851.710466102696955 ], [ 629245.40602072479669, 5220851.686659122817218 ], [ 629245.58195765176788, 5220851.708466801792383 ], [ 629245.63908168731723, 5220851.803772496059537 ], [ 629245.573883282137103, 5220851.914004947058856 ], [ 629245.427120195119642, 5220851.924561222083867 ], [ 629245.326810549595393, 5220851.856664082966745 ], [ 629245.300000000046566, 5220851.786477712914348 ] ] ] } },
{ "type": "Feature", "properties": { "label": "vineyard", "area_m2": 0.63209382039284734 }, "geometry": { "type": "Polygon", "coordinates": [ [ [ 629230.675117914099246, 5220852.499959900975227 ], [ 629230.80005732155405, 5220852.874882929958403 ], [ 629230.899942678050138, 5220852.874882929958403 ], [ 629231.249892273801379, 5220852.574934208765626 ], [ 629231.324882085900754, 5220852.399959901347756 ], [ 629231.354166932869703, 5220852.059155229479074 ], [ 629231.449884998495691, 5220851.949900437146425 ], [ 629231.474999999976717, 5220851.822552487254143 ], [ 629231.449942678329535, 5220851.700117069296539 ], [ 629231.174959901138209, 5220851.60011791344732 ], [ 629231.075057321926579, 5220851.600117069669068 ], [ 629230.950107725802809, 5220851.725065791979432 ], [ 629230.700117404921912, 5220852.350050494074821 ], [ 629230.675117914099246, 5220852.499959900975227 ] ] ] } },
{ "type": "Feature", "properties": { "label": "vineyard", "area_m2": 0.28340394134583302 }, "geometry": { "type": "Polygon", "coordinates": [ [ [ 629231.12812202621717, 5220851.600658946670592 ], [ 629231.450040099211037, 5220851.724882086738944 ], [ 629231.499882929376327, 5220851.699942679144442 ], [ 629231.476756867603399, 5220851.504842136055231 ], [ 629231.649883724632673, 5220851.399926441721618 ], [ 629231.65694818017073, 5220851.324855434708297 ], [ 629231.699883437715471, 5220851.274932301603258 ], [ 629231.677539149764925, 5220851.120824134908617 ], [ 629231.749882594915107, 5220850.999949505552649 ], [ 629231.749882594915107, 5220850.900050493888557 ], [ 629231.674942677957006, 5220850.775117069482803 ], [ 629231.550087057636119, 5220850.775115613825619 ], [ 629231.510721618193202, 5220850.831870371475816 ], [ 629231.45011428068392, 5220850.850114280357957 ], [ 629231.375117914285511, 5220851.025040097534657 ], [ 629231.370359942200594, 5220851.208407829515636 ], [ 629231.300115614081733, 5220851.275087056681514 ], [ 629231.291362430900335, 5220851.480676950886846 ], [ 629231.226327490876429, 5220851.540813261643052 ], [ 629231.125114280846901, 5220851.550114280544221 ], [ 629231.12812202621717, 5220851.600658946670592 ] ] ] } },
{ "type": "Feature", "properties": { "label": "vineyard", "area_m2": 0.57529215651209087 }, "geometry": { "type": "Polygon", "coordinates": [ [ [ 629245.025000000023283, 5220851.047063056379557 ], [ 629245.272573406924494, 5220851.054539347998798 ], [ 629245.398495419300161, 5220851.198396949097514 ], [ 629245.450156816164963, 5220851.32486639264971 ], [ 629245.874924581730738, 5220851.499842097051442 ], [ 629246.020330203347839, 5220851.263892810791731 ], [ 629246.099842096213251, 5220851.224924581125379 ], [ 629246.099837254267186, 5220851.150101362727582 ], [ 629246.033463903819211, 5220851.021592013537884 ], [ 629246.174838168895803, 5220850.824868578463793 ], [ 629246.175000000046566, 5220850.727936942130327 ], [ 629246.090209725196473, 5220850.580057592131197 ], [ 629246.249840578180738, 5220850.449852243065834 ], [ 629246.249840889126062, 5220850.300151078030467 ], [ 629246.0750916544348, 5220850.275157107971609 ], [ 629245.925489186658524, 5220850.549270606599748 ], [ 629245.974729530629702, 5220850.762711387127638 ], [ 629245.955048619885929, 5220850.993341943249106 ], [ 629245.42816799657885, 5220850.920702921226621 ], [ 629245.330504296347499, 5220850.719357637688518 ], [ 629245.37483956257347, 5220850.624919404275715 ], [ 629245.374841096927412, 5220850.500123829580843 ], [ 629245.226056222105399, 5220850.475068144500256 ], [ 629245.025000000023283, 5220851.047063056379557 ] ] ] } },
{ "type": "Feature", "properties": { "label": "vineyard", "area_m2": 0.69123102205469444 }, "geometry": { "type": "Polygon", "coordinates": [ [ [ 629241.500117405084893, 5220852.174949506297708 ], [ 629241.550065792514943, 5220852.249892274849117 ], [ 629241.710721614887007, 5220852.318129626102746 ], [ 629241.775057321996428, 5220852.399882930330932 ], [ 629242.074885719339363, 5220852.399885719642043 ], [ 629242.102201986010186, 5220852.120110201649368 ], [ 629242.138432760257274, 5220852.035540347918868 ], [ 629242.228170678950846, 5220851.966059858910739 ], [ 629242.37494267791044, 5220851.974882930517197 ], [ 629242.474882085691206, 5220851.799959901720285 ], [ 629242.474884943687357, 5220851.600098446942866 ], [ 629242.415552423452027, 5220851.568353177048266 ], [ 629242.389769195695408, 5220851.50608107727021 ], [ 629242.415589094045572, 5220851.434006382711232 ], [ 629242.499882929259911, 5220851.374942678958178 ], [ 629242.499882929376327, 5220851.20005732215941 ], [ 629242.474934207391925, 5220851.175107725895941 ], [ 629242.374949505086988, 5220851.125117404386401 ], [ 629242.125057321973145, 5220851.125117070041597 ], [ 629242.050117070437409, 5220851.20005732215941 ], [ 629242.141154673881829, 5220851.37881176173687 ], [ 629242.132728978409432, 5220851.463983416557312 ], [ 629242.059193947701715, 5220851.536501878872514 ], [ 629241.900114829302765, 5220851.600103081203997 ], [ 629241.845785411889665, 5220851.688902732916176 ], [ 629241.62505732208956, 5220851.700117069296539 ], [ 629241.600107725826092, 5220851.725065791979432 ], [ 629241.549999999930151, 5220851.802447511814535 ], [ 629241.597798013943247, 5220851.895110202021897 ], [ 629241.597162766149268, 5220852.002559452317655 ], [ 629241.525101090664975, 5220852.075092244893312 ], [ 629241.500117405084893, 5220852.174949506297708 ] ] ] } },
{ "type": "Feature", "properties": { "label": "vineyard", "area_m2": 0.082684433317549419 }, "geometry": { "type": "Polygon", "coordinates": [ [ [ 629237.000114952446893, 5220850.999885046854615 ], [ 629237.086764730978757, 5220851.021354478783906 ], [ 629237.125114952446893, 5220851.099885046482086 ], [ 629237.199885047622956, 5220851.099885046482086 ], [ 629237.199885047622956, 5220851.025114953517914 ], [ 629237.104289321927354, 5220850.995710678398609 ], [ 629237.079305966501124, 5220850.89597153197974 ], [ 629237.145971532328986, 5220850.829305966384709 ], [ 629237.299885047599673, 5220850.82488504704088 ], [ 629237.324885047622956, 5220850.650114953517914 ], [ 629237.100062811863609, 5220850.625117515213788 ], [ 629237.000117513933219, 5220850.725062810815871 ], [ 629237.000114952446893, 5220850.999885046854615 ] ] ] } },
{ "type": "Feature", "properties": { "label": "vineyard", "area_m2": 0.35501995292016636 }, "geometry": { "type": "Polygon", "coordinates": [ [ [ 629233.650170792941935, 5220851.449937251396477 ], [ 629233.675130657153204, 5220851.499870261177421 ], [ 629233.918735739425756, 5220851.642386590130627 ], [ 629233.925170764909126, 5220851.849937261082232 ], [ 629233.975086385500617, 5220851.92482930328697 ], [ 629234.074895132915117, 5220851.89984673820436 ], [ 629234.17413552000653, 5220851.800687191076577 ], [ 629234.249829247710295, 5220851.649937266483903 ], [ 629234.274952040868811, 5220851.447701362892985 ], [ 629234.219279093202204, 5220851.673239555209875 ], [ 629233.946475813165307, 5220851.634142602793872 ], [ 629233.850170879159123, 5220851.52877649012953 ], [ 629233.728268201695755, 5220851.273740017786622 ], [ 629233.857510425732471, 5220851.042613961733878 ], [ 629233.905826349393465, 5220851.015061368234456 ], [ 629234.178081742255017, 5220851.051478492096066 ], [ 629234.274953101528808, 5220851.127346995286644 ], [ 629234.223387463251129, 5220851.068971597589552 ], [ 629234.150579320383258, 5220850.823004522360861 ], [ 629234.150082483305596, 5220850.56056793499738 ], [ 629234.325149814481847, 5220850.379559201188385 ], [ 629234.511756485211663, 5220850.389640532433987 ], [ 629234.500024087144993, 5220850.72303544357419 ], [ 629234.524798500817269, 5220850.798936475068331 ], [ 629234.649849630892277, 5220850.799838354811072 ], [ 629234.699948475696146, 5220850.647555839270353 ], [ 629234.629632601281628, 5220850.490815044380724 ], [ 629234.699838343891315, 5220850.35015038587153 ], [ 629234.549920314573683, 5220850.300157414749265 ], [ 629234.326136483810842, 5220850.300064768642187 ], [ 629234.127552751917392, 5220850.397343733347952 ], [ 629234.050159026519395, 5220850.400159027427435 ], [ 629234.049104613135569, 5220850.574547487311065 ], [ 629233.972011716105044, 5220850.871320318430662 ], [ 629233.80401176714804, 5220851.045837128534913 ], [ 629233.675170681788586, 5220851.12508637458086 ], [ 629233.650170792941935, 5220851.449937251396477 ] ] ] } },
{ "type": "Feature", "properties": { "label": "vineyard", "area_m2": 0.022874669768070621 }, "geometry": { "type": "Polygon", "coordinates": [ [ [ 629239.200045598088764, 5220850.872574456036091 ], [ 629239.274896513088606, 5220850.874836016446352 ], [ 629239.374839603435248, 5220850.799860916100442 ], [ 629239.349840973620303, 5220850.250159027054906 ], [ 629239.300000000046566, 5220850.302945760078728 ], [ 629239.346776532242075, 5220850.357196386903524 ], [ 629239.34450030233711, 5220850.575307336635888 ], [ 629239.200046926387586, 5220850.602424081414938 ], [ 629239.334320907481015, 5220850.653960874304175 ], [ 629239.35222415055614, 5220850.697286280803382 ], [ 629239.305960582569242, 5220850.824341670610011 ], [ 629239.200045598088764, 5220850.872574456036091 ] ] ] } },
{ "type": "Feature", "properties": { "label": "vineyard", "area_m2": 0.18565645097703237 }, "geometry": { "type": "Polygon", "coordinates": [ [ [ 629231.425159026519395, 5220850.375159027054906 ], [ 629231.45015174348373, 5220850.649840231984854 ], [ 629231.599871817859821, 5220850.649843033403158 ], [ 629231.649826359236613, 5220850.574911149218678 ], [ 629231.650790977873839, 5220850.472847222350538 ], [ 629231.746374819194898, 5220850.167667992413044 ], [ 629231.899937265436165, 5220850.149829247035086 ], [ 629232.074843040551059, 5220850.049871820956469 ], [ 629232.074138629133813, 5220849.924318868666887 ], [ 629231.874393822043203, 5220849.824932441115379 ], [ 629231.725123631185852, 5220849.800159606151283 ], [ 629231.700024087331258, 5220849.851964555680752 ], [ 629231.714873715303838, 5220850.135139277204871 ], [ 629231.531426907866262, 5220850.36567613016814 ], [ 629231.425159026519395, 5220850.375159027054906 ] ] ] } },
{ "type": "Feature", "properties": { "label": "vineyard", "area_m2": 0.34980000759806484 }, "geometry": { "type": "Polygon", "coordinates": [ [ [ 629242.125117070623673, 5220850.574942679144442 ], [ 629242.290376111865044, 5220850.76638195104897 ], [ 629242.200117070577107, 5220850.974942678585649 ], [ 629242.280759704997763, 5220851.057006531395018 ], [ 629242.300114280660637, 5220851.124885719269514 ], [ 629242.474885719129816, 5220851.174885720014572 ], [ 629242.490405244170688, 5220851.083153390325606 ], [ 629242.599882929353043, 5220850.974942677654326 ], [ 629242.602579404483549, 5220850.767131884582341 ], [ 629242.674882085877471, 5220850.624959900975227 ], [ 629242.67488571931608, 5220850.525114280171692 ], [ 629242.569630909827538, 5220850.488045571371913 ], [ 629242.52410164498724, 5220850.426557136699557 ], [ 629242.528928475570865, 5220850.283726401627064 ], [ 629242.574883437715471, 5220850.2249323008582 ], [ 629242.549942678073421, 5220850.125117070041597 ], [ 629242.350115163251758, 5220850.150096262805164 ], [ 629242.230759713216685, 5220850.367993457242846 ], [ 629242.150104359956458, 5220850.450079211965203 ], [ 629242.125117070623673, 5220850.574942679144442 ] ] ] } },
{ "type": "Feature", "properties": { "label": "vineyard", "area_m2": 0.60295543702223897 }, "geometry": { "type": "Polygon", "coordinates": [ [ [ 629217.475070413667709, 5220850.448978437110782 ], [ 629217.50015174341388, 5220850.54984023142606 ], [ 629217.749866955564357, 5220850.549844232387841 ], [ 629217.999831857159734, 5220850.299861468374729 ], [ 629217.929742263746448, 5220849.953352116979659 ], [ 629218.079730193712749, 5220849.751472674310207 ], [ 629218.127583015477285, 5220849.743558752350509 ], [ 629218.424913610564545, 5220849.924829293042421 ], [ 629218.724831869825721, 5220849.624861476942897 ], [ 629218.724843254545704, 5220849.525113232433796 ], [ 629218.524858243414201, 5220849.325154981575906 ], [ 629218.224876761552878, 5220849.200151688419282 ], [ 629218.125146117061377, 5220849.200161127373576 ], [ 629217.801208267570473, 5220849.922889809124172 ], [ 629217.500152035499923, 5220850.350081598386168 ], [ 629217.475070413667709, 5220850.448978437110782 ] ] ] } },
{ "type": "Feature", "properties": { "label": "vineyard", "area_m2": 0.072981418271015383 }, "geometry": { "type": "Polygon", "coordinates": [ [ [ 629237.125, 5220850.197054241783917 ], [ 629237.424840973573737, 5220850.17484097275883 ], [ 629237.399840973550454, 5220849.925159026868641 ], [ 629237.327924827695824, 5220849.910612704232335 ], [ 629237.27814110647887, 5220849.78494140971452 ], [ 629237.311599709326401, 5220849.668034794740379 ], [ 629237.546276524546556, 5220849.674716607667506 ], [ 629237.650076612830162, 5220849.724829864688218 ], [ 629237.724840973620303, 5220849.724840972572565 ], [ 629237.724840973620303, 5220849.600159026682377 ], [ 629237.620880311820656, 5220849.667179600335658 ], [ 629237.552428984432481, 5220849.600048340857029 ], [ 629237.518085605697706, 5220849.667971695773304 ], [ 629237.297588266665116, 5220849.650047861039639 ], [ 629237.281152812065557, 5220849.7275854004547 ], [ 629237.187687439261936, 5220849.745469063520432 ], [ 629237.148739215685055, 5220849.726249327883124 ], [ 629237.125159026472829, 5220849.650159027427435 ], [ 629237.125169957173057, 5220849.724898400716484 ], [ 629237.175096111837775, 5220849.774842418730259 ], [ 629237.272075172397308, 5220849.789387295953929 ], [ 629237.323580248630606, 5220849.926271007396281 ], [ 629237.27579957107082, 5220850.067171248607337 ], [ 629237.125159328687005, 5220850.125155958347023 ], [ 629237.125, 5220850.197054241783917 ] ] ] } },
{ "type": "Feature", "properties": { "label": "vineyard", "area_m2": 0.36872500616931736 }, "geometry": { "type": "Polygon", "coordinates": [ [ [ 629245.575159767759033, 5220849.150151744484901 ], [ 629245.623798556742258, 5220849.318174181506038 ], [ 629245.600159399793483, 5220849.599844761192799 ], [ 629245.673993677133694, 5220849.648859464563429 ], [ 629245.650158328586258, 5220849.94991909712553 ], [ 629245.750051866169088, 5220849.999841219745576 ], [ 629245.874913609586656, 5220849.999829294160008 ], [ 629245.974864417337812, 5220849.874887023121119 ], [ 629246.013834091369063, 5220849.750725138932467 ], [ 629246.236465806607157, 5220849.675192610360682 ], [ 629246.27235251001548, 5220849.711079314351082 ], [ 629246.25, 5220850.022054241970181 ], [ 629246.274840973550454, 5220850.024840973317623 ], [ 629246.299840973573737, 5220849.550159026868641 ], [ 629246.225159026565962, 5220849.550159026868641 ], [ 629246.208165218937211, 5220849.676626090891659 ], [ 629246.023325359448791, 5220849.741818252950907 ], [ 629245.926582269719802, 5220849.650768828578293 ], [ 629245.927824548794888, 5220849.40344912 ], [ 629246.074951195041649, 5220849.273538587614894 ], [ 629245.999102112255059, 5220849.138362038880587 ], [ 629246.074840528424829, 5220849.025048175826669 ], [ 629245.949851408367977, 5220848.750163353048265 ], [ 629245.875159026472829, 5220848.750159027054906 ], [ 629245.945943326340057, 5220848.846313692629337 ], [ 629245.870468424749561, 5220849.002076712436974 ], [ 629245.749832448083907, 5220849.120276851579547 ], [ 629245.575159767759033, 5220849.150151744484901 ] ] ] } },
{ "type": "Feature", "properties": { "label": "vineyard", "area_m2": 0.49122305457590604 }, "geometry": { "type": "Polygon", "coordinates": [ [ [ 629215.175114952493459, 5220849.524885047227144 ], [ 629215.27095715131145, 5220849.596853505820036 ], [ 629215.250118516501971, 5220849.849957594648004 ], [ 629215.300114952493459, 5220849.999885046854615 ], [ 629215.476006890647113, 5220849.97994492854923 ], [ 629215.555488250451162, 5220850.045173595659435 ], [ 629215.545825639623217, 5220850.140866924077272 ], [ 629215.500117513933219, 5220850.200062812305987 ], [ 629215.500117150135338, 5220850.299929782748222 ], [ 629215.551585128298029, 5220850.392406761646271 ], [ 629215.500117150135338, 5220850.475070216692984 ], [ 629215.500114952446893, 5220850.549885046668351 ], [ 629215.749885047553107, 5220850.549885046668351 ], [ 629215.769263491500169, 5220850.456972918473184 ], [ 629215.849884541356005, 5220850.399895354174078 ], [ 629215.793052818742581, 5220850.114337844774127 ], [ 629215.847347229486331, 5220850.057973887771368 ], [ 629216.024893627734855, 5220850.024928925558925 ], [ 629216.049885047599673, 5220849.825114953331649 ], [ 629215.840553137124516, 5220849.82933618593961 ], [ 629215.778221429674886, 5220849.803408451378345 ], [ 629215.745642030262388, 5220849.733989499509335 ], [ 629215.774884074111469, 5220849.500095137394965 ], [ 629215.549951041699387, 5220849.400118195451796 ], [ 629215.402325847768225, 5220849.49831054918468 ], [ 629215.200062811840326, 5220849.450117515400052 ], [ 629215.175114952493459, 5220849.524885047227144 ] ] ] } },
{ "type": "Feature", "properties": { "label": "vineyard", "area_m2": 0.10601224923449143 }, "geometry": { "type": "Polygon", "coordinates": [ [ [ 629220.976114677963778, 5220849.551300762221217 ], [ 629221.025114952470176, 5220849.774885047227144 ], [ 629221.10364552133251, 5220849.813235268928111 ], [ 629221.125114952446893, 5220849.899885047227144 ], [ 629221.199885047622956, 5220849.899885047227144 ], [ 629221.19988248613663, 5220849.400062812492251 ], [ 629221.149904862628318, 5220849.325115927495062 ], [ 629220.975114952540025, 5220849.325114953331649 ], [ 629220.976114677963778, 5220849.551300762221217 ] ] ] } },
{ "type": "Feature", "properties": { "label": "vineyard", "area_m2": 0.18160155156338545 }, "geometry": { "type": "Polygon", "coordinates": [ [ [ 629234.55011592595838, 5220849.350095137022436 ], [ 629234.550117513979785, 5220849.449937188997865 ], [ 629234.683682608418167, 5220849.485778111033142 ], [ 629234.736485430388711, 5220849.540775846689939 ], [ 629234.750114952446893, 5220849.674885046668351 ], [ 629234.861283994512632, 5220849.678787859156728 ], [ 629234.950048958417028, 5220849.724881804548204 ], [ 629235.14988504757639, 5220849.724885046482086 ], [ 629235.124904862605035, 5220849.600115926936269 ], [ 629235.035335353109986, 5220849.544274723157287 ], [ 629235.033332093968056, 5220849.460037579759955 ], [ 629235.105791960260831, 5220849.401862080208957 ], [ 629235.324885047622956, 5220849.399885047227144 ], [ 629235.324881805456243, 5220849.275048958137631 ], [ 629235.274937188252807, 5220849.200117515400052 ], [ 629235.029593948391266, 5220849.215901123359799 ], [ 629234.949913702323101, 5220849.150116361677647 ], [ 629234.850114952540025, 5220849.150114953517914 ], [ 629234.850114793283865, 5220849.224881807342172 ], [ 629234.947139673749916, 5220849.236807872541249 ], [ 629234.998078528093174, 5220849.305490966886282 ], [ 629235.015291828196496, 5220849.470022825524211 ], [ 629234.926044192048721, 5220849.536213388666511 ], [ 629234.830207621445879, 5220849.501731595955789 ], [ 629234.743132952833548, 5220849.410723245702684 ], [ 629234.721560251899064, 5220849.334604809992015 ], [ 629234.600048958440311, 5220849.325118195265532 ], [ 629234.55011592595838, 5220849.350095137022436 ] ] ] } },
{ "type": "Feature", "properties": { "label": "vineyard", "area_m2": 0.3849112996894864 }, "geometry": { "type": "Polygon", "coordinates": [ [ [ 629218.450000000069849, 5220849.322054241783917 ], [ 629218.524840973550454, 5220849.324840973131359 ], [ 629218.515399836818688, 5220849.064481558278203 ], [ 629218.57486345525831, 5220849.049842755310237 ], [ 629218.675119811086915, 5220848.92984405066818 ], [ 629218.874842569814064, 5220848.874854745343328 ], [ 629218.881741215591319, 5220848.794345732778311 ], [ 629218.979957155417651, 5220848.701722387224436 ], [ 629219.056542660691775, 5220848.704065058380365 ], [ 629219.198123353184201, 5220848.80137843079865 ], [ 629219.193277931422926, 5220848.85565251391381 ], [ 629219.100167982163839, 5220848.95013842266053 ], [ 629219.100159026565962, 5220849.124840972945094 ], [ 629219.12487636890728, 5220849.124840393662453 ], [ 629219.44984097359702, 5220848.32515902724117 ], [ 629219.293624864774756, 5220848.321128814481199 ], [ 629219.074937264551409, 5220848.150170766748488 ], [ 629218.900150385452434, 5220848.150161657482386 ], [ 629218.848981478251517, 5220848.301489822566509 ], [ 629218.700173960532993, 5220848.525081425905228 ], [ 629218.7001593997702, 5220848.599844761192799 ], [ 629218.776008025859483, 5220848.640085247345269 ], [ 629218.793684822390787, 5220848.767581325955689 ], [ 629218.675136544858105, 5220848.825157244689763 ], [ 629218.5748801890295, 5220848.94515594933182 ], [ 629218.475159026565962, 5220848.95015902724117 ], [ 629218.518565131118521, 5220849.26422013528645 ], [ 629218.450000000069849, 5220849.322054241783917 ] ] ] } },
{ "type": "Feature", "properties": { "label": "vineyard", "area_m2": 0.5581331423295206 }, "geometry": { "type": "Polygon", "coordinates": [ [ [ 629229.075000000069849, 5220849.347054241225123 ], [ 629229.200911766733043, 5220849.45016345474869 ], [ 629229.424913623952307, 5220849.474829317070544 ], [ 629229.574829318211414, 5220849.274913627654314 ], [ 629229.578044818830676, 5220849.126261205412447 ], [ 629229.663284271373414, 5220849.036715729162097 ], [ 629229.910666502895765, 5220849.000781218521297 ], [ 629229.942651539458893, 5220849.036560848355293 ], [ 629229.925038261339068, 5220849.193718495778739 ], [ 629229.825166519614868, 5220849.275091025978327 ], [ 629229.775172307505272, 5220849.375077432952821 ], [ 629229.775159026496112, 5220849.499840972945094 ], [ 629229.849911148427054, 5220849.499826358631253 ], [ 629229.924856508383527, 5220849.449867431074381 ], [ 629229.999836532166228, 5220849.324899396859109 ], [ 629229.999840973527171, 5220849.20015902724117 ], [ 629229.93220366537571, 5220849.159484187141061 ], [ 629229.949961693258956, 5220849.0062809381634 ], [ 629229.99982931825798, 5220848.949913624674082 ], [ 629229.999840400763787, 5220848.850123626179993 ], [ 629229.876895770081319, 5220848.775664881803095 ], [ 629229.799852955620736, 5220848.650128740817308 ], [ 629229.700928885140456, 5220848.600607041269541 ], [ 629229.548957619001158, 5220848.573444616049528 ], [ 629229.399913623812608, 5220848.500170686282218 ], [ 629229.325921390438452, 5220848.524688154459 ], [ 629229.100361407035962, 5220849.099313787184656 ], [ 629229.075000000069849, 5220849.347054241225123 ] ] ] } },
{ "type": "Feature", "properties": { "label": "vineyard", "area_m2": 0.47963530361030804 }, "geometry": { "type": "Polygon", "coordinates": [ [ [ 629237.25, 5220849.022063057869673 ], [ 629237.594312656670809, 5220848.976643492467701 ], [ 629237.651958670234308, 5220848.999976056627929 ], [ 629238.149924581754021, 5220848.999842097051442 ], [ 629238.174832256045192, 5220848.90012838691473 ], [ 629238.054896116722375, 5220848.642743286676705 ], [ 629238.125495744170621, 5220848.478201806545258 ], [ 629238.274841582868248, 5220848.399852006696165 ], [ 629238.324842098285444, 5220848.12507541757077 ], [ 629238.074940522783436, 5220848.000156324356794 ], [ 629237.875085838022642, 5220848.050160314887762 ], [ 629237.824833181104623, 5220848.101003619842231 ], [ 629237.750189637532458, 5220848.350069790147245 ], [ 629237.748639175668359, 5220848.45356972515583 ], [ 629237.655496216262691, 5220848.710142547264695 ], [ 629237.600158856017515, 5220848.750124760903418 ], [ 629237.593389930669218, 5220848.951182555407286 ], [ 629237.25015837745741, 5220848.950158376246691 ], [ 629237.25, 5220849.022063057869673 ] ] ] } },
{ "type": "Feature", "properties": { "label": "vineyard", "area_m2": 0.37961542067565079 }, "geometry": { "type": "Polygon", "coordinates": [ [ [ 629242.800115208956413, 5220849.099904671311378 ], [ 629242.906046151765622, 5220849.150207939557731 ], [ 629242.9388040228514, 5220849.229144766926765 ], [ 629242.800117070437409, 5220849.525057322345674 ], [ 629242.800114280660637, 5220849.599885719828308 ], [ 629242.924942677957006, 5220849.599882930517197 ], [ 629243.024904670077376, 5220849.549884791485965 ], [ 629243.117293387185782, 5220849.364216862246394 ], [ 629243.27488292939961, 5220849.249942678026855 ], [ 629243.304289321880788, 5220849.079289322718978 ], [ 629243.399942677933723, 5220849.049882930703461 ], [ 629243.506517344387248, 5220848.920708120800555 ], [ 629243.67488571931608, 5220848.924885720014572 ], [ 629243.674882929422893, 5220848.875057321973145 ], [ 629243.52744751307182, 5220848.799999999813735 ], [ 629243.477129550185055, 5220848.874663307331502 ], [ 629243.392084071878344, 5220848.883111217990518 ], [ 629243.074949504807591, 5220848.675117404200137 ], [ 629242.82511428068392, 5220848.700114279985428 ], [ 629242.800115208956413, 5220849.099904671311378 ] ] ] } },
{ "type": "Feature", "properties": { "label": "vineyard", "area_m2": 0.83806368688596022 }, "geometry": { "type": "Polygon", "coordinates": [ [ [ 629215.400114280870184, 5220848.949885719455779 ], [ 629215.470212101354264, 5220848.967622783966362 ], [ 629215.51003424951341, 5220849.023827502503991 ], [ 629215.475117914262228, 5220849.274959902279079 ], [ 629215.500117070740089, 5220849.374942678958178 ], [ 629215.550065789488144, 5220849.424892271868885 ], [ 629215.72504009748809, 5220849.499882086180151 ], [ 629215.879904736881144, 5220849.466100354678929 ], [ 629216.02902846771758, 5220849.504305966198444 ], [ 629216.088192126480862, 5220849.552860326133668 ], [ 629216.100114280707203, 5220849.624885719269514 ], [ 629216.199885719339363, 5220849.624885719269514 ], [ 629216.224999999976717, 5220849.302447512745857 ], [ 629216.177201984799467, 5220849.204889792017639 ], [ 629216.174882929422893, 5220849.075057321228087 ], [ 629216.012391855241731, 5220849.027975766919553 ], [ 629215.978502962854691, 5220848.923764112405479 ], [ 629216.016181498067454, 5220848.86912736017257 ], [ 629216.074885719339363, 5220848.849885719828308 ], [ 629216.112291094614193, 5220848.717947220429778 ], [ 629216.163994378177449, 5220848.672686939127743 ], [ 629216.241988381370902, 5220848.675222213380039 ], [ 629216.350067098625004, 5220848.749883408658206 ], [ 629216.44994267844595, 5220848.749882929958403 ], [ 629216.499882929376327, 5220848.699942679144442 ], [ 629216.474885719129816, 5220848.400114280171692 ], [ 629216.400087057729252, 5220848.400115613825619 ], [ 629216.323547258041799, 5220848.472928793169558 ], [ 629216.22786032629665, 5220848.463192126713693 ], [ 629216.179305966477841, 5220848.404028467833996 ], [ 629216.149885719292797, 5220848.200114279985428 ], [ 629215.877860326319933, 5220848.188192126341164 ], [ 629215.829305966501124, 5220848.129028467461467 ], [ 629215.824885719339363, 5220848.000114280730486 ], [ 629215.80005732155405, 5220848.000117070041597 ], [ 629215.725117404945195, 5220848.150050493888557 ], [ 629215.715559214702807, 5220848.271014906466007 ], [ 629215.650115614174865, 5220848.325087057426572 ], [ 629215.599999999976717, 5220848.472552487626672 ], [ 629215.625114280846901, 5220848.549885720014572 ], [ 629215.719404656556435, 5220848.526565812528133 ], [ 629215.78859012038447, 5220848.559400144964457 ], [ 629215.82279801403638, 5220848.62011020258069 ], [ 629215.816289031179622, 5220848.699840494431555 ], [ 629215.752092008362524, 5220848.78728883061558 ], [ 629215.642405850114301, 5220848.807219590991735 ], [ 629215.500057321973145, 5220848.725117069669068 ], [ 629215.400114280870184, 5220848.949885719455779 ] ] ] } },
{ "type": "Feature", "properties": { "label": "vineyard", "area_m2": 0.55950840004492675 }, "geometry": { "type": "Polygon", "coordinates": [ [ [ 629239.85011740506161, 5220849.774949505925179 ], [ 629239.920068318839185, 5220849.884963637217879 ], [ 629239.925115001504309, 5220849.999900436960161 ], [ 629240.000099563389085, 5220850.074884998612106 ], [ 629240.07494267844595, 5220850.074882930144668 ], [ 629240.174892273847945, 5220849.999934207648039 ], [ 629240.274882595054805, 5220849.824949505738914 ], [ 629240.302440670086071, 5220849.702867169864476 ], [ 629240.49994267791044, 5220849.674882930703461 ], [ 629240.599884836701676, 5220849.599903737194836 ], [ 629240.575552020105533, 5220849.380487178452313 ], [ 629240.624882929376327, 5220849.29994267784059 ], [ 629240.64988259493839, 5220849.100050494074821 ], [ 629240.602201986010186, 5220849.004889798350632 ], [ 629240.599883408285677, 5220848.800067098811269 ], [ 629240.549894382129423, 5220848.725097734481096 ], [ 629240.325067699071951, 5220848.700116561725736 ], [ 629240.225114280707203, 5220848.750114280730486 ], [ 629240.225116437883116, 5220848.924929762259126 ], [ 629240.275626065093093, 5220849.027183734811842 ], [ 629240.187147545046173, 5220849.167942175641656 ], [ 629240.125114829395898, 5220849.200103081762791 ], [ 629240.150621895911172, 5220849.493823929689825 ], [ 629240.024840491008945, 5220849.591289033181965 ], [ 629239.92505732155405, 5220849.600117069669068 ], [ 629239.85011707060039, 5220849.700057321228087 ], [ 629239.85011740506161, 5220849.774949505925179 ] ] ] } },
{ "type": "Feature", "properties": { "label": "vineyard", "area_m2": 0.89385701170574106 }, "geometry": { "type": "Polygon", "coordinates": [ [ [ 629226.400000000023283, 5220849.497063056565821 ], [ 629226.577936943620443, 5220849.675000000745058 ], [ 629226.650876988656819, 5220849.674418879672885 ], [ 629226.974908880423754, 5220849.499836038798094 ], [ 629227.074822794413194, 5220849.374916078522801 ], [ 629227.099644236615859, 5220849.275911166332662 ], [ 629227.100136134075001, 5220848.924340267665684 ], [ 629227.146831277175806, 5220848.714293133467436 ], [ 629227.395218259538524, 5220848.677138910628855 ], [ 629227.550130883348174, 5220848.79984494484961 ], [ 629227.624924582545646, 5220848.799842099659145 ], [ 629227.774475321406499, 5220848.475911944173276 ], [ 629227.774841622915119, 5220848.400158377364278 ], [ 629227.532003752538003, 5220848.518053120002151 ], [ 629227.37717726547271, 5220848.445557132363319 ], [ 629227.324841096997261, 5220848.225123829208314 ], [ 629227.024936410598457, 5220848.100177427753806 ], [ 629226.95007541810628, 5220848.100157899782062 ], [ 629226.875170002575032, 5220848.225064278580248 ], [ 629226.847227709367871, 5220848.405821405351162 ], [ 629226.575508726760745, 5220848.924176095053554 ], [ 629226.549999999930151, 5220849.002936942502856 ], [ 629226.570511366473511, 5220849.132455465383828 ], [ 629226.477139852941036, 5220849.319430279545486 ], [ 629226.400157902156934, 5220849.375075415708125 ], [ 629226.400000000023283, 5220849.497063056565821 ] ] ] } },
{ "type": "Feature", "properties": { "label": "vineyard", "area_m2": 0.63536661346196921 }, "geometry": { "type": "Polygon", "coordinates": [ [ [ 629231.750115209026262, 5220849.799904669634998 ], [ 629232.04988571931608, 5220849.899885719642043 ], [ 629232.115806052344851, 5220849.788498121313751 ], [ 629232.299942678073421, 5220849.774882930330932 ], [ 629232.399882929516025, 5220849.69994267821312 ], [ 629232.407767650904134, 5220849.513455518521369 ], [ 629232.599882929353043, 5220849.374942678958178 ], [ 629232.599882085691206, 5220849.150040098465979 ], [ 629232.491032042074949, 5220848.978225786238909 ], [ 629232.519137886003591, 5220848.90543915797025 ], [ 629232.624882929376327, 5220848.849942677654326 ], [ 629232.624882595031522, 5220848.725050495006144 ], [ 629232.574942678329535, 5220848.650117069482803 ], [ 629232.350050495238975, 5220848.625117404386401 ], [ 629232.100107725826092, 5220848.800065792165697 ], [ 629232.075117404921912, 5220848.850050494074821 ], [ 629232.082697657868266, 5220849.058623931370676 ], [ 629231.950117070577107, 5220849.250057321973145 ], [ 629231.895359942223877, 5220849.5334078297019 ], [ 629231.825115614105016, 5220849.600087056867778 ], [ 629231.750115209026262, 5220849.799904669634998 ] ] ] } },
{ "type": "Feature", "properties": { "label": "vineyard", "area_m2": 0.44369343002411787 }, "geometry": { "type": "Polygon", "coordinates": [ [ [ 629229.600000000093132, 5220848.472054241225123 ], [ 629230.000124900368974, 5220848.624843253754079 ], [ 629230.07484097359702, 5220848.624840972945094 ], [ 629230.059052173164673, 5220848.241400414146483 ], [ 629230.228710330324247, 5220848.048426019027829 ], [ 629230.599840973620303, 5220847.974840972572565 ], [ 629230.599840973620303, 5220847.95015902724117 ], [ 629230.255439492641017, 5220847.881031730212271 ], [ 629230.238351037609391, 5220847.841187240555882 ], [ 629230.299842573353089, 5220847.650145251303911 ], [ 629230.000155237037688, 5220847.550159399397671 ], [ 629229.924382535740733, 5220847.77220275439322 ], [ 629229.750170681858435, 5220847.92508637253195 ], [ 629229.726022265385836, 5220848.167458364740014 ], [ 629229.600156688247807, 5220848.325111739337444 ], [ 629229.600000000093132, 5220848.472054241225123 ] ] ] } },
{ "type": "Feature", "properties": { "label": "vineyard", "area_m2": 0.54683523050248384 }, "geometry": { "type": "Polygon", "coordinates": [ [ [ 629245.925163474399596, 5220848.375100604258478 ], [ 629246.000149572035298, 5220848.549902030266821 ], [ 629246.218825284391642, 5220848.749076905660331 ], [ 629246.225159026565962, 5220848.824840973131359 ], [ 629246.449845978640951, 5220848.774913450703025 ], [ 629246.502668893546797, 5220848.472437573596835 ], [ 629246.62531942257192, 5220848.223582996055484 ], [ 629246.774841180886142, 5220847.799948113039136 ], [ 629246.649856540258043, 5220847.50015864521265 ], [ 629246.575133258709684, 5220847.500159905292094 ], [ 629246.376366530312225, 5220847.666920532472432 ], [ 629246.174913625349291, 5220847.550170682370663 ], [ 629246.100148798199371, 5220847.550157607533038 ], [ 629246.050159026519395, 5220847.79984097275883 ], [ 629246.130654091597535, 5220847.806738938204944 ], [ 629246.320275240461342, 5220847.997658192180097 ], [ 629246.32515960407909, 5220848.074876368977129 ], [ 629246.370332380756736, 5220848.121504970826209 ], [ 629246.328688911860809, 5220848.3554155100137 ], [ 629246.133973870775662, 5220848.457382207736373 ], [ 629246.049840973573737, 5220848.250159027054906 ], [ 629246.001964572118595, 5220848.250024086795747 ], [ 629245.925163474399596, 5220848.375100604258478 ] ] ] } },
{ "type": "Feature", "properties": { "label": "vineyard", "area_m2": 0.37145534327287577 }, "geometry": { "type": "Polygon", "coordinates": [ [ [ 629226.974999999976717, 5220848.097063057124615 ], [ 629227.324841622961685, 5220848.224841622635722 ], [ 629227.324842096073553, 5220848.150075418874621 ], [ 629227.184573011822067, 5220848.056928123347461 ], [ 629227.293729550903663, 5220847.744710067287087 ], [ 629227.497907089767978, 5220847.604706799611449 ], [ 629227.599924056208692, 5220847.599826446734369 ], [ 629227.789458525949158, 5220847.494123696349561 ], [ 629228.0, 5220847.716544828377664 ], [ 629227.924323271610774, 5220847.996980506926775 ], [ 629227.700163457891904, 5220848.150078089907765 ], [ 629227.750154917826876, 5220848.399841282516718 ], [ 629227.799876170931384, 5220848.399841097183526 ], [ 629228.149472022545524, 5220847.550975937396288 ], [ 629228.149841622565873, 5220847.47515837661922 ], [ 629228.042046343791299, 5220847.563771420158446 ], [ 629227.788890243973583, 5220847.474249785766006 ], [ 629227.774843270657584, 5220847.300118870101869 ], [ 629227.698819574667141, 5220847.249550454318523 ], [ 629227.549952859175391, 5220847.200165491551161 ], [ 629227.3250916544348, 5220847.200157107785344 ], [ 629227.274822957930155, 5220847.250953176058829 ], [ 629227.20006911305245, 5220847.526036453433335 ], [ 629227.200173065299168, 5220847.599914283491671 ], [ 629227.287639073445462, 5220847.747534760273993 ], [ 629227.131977263372391, 5220848.035451969131827 ], [ 629227.025064296787605, 5220848.050170062109828 ], [ 629226.974999999976717, 5220848.097063057124615 ] ] ] } },
{ "type": "Feature", "properties": { "label": "vineyard", "area_m2": 0.71808321038967216 }, "geometry": { "type": "Polygon", "coordinates": [ [ [ 629219.025082120788284, 5220848.024216743186116 ], [ 629219.075104905990884, 5220848.174846693873405 ], [ 629219.449876373284496, 5220848.324840400367975 ], [ 629219.600071784923784, 5220847.899963756091893 ], [ 629219.949534272192977, 5220847.150712879374623 ], [ 629219.94984097359702, 5220847.050159026868641 ], [ 629219.900166525389068, 5220847.075091034173965 ], [ 629219.774136938736774, 5220847.295387362129986 ], [ 629219.624444571789354, 5220847.321136160753667 ], [ 629219.395079632173292, 5220847.165442536585033 ], [ 629219.374829295789823, 5220846.825086390599608 ], [ 629219.349913610029034, 5220846.800170705653727 ], [ 629219.200147383962758, 5220846.800162275321782 ], [ 629219.100158187095076, 5220847.025096256285906 ], [ 629219.100173640879802, 5220847.224911148659885 ], [ 629219.148827817640267, 5220847.31394721288234 ], [ 629219.125287591828965, 5220847.571288670413196 ], [ 629219.025152005371638, 5220847.90009109955281 ], [ 629219.025082120788284, 5220848.024216743186116 ] ] ] } },
{ "type": "Feature", "properties": { "label": "vineyard", "area_m2": 1.06492302334586 }, "geometry": { "type": "Polygon", "coordinates": [ [ [ 629215.799999999930151, 5220847.997063060291111 ], [ 629216.174932069377974, 5220848.124839167110622 ], [ 629216.44987047102768, 5220847.999849296174943 ], [ 629216.574822793831117, 5220847.799916073679924 ], [ 629216.722871216130443, 5220847.414737361483276 ], [ 629217.099876170395873, 5220847.499841095879674 ], [ 629217.224820773699321, 5220847.099875000305474 ], [ 629217.224841096438468, 5220847.000045870430768 ], [ 629217.174872030736879, 5220846.875143997371197 ], [ 629216.749160975101404, 5220846.649854529649019 ], [ 629216.37515837745741, 5220846.575158376246691 ], [ 629216.323677442385815, 5220847.201933389529586 ], [ 629216.175577134708874, 5220847.448070649988949 ], [ 629216.025144084473141, 5220847.550143633969128 ], [ 629215.850138702546246, 5220847.85012620780617 ], [ 629215.799999999930151, 5220847.997063060291111 ] ] ] } },
{ "type": "Feature", "properties": { "label": "vineyard", "area_m2": 0.65056394707716036 }, "geometry": { "type": "Polygon", "coordinates": [ [ [ 629243.325117914122529, 5220848.474959902465343 ], [ 629243.375117070623673, 5220848.649942679330707 ], [ 629243.475096262176521, 5220848.799884838052094 ], [ 629243.699885719339363, 5220848.874885719269514 ], [ 629243.699882929446176, 5220848.725057320669293 ], [ 629243.618129622540437, 5220848.66072160936892 ], [ 629243.579083275515586, 5220848.552179292775691 ], [ 629243.604931681416929, 5220848.309963636100292 ], [ 629243.774882595054805, 5220848.074949505738914 ], [ 629243.804289321880788, 5220847.879289322532713 ], [ 629243.971220980514772, 5220847.798685159534216 ], [ 629244.099942677887157, 5220847.799882930703461 ], [ 629244.174895640928298, 5220847.72492078691721 ], [ 629244.206948180217296, 5220847.574855434708297 ], [ 629244.249883437645622, 5220847.524932301603258 ], [ 629244.249882929259911, 5220847.375057321041822 ], [ 629244.224942678003572, 5220847.350117069669068 ], [ 629244.150159507640637, 5220847.341289032250643 ], [ 629243.924949505017139, 5220847.225117404013872 ], [ 629243.822779731941409, 5220847.245910635218024 ], [ 629243.747552486951463, 5220847.199999999254942 ], [ 629243.629889801028185, 5220847.247798013500869 ], [ 629243.525050494936295, 5220847.250117404386401 ], [ 629243.400107726338319, 5220847.325065791606903 ], [ 629243.375117070623673, 5220847.474942677654326 ], [ 629243.525057322112843, 5220847.599882930517197 ], [ 629243.618755016592331, 5220847.624398143030703 ], [ 629243.656357921892777, 5220847.715039709582925 ], [ 629243.575117404921912, 5220847.850050494074821 ], [ 629243.571071524405852, 5220847.941273598000407 ], [ 629243.511501875007525, 5220848.059193953871727 ], [ 629243.375117404968478, 5220848.225050495006144 ], [ 629243.325117914122529, 5220848.474959902465343 ] ] ] } },
{ "type": "Feature", "properties": { "label": "vineyard", "area_m2": 0.7815607234944898 }, "geometry": { "type": "Polygon", "coordinates": [ [ [ 629230.0, 5220847.547054241411388 ], [ 629230.300051865284331, 5220847.674841234460473 ], [ 629230.476730192312971, 5220847.610427459701896 ], [ 629230.625137705123052, 5220847.749833092093468 ], [ 629230.675335184670985, 5220847.749023787677288 ], [ 629230.850000000093132, 5220847.277945758774877 ], [ 629230.799913609633222, 5220847.175170705653727 ], [ 629230.662248695851304, 5220847.159357907250524 ], [ 629230.57773615012411, 5220846.930651433765888 ], [ 629230.699829235207289, 5220846.599937261082232 ], [ 629230.699927655397914, 5220846.350982253439724 ], [ 629230.674913448514417, 5220846.325154023244977 ], [ 629230.450138518936001, 5220846.300168125890195 ], [ 629230.27560991095379, 5220846.499324306845665 ], [ 629230.220418408396654, 5220846.650936372578144 ], [ 629230.000159746734425, 5220846.775151714682579 ], [ 629230.099267419194803, 5220847.072687304578722 ], [ 629230.100000000093132, 5220847.258458386175334 ], [ 629230.000167982070707, 5220847.375138422474265 ], [ 629230.0, 5220847.547054241411388 ] ] ] } },
{ "type": "Feature", "properties": { "label": "vineyard", "area_m2": 0.31446102734493636 }, "geometry": { "type": "Polygon", "coordinates": [ [ [ 629213.250054123462178, 5220847.677434033714235 ], [ 629213.315142842126079, 5220847.752220422960818 ], [ 629213.250055037438869, 5220847.87256012391299 ], [ 629213.299730375409126, 5220847.998941155150533 ], [ 629213.390285099041648, 5220848.043462036177516 ], [ 629213.550122492597438, 5220848.399838405661285 ], [ 629213.680005517555401, 5220848.376693076454103 ], [ 629213.874876368790865, 5220848.399840394034982 ], [ 629213.975613117567264, 5220848.150367705151439 ], [ 629214.099839622620493, 5220848.049860933795571 ], [ 629214.075000000069849, 5220847.87673453707248 ], [ 629214.099832018022425, 5220847.600138422101736 ], [ 629214.003036026726477, 5220847.498744480311871 ], [ 629213.999829295789823, 5220847.350086390972137 ], [ 629213.974913609912619, 5220847.325170706026256 ], [ 629213.726113418117166, 5220847.30006590206176 ], [ 629213.650170681765303, 5220847.37508637458086 ], [ 629213.67508639045991, 5220847.499829294160008 ], [ 629213.898738794843666, 5220847.528044818900526 ], [ 629213.998905545682646, 5220847.636268630623817 ], [ 629213.925166335888207, 5220847.750104757025838 ], [ 629213.896550126024522, 5220848.019068801775575 ], [ 629213.849519156501628, 5220848.099575193598866 ], [ 629213.754327988950536, 5220848.172200203873217 ], [ 629213.480319206486456, 5220848.139158634468913 ], [ 629213.436120712663978, 5220848.042923132888973 ], [ 629213.449832017999142, 5220847.925138422288001 ], [ 629213.356722068740055, 5220847.830652513541281 ], [ 629213.280506486422382, 5220847.643638103269041 ], [ 629213.32484097359702, 5220847.550159026868641 ], [ 629213.300123631139286, 5220847.550159606151283 ], [ 629213.250054123462178, 5220847.677434033714235 ] ] ] } },
{ "type": "Feature", "properties": { "label": "vineyard", "area_m2": 0.36517140594047931 }, "geometry": { "type": "Polygon", "coordinates": [ [ [ 629240.799999999930151, 5220847.922063060104847 ], [ 629240.87507541407831, 5220847.999842101708055 ], [ 629240.97492457984481, 5220847.999842097982764 ], [ 629241.009308753651567, 5220847.818549568764865 ], [ 629241.311707761255093, 5220847.553665842860937 ], [ 629241.445041848230176, 5220847.629036498256028 ], [ 629241.475124760530889, 5220847.849841144867241 ], [ 629241.524876175331883, 5220847.849841102026403 ], [ 629241.599829997285269, 5220847.699935724958777 ], [ 629241.599841622752137, 5220847.600158377550542 ], [ 629241.448873009067029, 5220847.61391831561923 ], [ 629241.337216601357795, 5220847.510661408305168 ], [ 629241.347418971941806, 5220847.431233151815832 ], [ 629241.399830547510646, 5220847.374902882613242 ], [ 629241.399840044905432, 5220847.200141631998122 ], [ 629241.275357529753819, 5220847.124629510566592 ], [ 629241.174864064319991, 5220847.000156660564244 ], [ 629241.051655904506333, 5220847.148516027256846 ], [ 629240.850157901993953, 5220847.300075417384505 ], [ 629240.874833447276615, 5220847.566908303648233 ], [ 629240.800167895853519, 5220847.725070444867015 ], [ 629240.799999999930151, 5220847.922063060104847 ] ] ] } },
{ "type": "Feature", "properties": { "label": "vineyard", "area_m2": 0.33650202070863311 }, "geometry": { "type": "Polygon", "coordinates": [ [ [ 629238.000046879635192, 5220847.702339658513665 ], [ 629238.050306942779571, 5220847.666202013380826 ], [ 629238.305100133642554, 5220847.681917196139693 ], [ 629238.411746104247868, 5220847.865490043535829 ], [ 629238.390230621676892, 5220848.028930031694472 ], [ 629238.221657217945904, 5220848.081290588714182 ], [ 629238.00015790190082, 5220847.974924582056701 ], [ 629238.175822013639845, 5220848.075191203504801 ], [ 629238.34992457984481, 5220848.124842097982764 ], [ 629238.449976056581363, 5220847.998041334562004 ], [ 629238.449826925760135, 5220847.900085720233619 ], [ 629238.351564238895662, 5220847.724757465533912 ], [ 629238.374660766799934, 5220847.503490262664855 ], [ 629238.508339834050275, 5220847.276452679187059 ], [ 629238.553213956649415, 5220847.26323023904115 ], [ 629238.78335793397855, 5220847.370520331896842 ], [ 629238.800157904159278, 5220847.499924583360553 ], [ 629238.850077777751721, 5220847.549836507067084 ], [ 629238.922063038451597, 5220847.550000000745058 ], [ 629239.049418951733969, 5220847.350876927375793 ], [ 629239.049841097090393, 5220847.27512382902205 ], [ 629238.900075419573113, 5220847.250157902948558 ], [ 629238.815192724461667, 5220847.352225013077259 ], [ 629238.771650872891769, 5220847.354939227923751 ], [ 629238.5621579491999, 5220847.198070695623755 ], [ 629238.649841096950695, 5220847.000123828649521 ], [ 629238.325149704236537, 5220846.875160986557603 ], [ 629238.178093023248948, 5220847.268323662690818 ], [ 629238.125157104455866, 5220847.325091653503478 ], [ 629238.074220368987881, 5220847.576558882370591 ], [ 629238.000046879635192, 5220847.702339658513665 ] ] ] } },
{ "type": "Feature", "properties": { "label": "vineyard", "area_m2": 0.30423799198317103 }, "geometry": { "type": "Polygon", "coordinates": [ [ [ 629224.225117514026351, 5220848.225062812678516 ], [ 629224.225114952540025, 5220848.399885047227144 ], [ 629224.297545121051371, 5220848.400000000372529 ], [ 629224.599902712157927, 5220848.274892658926547 ], [ 629224.662713523721322, 5220848.047906892374158 ], [ 629224.724883639952168, 5220847.999913700856268 ], [ 629224.737713523674756, 5220847.922906892374158 ], [ 629224.874882486066781, 5220847.749937187880278 ], [ 629224.874884074088186, 5220847.550095138140023 ], [ 629224.799900697893463, 5220847.475099300965667 ], [ 629224.699951042188331, 5220847.425118195824325 ], [ 629224.550062811817043, 5220847.425117515027523 ], [ 629224.475117514026351, 5220847.500062812119722 ], [ 629224.496074064285494, 5220847.941267091780901 ], [ 629224.374896501540206, 5220848.105197848752141 ], [ 629224.225117514026351, 5220848.225062812678516 ] ] ] } },
{ "type": "Feature", "properties": { "label": "vineyard", "area_m2": 0.24867555699826466 }, "geometry": { "type": "Polygon", "coordinates": [ [ [ 629221.575000000069849, 5220847.722054241225123 ], [ 629221.649918933166191, 5220847.724830383434892 ], [ 629221.849853344843723, 5220847.649830533191562 ], [ 629222.149833935895003, 5220847.399859559722245 ], [ 629222.149829314788803, 5220847.32508637662977 ], [ 629222.056709108292125, 5220847.194753893651068 ], [ 629222.113760962616652, 5220847.034647794440389 ], [ 629222.159132659086026, 5220847.021238184534013 ], [ 629222.300062748603523, 5220847.099829206243157 ], [ 629222.399927655351348, 5220847.074017746374011 ], [ 629222.211475309915841, 5220847.014343028888106 ], [ 629222.195707090198994, 5220846.796784705482423 ], [ 629222.399840973550454, 5220846.750159027054906 ], [ 629222.225080933072604, 5220846.750182029791176 ], [ 629222.050940788234584, 5220846.799866673536599 ], [ 629221.925170696456917, 5220846.900086384266615 ], [ 629221.925159026519395, 5220846.974840972572565 ], [ 629221.981874248362146, 5220847.008569375611842 ], [ 629221.972488689119928, 5220847.188713188283145 ], [ 629221.775156965362839, 5220847.275128184817731 ], [ 629221.772081331117079, 5220847.455164518207312 ], [ 629221.575159746687859, 5220847.575151715427637 ], [ 629221.575000000069849, 5220847.722054241225123 ] ] ] } },
{ "type": "Feature", "properties": { "label": "vineyard", "area_m2": 0.34749260194222376 }, "geometry": { "type": "Polygon", "coordinates": [ [ [ 629235.550000000046566, 5220847.172054241411388 ], [ 629235.649840973550454, 5220847.224840972572565 ], [ 629235.770598882110789, 5220846.986377988010645 ], [ 629235.887352143181488, 5220846.975192610174417 ], [ 629235.995276850531809, 5220847.072712671943009 ], [ 629236.000161656178534, 5220847.199849613942206 ], [ 629236.249840973527171, 5220847.249840972945094 ], [ 629236.181670030578971, 5220846.969997915439308 ], [ 629236.49987636890728, 5220846.949840393848717 ], [ 629236.69984097359702, 5220846.500159027054906 ], [ 629236.625170704210177, 5220846.525086390785873 ], [ 629236.621399729745463, 5220846.658039025962353 ], [ 629236.460521351895295, 5220846.938679623417556 ], [ 629236.179902740870602, 5220846.948260817676783 ], [ 629236.129717721254565, 5220846.876668154262006 ], [ 629236.175444954889826, 5220846.752721779979765 ], [ 629236.250182749587111, 5220846.699009373784065 ], [ 629236.274829235277139, 5220846.47506273817271 ], [ 629236.149880737648346, 5220846.300161363556981 ], [ 629236.000143434735946, 5220846.300158621743321 ], [ 629235.90016993356403, 5220846.450101583264768 ], [ 629235.920706672361121, 5220846.588649113662541 ], [ 629235.725164377130568, 5220846.800095200538635 ], [ 629235.721749678719789, 5220846.930555041879416 ], [ 629235.60938000259921, 5220847.132719722576439 ], [ 629235.550000000046566, 5220847.172054241411388 ] ] ] } },
{ "type": "Feature", "properties": { "label": "vineyard", "area_m2": 0.83832058590835712 }, "geometry": { "type": "Polygon", "coordinates": [ [ [ 629234.850117514026351, 5220848.100062812678516 ], [ 629234.850118194706738, 5220848.299951042048633 ], [ 629234.925106372334994, 5220848.44992892537266 ], [ 629234.975062811863609, 5220848.499882484786212 ], [ 629235.124937188229524, 5220848.499882484786212 ], [ 629235.217857709736563, 5220848.411043392494321 ], [ 629235.303368739900179, 5220848.411043399013579 ], [ 629235.371074064285494, 5220848.483732908032835 ], [ 629235.400114952470176, 5220848.69988504704088 ], [ 629235.474904862465337, 5220848.699884072877467 ], [ 629235.623268404393457, 5220848.505207620561123 ], [ 629235.774884541286156, 5220848.399895354174078 ], [ 629235.778925935854204, 5220848.258732908405364 ], [ 629235.824882849934511, 5220848.199929783120751 ], [ 629235.799885047599673, 5220848.000114953145385 ], [ 629235.566510379198007, 5220848.02298625279218 ], [ 629235.487813379382715, 5220847.941289549693465 ], [ 629235.512555906549096, 5220847.841411786153913 ], [ 629235.59990069817286, 5220847.774900699034333 ], [ 629235.699881483567879, 5220847.599957594648004 ], [ 629235.624928923672996, 5220847.200106371194124 ], [ 629235.525042403605767, 5220847.175118517130613 ], [ 629235.425062811817043, 5220847.200117515400052 ], [ 629235.375117513933219, 5220847.250062812119722 ], [ 629235.3557365097804, 5220847.343027079477906 ], [ 629235.200099301990122, 5220847.475099300965667 ], [ 629235.089255592902191, 5220847.668504775501788 ], [ 629235.025106372311711, 5220847.725071074441075 ], [ 629234.975118194706738, 5220847.825048957951367 ], [ 629235.008139442303218, 5220847.936744628474116 ], [ 629234.99328766297549, 5220848.003844911232591 ], [ 629234.850117514026351, 5220848.100062812678516 ] ] ] } },
{ "type": "Feature", "properties": { "label": "vineyard", "area_m2": 0.61200967640697812 }, "geometry": { "type": "Polygon", "coordinates": [ [ [ 629227.650170002598315, 5220846.700064277276397 ], [ 629227.700155185186304, 5220846.924844815395772 ], [ 629227.822063055937178, 5220846.950000000186265 ], [ 629227.947027893504128, 5220846.923372033983469 ], [ 629228.050129766808823, 5220847.299846203066409 ], [ 629228.224850295577198, 5220847.349839014001191 ], [ 629228.249841185286641, 5220847.250153929926455 ], [ 629228.02646834589541, 5220847.159946802072227 ], [ 629227.954803304513916, 5220846.911015337333083 ], [ 629228.028805585461669, 5220846.798418482765555 ], [ 629228.15348566242028, 5220846.73304729256779 ], [ 629228.317959015257657, 5220846.845710842870176 ], [ 629228.350158377084881, 5220846.974841622635722 ], [ 629228.374855415197089, 5220846.974843231029809 ], [ 629228.474822571035475, 5220846.724936414510012 ], [ 629228.474841622519307, 5220846.650158376432955 ], [ 629228.395987619645894, 5220846.641099087893963 ], [ 629228.278124845004641, 5220846.498533931560814 ], [ 629228.213055118103512, 5220846.101415297016501 ], [ 629228.248580154962838, 5220846.074770212173462 ], [ 629228.72487617470324, 5220846.049841102212667 ], [ 629228.774841622915119, 5220845.900158377364278 ], [ 629228.725123829208314, 5220845.90015890263021 ], [ 629228.670172184240073, 5220846.048380080610514 ], [ 629228.219600457465276, 5220846.073825220577419 ], [ 629228.0748489262769, 5220845.875158282928169 ], [ 629227.949919201666489, 5220845.825176627375185 ], [ 629227.80007541377563, 5220845.825157896615565 ], [ 629227.675170008791611, 5220845.975064279511571 ], [ 629227.795789612806402, 5220846.276919725351036 ], [ 629227.650170002598315, 5220846.700064277276397 ] ] ] } },
{ "type": "Feature", "properties": { "label": "vineyard", "area_m2": 0.087931984067302724 }, "geometry": { "type": "Polygon", "coordinates": [ [ [ 629219.400170785840601, 5220846.474937255494297 ], [ 629219.495655570877716, 5220846.617242242209613 ], [ 629219.500159026472829, 5220846.67484097275883 ], [ 629219.643087326083332, 5220846.693651047535241 ], [ 629219.704630802967586, 5220846.818357585929334 ], [ 629219.700861478922889, 5220846.925681152381003 ], [ 629219.81833993201144, 5220846.955438118427992 ], [ 629219.974876369000413, 5220847.074840393848717 ], [ 629219.999840973527171, 5220847.000159027054906 ], [ 629219.909924293286167, 5220846.99627057928592 ], [ 629219.811085043940693, 5220846.912634816020727 ], [ 629219.696278825518675, 5220846.684938974678516 ], [ 629219.785574603127316, 5220846.601491335779428 ], [ 629220.099841020884924, 5220846.624864034354687 ], [ 629220.149876368930563, 5220846.624840393662453 ], [ 629220.174840973573737, 5220846.525159027427435 ], [ 629220.125086390180513, 5220846.525170706212521 ], [ 629220.068493853905238, 5220846.618437824770808 ], [ 629219.775018119835295, 5220846.597593068145216 ], [ 629219.722695314791054, 5220846.629222128540277 ], [ 629219.502254634629935, 5220846.583359460346401 ], [ 629219.412555718095973, 5220846.480534708127379 ], [ 629219.444402100984007, 5220846.296816909685731 ], [ 629219.631891407188959, 5220846.087641388177872 ], [ 629219.736006666556932, 5220846.048198701813817 ], [ 629219.828893940197304, 5220846.100441990420222 ], [ 629219.812617048970424, 5220846.215332311578095 ], [ 629219.742597893229686, 5220846.30732826795429 ], [ 629219.774963690666482, 5220846.40234162658453 ], [ 629219.832729107816704, 5220846.246942507103086 ], [ 629219.874840973527171, 5220846.224840972572565 ], [ 629219.874840400763787, 5220846.100123626179993 ], [ 629219.773605141788721, 5220846.049669529311359 ], [ 629219.650139082106762, 5220846.025160397402942 ], [ 629219.45015174348373, 5220846.225159768015146 ], [ 629219.400170785840601, 5220846.474937255494297 ] ] ] } },
{ "type": "Feature", "properties": { "label": "vineyard", "area_m2": 0.2271229218874527 }, "geometry": { "type": "Polygon", "coordinates": [ [ [ 629246.325000000069849, 5220846.672054241411388 ], [ 629246.399913610541262, 5220846.674829293042421 ], [ 629246.454625936457887, 5220846.57282723300159 ], [ 629246.893961341702379, 5220846.507707037031651 ], [ 629246.924923636717722, 5220846.555624169297516 ], [ 629246.925159026519395, 5220847.024840973317623 ], [ 629247.049913615337573, 5220847.024829302914441 ], [ 629247.324841234949417, 5220846.374948135577142 ], [ 629247.299843642278574, 5220845.975157520733774 ], [ 629247.275159026496112, 5220845.975159026682377 ], [ 629247.273414506809786, 5220846.076071708463132 ], [ 629247.168155449093319, 5220846.325944377109408 ], [ 629246.900159399723634, 5220846.425155237317085 ], [ 629246.870374063611962, 5220846.502172767184675 ], [ 629246.450052029686049, 5220846.570750211365521 ], [ 629246.399876368930563, 5220846.525159606710076 ], [ 629246.325159026542678, 5220846.525159027427435 ], [ 629246.325000000069849, 5220846.672054241411388 ] ] ] } },
{ "type": "Feature", "properties": { "label": "vineyard", "area_m2": 0.33469244137412135 }, "geometry": { "type": "Polygon", "coordinates": [ [ [ 629241.275169094325975, 5220846.574881298467517 ], [ 629241.351625627023168, 5220846.656105342321098 ], [ 629241.400159026496112, 5220846.899840973317623 ], [ 629241.524895132519305, 5220846.874846737831831 ], [ 629241.633413932053372, 5220846.692858676426113 ], [ 629241.872851542546414, 5220846.724483402445912 ], [ 629241.900159026496112, 5220846.79984097275883 ], [ 629241.974840973620303, 5220846.79984097275883 ], [ 629241.974840973620303, 5220846.725159026682377 ], [ 629241.894827117794193, 5220846.722277234308422 ], [ 629241.661060303100385, 5220846.588738165795803 ], [ 629241.704581710277125, 5220846.345802173018456 ], [ 629241.797113550943322, 5220846.205551183782518 ], [ 629241.87483835616149, 5220846.174849629402161 ], [ 629241.874816926429048, 5220846.075059674680233 ], [ 629241.79984963091556, 5220845.825161645188928 ], [ 629241.675086382427253, 5220845.825170693919063 ], [ 629241.475163349648938, 5220845.92514859046787 ], [ 629241.475170681602322, 5220846.049913624301553 ], [ 629241.624368364922702, 5220846.211666258983314 ], [ 629241.508073300705291, 5220846.318047873675823 ], [ 629241.425095199607313, 5220846.325164373964071 ], [ 629241.325154062127694, 5220846.400141485966742 ], [ 629241.275173622998409, 5220846.475088842213154 ], [ 629241.275169094325975, 5220846.574881298467517 ] ] ] } },
{ "type": "Feature", "properties": { "label": "vineyard", "area_m2": 0.15220575931347743 }, "geometry": { "type": "Polygon", "coordinates": [ [ [ 629224.875067748012953, 5220846.923924178816378 ], [ 629224.975086389575154, 5220847.049829293042421 ], [ 629225.074913625605404, 5220847.049829317256808 ], [ 629225.124829318490811, 5220846.999913624487817 ], [ 629225.124643737450242, 5220846.849091692827642 ], [ 629225.05168166954536, 5220846.689222133718431 ], [ 629225.07467385486234, 5220846.432441506534815 ], [ 629225.199855939601548, 5220846.324898035265505 ], [ 629225.275000000023283, 5220846.172054241411388 ], [ 629225.27484040078707, 5220846.050123626366258 ], [ 629225.124937265412882, 5220845.975170752964914 ], [ 629225.025123631232418, 5220845.975159605965018 ], [ 629225.000170809682459, 5220846.025062756612897 ], [ 629225.074423684971407, 5220846.399949785321951 ], [ 629225.050883544492535, 5220846.663659161888063 ], [ 629224.92516367288772, 5220846.750111831352115 ], [ 629224.875169730628841, 5220846.850084001198411 ], [ 629224.875067748012953, 5220846.923924178816378 ] ] ] } },
{ "type": "Feature", "properties": { "label": "vineyard", "area_m2": 0.77352071745790063 }, "geometry": { "type": "Polygon", "coordinates": [ [ [ 629205.600117070483975, 5220846.44994267821312 ], [ 629205.67505732155405, 5220846.524882930330932 ], [ 629205.748037599492818, 5220846.532925970852375 ], [ 629205.798243134282529, 5220846.579842139966786 ], [ 629205.806319979019463, 5220846.648080599494278 ], [ 629205.750115001690574, 5220846.799900435842574 ], [ 629205.850057321949862, 5220846.899882930330932 ], [ 629205.999885719153099, 5220846.874885719269514 ], [ 629206.029289321857505, 5220846.77928932197392 ], [ 629206.149904670310207, 5220846.749884790740907 ], [ 629206.27488292939961, 5220846.599942678585649 ], [ 629206.300000000046566, 5220846.402447512373328 ], [ 629206.267061453661881, 5220846.310332989320159 ], [ 629206.349882595008239, 5220846.149949504993856 ], [ 629206.361197777674533, 5220845.894250855781138 ], [ 629206.52488292939961, 5220845.749942678026855 ], [ 629206.549882085877471, 5220845.674959902651608 ], [ 629206.549882595078088, 5220845.450050493702292 ], [ 629206.499903738033026, 5220845.350115163251758 ], [ 629206.302447513095103, 5220845.324999999254942 ], [ 629206.175095329410397, 5220845.350115208886564 ], [ 629206.050117404898629, 5220845.575050494633615 ], [ 629206.143270270433277, 5220845.646130789071321 ], [ 629206.149789912626147, 5220845.741962160915136 ], [ 629205.925063037197106, 5220845.875110764987767 ], [ 629205.818755018874072, 5220846.025601855479181 ], [ 629205.700103523675352, 5220846.075099184177816 ], [ 629205.625098198885098, 5220846.150103770196438 ], [ 629205.600117404945195, 5220846.200050493702292 ], [ 629205.600117070483975, 5220846.44994267821312 ] ] ] } },
{ "type": "Feature", "properties": { "label": "vineyard", "area_m2": 0.74822992463420468 }, "geometry": { "type": "Polygon", "coordinates": [ [ [ 629200.125170809682459, 5220846.275062756612897 ], [ 629200.150150369154289, 5220846.374838354997337 ], [ 629200.224840973620303, 5220846.374840972945094 ], [ 629200.224826359422877, 5220846.300088851712644 ], [ 629200.179181561805308, 5220846.218403394334018 ], [ 629200.248373009962961, 5220846.016832920722663 ], [ 629200.424231171375141, 5220845.926582269370556 ], [ 629200.54878443328198, 5220845.933892779052258 ], [ 629200.623165487661026, 5220846.096011848188937 ], [ 629200.625159026472829, 5220846.17484097275883 ], [ 629200.705654266872443, 5220846.181741215288639 ], [ 629200.782066444749944, 5220846.286629256792367 ], [ 629200.673550021718256, 5220846.400867502205074 ], [ 629200.475159026565962, 5220846.45015902724117 ], [ 629200.470462811761536, 5220846.547567017376423 ], [ 629200.325149861164391, 5220846.675138520076871 ], [ 629200.300159604055807, 5220846.774876369163394 ], [ 629200.399898412637413, 5220846.79983005579561 ], [ 629200.455402606516145, 5220846.748261324129999 ], [ 629200.60661493614316, 5220846.704240884631872 ], [ 629200.766468141810037, 5220846.798356669954956 ], [ 629200.775159026496112, 5220846.899840973317623 ], [ 629200.8998547506053, 5220846.899842572398484 ], [ 629201.249841241980903, 5220845.949948134832084 ], [ 629201.224845514982007, 5220845.675126065500081 ], [ 629201.173035432235338, 5220845.650024088099599 ], [ 629200.986632796353661, 5220845.667392022907734 ], [ 629200.899913625326008, 5220845.550170682370663 ], [ 629200.825115061015822, 5220845.550168550573289 ], [ 629200.571185748209246, 5220845.758500562049448 ], [ 629200.481741215684451, 5220845.680654267780483 ], [ 629200.474840973620303, 5220845.600159026682377 ], [ 629200.400123631232418, 5220845.600159605965018 ], [ 629200.180211322964169, 5220846.20219767279923 ], [ 629200.125170809682459, 5220846.275062756612897 ] ] ] } },
{ "type": "Feature", "properties": { "label": "vineyard", "area_m2": 0.45056170065154627 }, "geometry": { "type": "Polygon", "coordinates": [ [ [ 629243.700115163228475, 5220846.700096261687577 ], [ 629243.725108930724673, 5220846.84993529971689 ], [ 629243.916289031156339, 5220847.075159505940974 ], [ 629243.925115208956413, 5220847.249904670752585 ], [ 629244.274942678050138, 5220847.374882929958403 ], [ 629244.449883437715471, 5220847.074932301416993 ], [ 629244.451752400025725, 5220846.867841086350381 ], [ 629244.499883437645622, 5220846.799932301044464 ], [ 629244.499885719153099, 5220846.750114280730486 ], [ 629244.416306068422273, 5220846.739214998669922 ], [ 629244.363498124992475, 5220846.684193953871727 ], [ 629244.324884791043587, 5220846.525095328688622 ], [ 629244.000114280846901, 5220846.400114280171692 ], [ 629243.999543048208579, 5220846.612848903052509 ], [ 629243.972132834605873, 5220846.672559325583279 ], [ 629243.913585369940847, 5220846.702372890897095 ], [ 629243.822552486904897, 5220846.674999999813735 ], [ 629243.700115163228475, 5220846.700096261687577 ] ] ] } },
{ "type": "Feature", "properties": { "label": "vineyard", "area_m2": 0.39631113743125401 }, "geometry": { "type": "Polygon", "coordinates": [ [ [ 629238.350000000093132, 5220846.872054241597652 ], [ 629238.674913625349291, 5220847.024829317815602 ], [ 629238.749830367974937, 5220846.924934667535126 ], [ 629238.824833968188614, 5220846.649950558319688 ], [ 629238.826536461361684, 5220846.473263801075518 ], [ 629238.913746639038436, 5220846.301074919290841 ], [ 629238.957093948265538, 5220846.291217857971787 ], [ 629239.159683961886913, 5220846.393232291564345 ], [ 629239.175169085036032, 5220846.474881304427981 ], [ 629239.27611356577836, 5220846.57493410538882 ], [ 629239.399829295813106, 5220846.549913609400392 ], [ 629239.399829295813106, 5220846.325086390599608 ], [ 629239.27613971568644, 5220846.300064610317349 ], [ 629239.190187210566364, 5220846.343313336372375 ], [ 629238.982240463490598, 5220846.240908025763929 ], [ 629238.964976433780976, 5220846.196492209099233 ], [ 629239.049829311319627, 5220846.099913620389998 ], [ 629239.049838356208056, 5220846.025150370784104 ], [ 629238.925134863820858, 5220846.000167553313076 ], [ 629238.626448709750548, 5220846.298393403179944 ], [ 629238.475159272202291, 5220846.400139073841274 ], [ 629238.39991540578194, 5220846.575972322374582 ], [ 629238.350000000093132, 5220846.872054241597652 ] ] ] } },
{ "type": "Feature", "properties": { "label": "vineyard", "area_m2": 0.67750057368680938 }, "geometry": { "type": "Polygon", "coordinates": [ [ [ 629213.875114952446893, 5220847.174885046668351 ], [ 629214.098883282160386, 5220847.185995052568614 ], [ 629214.200095137464814, 5220847.324884072877467 ], [ 629214.32488248613663, 5220847.299937187694013 ], [ 629214.358200560207479, 5220847.107043776661158 ], [ 629214.449881805572659, 5220846.999951042234898 ], [ 629214.45055270800367, 5220846.705478802323341 ], [ 629214.504305966431275, 5220846.52097153197974 ], [ 629214.552860326250084, 5220846.461807873100042 ], [ 629214.624885047553107, 5220846.44988504704088 ], [ 629214.649881483521312, 5220846.374957595020533 ], [ 629214.649881805526093, 5220846.300048957578838 ], [ 629214.56753432797268, 5220846.16689486335963 ], [ 629214.436560671543702, 5220846.152301045134664 ], [ 629214.404937781277113, 5220846.034943086095154 ], [ 629214.450188061804511, 5220845.933643584139645 ], [ 629214.527454122668132, 5220845.90003011841327 ], [ 629214.608654772746377, 5220845.945210593752563 ], [ 629214.626765507156961, 5220846.058020099066198 ], [ 629214.699885047622956, 5220846.049885046668351 ], [ 629214.749885047553107, 5220845.775114953517914 ], [ 629214.550114952493459, 5220845.775114953517914 ], [ 629214.528282415587455, 5220845.850746586918831 ], [ 629214.463126347865909, 5220845.887657038867474 ], [ 629214.349921979941428, 5220845.825116767548025 ], [ 629214.250070216483437, 5220845.825117151252925 ], [ 629214.150117513956502, 5220845.900062812492251 ], [ 629214.125116360140964, 5220846.149913701228797 ], [ 629214.177219746517949, 5220846.192664811387658 ], [ 629214.188450014684349, 5220846.268373101949692 ], [ 629214.124516374664381, 5220846.354244693182409 ], [ 629214.000117513933219, 5220846.400062812492251 ], [ 629214.022475329460576, 5220846.579059821553528 ], [ 629213.975117514026351, 5220846.650062812492251 ], [ 629213.970062218839303, 5220846.815056913532317 ], [ 629213.875117513933219, 5220846.975062810815871 ], [ 629213.875114952446893, 5220847.174885046668351 ] ] ] } },
{ "type": "Feature", "properties": { "label": "vineyard", "area_m2": 0.5013135507675105 }, "geometry": { "type": "Polygon", "coordinates": [ [ [ 629232.95011851657182, 5220846.775042405351996 ], [ 629233.00011819449719, 5220846.949951042421162 ], [ 629233.075062811840326, 5220847.074882484972477 ], [ 629233.174928923719563, 5220847.049893628805876 ], [ 629233.276924237259664, 5220846.957287914119661 ], [ 629233.3999575964408, 5220846.974881482310593 ], [ 629233.549928923603147, 5220846.899893629364669 ], [ 629233.624881483498029, 5220846.699957595206797 ], [ 629233.582287913770415, 5220846.351924239657819 ], [ 629233.670982852578163, 5220846.21584450174123 ], [ 629233.799885047599673, 5220846.19988504704088 ], [ 629233.799882486113347, 5220846.100062810815871 ], [ 629233.774937188252807, 5220846.075117515400052 ], [ 629233.500042403582484, 5220846.075118517503142 ], [ 629233.075071076513268, 5220846.300106370821595 ], [ 629233.025118516525254, 5220846.400042405351996 ], [ 629233.047795277787372, 5220846.579904476180673 ], [ 629232.95011851657182, 5220846.775042405351996 ] ] ] } },
{ "type": "Feature", "properties": { "label": "vineyard", "area_m2": 0.67125143347207727 }, "geometry": { "type": "Polygon", "coordinates": [ [ [ 629238.800063612405211, 5220845.748851242475212 ], [ 629238.975126778124832, 5220846.024845761246979 ], [ 629239.574841622961685, 5220846.099841622635722 ], [ 629239.574830372002907, 5220846.000125965103507 ], [ 629239.450150790507905, 5220845.675803465768695 ], [ 629239.279346592957154, 5220845.367593811824918 ], [ 629239.351153185940348, 5220845.122417591512203 ], [ 629239.49982693453785, 5220844.849914283491671 ], [ 629239.474846735829487, 5220844.650077814236283 ], [ 629239.399924585828558, 5220844.575157896615565 ], [ 629239.325094765983522, 5220844.600155910477042 ], [ 629239.174627954722382, 5220844.726025411859155 ], [ 629238.824667277862318, 5220845.526431347243488 ], [ 629238.800063612405211, 5220845.748851242475212 ] ] ] } },
{ "type": "Feature", "properties": { "label": "vineyard", "area_m2": 0.66484996510008942 }, "geometry": { "type": "Polygon", "coordinates": [ [ [ 629219.600161103880964, 5220845.825086863711476 ], [ 629219.650156825780869, 5220846.024866382591426 ], [ 629219.825063588796183, 5220846.099822572432458 ], [ 629220.218227133271284, 5220846.001495941542089 ], [ 629220.399841622565873, 5220846.02484162338078 ], [ 629220.083556498750113, 5220845.692812889814377 ], [ 629220.249160097446293, 5220845.35196253284812 ], [ 629220.324842102709226, 5220845.274924587458372 ], [ 629220.326804167241789, 5220845.148719579912722 ], [ 629220.474847426172346, 5220844.799876936711371 ], [ 629220.474847197183408, 5220844.600062130019069 ], [ 629220.42484644788783, 5220844.375160857103765 ], [ 629220.225153581704944, 5220844.425081059336662 ], [ 629220.075939431553707, 5220844.946262458339334 ], [ 629220.000147217186168, 5220845.050076190382242 ], [ 629219.826443818281405, 5220845.471279525198042 ], [ 629219.600161103880964, 5220845.825086863711476 ] ] ] } },
{ "type": "Feature", "properties": { "label": "vineyard", "area_m2": 0.12057020095221822 }, "geometry": { "type": "Polygon", "coordinates": [ [ [ 629222.400114952470176, 5220845.92511495295912 ], [ 629222.400114952470176, 5220846.399885047227144 ], [ 629222.524951042141765, 5220846.399881804361939 ], [ 629222.574884074158035, 5220846.374904862605035 ], [ 629222.606457257061265, 5220846.273889017291367 ], [ 629222.699884074158035, 5220846.224904862232506 ], [ 629222.699884074158035, 5220846.000095137394965 ], [ 629222.574951042188331, 5220845.925118195824325 ], [ 629222.400114952470176, 5220845.92511495295912 ] ] ] } },
{ "type": "Feature", "properties": { "label": "vineyard", "area_m2": 0.066315822667878749 }, "geometry": { "type": "Polygon", "coordinates": [ [ [ 629236.350067331106402, 5220845.82391569018364 ], [ 629236.400086384732276, 5220845.899829302914441 ], [ 629236.602287327055819, 5220845.879723149351776 ], [ 629236.775118716526777, 5220846.074830882251263 ], [ 629236.836340657086112, 5220845.937802304513752 ], [ 629236.884915024857037, 5220845.927303129807115 ], [ 629236.931025622528978, 5220845.974664815701544 ], [ 629236.924876368953846, 5220846.074840393848717 ], [ 629236.949932691175491, 5220846.023915241472423 ], [ 629236.934202910400927, 5220845.939740431495011 ], [ 629237.049829295836389, 5220845.799913609400392 ], [ 629237.049840973573737, 5220845.750159027054906 ], [ 629236.975159026565962, 5220845.750159027054906 ], [ 629236.934032693156041, 5220845.87671488430351 ], [ 629236.851786972838454, 5220845.899935427121818 ], [ 629236.726261205156334, 5220845.896955181844532 ], [ 629236.624837065814063, 5220845.775156294927001 ], [ 629236.499954216997139, 5220845.75014585070312 ], [ 629236.469357996131293, 5220845.871782189235091 ], [ 629236.367042726953514, 5220845.844907293096185 ], [ 629236.352411733474582, 5220845.750047860667109 ], [ 629236.350067331106402, 5220845.82391569018364 ] ] ] } },
{ "type": "Feature", "properties": { "label": "vineyard", "area_m2": 0.65841689587532171 }, "geometry": { "type": "Polygon", "coordinates": [ [ [ 629216.650169564876705, 5220846.375068172812462 ], [ 629216.675160716287792, 5220846.64985013473779 ], [ 629216.850277984282002, 5220846.724973591044545 ], [ 629216.97615467524156, 5220846.774936677888036 ], [ 629217.324858358246274, 5220846.749840035103261 ], [ 629217.399837242788635, 5220846.624898632988334 ], [ 629217.451562086585909, 5220845.936562044546008 ], [ 629217.624841096927412, 5220845.77512382902205 ], [ 629217.55015837715473, 5220845.750158376991749 ], [ 629217.53492496535182, 5220845.80704109184444 ], [ 629217.346035242895596, 5220845.912353881634772 ], [ 629217.223515906487592, 5220845.79574426356703 ], [ 629217.19984162284527, 5220845.600158377550542 ], [ 629217.07507541810628, 5220845.600157899782062 ], [ 629216.97516469634138, 5220845.72507450170815 ], [ 629216.968378385296091, 5220845.930692423135042 ], [ 629216.725165487965569, 5220846.175088497810066 ], [ 629216.650169564876705, 5220846.375068172812462 ] ] ] } },
{ "type": "Feature", "properties": { "label": "vineyard", "area_m2": 0.47584574414597669 }, "geometry": { "type": "Polygon", "coordinates": [ [ [ 629243.950116591644473, 5220846.249932901002467 ], [ 629244.015813261619769, 5220846.348672510124743 ], [ 629244.025114280870184, 5220846.424885720014572 ], [ 629244.275040099280886, 5220846.52488208655268 ], [ 629244.324882929446176, 5220846.499942678958178 ], [ 629244.334186742315069, 5220846.423672500997782 ], [ 629244.396332947886549, 5220846.335309276357293 ], [ 629244.624884836608544, 5220846.299903737381101 ], [ 629244.64988292939961, 5220846.125057321973145 ], [ 629244.546811987413093, 5220846.076276130974293 ], [ 629244.511546870344318, 5220845.996343552134931 ], [ 629244.599882929236628, 5220845.824942679144442 ], [ 629244.630521204671822, 5220845.658933866769075 ], [ 629244.693401560653001, 5220845.604087549261749 ], [ 629244.849949503899552, 5220845.599882596172392 ], [ 629244.949882929446176, 5220845.499942678958178 ], [ 629244.949882929562591, 5220845.400057322345674 ], [ 629244.820768330944702, 5220845.274531004019082 ], [ 629244.79988571931608, 5220845.200114279985428 ], [ 629244.650057322112843, 5220845.200117069296539 ], [ 629244.525117070763372, 5220845.300057320855558 ], [ 629244.525117070646957, 5220845.399942679330707 ], [ 629244.571880962466821, 5220845.492377840913832 ], [ 629244.512448828201741, 5220845.633580317720771 ], [ 629244.250099069206044, 5220845.825100302696228 ], [ 629244.180417460971512, 5220846.06299517583102 ], [ 629244.124370348523371, 5220846.100365043617785 ], [ 629244.05005732155405, 5220846.100117069669068 ], [ 629243.950116591644473, 5220846.249932901002467 ] ] ] } },
{ "type": "Feature", "properties": { "label": "vineyard", "area_m2": 0.041774273683803979 }, "geometry": { "type": "Polygon", "coordinates": [ [ [ 629203.450114952516742, 5220845.625114953145385 ], [ 629203.450117514003068, 5220845.724937187507749 ], [ 629203.525095137418248, 5220845.824884072877467 ], [ 629203.599885047646239, 5220845.82488504704088 ], [ 629203.699881805572659, 5220845.674951042048633 ], [ 629203.699885047622956, 5220845.600114952772856 ], [ 629203.450114952516742, 5220845.625114953145385 ] ] ] } },
{ "type": "Feature", "properties": { "label": "vineyard", "area_m2": 0.41084452917138015 }, "geometry": { "type": "Polygon", "coordinates": [ [ [ 629242.100161064998247, 5220844.400144876912236 ], [ 629242.025024087284692, 5220844.773035446181893 ], [ 629242.050151460338384, 5220845.124879257753491 ], [ 629242.150159524637274, 5220845.599951813928783 ], [ 629242.175150713417679, 5220845.674843189306557 ], [ 629242.399840973550454, 5220845.699840973131359 ], [ 629242.399840396014042, 5220845.400123631581664 ], [ 629242.345308846328408, 5220845.357710625976324 ], [ 629242.250172039610334, 5220844.926576247438788 ], [ 629242.346404966432601, 5220844.589922678656876 ], [ 629242.474845965974964, 5220844.524913445115089 ], [ 629242.549840396037325, 5220844.225123630836606 ], [ 629242.375083768623881, 5220844.175171957351267 ], [ 629242.100161064998247, 5220844.400144876912236 ] ] ] } },
{ "type": "Feature", "properties": { "label": "vineyard", "area_m2": 0.67047470269372356 }, "geometry": { "type": "Polygon", "coordinates": [ [ [ 629200.575000000069849, 5220845.247054241597652 ], [ 629200.649871817673557, 5220845.249843033030629 ], [ 629200.709359263302758, 5220845.096006383188069 ], [ 629200.916834449046291, 5220844.933233532123268 ], [ 629201.156638239859603, 5220845.043313520029187 ], [ 629201.284774722647853, 5220845.337038966827095 ], [ 629201.100159746827558, 5220845.450151714496315 ], [ 629201.100177113665268, 5220845.524916703812778 ], [ 629201.175086389528587, 5220845.674829293042421 ], [ 629201.274850291083567, 5220845.64985799882561 ], [ 629201.399857998127118, 5220845.524850291199982 ], [ 629201.450000000069849, 5220845.397054241970181 ], [ 629201.380228530149907, 5220845.351840668357909 ], [ 629201.277105794521049, 5220845.12910936307162 ], [ 629201.278078467119485, 5220845.045151335187256 ], [ 629201.533151968265884, 5220844.978354415856302 ], [ 629201.599854750675149, 5220844.999842572025955 ], [ 629201.724841242074035, 5220844.649948135018349 ], [ 629201.724831857252866, 5220844.525138531811535 ], [ 629201.549866955610923, 5220844.350155767053366 ], [ 629201.475159026565962, 5220844.350159026682377 ], [ 629201.468723265919834, 5220844.503352497704327 ], [ 629201.271207765326835, 5220844.650186716578901 ], [ 629201.1783987658564, 5220844.50566616281867 ], [ 629201.099837066023611, 5220844.225156294181943 ], [ 629200.950123631162569, 5220844.200159606523812 ], [ 629200.872331106453203, 5220844.4525624262169 ], [ 629200.575528586283326, 5220845.149022979661822 ], [ 629200.575000000069849, 5220845.247054241597652 ] ] ] } },
{ "type": "Feature", "properties": { "label": "vineyard", "area_m2": 0.28569000843652292 }, "geometry": { "type": "Polygon", "coordinates": [ [ [ 629233.200158377178013, 5220845.324841623194516 ], [ 629233.541056285845116, 5220845.453699801117182 ], [ 629233.525158377480693, 5220845.799841623753309 ], [ 629233.599919214961119, 5220845.799823438748717 ], [ 629233.849845344433561, 5220845.699900382198393 ], [ 629233.999839706812054, 5220845.474862113595009 ], [ 629234.051828233641572, 5220845.323955971747637 ], [ 629234.174849556409754, 5220845.199865246191621 ], [ 629234.199841097113676, 5220845.050123829394579 ], [ 629233.949938657227904, 5220844.950169899500906 ], [ 629233.87515837745741, 5220844.950158376246691 ], [ 629233.793084618984722, 5220845.303275846876204 ], [ 629233.676509329117835, 5220845.398706136271358 ], [ 629233.561737105599605, 5220845.445257330313325 ], [ 629233.267522617359646, 5220845.329178200103343 ], [ 629233.249841622659005, 5220845.250158376991749 ], [ 629233.22512382955756, 5220845.250158903189003 ], [ 629233.200158377178013, 5220845.324841623194516 ] ] ] } },
{ "type": "Feature", "properties": { "label": "vineyard", "area_m2": 0.50096297987857552 }, "geometry": { "type": "Polygon", "coordinates": [ [ [ 629209.175117513979785, 5220845.124937187880278 ], [ 629209.225062811863609, 5220845.174882484599948 ], [ 629209.354046757565811, 5220845.211590656079352 ], [ 629209.400095137651078, 5220845.274884073063731 ], [ 629209.474885047646239, 5220845.274885047227144 ], [ 629209.472785461111926, 5220845.160326954908669 ], [ 629209.512555906549096, 5220845.066411785781384 ], [ 629209.588519172859378, 5220844.989864479750395 ], [ 629209.649904862628318, 5220844.974884072318673 ], [ 629209.699881805572659, 5220844.874951042234898 ], [ 629209.69988248613663, 5220844.800062811002135 ], [ 629209.626291291322559, 5220844.711798017844558 ], [ 629209.637521555298008, 5220844.636089726351202 ], [ 629209.696565925492905, 5220844.585403375327587 ], [ 629209.999892658903264, 5220844.474902711808681 ], [ 629210.049882849911228, 5220844.399929783307016 ], [ 629210.075000000069849, 5220844.222545137628913 ], [ 629210.07488248613663, 5220844.075062812305987 ], [ 629210.04993718827609, 5220844.050117515027523 ], [ 629209.650062811793759, 5220843.900117515586317 ], [ 629209.576731595676392, 5220844.044792379252613 ], [ 629209.425117513979785, 5220844.150062812492251 ], [ 629209.425117513979785, 5220844.199937188997865 ], [ 629209.501400991226546, 5220844.296589943580329 ], [ 629209.475118194706738, 5220844.499951042234898 ], [ 629209.538450011983514, 5220844.655222932808101 ], [ 629209.425099301966839, 5220844.750099301338196 ], [ 629209.340219412813894, 5220844.929102087393403 ], [ 629209.200114952516742, 5220844.950114953331649 ], [ 629209.175117513979785, 5220845.124937187880278 ] ] ] } },
{ "type": "Feature", "properties": { "label": "vineyard", "area_m2": 0.31506444275513507 }, "geometry": { "type": "Polygon", "coordinates": [ [ [ 629216.925000000046566, 5220845.272054241970181 ], [ 629217.500442871707492, 5220845.28036083932966 ], [ 629217.549817721941508, 5220845.449974100105464 ], [ 629217.550170704256743, 5220845.749913609586656 ], [ 629217.674924582010135, 5220845.774839312769473 ], [ 629217.849914677091874, 5220845.674850129522383 ], [ 629217.875, 5220845.647054241970181 ], [ 629217.85054006439168, 5220845.370631162077188 ], [ 629217.924932672409341, 5220845.048915622755885 ], [ 629217.902044247719459, 5220844.912281452678144 ], [ 629217.94739608222153, 5220844.641287513077259 ], [ 629217.99993127270136, 5220844.598944113589823 ], [ 629217.999826004263014, 5220844.475081442855299 ], [ 629217.949881322216243, 5220844.400157438591123 ], [ 629217.675159718841314, 5220844.425155743956566 ], [ 629217.643711735261604, 5220844.501226666383445 ], [ 629217.225159026565962, 5220844.550159026868641 ], [ 629217.225159026565962, 5220844.599840972572565 ], [ 629217.249840973527171, 5220844.599840972572565 ], [ 629217.281292693456635, 5220844.548776675015688 ], [ 629217.66379451774992, 5220844.502154354006052 ], [ 629217.861227231216617, 5220844.620115203782916 ], [ 629217.799653214053251, 5220844.927682374604046 ], [ 629217.716195693821646, 5220845.155443700030446 ], [ 629217.521009144373238, 5220845.274391141720116 ], [ 629217.039804249769077, 5220845.272739932872355 ], [ 629217.001711748307571, 5220845.244316671043634 ], [ 629216.999840973527171, 5220845.150159027427435 ], [ 629216.975123626878485, 5220845.150159600190818 ], [ 629216.925000000046566, 5220845.272054241970181 ] ] ] } },
{ "type": "Feature", "properties": { "label": "vineyard", "area_m2": 0.1176436091665046 }, "geometry": { "type": "Polygon", "coordinates": [ [ [ 629211.825114952516742, 5220845.374885046854615 ], [ 629211.966267091454938, 5220845.37892593536526 ], [ 629212.027454879018478, 5220845.424999999813735 ], [ 629212.149937188252807, 5220845.424882484599948 ], [ 629212.244293551659212, 5220845.376562777906656 ], [ 629212.325062811956741, 5220845.424882484599948 ], [ 629212.39988504757639, 5220845.424885046668351 ], [ 629212.399884541286156, 5220845.125104646198452 ], [ 629212.324929783586413, 5220845.075117151252925 ], [ 629212.250114952446893, 5220845.075114953331649 ], [ 629212.205557023291476, 5220845.183146961964667 ], [ 629212.100086298072711, 5220845.200116361491382 ], [ 629212.031317188870162, 5220845.270994077436626 ], [ 629211.825115925981663, 5220845.3000951372087 ], [ 629211.825114952516742, 5220845.374885046854615 ] ] ] } },
{ "type": "Feature", "properties": { "label": "vineyard", "area_m2": 0.038357017158575243 }, "geometry": { "type": "Polygon", "coordinates": [ [ [ 629236.850117514026351, 5220845.19993718713522 ], [ 629236.972545121097937, 5220845.224999999627471 ], [ 629237.049885047599673, 5220845.19988504704088 ], [ 629237.049882486113347, 5220845.100062810815871 ], [ 629236.949904862674884, 5220844.975115926936269 ], [ 629236.875114952446893, 5220844.975114952772856 ], [ 629236.850117514026351, 5220845.19993718713522 ] ] ] } },
{ "type": "Feature", "properties": { "label": "vineyard", "area_m2": 0.05494066307095713 }, "geometry": { "type": "Polygon", "coordinates": [ [ [ 629246.850156458560377, 5220844.950127960182726 ], [ 629246.87512363109272, 5220845.099840393289924 ], [ 629246.94984097359702, 5220845.099840972572565 ], [ 629246.930552767240442, 5220844.946296295151114 ], [ 629247.024841960286722, 5220844.774872476235032 ], [ 629247.009359980118461, 5220844.637481765821576 ], [ 629247.145531603950076, 5220844.436568584293127 ], [ 629247.224840973620303, 5220844.42484097275883 ], [ 629247.19984097359702, 5220844.150159027427435 ], [ 629247.175123631139286, 5220844.150159606710076 ], [ 629247.125158765120432, 5220844.275051864795387 ], [ 629247.143980345921591, 5220844.432682462967932 ], [ 629246.950582131976262, 5220844.699121470563114 ], [ 629246.946686132345349, 5220844.778008293360472 ], [ 629246.850156458560377, 5220844.950127960182726 ] ] ] } },
{ "type": "Feature", "properties": { "label": "vineyard", "area_m2": 0.33355631301796373 }, "geometry": { "type": "Polygon", "coordinates": [ [ [ 629214.525000000023283, 5220844.947054241783917 ], [ 629214.77401468611788, 5220844.99583962187171 ], [ 629214.800159604055807, 5220845.099876368418336 ], [ 629214.949937267811038, 5220845.124829245731235 ], [ 629215.149839610443451, 5220844.999860921874642 ], [ 629215.14982158166822, 5220844.925100026652217 ], [ 629215.078181675286032, 5220844.74466541968286 ], [ 629215.107403370784596, 5220844.670293372124434 ], [ 629215.249307307531126, 5220844.577952981926501 ], [ 629215.353578682756051, 5220844.566467115655541 ], [ 629215.490916374954395, 5220844.69119219481945 ], [ 629215.500159026472829, 5220844.749840972945094 ], [ 629215.524840973550454, 5220844.749840972945094 ], [ 629215.524840973550454, 5220844.70015902724117 ], [ 629215.354723150259815, 5220844.549832464195788 ], [ 629215.349830269347876, 5220844.400084001012146 ], [ 629215.299124969169497, 5220844.29931964725256 ], [ 629215.125878211576492, 5220844.175581766292453 ], [ 629215.025104754138738, 5220844.175166337750852 ], [ 629214.925768828717992, 5220844.24841773044318 ], [ 629214.800159026519395, 5220844.250159027054906 ], [ 629214.800170108792372, 5220844.32492340169847 ], [ 629214.921042068046518, 5220844.577007059939206 ], [ 629214.850153772043996, 5220844.750123912468553 ], [ 629214.821419615764171, 5220844.977692331187427 ], [ 629214.781625005998649, 5220844.995024441741407 ], [ 629214.622284252662212, 5220844.95255097001791 ], [ 629214.599840973620303, 5220844.875159027054906 ], [ 629214.525159026496112, 5220844.875159027054906 ], [ 629214.525000000023283, 5220844.947054241783917 ] ] ] } },
{ "type": "Feature", "properties": { "label": "vineyard", "area_m2": 0.033368065229723701 }, "geometry": { "type": "Polygon", "coordinates": [ [ [ 629206.600115926004946, 5220844.825095137581229 ], [ 629206.600116766872816, 5220844.974921979010105 ], [ 629206.650078019942157, 5220845.024883233010769 ], [ 629206.749885047553107, 5220845.024885047227144 ], [ 629206.775000000023283, 5220844.922545137815177 ], [ 629206.749904862605035, 5220844.800115927122533 ], [ 629206.600115926004946, 5220844.825095137581229 ] ] ] } },
{ "type": "Feature", "properties": { "label": "vineyard", "area_m2": 0.11890418684064818 }, "geometry": { "type": "Polygon", "coordinates": [ [ [ 629198.225159026565962, 5220844.699840973131359 ], [ 629198.281352309393696, 5220844.709079580381513 ], [ 629198.420276849879883, 5220844.850167535245419 ], [ 629198.425861478899606, 5220845.050681152381003 ], [ 629198.574937248718925, 5220845.074829205870628 ], [ 629198.674847884220071, 5220844.974918318912387 ], [ 629198.724598307162523, 5220844.734511931426823 ], [ 629199.224876368883997, 5220844.774840394034982 ], [ 629199.252991102985106, 5220844.642540885135531 ], [ 629199.374840973527171, 5220844.375159027054906 ], [ 629199.099840973620303, 5220844.225159026682377 ], [ 629199.017540884553455, 5220844.222008897922933 ], [ 629198.750159026472829, 5220844.100159026682377 ], [ 629198.750159026472829, 5220844.124840972945094 ], [ 629199.025155237060972, 5220844.249840600416064 ], [ 629199.105235800845549, 5220844.252813798375428 ], [ 629199.3396638748236, 5220844.377596309408545 ], [ 629199.256053483928554, 5220844.628741811029613 ], [ 629199.200159026542678, 5220844.650159027427435 ], [ 629199.190958198276348, 5220844.753901737742126 ], [ 629198.550131311407313, 5220844.72516077850014 ], [ 629198.499967299634591, 5220844.799931653775275 ], [ 629198.42238904919941, 5220844.837851375341415 ], [ 629198.294531643507071, 5220844.715190622955561 ], [ 629198.323904285440221, 5220844.575066771358252 ], [ 629198.25012363109272, 5220844.575159606523812 ], [ 629198.225159026565962, 5220844.699840973131359 ] ] ] } },
{ "type": "Feature", "properties": { "label": "vineyard", "area_m2": 0.090841950922690803 }, "geometry": { "type": "Polygon", "coordinates": [ [ [ 629244.900000000023283, 5220844.847063056193292 ], [ 629245.199841622961685, 5220844.799841622821987 ], [ 629245.19984162284527, 5220844.675158376805484 ], [ 629245.074473393266089, 5220844.656143034808338 ], [ 629245.006326631293632, 5220844.396448684856296 ], [ 629245.086437594494782, 5220844.324975014664233 ], [ 629245.097531668376178, 5220844.11246904078871 ], [ 629245.155588823370636, 5220843.972206439822912 ], [ 629245.313022553455085, 5220843.958428791724145 ], [ 629245.400315099046566, 5220844.041552790440619 ], [ 629245.43259178311564, 5220844.102247087284923 ], [ 629245.422660340904258, 5220844.324953121133149 ], [ 629245.449842096422799, 5220844.299924581311643 ], [ 629245.449836272629909, 5220844.100081407465041 ], [ 629245.374868658487685, 5220843.975146799348295 ], [ 629245.274895756854676, 5220843.900163249112666 ], [ 629245.200119483633898, 5220843.90016763471067 ], [ 629245.075157572049648, 5220844.000117938034236 ], [ 629245.049639914301224, 5220844.217805022373796 ], [ 629244.925159946782514, 5220844.300141624175012 ], [ 629244.92515837715473, 5220844.374841623008251 ], [ 629245.004090042551979, 5220844.401126256212592 ], [ 629245.068287418456748, 5220844.655482036061585 ], [ 629244.900163394864649, 5220844.775078544393182 ], [ 629244.900000000023283, 5220844.847063056193292 ] ] ] } },
{ "type": "Feature", "properties": { "label": "vineyard", "area_m2": 0.5225488499875347 }, "geometry": { "type": "Polygon", "coordinates": [ [ [ 629225.050114952493459, 5220845.974885046482086 ], [ 629225.225048958440311, 5220846.049881804734468 ], [ 629225.324904862674884, 5220846.049884072504938 ], [ 629225.382948971237056, 5220845.939888185821474 ], [ 629225.481495229993016, 5220845.860744403675199 ], [ 629225.64988504757639, 5220845.799885046668351 ], [ 629225.675000000046566, 5220845.697545138187706 ], [ 629225.666099605266936, 5220845.353037725202739 ], [ 629225.799881805549376, 5220845.199951042421162 ], [ 629225.799884074134752, 5220845.125095138326287 ], [ 629225.71447458746843, 5220845.024298016913235 ], [ 629225.726921471999958, 5220844.880490967072546 ], [ 629225.777860326343216, 5220844.811807872727513 ], [ 629225.949885047622956, 5220844.749885046854615 ], [ 629225.94988248613663, 5220844.675062811002135 ], [ 629225.899937188252807, 5220844.625117515213788 ], [ 629225.650048957904801, 5220844.62511819601059 ], [ 629225.600115926004946, 5220844.650095137767494 ], [ 629225.525118516525254, 5220844.925042404793203 ], [ 629225.516278326744214, 5220845.074866284616292 ], [ 629225.461480827303603, 5220845.135135520249605 ], [ 629225.300095137441531, 5220845.200115927495062 ], [ 629225.25011819449719, 5220845.300048957578838 ], [ 629225.261137900874019, 5220845.464421876706183 ], [ 629225.200116360210814, 5220845.525086298584938 ], [ 629225.19506221881602, 5220845.690056913532317 ], [ 629225.100106372032315, 5220845.800071076489985 ], [ 629225.050114952493459, 5220845.974885046482086 ] ] ] } },
{ "type": "Feature", "properties": { "label": "vineyard", "area_m2": 0.4118647476401065 }, "geometry": { "type": "Polygon", "coordinates": [ [ [ 629230.875117513933219, 5220845.299937187694013 ], [ 629230.9500780205708, 5220845.37488323263824 ], [ 629231.022545121028088, 5220845.375 ], [ 629231.088716004509479, 5220845.328787859529257 ], [ 629231.299928923719563, 5220845.299893628805876 ], [ 629231.349881483591162, 5220845.124957595020533 ], [ 629231.363514569704421, 5220844.89077584631741 ], [ 629231.424864498898387, 5220844.831943713128567 ], [ 629231.574937188299373, 5220844.824882484972477 ], [ 629231.599882486159913, 5220844.799937187694013 ], [ 629231.625, 5220844.697545138187706 ], [ 629231.599882486159913, 5220844.525062812492251 ], [ 629231.429289321880788, 5220844.445710677653551 ], [ 629231.39988504757639, 5220844.325114953331649 ], [ 629231.274951041676104, 5220844.275118195451796 ], [ 629231.150117513956502, 5220844.300062811002135 ], [ 629231.125, 5220844.377454861998558 ], [ 629231.149447292089462, 5220844.519521198235452 ], [ 629231.07511851657182, 5220844.800042404793203 ], [ 629231.070694033638574, 5220845.004028468392789 ], [ 629231.022139673819765, 5220845.063192127272487 ], [ 629230.900106372311711, 5220845.100071074441075 ], [ 629230.875117513933219, 5220845.299937187694013 ] ] ] } },
{ "type": "Feature", "properties": { "label": "vineyard", "area_m2": 0.10993078482615663 }, "geometry": { "type": "Polygon", "coordinates": [ [ [ 629220.400000000023283, 5220844.372054241597652 ], [ 629220.474840973620303, 5220844.399840973317623 ], [ 629220.504647989175282, 5220844.091925879009068 ], [ 629220.649840396014042, 5220844.0498763686046 ], [ 629220.623818389489315, 5220844.008653864264488 ], [ 629220.649414854007773, 5220843.817117879167199 ], [ 629220.724975912831724, 5220843.698035445995629 ], [ 629220.724593888036907, 5220843.624179818667471 ], [ 629220.674913610564545, 5220843.525170707143843 ], [ 629220.575062743620947, 5220843.525170778855681 ], [ 629220.475169947254471, 5220843.600101591087878 ], [ 629220.499634706415236, 5220844.078370901755989 ], [ 629220.475544433109462, 5220844.247889542020857 ], [ 629220.400159026496112, 5220844.275159027427435 ], [ 629220.400000000023283, 5220844.372054241597652 ] ] ] } },
{ "type": "Feature", "properties": { "label": "vineyard", "area_m2": 0.27084942212323837 }, "geometry": { "type": "Polygon", "coordinates": [ [ [ 629222.925114952493459, 5220844.799885046668351 ], [ 629223.050048958393745, 5220844.849881804548204 ], [ 629223.29993718827609, 5220844.874882484786212 ], [ 629223.374882486066781, 5220844.799937187694013 ], [ 629223.399881483521312, 5220844.724957594648004 ], [ 629223.402204722282477, 5220844.570095524191856 ], [ 629223.474881483591162, 5220844.399957595393062 ], [ 629223.474882486159913, 5220844.300062811002135 ], [ 629223.349951042211615, 5220844.225118195638061 ], [ 629223.200042403652333, 5220844.225118516944349 ], [ 629223.075071076396853, 5220844.275106371380389 ], [ 629222.975117150228471, 5220844.400070217438042 ], [ 629222.974447292159311, 5220844.594521198421717 ], [ 629222.925114952493459, 5220844.799885046668351 ] ] ] } },
{ "type": "Feature", "properties": { "label": "vineyard", "area_m2": 0.10389848306241865 }, "geometry": { "type": "Polygon", "coordinates": [ [ [ 629212.251114677637815, 5220844.351300762034953 ], [ 629212.275117513956502, 5220844.474937187507749 ], [ 629212.375095137627795, 5220844.574884072877467 ], [ 629212.599951041745953, 5220844.549881804734468 ], [ 629212.674882486113347, 5220844.499937187880278 ], [ 629212.674884074134752, 5220844.400095137767494 ], [ 629212.524951042141765, 5220844.300118195824325 ], [ 629212.442907453747466, 5220844.284297254867852 ], [ 629212.399913702043705, 5220844.225116360932589 ], [ 629212.275071076466702, 5220844.25010637100786 ], [ 629212.251114677637815, 5220844.351300762034953 ] ] ] } },
{ "type": "Feature", "properties": { "label": "vineyard", "area_m2": 0.20734305868958322 }, "geometry": { "type": "Polygon", "coordinates": [ [ [ 629237.000159026472829, 5220844.20015902724117 ], [ 629237.02516995719634, 5220844.624898401089013 ], [ 629237.075096112093888, 5220844.674842418171465 ], [ 629237.199937245924957, 5220844.674829189665616 ], [ 629237.249840395990759, 5220844.649876369163394 ], [ 629237.249830917688087, 5220844.550118692219257 ], [ 629237.146843603230081, 5220844.441977347247303 ], [ 629237.128077891655266, 5220844.245148305781186 ], [ 629237.395793272298761, 5220844.175710846669972 ], [ 629237.524865146027878, 5220844.174832466989756 ], [ 629237.674829295836389, 5220844.049913609400392 ], [ 629237.674837478785776, 5220843.600144134834409 ], [ 629237.474913616548292, 5220843.475170697085559 ], [ 629237.400086375535466, 5220843.475170682184398 ], [ 629237.350170681835152, 5220843.525086374953389 ], [ 629237.350159450550564, 5220843.649951826781034 ], [ 629237.400037396466359, 5220843.790943058207631 ], [ 629237.601063449401408, 5220843.894464527256787 ], [ 629237.552238574833609, 5220844.106259537860751 ], [ 629237.399935378343798, 5220844.172331771813333 ], [ 629237.13817848439794, 5220844.222555766813457 ], [ 629237.000159026472829, 5220844.20015902724117 ] ] ] } },
{ "type": "Feature", "properties": { "label": "vineyard", "area_m2": 0.98449989454161202 }, "geometry": { "type": "Polygon", "coordinates": [ [ [ 629198.725117404945195, 5220844.049949506297708 ], [ 629198.775057321996428, 5220844.124882929958403 ], [ 629198.962135129608214, 5220844.132150755263865 ], [ 629199.025114280870184, 5220844.224885719828308 ], [ 629199.10004009748809, 5220844.249882086180151 ], [ 629199.149885719292797, 5220844.249885719269514 ], [ 629199.191016033757478, 5220844.117416545748711 ], [ 629199.261414642678574, 5220844.072627106681466 ], [ 629199.380557023221627, 5220844.091853038407862 ], [ 629199.425114280660637, 5220844.199885719455779 ], [ 629199.449885719339363, 5220844.199885719455779 ], [ 629199.422686938545667, 5220844.038994380272925 ], [ 629199.549892274197191, 5220843.949934207834303 ], [ 629199.674882085877471, 5220843.624959900975227 ], [ 629199.67488571931608, 5220843.550114280544221 ], [ 629199.575087057426572, 5220843.550115614198148 ], [ 629199.49854725797195, 5220843.622928793542087 ], [ 629199.361414642655291, 5220843.627372893504798 ], [ 629199.291016033734195, 5220843.582583454437554 ], [ 629199.275519149261527, 5220843.486523539759219 ], [ 629199.399883408332244, 5220843.324932901188731 ], [ 629199.42993167869281, 5220843.159963645040989 ], [ 629199.64988343778532, 5220842.674932301044464 ], [ 629199.599934207391925, 5220842.600107725709677 ], [ 629199.34995990106836, 5220842.500117913819849 ], [ 629199.22729668545071, 5220842.536850040778518 ], [ 629199.09995990106836, 5220842.500117913819849 ], [ 629199.050117070437409, 5220842.525057322345674 ], [ 629199.047420597053133, 5220842.63286810927093 ], [ 629198.993051817989908, 5220842.775144570507109 ], [ 629198.825117404921912, 5220843.100050494074821 ], [ 629198.82511428068392, 5220843.199885719455779 ], [ 629198.89713967370335, 5220843.211807873100042 ], [ 629198.945694033522159, 5220843.27097153197974 ], [ 629198.949495807988569, 5220843.448549167253077 ], [ 629198.894907523645088, 5220843.527869394980371 ], [ 629198.775057322112843, 5220843.525117069482803 ], [ 629198.750117070623673, 5220843.550057320855558 ], [ 629198.771877656574361, 5220843.817445071414113 ], [ 629198.72511707060039, 5220843.900057321414351 ], [ 629198.725117404945195, 5220844.049949506297708 ] ], [ [ 629199.174356344039552, 5220843.773563124239445 ], [ 629199.182767643360421, 5220843.688455532304943 ], [ 629199.258011618629098, 5220843.625222213566303 ], [ 629199.336005621822551, 5220843.622686939314008 ], [ 629199.392074029892683, 5220843.676962400786579 ], [ 629199.395068318583071, 5220843.765036364085972 ], [ 629199.319283367134631, 5220843.889660377986729 ], [ 629199.210502703906968, 5220843.87642053887248 ], [ 629199.174356344039552, 5220843.773563124239445 ] ] ] } },
{ "type": "Feature", "properties": { "label": "vineyard", "area_m2": 0.071914120082635535 }, "geometry": { "type": "Polygon", "coordinates": [ [ [ 629242.425000000046566, 5220844.197054241783917 ], [ 629242.549840973573737, 5220844.224840972572565 ], [ 629242.463823831407353, 5220844.067102257162333 ], [ 629242.54995604022406, 5220843.952430836856365 ], [ 629242.668193975579925, 5220843.762410338968039 ], [ 629242.774861477431841, 5220843.74983186647296 ], [ 629242.899857977754436, 5220843.624850272201002 ], [ 629242.924840973573737, 5220843.45015902724117 ], [ 629242.800086389528587, 5220843.450170706957579 ], [ 629242.768087838427164, 5220843.5532763954252 ], [ 629242.650157243595459, 5220843.650136546231806 ], [ 629242.647960359463468, 5220843.729119731113315 ], [ 629242.556472004274838, 5220843.929975429549813 ], [ 629242.475123631185852, 5220843.950159606523812 ], [ 629242.450165543705225, 5220844.000064359046519 ], [ 629242.425000000046566, 5220844.197054241783917 ] ] ] } },
{ "type": "Feature", "properties": { "label": "vineyard", "area_m2": 0.33757158524102776 }, "geometry": { "type": "Polygon", "coordinates": [ [ [ 629201.125, 5220843.897054241970181 ], [ 629201.341808361350559, 5220843.707496320828795 ], [ 629201.414788440219127, 5220843.706944460049272 ], [ 629201.499330426100641, 5220843.972927546128631 ], [ 629201.500170704210177, 5220844.099913609214127 ], [ 629201.605186348082498, 5220844.130966788157821 ], [ 629201.787214462994598, 5220844.268091390840709 ], [ 629201.800159026519395, 5220844.374840972945094 ], [ 629201.824876368977129, 5220844.374840393662453 ], [ 629201.899821836035699, 5220844.199937959201634 ], [ 629201.899835622985847, 5220844.100095200352371 ], [ 629201.824879024876282, 5220844.000159329734743 ], [ 629201.548802878707647, 5220843.940477569587529 ], [ 629201.438600746565498, 5220843.720498658716679 ], [ 629201.457051298348233, 5220843.683852460235357 ], [ 629201.624840253265575, 5220843.599848284386098 ], [ 629201.627039883984253, 5220843.520864745602012 ], [ 629201.718527739634737, 5220843.320023752748966 ], [ 629201.799876368953846, 5220843.299840393476188 ], [ 629201.824829190387391, 5220843.249937245622277 ], [ 629201.824834469356574, 5220843.175130812451243 ], [ 629201.699859189451672, 5220842.975159021094441 ], [ 629201.625159026472829, 5220842.975159026682377 ], [ 629201.623308169888332, 5220843.053792282938957 ], [ 629201.521155146532692, 5220843.29086818639189 ], [ 629201.300150369526818, 5220843.275161645375192 ], [ 629201.223415023996495, 5220843.626071207225323 ], [ 629201.125, 5220843.897054241970181 ] ] ] } },
{ "type": "Feature", "properties": { "label": "vineyard", "area_m2": 0.52806583171107024 }, "geometry": { "type": "Polygon", "coordinates": [ [ [ 629226.0, 5220844.272063058800995 ], [ 629226.100064280326478, 5220844.34982999227941 ], [ 629226.199845360359177, 5220844.324900396168232 ], [ 629226.249829997424968, 5220844.224935723468661 ], [ 629226.253616421250626, 5220843.996803404763341 ], [ 629226.74983032012824, 5220843.024928893893957 ], [ 629226.724875239422545, 5220842.850158856250346 ], [ 629226.524229516158812, 5220842.846783621236682 ], [ 629226.274870805558749, 5220842.675155716016889 ], [ 629226.200157903716899, 5220842.700075417757034 ], [ 629226.200159320374951, 5220842.774874669499695 ], [ 629226.344479979248717, 5220843.103642149828374 ], [ 629226.175157902762294, 5220843.325075417757034 ], [ 629226.14909857918974, 5220843.601898208260536 ], [ 629226.000153187429532, 5220843.950123261660337 ], [ 629226.0, 5220844.272063058800995 ] ] ] } },
{ "type": "Feature", "properties": { "label": "vineyard", "area_m2": 0.089497663755097878 }, "geometry": { "type": "Polygon", "coordinates": [ [ [ 629239.75, 5220843.972054241225123 ], [ 629239.775086390436627, 5220843.999829294160008 ], [ 629239.849863690673374, 5220843.999843054451048 ], [ 629239.987693924340419, 5220843.831865650601685 ], [ 629240.139683463145047, 5220843.798828421160579 ], [ 629240.393558216048405, 5220843.78148967307061 ], [ 629240.425159026519395, 5220843.874840972945094 ], [ 629240.549913609633222, 5220843.874829294160008 ], [ 629240.624840973527171, 5220843.675159026868641 ], [ 629240.450128644471988, 5220843.725154563784599 ], [ 629240.409876135992818, 5220843.775487191975117 ], [ 629240.167989921406843, 5220843.794322710484266 ], [ 629240.131559151108377, 5220843.776382496580482 ], [ 629240.124840973527171, 5220843.725159026682377 ], [ 629239.850136621505953, 5220843.725157341919839 ], [ 629239.750167563441209, 5220843.850134871900082 ], [ 629239.75, 5220843.972054241225123 ] ] ] } },
{ "type": "Feature", "properties": { "label": "vineyard", "area_m2": 0.35411145029638602 }, "geometry": { "type": "Polygon", "coordinates": [ [ [ 629215.075064087286592, 5220843.57384966313839 ], [ 629215.20014345983509, 5220843.824841354973614 ], [ 629215.274840973550454, 5220843.824840973131359 ], [ 629215.288822256261483, 5220843.747937666252255 ], [ 629215.491878613363951, 5220843.653602504171431 ], [ 629215.599843699019402, 5220843.64983706176281 ], [ 629215.650835092877969, 5220843.398363532498479 ], [ 629215.800100950524211, 5220843.124063329771161 ], [ 629215.8498349894071, 5220842.92493015434593 ], [ 629215.849842563853599, 5220842.750118678435683 ], [ 629215.773860165616497, 5220842.70006460417062 ], [ 629215.600151145947166, 5220842.725150057114661 ], [ 629215.523413560236804, 5220843.076072623953223 ], [ 629215.424352090689354, 5220843.324650686234236 ], [ 629215.202554253744893, 5220843.447341771796346 ], [ 629215.125086375046521, 5220843.450170682743192 ], [ 629215.075170681811869, 5220843.50008637458086 ], [ 629215.075064087286592, 5220843.57384966313839 ] ] ] } },
{ "type": "Feature", "properties": { "label": "vineyard", "area_m2": 0.78611721240880572 }, "geometry": { "type": "Polygon", "coordinates": [ [ [ 629231.100155107676983, 5220843.899876105599105 ], [ 629231.198090741061606, 5220844.1236293874681 ], [ 629231.200156769831665, 5220844.274855415336788 ], [ 629231.325063604628667, 5220844.324822517111897 ], [ 629231.724924038979225, 5220844.349826406687498 ], [ 629231.799843314103782, 5220844.29988019540906 ], [ 629231.802950863610022, 5220844.149300556629896 ], [ 629231.924829941708595, 5220843.949935702607036 ], [ 629231.902562279254198, 5220843.718521576374769 ], [ 629231.971265826374292, 5220843.466239708475769 ], [ 629232.299841622821987, 5220843.399841622449458 ], [ 629232.299841474741697, 5220843.325132147409022 ], [ 629232.099900383152999, 5220843.100154656916857 ], [ 629231.875075417454354, 5220843.02515790052712 ], [ 629231.525165246101096, 5220843.425121772103012 ], [ 629231.510253199492581, 5220843.592078235931695 ], [ 629231.200144584639929, 5220843.625156769528985 ], [ 629231.100155107676983, 5220843.899876105599105 ] ] ] } },
{ "type": "Feature", "properties": { "label": "vineyard", "area_m2": 0.70570944789519041 }, "geometry": { "type": "Polygon", "coordinates": [ [ [ 629245.025164399645291, 5220843.274860821664333 ], [ 629245.20105666317977, 5220843.426948095671833 ], [ 629245.350142307928763, 5220843.674839379265904 ], [ 629245.849876369000413, 5220843.699840393848717 ], [ 629246.074471414089203, 5220843.150977021083236 ], [ 629246.075000000069849, 5220843.077945758588612 ], [ 629245.951093806885183, 5220842.85183000843972 ], [ 629245.824876368977129, 5220842.400159606710076 ], [ 629245.750159026472829, 5220842.400159027427435 ], [ 629245.700068251811899, 5220842.701065566390753 ], [ 629245.708288314635865, 5220842.86213655397296 ], [ 629245.502112484187819, 5220843.017911673523486 ], [ 629245.349899371154606, 5220842.950170384719968 ], [ 629245.250086390180513, 5220842.950170706026256 ], [ 629245.025168125750497, 5220843.175138518214226 ], [ 629245.025164399645291, 5220843.274860821664333 ] ] ] } },
{ "type": "Feature", "properties": { "label": "vineyard", "area_m2": 0.18972760301001204 }, "geometry": { "type": "Polygon", "coordinates": [ [ [ 629217.875159026472829, 5220842.974840972572565 ], [ 629217.949840396060608, 5220842.949876368977129 ], [ 629217.98196739773266, 5220842.878003596328199 ], [ 629218.312192164477892, 5220842.876868192106485 ], [ 629218.350123631185852, 5220842.924840393476188 ], [ 629218.43217939673923, 5220842.938693337142467 ], [ 629218.598008411470801, 5220843.223269001580775 ], [ 629218.594821917475201, 5220843.500623159110546 ], [ 629218.500086384708993, 5220843.525170697830617 ], [ 629218.440425199223682, 5220843.599773843772709 ], [ 629218.273756845504977, 5220843.622571444138885 ], [ 629218.136566920904443, 5220843.531923488713801 ], [ 629218.124840973527171, 5220843.475159026682377 ], [ 629217.975159026565962, 5220843.475159026682377 ], [ 629217.975159026565962, 5220843.54984097275883 ], [ 629218.098512214957736, 5220843.553383532911539 ], [ 629218.190151723101735, 5220843.650909144431353 ], [ 629218.125158778391778, 5220843.825051870197058 ], [ 629218.125073871808127, 5220843.949048832990229 ], [ 629218.150150369154289, 5220844.024838355369866 ], [ 629218.224911149241962, 5220844.024826359003782 ], [ 629218.299843034590594, 5220843.974871816113591 ], [ 629218.300872380728833, 5220843.838876228779554 ], [ 629218.347846035147086, 5220843.756702388636768 ], [ 629218.549854750628583, 5220843.724842571653426 ], [ 629218.59982177882921, 5220843.599937941879034 ], [ 629218.603832584456541, 5220843.32803410012275 ], [ 629218.69984097359702, 5220843.29984097275883 ], [ 629218.69984097359702, 5220843.225159026682377 ], [ 629218.594132202793844, 5220843.203246718272567 ], [ 629218.476562872645445, 5220842.90370487049222 ], [ 629218.474829235346988, 5220842.825062738731503 ], [ 629218.39988132531289, 5220842.700157433748245 ], [ 629218.325159026542678, 5220842.70015902724117 ], [ 629218.304021807038225, 5220842.868005881085992 ], [ 629217.925086384755559, 5220842.875170697458088 ], [ 629217.875159026472829, 5220842.974840972572565 ] ] ] } },
{ "type": "Feature", "properties": { "label": "vineyard", "area_m2": 0.4984504738802325 }, "geometry": { "type": "Polygon", "coordinates": [ [ [ 629203.425115208956413, 5220844.974904671311378 ], [ 629203.55579149897676, 5220845.008799173869193 ], [ 629203.600067099439912, 5220845.049883409403265 ], [ 629203.749932900536805, 5220845.049883409403265 ], [ 629203.874892273801379, 5220844.949934208765626 ], [ 629203.931040626368485, 5220844.827580356970429 ], [ 629204.049882929422893, 5220844.774942678399384 ], [ 629204.075000000069849, 5220844.697552488185465 ], [ 629204.054931681137532, 5220844.48496363684535 ], [ 629204.125904229702428, 5220844.33284483011812 ], [ 629204.249884836724959, 5220844.274903737939894 ], [ 629204.277201986056753, 5220843.970110202208161 ], [ 629204.324882085900754, 5220843.824959902092814 ], [ 629204.324882595101371, 5220843.725050495006144 ], [ 629204.274883724632673, 5220843.600073558278382 ], [ 629204.199934207368642, 5220843.52510772459209 ], [ 629204.127447513048537, 5220843.5 ], [ 629204.075064699165523, 5220843.525108931586146 ], [ 629204.000117405084893, 5220843.650050493888557 ], [ 629203.988192126504146, 5220844.197139673866332 ], [ 629203.938268343219534, 5220844.242387953214347 ], [ 629203.775114280870184, 5220844.275114280171692 ], [ 629203.750116275274195, 5220844.399926442652941 ], [ 629203.820833067176864, 5220844.48415522929281 ], [ 629203.827869393979199, 5220844.594907524995506 ], [ 629203.777631452307105, 5220844.64203420188278 ], [ 629203.700057322042994, 5220844.650117069482803 ], [ 629203.560721616959199, 5220844.781870372593403 ], [ 629203.500057321973145, 5220844.800117069855332 ], [ 629203.425117070553824, 5220844.875057321041822 ], [ 629203.425115208956413, 5220844.974904671311378 ] ] ] } },
{ "type": "Feature", "properties": { "label": "vineyard", "area_m2": 0.54770901105966729 }, "geometry": { "type": "Polygon", "coordinates": [ [ [ 629237.400068154209293, 5220843.198932447470725 ], [ 629237.501121736480854, 5220843.325524025596678 ], [ 629237.675062737660483, 5220843.424829233437777 ], [ 629237.779021554044448, 5220843.433962785638869 ], [ 629237.900130651658401, 5220843.624870268628001 ], [ 629238.049876373261213, 5220843.674840399995446 ], [ 629238.124838360003196, 5220843.47515036445111 ], [ 629238.000072729191743, 5220843.424928152933717 ], [ 629237.879846615949646, 5220843.324878958985209 ], [ 629237.900027902098373, 5220843.100028401240706 ], [ 629238.014999092323706, 5220842.951799153350294 ], [ 629238.229150212020613, 5220842.978177522309124 ], [ 629238.250159026472829, 5220843.099840972572565 ], [ 629238.299913614639081, 5220843.099829303100705 ], [ 629238.374926091288216, 5220842.949049582704902 ], [ 629238.374840973527171, 5220842.925159026868641 ], [ 629238.300096112070605, 5220842.925157581456006 ], [ 629238.235001292661764, 5220842.973215277306736 ], [ 629238.004651353228837, 5220842.930427649058402 ], [ 629238.099829214741476, 5220842.74993725400418 ], [ 629238.124840400880203, 5220842.450123626738787 ], [ 629237.849942057975568, 5220842.325157081708312 ], [ 629237.750865136273205, 5220842.349312397651374 ], [ 629237.600487723015249, 5220842.797960266470909 ], [ 629237.400581765687093, 5220843.124121787026525 ], [ 629237.400068154209293, 5220843.198932447470725 ] ] ] } },
{ "type": "Feature", "properties": { "label": "vineyard", "area_m2": 0.64782138274428547 }, "geometry": { "type": "Polygon", "coordinates": [ [ [ 629233.850114952540025, 5220844.700114953331649 ], [ 629233.885881502996199, 5220844.83792694658041 ], [ 629233.875114952446893, 5220844.94988504704088 ], [ 629234.199885047622956, 5220845.049885046668351 ], [ 629234.191921411431395, 5220844.865640488453209 ], [ 629234.274902711855248, 5220844.799892659299076 ], [ 629234.324881483567879, 5220844.674957594834268 ], [ 629234.307612046715803, 5220844.411731655709445 ], [ 629234.361731656827033, 5220844.357612046413124 ], [ 629234.474951041745953, 5220844.349881804548204 ], [ 629234.549882486113347, 5220844.299937187694013 ], [ 629234.53915376320947, 5220844.162691140547395 ], [ 629234.575000000069849, 5220844.097545137628913 ], [ 629234.561807873542421, 5220843.777860325761139 ], [ 629234.630490967771038, 5220843.726921470835805 ], [ 629234.89988504757639, 5220843.69988504704088 ], [ 629234.89988504757639, 5220843.575114953331649 ], [ 629234.734536760021001, 5220843.577216570265591 ], [ 629234.632844104547985, 5220843.524095112457871 ], [ 629234.57492892362643, 5220843.425106370821595 ], [ 629234.449957596487366, 5220843.375118517316878 ], [ 629234.400086298002861, 5220843.375116361305118 ], [ 629234.364820046816021, 5220843.428834643214941 ], [ 629234.300114952493459, 5220843.450114953331649 ], [ 629234.287286476464942, 5220843.527093107812107 ], [ 629234.225116360234097, 5220843.575086299329996 ], [ 629234.225117150228471, 5220843.649929783307016 ], [ 629234.27324873721227, 5220843.717844794504344 ], [ 629234.27095715131145, 5220843.878146494738758 ], [ 629234.075117514003068, 5220844.075062812305987 ], [ 629234.075631775078364, 5220844.218786132521927 ], [ 629233.975117514026351, 5220844.350062812678516 ], [ 629233.970062218839303, 5220844.615056914277375 ], [ 629233.924516374710947, 5220844.679244693368673 ], [ 629233.850114952540025, 5220844.700114953331649 ] ] ] } },
{ "type": "Feature", "properties": { "label": "vineyard", "area_m2": 0.20400043625681746 }, "geometry": { "type": "Polygon", "coordinates": [ [ [ 629212.475114952540025, 5220843.450114953331649 ], [ 629212.475117150228471, 5220843.599929782561958 ], [ 629212.521074064308777, 5220843.65873290784657 ], [ 629212.525114952470176, 5220843.799885046668351 ], [ 629212.611480827210471, 5220843.814864479936659 ], [ 629212.700062811840326, 5220843.899882485158741 ], [ 629212.774895354523323, 5220843.899884540587664 ], [ 629212.849881805595942, 5220843.774951042607427 ], [ 629212.807149391970597, 5220843.537868279963732 ], [ 629212.89988504757639, 5220843.474885046482086 ], [ 629212.938235269044526, 5220843.396354478783906 ], [ 629213.02488504757639, 5220843.374885046854615 ], [ 629213.024884074111469, 5220843.3000951372087 ], [ 629212.89992892369628, 5220843.200106371194124 ], [ 629212.799951041699387, 5220843.150118195451796 ], [ 629212.725114952540025, 5220843.150114953517914 ], [ 629212.701384884188883, 5220843.448561378754675 ], [ 629212.621728094643913, 5220843.48396831844002 ], [ 629212.475114952540025, 5220843.450114953331649 ] ] ] } },
{ "type": "Feature", "properties": { "label": "vineyard", "area_m2": 0.38936709207392678 }, "geometry": { "type": "Polygon", "coordinates": [ [ [ 629220.600000000093132, 5220843.347054241225123 ], [ 629220.800834344816394, 5220843.34928422421217 ], [ 629220.874844716861844, 5220843.299862528219819 ], [ 629221.059323681285605, 5220843.074370469897985 ], [ 629221.573035411653109, 5220843.074975913390517 ], [ 629221.599829295882955, 5220843.049913609400392 ], [ 629221.599840973620303, 5220843.000159027054906 ], [ 629221.086633434286341, 5220843.002454861998558 ], [ 629221.048278978327289, 5220842.973809847608209 ], [ 629221.032281852909364, 5220842.72899573110044 ], [ 629221.125695643480867, 5220842.67412402946502 ], [ 629221.324840823188424, 5220842.449867182411253 ], [ 629221.299829295836389, 5220842.125086390413344 ], [ 629221.274913609609939, 5220842.100170705467463 ], [ 629220.874642944894731, 5220842.151019935496151 ], [ 629220.850000000093132, 5220842.247054241597652 ], [ 629220.89938500279095, 5220842.525326194241643 ], [ 629220.875167411519215, 5220842.799871309660375 ], [ 629220.963340561371297, 5220842.997329941950738 ], [ 629220.779504413018003, 5220843.145853725261986 ], [ 629220.650145253050141, 5220843.150157429277897 ], [ 629220.600000000093132, 5220843.347054241225123 ] ] ] } },
{ "type": "Feature", "properties": { "label": "vineyard", "area_m2": 0.40972341883614555 }, "geometry": { "type": "Polygon", "coordinates": [ [ [ 629228.876101147267036, 5220843.326284324750304 ], [ 629228.924447979894467, 5220843.455487178638577 ], [ 629228.925117404898629, 5220843.649949504993856 ], [ 629229.025108930771239, 5220843.799935299903154 ], [ 629229.05005732155405, 5220843.824882930144668 ], [ 629229.174942678073421, 5220843.824882930144668 ], [ 629229.249935299856588, 5220843.774891069158912 ], [ 629229.275000000023283, 5220843.747552487999201 ], [ 629229.252201986033469, 5220843.520110202021897 ], [ 629229.324882929562591, 5220843.42494267784059 ], [ 629229.349999999976717, 5220843.327447513118386 ], [ 629229.254877923522145, 5220843.22585698030889 ], [ 629229.244553001597524, 5220843.148507850244641 ], [ 629229.292947221547365, 5220843.087291093543172 ], [ 629229.399942678050138, 5220843.074882930144668 ], [ 629229.474900931119919, 5220843.024899697862566 ], [ 629229.524882595054805, 5220842.924949506297708 ], [ 629229.529931679018773, 5220842.784963644109666 ], [ 629229.599882929353043, 5220842.67494267784059 ], [ 629229.599884790950455, 5220842.475095328874886 ], [ 629229.497552486951463, 5220842.424999999813735 ], [ 629229.375107726198621, 5220842.47506579104811 ], [ 629229.250117914285511, 5220842.75004009809345 ], [ 629229.275000000023283, 5220842.86598000023514 ], [ 629229.261250458075665, 5220843.110937597230077 ], [ 629229.18039298185613, 5220843.159418747760355 ], [ 629229.049949505017139, 5220843.100117404013872 ], [ 629228.900099069229327, 5220843.125100302509964 ], [ 629228.876101147267036, 5220843.326284324750304 ] ] ] } },
{ "type": "Feature", "properties": { "label": "vineyard", "area_m2": 0.40141824299611489 }, "geometry": { "type": "Polygon", "coordinates": [ [ [ 629242.900162757374346, 5220842.650101368315518 ], [ 629242.900170011678711, 5220842.724935719743371 ], [ 629242.998956405208446, 5220842.903964116238058 ], [ 629242.925158902886324, 5220843.199876170605421 ], [ 629243.049841622938402, 5220843.224841622635722 ], [ 629243.049842095933855, 5220843.100075418129563 ], [ 629243.012540042283945, 5220843.040356075391173 ], [ 629243.083815015153959, 5220842.913666090928018 ], [ 629243.181746056536213, 5220842.900801319628954 ], [ 629243.300077776541002, 5220842.97483650688082 ], [ 629243.374924581497908, 5220842.97484209947288 ], [ 629243.526809721835889, 5220842.724199679680169 ], [ 629243.64796849549748, 5220842.629420969635248 ], [ 629243.69987617037259, 5220842.624841096810997 ], [ 629243.799829997355118, 5220842.399935724213719 ], [ 629243.799841622821987, 5220842.300158376805484 ], [ 629243.70007541985251, 5220842.300157902762294 ], [ 629243.66964307508897, 5220842.407002378255129 ], [ 629243.587627881090157, 5220842.485315253958106 ], [ 629243.199895770754665, 5220842.225163221359253 ], [ 629243.100158377434127, 5220842.22515837661922 ], [ 629243.137285728007555, 5220842.423432706855237 ], [ 629243.053371748072095, 5220842.518767352215946 ], [ 629242.975141641567461, 5220842.525159964337945 ], [ 629242.900162757374346, 5220842.650101368315518 ] ] ] } },
{ "type": "Feature", "properties": { "label": "vineyard", "area_m2": 0.46566480017866169 }, "geometry": { "type": "Polygon", "coordinates": [ [ [ 629231.875, 5220843.022054241970181 ], [ 629232.124840973527171, 5220843.124840972945094 ], [ 629232.118010895559564, 5220842.936275667510927 ], [ 629232.449272069963627, 5220842.627677326090634 ], [ 629232.674876368953846, 5220842.599840393289924 ], [ 629232.849840973620303, 5220842.125159027054906 ], [ 629232.558276088675484, 5220842.07639982458204 ], [ 629232.37489992834162, 5220841.97516892105341 ], [ 629232.174369729822502, 5220842.000810597091913 ], [ 629232.100000000093132, 5220842.327945758588612 ], [ 629232.100170384394005, 5220842.599899372085929 ], [ 629232.162659952533431, 5220842.748852639459074 ], [ 629231.875, 5220843.022054241970181 ] ] ] } },
{ "type": "Feature", "properties": { "label": "vineyard", "area_m2": 0.085648635498394562 }, "geometry": { "type": "Polygon", "coordinates": [ [ [ 629223.575114952516742, 5220842.92511495295912 ], [ 629223.575117514003068, 5220842.999937187880278 ], [ 629223.691799439839087, 5220843.107043776661158 ], [ 629223.700117514003068, 5220843.249937187880278 ], [ 629223.725062811863609, 5220843.274882485158741 ], [ 629223.849937188439071, 5220843.274882485158741 ], [ 629223.874882486066781, 5220843.249937187880278 ], [ 629223.875, 5220842.977454861626029 ], [ 629223.849904862698168, 5220842.925115927122533 ], [ 629223.747545121004805, 5220842.875 ], [ 629223.675062811817043, 5220842.875117515213788 ], [ 629223.575114952516742, 5220842.92511495295912 ] ] ] } },
{ "type": "Feature", "properties": { "label": "vineyard", "area_m2": 0.46924533144565561 }, "geometry": { "type": "Polygon", "coordinates": [ [ [ 629209.650117070646957, 5220843.899942679330707 ], [ 629210.074885719339363, 5220844.074885719455779 ], [ 629210.108710969332606, 5220843.875159503892064 ], [ 629210.27488259493839, 5220843.649949505925179 ], [ 629210.277201986056753, 5220843.495110201649368 ], [ 629210.325000000069849, 5220843.372552487999201 ], [ 629210.287827484076843, 5220843.083639036864042 ], [ 629210.329787898575887, 5220843.017622783780098 ], [ 629210.399885719292797, 5220842.999885719269514 ], [ 629210.399885719292797, 5220842.950114279985428 ], [ 629210.149949504993856, 5220842.850117404013872 ], [ 629210.050050495192409, 5220842.850117404013872 ], [ 629209.925117070553824, 5220842.925057320855558 ], [ 629209.922798014013097, 5220843.154889796860516 ], [ 629209.850117914145812, 5220843.375040099024773 ], [ 629209.873681084136479, 5220843.68144622258842 ], [ 629209.822620740858838, 5220843.756112734787166 ], [ 629209.700057321926579, 5220843.800117069855332 ], [ 629209.650117070646957, 5220843.850057320669293 ], [ 629209.650117070646957, 5220843.899942679330707 ] ] ] } },
{ "type": "Feature", "properties": { "label": "vineyard", "area_m2": 0.79471056643221638 }, "geometry": { "type": "Polygon", "coordinates": [ [ [ 629234.400000000023283, 5220843.372054241597652 ], [ 629234.575062046060339, 5220843.449821835383773 ], [ 629234.774920483818278, 5220843.424843435175717 ], [ 629234.92577574425377, 5220843.374365556053817 ], [ 629235.274829318281263, 5220843.149913626722991 ], [ 629235.249840047443286, 5220842.825127359479666 ], [ 629235.151229555718601, 5220842.595189618878067 ], [ 629235.175000000046566, 5220842.227945758961141 ], [ 629235.149895094102249, 5220842.200153306126595 ], [ 629234.849937959224917, 5220842.075178164988756 ], [ 629234.800086376140825, 5220842.075170682743192 ], [ 629234.725153262261301, 5220842.150104868225753 ], [ 629234.400000000023283, 5220843.372054241597652 ] ] ] } },
{ "type": "Feature", "properties": { "label": "vineyard", "area_m2": 0.48323463584021464 }, "geometry": { "type": "Polygon", "coordinates": [ [ [ 629207.05110115010757, 5220843.601284328848124 ], [ 629207.074999999953434, 5220843.684019999578595 ], [ 629207.050117070437409, 5220843.849942677654326 ], [ 629207.12505732208956, 5220843.924882930703461 ], [ 629207.299959900788963, 5220843.924882086925209 ], [ 629207.424892274313606, 5220843.84993420727551 ], [ 629207.499882085714489, 5220843.674959902651608 ], [ 629207.508710969355889, 5220843.575159504078329 ], [ 629207.599885170580819, 5220843.499896918423474 ], [ 629207.587558007449843, 5220843.26035625115037 ], [ 629207.613498124992475, 5220843.165806045755744 ], [ 629207.674882929422893, 5220843.099942678585649 ], [ 629207.674882929422893, 5220842.950057321228087 ], [ 629207.564867066917941, 5220842.892020598053932 ], [ 629207.499942678026855, 5220842.800117069855332 ], [ 629207.275050495169125, 5220842.800117404200137 ], [ 629207.200117070577107, 5220842.850057321600616 ], [ 629207.197928793146275, 5220843.223547258414328 ], [ 629207.10011707060039, 5220843.325057321228087 ], [ 629207.05110115010757, 5220843.601284328848124 ] ] ] } },
{ "type": "Feature", "properties": { "label": "vineyard", "area_m2": 0.49405504902023994 }, "geometry": { "type": "Polygon", "coordinates": [ [ [ 629212.799999999930151, 5220842.747063060291111 ], [ 629212.950132904225029, 5220842.849829229526222 ], [ 629213.024845415260643, 5220842.849841250106692 ], [ 629213.105065209791064, 5220842.522843585349619 ], [ 629213.279940527747385, 5220842.34196169115603 ], [ 629213.514632655773312, 5220842.543167697265744 ], [ 629213.475158377084881, 5220842.799841622821987 ], [ 629213.54985028016381, 5220842.799839000217617 ], [ 629213.599841622635722, 5220842.550158376805484 ], [ 629213.51928916934412, 5220842.542354386299849 ], [ 629213.285580117604695, 5220842.331851938739419 ], [ 629213.275000000023283, 5220842.197990053333342 ], [ 629213.525593719561584, 5220841.999231965281069 ], [ 629213.674844566266984, 5220841.799928233027458 ], [ 629213.724842102732509, 5220841.450075414963067 ], [ 629213.599914285121486, 5220841.350173065438867 ], [ 629213.350085834157653, 5220841.425160312093794 ], [ 629213.275153264054097, 5220841.500077812932432 ], [ 629213.24715877068229, 5220841.930316182784736 ], [ 629213.110289925476536, 5220842.190645704977214 ], [ 629212.950151090975851, 5220842.200159118510783 ], [ 629212.874888795544393, 5220842.50003085937351 ], [ 629212.800168242771178, 5220842.650100849568844 ], [ 629212.799999999930151, 5220842.747063060291111 ] ] ] } },
{ "type": "Feature", "properties": { "label": "vineyard", "area_m2": 0.49954120235465893 }, "geometry": { "type": "Polygon", "coordinates": [ [ [ 629223.850157897453755, 5220842.075075413100421 ], [ 629223.92238031886518, 5220842.378228357993066 ], [ 629223.900158377247863, 5220842.524841622449458 ], [ 629224.049924585269764, 5220842.524842103011906 ], [ 629224.099842102732509, 5220842.474924584850669 ], [ 629224.099927972769365, 5220842.325976959429681 ], [ 629224.001829915330745, 5220842.128985458053648 ], [ 629224.003013552282937, 5220842.030964992940426 ], [ 629224.035773765994236, 5220842.006420517340302 ], [ 629224.347063059103675, 5220842.025000000372529 ], [ 629224.424839012557641, 5220841.999850296415389 ], [ 629224.379942480009049, 5220841.679135842248797 ], [ 629224.47487192612607, 5220841.599856168963015 ], [ 629224.574317342834547, 5220841.376686112955213 ], [ 629224.699829991091974, 5220841.199935721233487 ], [ 629224.699594355886802, 5220841.074177077040076 ], [ 629224.624900403083302, 5220840.950154644437134 ], [ 629224.375158377340995, 5220840.925158376805484 ], [ 629224.370823909062892, 5220841.001970809884369 ], [ 629224.228967937175184, 5220841.190079419873655 ], [ 629224.07512382499408, 5220841.200158897787333 ], [ 629224.025170002714731, 5220841.300064275041223 ], [ 629224.025170005159453, 5220841.37493572384119 ], [ 629224.100153917795978, 5220841.59990775026381 ], [ 629224.175895553664304, 5220841.704043766483665 ], [ 629224.1982225200627, 5220841.884897124022245 ], [ 629224.005250883987173, 5220841.997163057327271 ], [ 629223.925075414008461, 5220842.000157897360623 ], [ 629223.850157897453755, 5220842.075075413100421 ] ] ] } },
{ "type": "Feature", "properties": { "label": "vineyard", "area_m2": 0.3937117641437482 }, "geometry": { "type": "Polygon", "coordinates": [ [ [ 629199.250115386676043, 5220842.24990829732269 ], [ 629199.313985374523327, 5220842.319970962591469 ], [ 629199.300115208956413, 5220842.499904670752585 ], [ 629199.600050495238975, 5220842.624882595613599 ], [ 629199.69994267844595, 5220842.624882929958403 ], [ 629199.854640056262724, 5220841.991592175327241 ], [ 629199.92489890975412, 5220841.924907755106688 ], [ 629199.949884791160002, 5220841.825095331296325 ], [ 629199.650073558790609, 5220841.725116275250912 ], [ 629199.485415306640789, 5220841.919657843187451 ], [ 629199.350050495006144, 5220841.925117404200137 ], [ 629199.275107726338319, 5220841.97506579104811 ], [ 629199.250117405084893, 5220842.025050493888557 ], [ 629199.271879442501813, 5220842.167408866807818 ], [ 629199.250115386676043, 5220842.24990829732269 ] ] ] } },
{ "type": "Feature", "properties": { "label": "vineyard", "area_m2": 0.1907559477359794 }, "geometry": { "type": "Polygon", "coordinates": [ [ [ 629204.550114952493459, 5220842.650114953517914 ], [ 629204.575062811840326, 5220842.749882484786212 ], [ 629204.849885047646239, 5220842.774885047227144 ], [ 629204.949479862232693, 5220842.534450714476407 ], [ 629205.074885047622956, 5220842.499885046854615 ], [ 629205.049904862651601, 5220842.250115927308798 ], [ 629204.872545121004805, 5220842.200000000186265 ], [ 629204.750042403582484, 5220842.200118517503142 ], [ 629204.600115926004946, 5220842.250095137394965 ], [ 629204.600115926004946, 5220842.3249048627913 ], [ 629204.691118502756581, 5220842.377155245281756 ], [ 629204.715876582195051, 5220842.459104732610285 ], [ 629204.677301045390777, 5220842.613439328968525 ], [ 629204.550114952493459, 5220842.650114953517914 ] ] ] } },
{ "type": "Feature", "properties": { "label": "vineyard", "area_m2": 0.19950975748965286 }, "geometry": { "type": "Polygon", "coordinates": [ [ [ 629245.925159026519395, 5220841.774840973317623 ], [ 629246.024913625326008, 5220841.774829317815602 ], [ 629246.13768720079679, 5220841.706422782503068 ], [ 629246.25, 5220841.817588539794087 ], [ 629246.21605533559341, 5220841.98132969532162 ], [ 629246.030661682249047, 5220842.168156831525266 ], [ 629245.950159026542678, 5220842.175159026868641 ], [ 629245.950159026542678, 5220842.324840973131359 ], [ 629246.024840973550454, 5220842.324840973131359 ], [ 629246.029651562916115, 5220842.1751594170928 ], [ 629246.219338317867368, 5220841.98184316791594 ], [ 629246.52487637323793, 5220841.999840400181711 ], [ 629246.574829247780144, 5220841.899937266483903 ], [ 629246.449876373284496, 5220841.525159600190818 ], [ 629246.275104405125603, 5220841.525171750225127 ], [ 629246.163274991093203, 5220841.592891723848879 ], [ 629246.000142306322232, 5220841.550160620361567 ], [ 629245.925163474399596, 5220841.675100604072213 ], [ 629245.925159026519395, 5220841.774840973317623 ] ] ] } },
{ "type": "Feature", "properties": { "label": "vineyard", "area_m2": 0.22870982732106873 }, "geometry": { "type": "Polygon", "coordinates": [ [ [ 629215.675073848804459, 5220842.399048363789916 ], [ 629215.75014860148076, 5220842.574836639687419 ], [ 629215.824911170988344, 5220842.574826407246292 ], [ 629215.924834055127576, 5220842.499906004406512 ], [ 629216.000077992561273, 5220842.300010650418699 ], [ 629216.174832883058116, 5220842.024868458509445 ], [ 629216.160581863601692, 5220841.837400652468204 ], [ 629216.32648242439609, 5220841.606429460458457 ], [ 629216.524840973550454, 5220841.599840972572565 ], [ 629216.524840542930178, 5220841.475048175081611 ], [ 629216.474876368883997, 5220841.350159605965018 ], [ 629216.400084009976126, 5220841.350169764831662 ], [ 629216.300153567106463, 5220841.400148447602987 ], [ 629216.272897567832842, 5220841.579128897748888 ], [ 629216.156536642694846, 5220841.830184421502054 ], [ 629216.025146625353955, 5220841.850161590613425 ], [ 629215.90168971393723, 5220842.121063029393554 ], [ 629215.675162306521088, 5220842.325137627311051 ], [ 629215.675073848804459, 5220842.399048363789916 ] ] ] } },
{ "type": "Feature", "properties": { "label": "vineyard", "area_m2": 0.39337882836506738 }, "geometry": { "type": "Polygon", "coordinates": [ [ [ 629240.700158903026022, 5220841.749876171350479 ], [ 629240.804742228705436, 5220841.788542998954654 ], [ 629240.969425925868563, 5220842.065499844029546 ], [ 629240.975158377084881, 5220842.224841622635722 ], [ 629241.099924580892548, 5220842.224842097610235 ], [ 629241.124842096236534, 5220842.100075417198241 ], [ 629240.975940465228632, 5220842.052526598796248 ], [ 629240.927521144622006, 5220841.73738231882453 ], [ 629240.999594355700538, 5220841.600822923704982 ], [ 629241.100014651427045, 5220841.199978712946177 ], [ 629241.199830309837125, 5220840.999928889796138 ], [ 629241.199842326692306, 5220840.900152900256217 ], [ 629241.047063058125786, 5220840.875 ], [ 629240.750976947485469, 5220840.875072027556598 ], [ 629240.725160324247554, 5220840.900085844099522 ], [ 629240.650023943511769, 5220841.201958666555583 ], [ 629240.700158903026022, 5220841.749876171350479 ] ] ] } },
{ "type": "Feature", "properties": { "label": "vineyard", "area_m2": 0.28448573099776381 }, "geometry": { "type": "Polygon", "coordinates": [ [ [ 629234.825159026542678, 5220842.050159026868641 ], [ 629235.024022979545407, 5220842.174471412785351 ], [ 629235.099840973620303, 5220842.17484097275883 ], [ 629235.224878702778369, 5220841.877138620242476 ], [ 629235.337633016286418, 5220841.775192216970026 ], [ 629235.434498191811144, 5220841.791748739778996 ], [ 629235.550155237084255, 5220842.0498406002298 ], [ 629235.824916689423844, 5220841.999846277758479 ], [ 629236.099837065907195, 5220841.375156294554472 ], [ 629235.875159026472829, 5220841.350159026682377 ], [ 629235.923446110449731, 5220841.626040931791067 ], [ 629235.871981437550858, 5220841.749924439005554 ], [ 629235.726036515901797, 5220841.834980610758066 ], [ 629235.678574277670123, 5220841.823416601866484 ], [ 629235.531522044329904, 5220841.608278399333358 ], [ 629235.549952040892094, 5220841.497701362706721 ], [ 629235.517289292882197, 5220841.573378782719374 ], [ 629235.31597238231916, 5220841.772876372560859 ], [ 629235.231401892844588, 5220841.815225210040808 ], [ 629235.031403372064233, 5220841.799130485393107 ], [ 629234.981916390592232, 5220841.654212865047157 ], [ 629234.995763723971322, 5220841.518223189748824 ], [ 629235.260509784915484, 5220841.030675782822073 ], [ 629235.497633053804748, 5220841.034261748194695 ], [ 629235.549953101552092, 5220841.077346995472908 ], [ 629235.448886582045816, 5220840.975065901875496 ], [ 629235.35006273468025, 5220840.975170752964914 ], [ 629235.201027727569453, 5220841.049634899012744 ], [ 629234.975170752382837, 5220841.550062733702362 ], [ 629234.975159325404093, 5220841.749923780560493 ], [ 629235.019655248266645, 5220841.908015319146216 ], [ 629234.940153872477822, 5220842.041440320201218 ], [ 629234.825159026542678, 5220842.050159026868641 ] ] ] } },
{ "type": "Feature", "properties": { "label": "vineyard", "area_m2": 0.35600598129993521 }, "geometry": { "type": "Polygon", "coordinates": [ [ [ 629210.125117513933219, 5220842.825062812305987 ], [ 629210.150071076466702, 5220842.87489362899214 ], [ 629210.325048957951367, 5220842.949881804175675 ], [ 629210.524900698103011, 5220842.899900699034333 ], [ 629210.624882486066781, 5220842.724937187507749 ], [ 629210.617783325491473, 5220842.507593230344355 ], [ 629210.654937781277113, 5220842.359943086281419 ], [ 629210.749402567162178, 5220842.206242986023426 ], [ 629210.799883639905602, 5220842.174913700670004 ], [ 629210.799884074134752, 5220842.100095137022436 ], [ 629210.62998863752, 5220842.06829928047955 ], [ 629210.524929783539847, 5220842.000117151066661 ], [ 629210.325095137464814, 5220842.000115927308798 ], [ 629210.300118516548537, 5220842.099957594648004 ], [ 629210.345560803776607, 5220842.338684795424342 ], [ 629210.20011819456704, 5220842.625048957765102 ], [ 629210.207382432185113, 5220842.748488386161625 ], [ 629210.125117513933219, 5220842.825062812305987 ] ] ] } },
{ "type": "Feature", "properties": { "label": "vineyard", "area_m2": 0.05582315791308487 }, "geometry": { "type": "Polygon", "coordinates": [ [ [ 629218.225000000093132, 5220842.122054241597652 ], [ 629218.299844762892462, 5220842.124840600416064 ], [ 629218.342968192766421, 5220842.048874264582992 ], [ 629218.509945269674063, 5220842.031652620062232 ], [ 629218.550159026519395, 5220842.099840972572565 ], [ 629218.674913617665879, 5220842.099829305894673 ], [ 629218.788972106995061, 5220842.006207445636392 ], [ 629218.849840973620303, 5220841.999840972945094 ], [ 629218.849829318234697, 5220841.92508637253195 ], [ 629218.799913625349291, 5220841.875170682556927 ], [ 629218.725123623735271, 5220841.875159597955644 ], [ 629218.607758314348757, 5220841.99565326794982 ], [ 629218.368974997778423, 5220842.043153386563063 ], [ 629218.331751921446994, 5220842.02559020742774 ], [ 629218.32484097359702, 5220841.975159026682377 ], [ 629218.275145249441266, 5220841.975157427601516 ], [ 629218.225000000093132, 5220842.122054241597652 ] ] ] } },
{ "type": "Feature", "properties": { "label": "vineyard", "area_m2": 0.2183614401469551 }, "geometry": { "type": "Polygon", "coordinates": [ [ [ 629207.650116766802967, 5220842.275078020989895 ], [ 629207.675099301734008, 5220842.399900698103011 ], [ 629207.775062811793759, 5220842.499882484786212 ], [ 629207.949885047622956, 5220842.524885047227144 ], [ 629207.999881483498029, 5220842.349957594648004 ], [ 629208.003925935830921, 5220842.133732908405364 ], [ 629208.074881805572659, 5220842.024951042607427 ], [ 629208.074881805456243, 5220841.775048958137631 ], [ 629208.049900698126294, 5220841.725099300965667 ], [ 629207.997545121004805, 5220841.700000000186265 ], [ 629207.800062811817043, 5220841.700117515400052 ], [ 629207.775117513956502, 5220841.725062810815871 ], [ 629207.786833169870079, 5220841.852510863915086 ], [ 629207.750114952446893, 5220841.999885046854615 ], [ 629207.845710678142495, 5220842.02928932197392 ], [ 629207.873078528093174, 5220842.119509032927454 ], [ 629207.830557023291476, 5220842.183146961964667 ], [ 629207.725062811863609, 5220842.200117515400052 ], [ 629207.650116766802967, 5220842.275078020989895 ] ] ] } },
{ "type": "Feature", "properties": { "label": "vineyard", "area_m2": 0.35931034127873801 }, "geometry": { "type": "Polygon", "coordinates": [ [ [ 629243.300000000046566, 5220841.797054241411388 ], [ 629243.42487608816009, 5220841.799846233800054 ], [ 629243.597419806057587, 5220841.73085608240217 ], [ 629243.850083294208162, 5220841.87482288479805 ], [ 629243.999913609586656, 5220841.874829294160008 ], [ 629244.025258497684263, 5220841.848997250199318 ], [ 629244.099841235089116, 5220841.649948135018349 ], [ 629244.099829295882955, 5220841.525086390785873 ], [ 629243.949937957338989, 5220841.450178178027272 ], [ 629243.844813880394213, 5220841.448804717510939 ], [ 629243.656523453071713, 5220841.383902184665203 ], [ 629243.699975912924856, 5220841.073035444132984 ], [ 629243.674873933545314, 5220840.875154485926032 ], [ 629243.475086390506476, 5220840.850170705467463 ], [ 629243.425158778438345, 5220840.950051870197058 ], [ 629243.450169086107053, 5220841.324881305918097 ], [ 629243.595889106043614, 5220841.516503147780895 ], [ 629243.597123944549821, 5220841.629429853521287 ], [ 629243.300159026519395, 5220841.675159026868641 ], [ 629243.300000000046566, 5220841.797054241411388 ] ] ] } },
{ "type": "Feature", "properties": { "label": "vineyard", "area_m2": 0.4057024557561732 }, "geometry": { "type": "Polygon", "coordinates": [ [ [ 629202.025170752312988, 5220842.000062733888626 ], [ 629202.075153700076044, 5220842.374916702508926 ], [ 629202.175086378352717, 5220842.474829308688641 ], [ 629202.274913614615798, 5220842.474829303100705 ], [ 629202.499853853019886, 5220842.224866934120655 ], [ 629202.649840675177984, 5220841.874927238561213 ], [ 629202.649829303612933, 5220841.750086383894086 ], [ 629202.548032176797278, 5220841.656275517307222 ], [ 629202.525000000023283, 5220841.355244369246066 ], [ 629202.549840973573737, 5220841.100159026682377 ], [ 629202.47515630198177, 5220841.100162940099835 ], [ 629202.397495025186799, 5220841.668471904471517 ], [ 629202.150128710782155, 5220841.775157780386508 ], [ 629202.025170752312988, 5220842.000062733888626 ] ] ] } },
{ "type": "Feature", "properties": { "label": "vineyard", "area_m2": 0.30590552992017611 }, "geometry": { "type": "Polygon", "coordinates": [ [ [ 629204.900114952470176, 5220841.349885046482086 ], [ 629205.019083506893367, 5220841.370046271942556 ], [ 629205.088452357682399, 5220841.496260882355273 ], [ 629205.045239940984175, 5220841.582359624095261 ], [ 629204.950114952516742, 5220841.600114952772856 ], [ 629204.950117514003068, 5220841.699937188066542 ], [ 629204.998437223141082, 5220841.790519969537854 ], [ 629204.95011851657182, 5220841.925042404793203 ], [ 629204.950114952516742, 5220842.024885047227144 ], [ 629205.014820047072135, 5220842.046165357343853 ], [ 629205.050086298026145, 5220842.099883638322353 ], [ 629205.124904862605035, 5220842.099884072318673 ], [ 629205.158721673302352, 5220841.87513371463865 ], [ 629205.25, 5220841.797545137815177 ], [ 629205.249883639859036, 5220841.725086298771203 ], [ 629205.18771352362819, 5220841.677093107253313 ], [ 629205.144546184455976, 5220841.523525901138783 ], [ 629205.184404959320091, 5220841.467541069723666 ], [ 629205.274882486090064, 5220841.424937187694013 ], [ 629205.304289321880788, 5220841.304289322346449 ], [ 629205.424882486113347, 5220841.249937187880278 ], [ 629205.399882486090064, 5220840.950062812305987 ], [ 629205.32495104172267, 5220840.900118195451796 ], [ 629205.200114952516742, 5220840.900114953517914 ], [ 629205.170710678212345, 5220841.020710677839816 ], [ 629205.050095137441531, 5220841.050115927122533 ], [ 629205.003645521355793, 5220841.161764731630683 ], [ 629204.925095137441531, 5220841.200115927495062 ], [ 629204.900114952470176, 5220841.349885046482086 ] ] ] } },
{ "type": "Feature", "properties": { "label": "vineyard", "area_m2": 0.14202415014161243 }, "geometry": { "type": "Polygon", "coordinates": [ [ [ 629226.950159026542678, 5220841.475159026682377 ], [ 629226.95016633591149, 5220841.549895242787898 ], [ 629227.024823151296005, 5220841.65661299135536 ], [ 629226.975159026565962, 5220841.999840972945094 ], [ 629227.12484825658612, 5220841.999840231612325 ], [ 629227.19984225416556, 5220841.749927734024823 ], [ 629227.199975912808441, 5220841.626964554190636 ], [ 629227.108847972936928, 5220841.457515368238091 ], [ 629227.203445552615449, 5220841.258573265746236 ], [ 629227.374846434919164, 5220841.249841668643057 ], [ 629227.399840396014042, 5220841.025123631581664 ], [ 629227.250086375046521, 5220841.000170682556927 ], [ 629227.200861181132495, 5220841.0493189021945 ], [ 629227.199089571484365, 5220841.249939702451229 ], [ 629227.106471039820462, 5220841.454972352832556 ], [ 629226.950159026542678, 5220841.475159026682377 ] ] ] } },
{ "type": "Feature", "properties": { "label": "vineyard", "area_m2": 0.38876424141995825 }, "geometry": { "type": "Polygon", "coordinates": [ [ [ 629208.025000000023283, 5220841.47206305898726 ], [ 629208.150593719561584, 5220841.499231965281069 ], [ 629208.199842102592811, 5220841.449924587272108 ], [ 629208.209679846535437, 5220841.371015375480056 ], [ 629208.399866294814274, 5220841.224847544915974 ], [ 629208.474351758253761, 5220841.125654586590827 ], [ 629208.598541076411493, 5220840.853417784906924 ], [ 629208.720601446926594, 5220840.681690905243158 ], [ 629208.924842096283101, 5220840.574924582615495 ], [ 629208.924842102685943, 5220840.500075414776802 ], [ 629208.82492458622437, 5220840.400157896801829 ], [ 629208.575075946748257, 5220840.400173559784889 ], [ 629208.300157005083747, 5220840.575129828415811 ], [ 629208.270329973427579, 5220840.831839722581208 ], [ 629208.163001339649782, 5220840.990860119462013 ], [ 629208.075158377178013, 5220841.000158376991749 ], [ 629208.121691568871029, 5220841.352345834486187 ], [ 629208.025158377480693, 5220841.400158376432955 ], [ 629208.025000000023283, 5220841.47206305898726 ] ] ] } },
{ "type": "Feature", "properties": { "label": "vineyard", "area_m2": 0.092475022708432913 }, "geometry": { "type": "Polygon", "coordinates": [ [ [ 629232.150159026496112, 5220841.250159027054906 ], [ 629232.29126602539327, 5220841.440935443155468 ], [ 629232.27515863312874, 5220841.599856550805271 ], [ 629232.423013198655099, 5220841.67411611136049 ], [ 629232.525086383218877, 5220841.774829302914441 ], [ 629232.601703837164678, 5220841.783258786424994 ], [ 629232.727408270235173, 5220841.949952674098313 ], [ 629232.69856475375127, 5220841.803811797872186 ], [ 629232.47413175564725, 5220841.702358325943351 ], [ 629232.353486437117681, 5220841.596615518443286 ], [ 629232.301832932396792, 5220841.487197679467499 ], [ 629232.452354532084428, 5220841.369033329188824 ], [ 629232.503216768964194, 5220841.252472099848092 ], [ 629232.591464488767087, 5220841.164885745383799 ], [ 629232.690875299973413, 5220841.188107308000326 ], [ 629232.755513330572285, 5220841.267171862535179 ], [ 629232.792437979602255, 5220841.406345725990832 ], [ 629232.994432278908789, 5220841.601404930464923 ], [ 629232.95071802358143, 5220841.729439755901694 ], [ 629232.949849630938843, 5220841.949838355183601 ], [ 629233.00306380528491, 5220841.628633740358055 ], [ 629233.124871274223551, 5220841.524849461391568 ], [ 629233.149840973550454, 5220841.425159026868641 ], [ 629232.877471726387739, 5220841.445338824763894 ], [ 629232.725687449215911, 5220841.20086498465389 ], [ 629232.549948134808801, 5220841.125158765353262 ], [ 629232.475159026565962, 5220841.125159027054906 ], [ 629232.466032243333757, 5220841.333858937956393 ], [ 629232.319176566437818, 5220841.427289451472461 ], [ 629232.278726667864248, 5220841.415604759939015 ], [ 629232.150159026496112, 5220841.250159027054906 ] ] ] } },
{ "type": "Feature", "properties": { "label": "vineyard", "area_m2": 0.30462224805554239 }, "geometry": { "type": "Polygon", "coordinates": [ [ [ 629218.575000000069849, 5220841.272054241970181 ], [ 629218.635893010650761, 5220841.227467027492821 ], [ 629219.072528284159489, 5220841.225275911390781 ], [ 629219.12515174341388, 5220841.324840231798589 ], [ 629219.200572906644084, 5220841.324232306331396 ], [ 629219.399841366917826, 5220841.099913905374706 ], [ 629219.426516778068617, 5220841.023270229808986 ], [ 629219.599834684515372, 5220840.79986637737602 ], [ 629219.599832474137656, 5220840.575128734111786 ], [ 629219.499851536937058, 5220840.375153582543135 ], [ 629219.375076601631008, 5220840.350170117802918 ], [ 629219.275122254737653, 5220840.4001499786973 ], [ 629219.200164377107285, 5220840.5000952007249 ], [ 629219.199561915476806, 5220840.805053413845599 ], [ 629219.08835684589576, 5220841.210961657576263 ], [ 629218.575159026542678, 5220841.225159026682377 ], [ 629218.575000000069849, 5220841.272054241970181 ] ] ] } },
{ "type": "Feature", "properties": { "label": "vineyard", "area_m2": 0.83403550308129726 }, "geometry": { "type": "Polygon", "coordinates": [ [ [ 629199.575071117724292, 5220841.499004475772381 ], [ 629199.650153851718642, 5220841.724871160462499 ], [ 629199.949855408864096, 5220841.824843224138021 ], [ 629200.124842306831852, 5220841.349940039217472 ], [ 629200.124829994863831, 5220841.25006427615881 ], [ 629200.080542898969725, 5220841.136805549263954 ], [ 629200.247869400540367, 5220840.73023219127208 ], [ 629200.649842102779076, 5220840.399924585595727 ], [ 629200.649842102546245, 5220840.325075413100421 ], [ 629200.424854617449455, 5220840.125165642239153 ], [ 629200.275120049132966, 5220840.075155254453421 ], [ 629199.97512884135358, 5220840.175153855234385 ], [ 629199.775153736933134, 5220840.67511239182204 ], [ 629199.70025451737456, 5220841.198066432960331 ], [ 629199.575071117724292, 5220841.499004475772381 ] ] ] } },
{ "type": "Feature", "properties": { "label": "vineyard", "area_m2": 0.85712896199076238 }, "geometry": { "type": "Polygon", "coordinates": [ [ [ 629232.5, 5220841.122063056565821 ], [ 629232.675063589005731, 5220841.199822572059929 ], [ 629233.224856512271799, 5220841.224838114343584 ], [ 629233.324842518544756, 5220841.049873108044267 ], [ 629233.327986973337829, 5220840.728671493940055 ], [ 629233.574864445487037, 5220840.449886444956064 ], [ 629233.674523205496371, 5220840.200852691195905 ], [ 629233.649850837304257, 5220840.050143238157034 ], [ 629233.424873126321472, 5220839.9251548955217 ], [ 629233.326958670513704, 5220839.925023943185806 ], [ 629232.999306207639165, 5220840.0758674191311 ], [ 629232.900365692796186, 5220840.249296908266842 ], [ 629232.848975286819041, 5220840.572416714392602 ], [ 629232.700153577607125, 5220840.72508106008172 ], [ 629232.50015790364705, 5220841.075075419619679 ], [ 629232.5, 5220841.122063056565821 ] ] ] } },
{ "type": "Feature", "properties": { "label": "vineyard", "area_m2": 0.7471257763185839 }, "geometry": { "type": "Polygon", "coordinates": [ [ [ 629237.775114280870184, 5220842.324885719455779 ], [ 629238.075050494982861, 5220842.449882595799863 ], [ 629238.149885719292797, 5220842.449885719455779 ], [ 629238.187551171751693, 5220842.3414196819067 ], [ 629238.274892273824662, 5220842.249934207648039 ], [ 629238.392293387209065, 5220842.03921686206013 ], [ 629238.474904670147225, 5220841.999884790740907 ], [ 629238.524882085854188, 5220841.874959900975227 ], [ 629238.554931681137532, 5220841.634963637217879 ], [ 629238.602079007192515, 5220841.558947641402483 ], [ 629238.71222210302949, 5220841.542719070799649 ], [ 629238.762070375611074, 5220841.5872992137447 ], [ 629238.80005732155405, 5220841.699882930144668 ], [ 629238.899904670543037, 5220841.699884790927172 ], [ 629238.974885719129816, 5220841.500114280730486 ], [ 629238.847907992661931, 5220841.487288831733167 ], [ 629238.780195644008927, 5220841.4013910908252 ], [ 629238.800000000046566, 5220841.177447511814535 ], [ 629238.774934207787737, 5220841.150107725523412 ], [ 629238.374949504854158, 5220840.975117404013872 ], [ 629238.300050495192409, 5220840.975117404013872 ], [ 629238.150107726338319, 5220841.075065791606903 ], [ 629238.125117070740089, 5220841.249942678958178 ], [ 629238.171880962559953, 5220841.342377841472626 ], [ 629238.125117914285511, 5220841.49995990190655 ], [ 629238.220533863292076, 5220841.738804541528225 ], [ 629238.182999289478175, 5220841.794807478785515 ], [ 629237.975064698723145, 5220841.900108931586146 ], [ 629237.875115001690574, 5220842.000099563971162 ], [ 629237.870068318559788, 5220842.115036363713443 ], [ 629237.775117070646957, 5220842.275057322345674 ], [ 629237.775114280870184, 5220842.324885719455779 ] ] ] } },
{ "type": "Feature", "properties": { "label": "vineyard", "area_m2": 0.29258320512024932 }, "geometry": { "type": "Polygon", "coordinates": [ [ [ 629241.025170752312988, 5220840.549937265925109 ], [ 629241.12510486645624, 5220840.699846737086773 ], [ 629241.176964567857794, 5220840.724975911900401 ], [ 629241.310143926180899, 5220840.708566518500447 ], [ 629241.587303641368635, 5220840.918088907375932 ], [ 629241.600159026565962, 5220840.999840972945094 ], [ 629241.674840973573737, 5220840.999840972945094 ], [ 629241.674840973573737, 5220840.925159026868641 ], [ 629241.591385873965919, 5220840.916949074715376 ], [ 629241.342469368246384, 5220840.671166942454875 ], [ 629241.49982931825798, 5220840.449913624674082 ], [ 629241.53003388363868, 5220840.152861150912941 ], [ 629241.774839928373694, 5220839.999851584434509 ], [ 629241.774840973550454, 5220839.925159026868641 ], [ 629241.650123530416749, 5220839.925152596086264 ], [ 629241.472384600667283, 5220839.999206271953881 ], [ 629241.35008000023663, 5220840.000165135599673 ], [ 629241.250159322051331, 5220840.075120968744159 ], [ 629241.197919395985082, 5220840.251120214350522 ], [ 629241.050152403302491, 5220840.400118854828179 ], [ 629241.025170752312988, 5220840.549937265925109 ] ] ] } },
{ "type": "Feature", "properties": { "label": "vineyard", "area_m2": 0.62956494794626572 }, "geometry": { "type": "Polygon", "coordinates": [ [ [ 629229.600116275250912, 5220841.925073558464646 ], [ 629229.600114280707203, 5220842.074885719455779 ], [ 629229.824949504807591, 5220842.074882595799863 ], [ 629229.874900930793956, 5220842.049899697303772 ], [ 629229.904931681463495, 5220841.884963636286557 ], [ 629229.999884998425841, 5220841.774900436401367 ], [ 629230.002201986033469, 5220841.645110202021897 ], [ 629230.052054473315366, 5220841.558969900012016 ], [ 629230.114392953808419, 5220841.533138510771096 ], [ 629230.199949503876269, 5220841.549882596358657 ], [ 629230.425159508944489, 5220841.433710967190564 ], [ 629230.499885719153099, 5220841.424885720014572 ], [ 629230.499884790973738, 5220841.325095330365002 ], [ 629230.310780528816395, 5220841.143542085774243 ], [ 629230.174903737846762, 5220840.900115163065493 ], [ 629230.045110203907825, 5220840.897798013873398 ], [ 629229.911560671520419, 5220840.852301045320928 ], [ 629229.824885719339363, 5220840.625114280730486 ], [ 629229.800114280660637, 5220840.625114280730486 ], [ 629229.750117405084893, 5220840.750050494447351 ], [ 629229.762390824849717, 5220840.905272640287876 ], [ 629229.600117404945195, 5220841.150050493888557 ], [ 629229.600115209002979, 5220841.224904670380056 ], [ 629229.759594759438187, 5220841.308153396472335 ], [ 629229.775000000023283, 5220841.409020000137389 ], [ 629229.733013358782046, 5220841.501098861917853 ], [ 629229.60011707060039, 5220841.600057321600616 ], [ 629229.600117070483975, 5220841.69994267821312 ], [ 629229.663400029065087, 5220841.829896916635334 ], [ 629229.600116275250912, 5220841.925073558464646 ] ] ] } },
{ "type": "Feature", "properties": { "label": "vineyard", "area_m2": 0.25271208024663827 }, "geometry": { "type": "Polygon", "coordinates": [ [ [ 629235.350157300010324, 5220840.299863410182297 ], [ 629235.474329096963629, 5220840.411282847635448 ], [ 629235.472395290969871, 5220840.480090722441673 ], [ 629235.400046894210391, 5220840.602310356684029 ], [ 629235.467445936985314, 5220840.499026249162853 ], [ 629235.552897241199389, 5220840.243192204274237 ], [ 629235.765096041141078, 5220840.046878315508366 ], [ 629235.79213086143136, 5220839.844624854624271 ], [ 629235.974023285787553, 5220839.792135323397815 ], [ 629236.105519456323236, 5220839.889103175140917 ], [ 629236.260564458905719, 5220840.058838415890932 ], [ 629236.411561773624271, 5220840.297841996885836 ], [ 629236.472231628140435, 5220840.495797664858401 ], [ 629236.422041865182109, 5220840.556190274655819 ], [ 629236.261322819045745, 5220840.60880099516362 ], [ 629235.818841230706312, 5220840.661857645958662 ], [ 629235.773086016415618, 5220840.713094496168196 ], [ 629235.759651259169914, 5220840.795194021426141 ], [ 629235.634131057420745, 5220840.923651591874659 ], [ 629235.400045166024938, 5220840.897599762305617 ], [ 629235.400159604032524, 5220840.974876368418336 ], [ 629235.450062752701342, 5220840.999829188920557 ], [ 629235.668701189453714, 5220840.952317034825683 ], [ 629235.727445754571818, 5220840.974953233264387 ], [ 629235.886393209337257, 5220840.904520867392421 ], [ 629235.998904285370372, 5220840.974933228455484 ], [ 629236.004284004098736, 5220840.893433745019138 ], [ 629236.187841117032804, 5220840.632186099886894 ], [ 629236.31839147163555, 5220840.688311565667391 ], [ 629236.300541033502668, 5220840.847884898073971 ], [ 629236.25006677058991, 5220840.876095715910196 ], [ 629236.250159026472829, 5220840.949840973131359 ], [ 629236.299840973573737, 5220840.949840973131359 ], [ 629236.324455567053519, 5220840.702110458165407 ], [ 629236.399856545729563, 5220840.674841360189021 ], [ 629236.474249064689502, 5220840.526182632893324 ], [ 629236.501582269673236, 5220840.349231171421707 ], [ 629236.574833664111793, 5220840.249895243905485 ], [ 629236.574933229479939, 5220840.201095716096461 ], [ 629236.367765251663513, 5220840.193273775279522 ], [ 629236.249847327242605, 5220839.950141271576285 ], [ 629236.025694687850773, 5220839.800490006804466 ], [ 629235.826113660703413, 5220839.750065890140831 ], [ 629235.695617914898321, 5220840.104284211993217 ], [ 629235.59577709576115, 5220840.174333478324115 ], [ 629235.375150369131006, 5220840.175161644816399 ], [ 629235.350157300010324, 5220840.299863410182297 ] ] ] } },
{ "type": "Feature", "properties": { "label": "vineyard", "area_m2": 0.047896791506418256 }, "geometry": { "type": "Polygon", "coordinates": [ [ [ 629216.400807542144321, 5220840.900161010213196 ], [ 629216.462286476395093, 5220840.947906892746687 ], [ 629216.475114952540025, 5220841.049885046668351 ], [ 629216.54993718827609, 5220841.049882484599948 ], [ 629216.610179953277111, 5220840.971165357157588 ], [ 629216.674885047599673, 5220840.94988504704088 ], [ 629216.674882486113347, 5220840.850062810815871 ], [ 629216.624937188229524, 5220840.800117515027523 ], [ 629216.400114952470176, 5220840.825114953331649 ], [ 629216.400807542144321, 5220840.900161010213196 ] ] ] } },
{ "type": "Feature", "properties": { "label": "vineyard", "area_m2": 0.2423860908708961 }, "geometry": { "type": "Polygon", "coordinates": [ [ [ 629227.350114952540025, 5220841.024885047227144 ], [ 629227.399913702043705, 5220841.024883639067411 ], [ 629227.459734228323214, 5220840.957084437832236 ], [ 629227.599885047646239, 5220840.924885046668351 ], [ 629227.635778112104163, 5220840.716317390091717 ], [ 629227.774882486090064, 5220840.599937187507749 ], [ 629227.774882486090064, 5220840.500062812119722 ], [ 629227.73463546205312, 5220840.404402037151158 ], [ 629227.799883639905602, 5220840.324913701042533 ], [ 629227.801751262973994, 5220840.117844793945551 ], [ 629227.850000000093132, 5220840.047545137815177 ], [ 629227.799904862651601, 5220839.825115927495062 ], [ 629227.650095137418248, 5220839.825115927495062 ], [ 629227.596996580250561, 5220839.922666032798588 ], [ 629227.525114952470176, 5220839.950114953331649 ], [ 629227.525116360164247, 5220840.049913700670004 ], [ 629227.587286476395093, 5220840.097906892187893 ], [ 629227.600117150228471, 5220840.224929782561958 ], [ 629227.702219746541232, 5220840.342664810828865 ], [ 629227.715364539762959, 5220840.408748130314052 ], [ 629227.66908350691665, 5220840.479953727684915 ], [ 629227.450117514003068, 5220840.600062810815871 ], [ 629227.434604516252875, 5220840.716833410784602 ], [ 629227.350115926004946, 5220840.775095137767494 ], [ 629227.350114952540025, 5220841.024885047227144 ] ] ] } },
{ "type": "Feature", "properties": { "label": "vineyard", "area_m2": 0.50802124824885087 }, "geometry": { "type": "Polygon", "coordinates": [ [ [ 629238.325117070577107, 5220840.650057321414351 ], [ 629238.325115208979696, 5220840.974904671311378 ], [ 629238.79988571931608, 5220841.174885720014572 ], [ 629238.815405243891291, 5220841.083153390325606 ], [ 629238.881244983407669, 5220840.999398143030703 ], [ 629238.974882929236628, 5220840.949942679144442 ], [ 629238.999882085714489, 5220840.87495990190655 ], [ 629238.999883800279349, 5220840.800075101666152 ], [ 629238.850222214707173, 5220840.666988383978605 ], [ 629238.862532374216244, 5220840.562984114512801 ], [ 629238.921072751982138, 5220840.527001523412764 ], [ 629239.034432683256455, 5220840.521525564603508 ], [ 629239.09044778207317, 5220840.558986531570554 ], [ 629239.125115163275041, 5220840.649903737939894 ], [ 629239.274926441372372, 5220840.67488372605294 ], [ 629239.324895640136674, 5220840.624920788221061 ], [ 629239.349882929353043, 5220840.525057322345674 ], [ 629239.299942678073421, 5220840.475117069669068 ], [ 629239.14607275207527, 5220840.472998476587236 ], [ 629239.087532374425791, 5220840.437015885487199 ], [ 629239.066032790346071, 5220840.371751111932099 ], [ 629239.099882833426818, 5220840.299944637343287 ], [ 629239.099885719129816, 5220840.150114280171692 ], [ 629239.025067698792554, 5220840.150116561912 ], [ 629238.966273596161045, 5220840.196071524173021 ], [ 629238.87505732208956, 5220840.200117069296539 ], [ 629238.72506303852424, 5220840.30011076387018 ], [ 629238.325117070577107, 5220840.650057321414351 ] ] ] } },
{ "type": "Feature", "properties": { "label": "vineyard", "area_m2": 0.16973823345055714 }, "geometry": { "type": "Polygon", "coordinates": [ [ [ 629200.300000000046566, 5220840.097054241225123 ], [ 629200.424840973573737, 5220840.124840972945094 ], [ 629200.434076256584376, 5220840.066193320788443 ], [ 629200.618526646750979, 5220839.888086090795696 ], [ 629200.799840973573737, 5220839.92484097275883 ], [ 629200.801553889643401, 5220839.798959068022668 ], [ 629200.974838356254622, 5220839.375150370411575 ], [ 629200.575159026542678, 5220839.32515902724117 ], [ 629200.575169116607867, 5220839.474881283938885 ], [ 629200.643597053945996, 5220839.559047943912446 ], [ 629200.575167239760049, 5220839.750125754624605 ], [ 629200.573238934041001, 5220839.849535301327705 ], [ 629200.429468701593578, 5220840.063433805480599 ], [ 629200.300159026519395, 5220840.07515902724117 ], [ 629200.300000000046566, 5220840.097054241225123 ] ] ] } },
{ "type": "Feature", "properties": { "label": "vineyard", "area_m2": 0.23073056099408329 }, "geometry": { "type": "Polygon", "coordinates": [ [ [ 629205.200117070577107, 5220840.325057321228087 ], [ 629205.20011428068392, 5220840.449885719455779 ], [ 629205.45005049626343, 5220840.549882596358657 ], [ 629205.79988571931608, 5220840.524885719642043 ], [ 629205.825000000069849, 5220840.402447512373328 ], [ 629205.775439063902013, 5220840.322880555875599 ], [ 629205.799882929422893, 5220840.125057321973145 ], [ 629205.674959901138209, 5220840.050117913633585 ], [ 629205.575050494982861, 5220840.050117404200137 ], [ 629205.434193947701715, 5220840.161501878872514 ], [ 629205.300064699375071, 5220840.200108930468559 ], [ 629205.200117070577107, 5220840.325057321228087 ] ] ] } },
{ "type": "Feature", "properties": { "label": "vineyard", "area_m2": 0.28614443351209512 }, "geometry": { "type": "Polygon", "coordinates": [ [ [ 629216.75075653300155, 5220839.749858158640563 ], [ 629216.800114280660637, 5220840.024885719642043 ], [ 629216.999949503922835, 5220839.974882596172392 ], [ 629217.199882929562591, 5220839.849942677654326 ], [ 629217.215405243914574, 5220839.758153390139341 ], [ 629217.349882594891824, 5220839.59994950518012 ], [ 629217.324883724795654, 5220839.425073557533324 ], [ 629217.239770140731707, 5220839.293899619951844 ], [ 629217.265558912651613, 5220839.231639663688838 ], [ 629217.374882929376327, 5220839.149942679330707 ], [ 629217.374885719153099, 5220839.075114279985428 ], [ 629217.20011428068392, 5220839.075114279985428 ], [ 629217.200621892465279, 5220839.218823939561844 ], [ 629217.075117070577107, 5220839.325057321228087 ], [ 629217.067232356639579, 5220839.436544467695057 ], [ 629216.999840501579456, 5220839.491289028897882 ], [ 629216.92505732155405, 5220839.500117070041597 ], [ 629216.825117070577107, 5220839.625057321973145 ], [ 629216.806870371801779, 5220839.710721618495882 ], [ 629216.75075653300155, 5220839.749858158640563 ] ] ] } },
{ "type": "Feature", "properties": { "label": "vineyard", "area_m2": 0.19342557645869077 }, "geometry": { "type": "Polygon", "coordinates": [ [ [ 629230.250073384377174, 5220839.924050751142204 ], [ 629230.275151684414595, 5220839.999868768267334 ], [ 629230.399919203366153, 5220840.049823397770524 ], [ 629230.648891520104371, 5220839.925513487309217 ], [ 629230.801666506100446, 5220839.774169665761292 ], [ 629230.92462998314295, 5220839.726716226898134 ], [ 629231.060226956382394, 5220839.828326430171728 ], [ 629230.925163434818387, 5220840.025078208185732 ], [ 629230.92515837715473, 5220840.124841623008251 ], [ 629231.024882340221666, 5220840.12484416551888 ], [ 629231.099844165146351, 5220840.049882339313626 ], [ 629231.102638882352039, 5220839.972453243099153 ], [ 629231.32453199592419, 5220839.500767569988966 ], [ 629231.399841622798704, 5220839.250158376991749 ], [ 629231.375158377340995, 5220839.250158376991749 ], [ 629231.310241891653277, 5220839.462680843658745 ], [ 629231.200131412711926, 5220839.475160059519112 ], [ 629231.05749743594788, 5220839.6407311251387 ], [ 629230.936835978995077, 5220839.597766069695354 ], [ 629230.948775533935986, 5220839.461762869730592 ], [ 629230.999953902559355, 5220839.422618143260479 ], [ 629230.940616739215329, 5220839.457363524474204 ], [ 629230.841848179581575, 5220839.733405132777989 ], [ 629230.687779930536635, 5220839.883761753328145 ], [ 629230.449329215451144, 5220840.006938742473722 ], [ 629230.296271468978375, 5220839.959742646664381 ], [ 629230.279927672236226, 5220839.908868052996695 ], [ 629230.377854379592463, 5220839.737116028554738 ], [ 629230.462687303777784, 5220839.672981919720769 ], [ 629230.519452582928352, 5220839.496129386126995 ], [ 629230.697896117111668, 5220839.32798423897475 ], [ 629230.798145236214623, 5220839.156269961036742 ], [ 629230.999953127466142, 5220839.152352527715266 ], [ 629230.97492457984481, 5220839.125157902017236 ], [ 629230.825075413798913, 5220839.125157898291945 ], [ 629230.575134188868105, 5220839.400086763314903 ], [ 629230.498985329060815, 5220839.513033101335168 ], [ 629230.275158377480693, 5220839.450158376246691 ], [ 629230.275158377480693, 5220839.474841623567045 ], [ 629230.466925615444779, 5220839.519553775899112 ], [ 629230.489345690701157, 5220839.557898260653019 ], [ 629230.381455837748945, 5220839.715864763595164 ], [ 629230.275141989230178, 5220839.750091785565019 ], [ 629230.250073384377174, 5220839.924050751142204 ] ] ] } },
{ "type": "Feature", "properties": { "label": "vineyard", "area_m2": 0.35792438405720578 }, "geometry": { "type": "Polygon", "coordinates": [ [ [ 629233.150117405108176, 5220839.374949505552649 ], [ 629233.199336332734674, 5220839.476758068427444 ], [ 629233.20011428068392, 5220839.724885719828308 ], [ 629233.299932900583372, 5220839.724883409217 ], [ 629233.421704763546586, 5220839.636007867753506 ], [ 629233.507265028427355, 5220839.636097695678473 ], [ 629233.652313061640598, 5220839.738994380459189 ], [ 629233.625114280846901, 5220839.924885720014572 ], [ 629233.699885719339363, 5220839.924885720014572 ], [ 629233.707890322897583, 5220839.738164228387177 ], [ 629233.899942678050138, 5220839.624882929958403 ], [ 629233.949882595101371, 5220839.549949505366385 ], [ 629233.949885719339363, 5220839.450114279985428 ], [ 629233.875114280846901, 5220839.450114279985428 ], [ 629233.842155169812031, 5220839.524095770902932 ], [ 629233.729889795300551, 5220839.572798013687134 ], [ 629233.616853038780391, 5220839.530557023361325 ], [ 629233.619240286760032, 5220839.382006542757154 ], [ 629233.683153393794782, 5220839.315405242145061 ], [ 629233.774926441488788, 5220839.299883725121617 ], [ 629233.825000000069849, 5220839.247552487999201 ], [ 629233.824885719339363, 5220839.150114280171692 ], [ 629233.624949503922835, 5220839.075117403641343 ], [ 629233.445095261908136, 5220839.133899645879865 ], [ 629233.349942677887157, 5220839.075117069296539 ], [ 629233.275095330085605, 5220839.075115208514035 ], [ 629233.226735757198185, 5220839.169795184396207 ], [ 629233.150117070646957, 5220839.225057320669293 ], [ 629233.150117405108176, 5220839.374949505552649 ] ] ] } },
{ "type": "Feature", "properties": { "label": "vineyard", "area_m2": 0.10575347560221525 }, "geometry": { "type": "Polygon", "coordinates": [ [ [ 629239.150000000023283, 5220839.722054241225123 ], [ 629239.224896512925625, 5220839.724836016073823 ], [ 629239.414759214501828, 5220839.550549798645079 ], [ 629239.530297050368972, 5220839.551624373532832 ], [ 629239.61692485329695, 5220839.751484239473939 ], [ 629239.600066770683043, 5220839.873904284089804 ], [ 629239.62487636890728, 5220839.874840393662453 ], [ 629239.649840600322932, 5220839.775155237875879 ], [ 629239.555898071615957, 5220839.561576121486723 ], [ 629239.624829311273061, 5220839.474913620389998 ], [ 629239.624829295789823, 5220839.350086390972137 ], [ 629239.599913609912619, 5220839.325170706026256 ], [ 629239.476016788976267, 5220839.325070649385452 ], [ 629239.390163965523243, 5220839.373047761619091 ], [ 629239.300150369177572, 5220839.375161645002663 ], [ 629239.225886811153032, 5220839.547999928705394 ], [ 629239.150169089669362, 5220839.625118697993457 ], [ 629239.150000000023283, 5220839.722054241225123 ] ] ] } },
{ "type": "Feature", "properties": { "label": "vineyard", "area_m2": 0.87773957307244999 }, "geometry": { "type": "Polygon", "coordinates": [ [ [ 629235.825159026542678, 5220838.724840972572565 ], [ 629235.907898199162446, 5220838.728444872424006 ], [ 629236.11710883770138, 5220838.847065759822726 ], [ 629236.074937110417522, 5220839.000040521845222 ], [ 629236.000173950451426, 5220839.125081419944763 ], [ 629235.950364514137618, 5220839.521445965394378 ], [ 629235.85015959921293, 5220839.749876373447478 ], [ 629236.099876369000413, 5220839.849840393289924 ], [ 629236.129664074163884, 5220839.796630538068712 ], [ 629236.320392365800217, 5220839.655508295632899 ], [ 629236.41396107384935, 5220839.650000000372529 ], [ 629236.724876368883997, 5220839.774840394034982 ], [ 629236.74984398286324, 5220839.700125672854483 ], [ 629236.637197386357002, 5220839.479496066458523 ], [ 629236.824839622131549, 5220839.32485469430685 ], [ 629236.849841671530157, 5220838.80008090287447 ], [ 629236.323847361258231, 5220838.57506397459656 ], [ 629236.225118677946739, 5220838.575157438404858 ], [ 629236.153711353312247, 5220838.650061225518584 ], [ 629235.917334382189438, 5220838.648394354619086 ], [ 629235.850150369224139, 5220838.575161645188928 ], [ 629235.825159026542678, 5220838.724840972572565 ] ] ] } },
{ "type": "Feature", "properties": { "label": "vineyard", "area_m2": 0.5647388053078487 }, "geometry": { "type": "Polygon", "coordinates": [ [ [ 629219.203134644427337, 5220839.950661012902856 ], [ 629219.365398929454386, 5220840.05724449083209 ], [ 629219.39688184694387, 5220840.207593232393265 ], [ 629219.375115925911814, 5220840.349904862232506 ], [ 629219.52488504757639, 5220840.399885047227144 ], [ 629219.537713523721322, 5220840.322906892746687 ], [ 629219.632948970538564, 5220840.214888187125325 ], [ 629219.82492892362643, 5220840.12489362899214 ], [ 629219.872698954772204, 5220839.986560671590269 ], [ 629219.999885047553107, 5220839.94988504704088 ], [ 629220.016853038803674, 5220839.819442976266146 ], [ 629220.124885047553107, 5220839.774885047227144 ], [ 629220.113166830153205, 5220839.647489136084914 ], [ 629220.153925935854204, 5220839.483732908032835 ], [ 629220.224882486159913, 5220839.399937189184129 ], [ 629220.224885047646239, 5220839.075114953331649 ], [ 629220.000114952446893, 5220838.975114952772856 ], [ 629220.024447292089462, 5220839.169521197676659 ], [ 629219.974765635561198, 5220839.281080077402294 ], [ 629219.90557728917338, 5220839.313803728669882 ], [ 629219.700114952516742, 5220839.30011495295912 ], [ 629219.700116360210814, 5220839.424913700670004 ], [ 629219.765558928484097, 5220839.478987684473395 ], [ 629219.775114952470176, 5220839.599885046482086 ], [ 629219.845239941729233, 5220839.617640375159681 ], [ 629219.885054107289761, 5220839.67389237973839 ], [ 629219.844481064239517, 5220839.802974427118897 ], [ 629219.762652117293328, 5220839.827796963043511 ], [ 629219.649951041676104, 5220839.775118195451796 ], [ 629219.529988637426868, 5220839.768299280665815 ], [ 629219.458652027416974, 5220839.705708961933851 ], [ 629219.449885047622956, 5220839.600114952772856 ], [ 629219.350114952540025, 5220839.600114952772856 ], [ 629219.313439328572713, 5220839.702301044948399 ], [ 629219.200114952516742, 5220839.725114952772856 ], [ 629219.203134644427337, 5220839.950661012902856 ] ] ] } },
{ "type": "Feature", "properties": { "label": "vineyard", "area_m2": 0.13783604804209995 }, "geometry": { "type": "Polygon", "coordinates": [ [ [ 629203.000117513933219, 5220840.050062811002135 ], [ 629203.025114952470176, 5220840.299885046668351 ], [ 629203.099937188322656, 5220840.299882484599948 ], [ 629203.124882486066781, 5220840.274937187321484 ], [ 629203.141341282171197, 5220840.040266087278724 ], [ 629203.197364016086794, 5220840.00283289141953 ], [ 629203.324904862674884, 5220839.999884072691202 ], [ 629203.374881483498029, 5220839.699957595206797 ], [ 629203.349904862698168, 5220839.575115927495062 ], [ 629203.175114952493459, 5220839.575114953331649 ], [ 629203.172962184180506, 5220839.757225482724607 ], [ 629203.124293418135494, 5220839.81379368994385 ], [ 629203.050114952493459, 5220839.825114953331649 ], [ 629203.047795277787372, 5220839.979904476553202 ], [ 629203.000117513933219, 5220840.050062811002135 ] ] ] } },
{ "type": "Feature", "properties": { "label": "vineyard", "area_m2": 0.049901198803650085 }, "geometry": { "type": "Polygon", "coordinates": [ [ [ 629211.500115925911814, 5220839.600095137953758 ], [ 629211.525062811793759, 5220839.724882484413683 ], [ 629211.749885047553107, 5220839.749885046854615 ], [ 629211.749881483498029, 5220839.600042404606938 ], [ 629211.699937188299373, 5220839.500117515213788 ], [ 629211.600062811863609, 5220839.500117515213788 ], [ 629211.500115925911814, 5220839.600095137953758 ] ] ] } },
{ "type": "Feature", "properties": { "label": "vineyard", "area_m2": 0.19690188950780971 }, "geometry": { "type": "Polygon", "coordinates": [ [ [ 629197.575117404921912, 5220839.799949506297708 ], [ 629197.625114280846901, 5220839.924885720014572 ], [ 629197.699942678329535, 5220839.924882930703461 ], [ 629197.799882929539308, 5220839.82494267821312 ], [ 629197.799882929422893, 5220839.725057321600616 ], [ 629197.750552020152099, 5220839.644512820988894 ], [ 629197.757612046669237, 5220839.536731656640768 ], [ 629197.802860326250084, 5220839.486807873472571 ], [ 629197.87494267791044, 5220839.474882930517197 ], [ 629197.947907992638648, 5220839.387711168266833 ], [ 629198.099900931119919, 5220839.324899697676301 ], [ 629198.124882595031522, 5220839.274949504993856 ], [ 629198.127201984985732, 5220839.045110207982361 ], [ 629198.174884791136719, 5220838.950095331296325 ], [ 629198.025040099280886, 5220838.925117913633585 ], [ 629197.875117070623673, 5220838.975057320669293 ], [ 629197.84305181808304, 5220839.275144570507109 ], [ 629197.800116562284529, 5220839.325067698955536 ], [ 629197.778641551267356, 5220839.436769785359502 ], [ 629197.675117070553824, 5220839.500057321041822 ], [ 629197.671071525313891, 5220839.616273594088852 ], [ 629197.600107726291753, 5220839.700065791606903 ], [ 629197.575117404921912, 5220839.799949506297708 ] ] ] } },
{ "type": "Feature", "properties": { "label": "vineyard", "area_m2": 0.24864576413466563 }, "geometry": { "type": "Polygon", "coordinates": [ [ [ 629227.775062052998692, 5220839.573808253742754 ], [ 629227.875138501403853, 5220839.724843525327742 ], [ 629227.949913614662364, 5220839.724829303100705 ], [ 629228.124830367974937, 5220839.39993466809392 ], [ 629228.17732748913113, 5220839.198803858831525 ], [ 629228.37611707742326, 5220839.131226561032236 ], [ 629228.59462255157996, 5220839.465622070245445 ], [ 629228.600170704303309, 5220839.549913609400392 ], [ 629228.674876368953846, 5220839.574840393848717 ], [ 629228.699829295859672, 5220839.500086390413344 ], [ 629228.59296072809957, 5220839.458229593001306 ], [ 629228.400196176022291, 5220839.085249703377485 ], [ 629228.428839807515033, 5220839.05079482961446 ], [ 629228.749840973527171, 5220839.024840973317623 ], [ 629228.749840973527171, 5220839.000159027054906 ], [ 629228.423636628431268, 5220839.047307251952589 ], [ 629228.274898419971578, 5220838.875169929116964 ], [ 629228.075129737029783, 5220838.900130659341812 ], [ 629227.904044165974483, 5220839.342210031114519 ], [ 629227.775157317402773, 5220839.450136604718864 ], [ 629227.775062052998692, 5220839.573808253742754 ] ] ] } },
{ "type": "Feature", "properties": { "label": "vineyard", "area_m2": 0.11066115235384849 }, "geometry": { "type": "Polygon", "coordinates": [ [ [ 629208.60006665205583, 5220839.923913300037384 ], [ 629208.627381856902502, 5220839.97495390381664 ], [ 629208.619190045283176, 5220839.748892448842525 ], [ 629208.673630987876095, 5220839.693637236021459 ], [ 629208.740929181221873, 5220839.657539334148169 ], [ 629208.809681484824978, 5220839.595962151885033 ], [ 629208.951468212180771, 5220839.592803118750453 ], [ 629208.98312790854834, 5220839.624415105208755 ], [ 629208.872613955871202, 5220839.974950705654919 ], [ 629209.074841144029051, 5220839.749875239096582 ], [ 629209.074843534152023, 5220839.650110711343586 ], [ 629208.923869928810745, 5220839.446435335092247 ], [ 629208.875665405998006, 5220839.2743039438501 ], [ 629208.874843267491087, 5220839.125118872150779 ], [ 629208.79992403765209, 5220839.075173591263592 ], [ 629208.700157903600484, 5220839.100075418129563 ], [ 629208.700173116289079, 5220839.1999142607674 ], [ 629208.839698984171264, 5220839.450684973038733 ], [ 629208.77211788285058, 5220839.625172954984009 ], [ 629208.624627952813171, 5220839.726025415584445 ], [ 629208.600170008838177, 5220839.775064278393984 ], [ 629208.60006665205583, 5220839.923913300037384 ] ] ] } },
{ "type": "Feature", "properties": { "label": "vineyard", "area_m2": 0.12319358340910068 }, "geometry": { "type": "Polygon", "coordinates": [ [ [ 629222.275159604032524, 5220839.2998763686046 ], [ 629222.328407341032289, 5220839.329907115548849 ], [ 629222.45014726719819, 5220839.499868183396757 ], [ 629222.624840973527171, 5220839.524840973317623 ], [ 629222.624840395990759, 5220839.4501236313954 ], [ 629222.454709304380231, 5220839.277086056768894 ], [ 629222.406067530275322, 5220839.067916659638286 ], [ 629222.524833337287419, 5220838.924862453714013 ], [ 629222.532125397468917, 5220838.842507033608854 ], [ 629222.936606203904375, 5220838.80477102752775 ], [ 629222.975159026565962, 5220838.874840972945094 ], [ 629223.098904285463504, 5220838.874933228828013 ], [ 629223.099840973620303, 5220838.800159026868641 ], [ 629222.976964572211727, 5220838.800024086609483 ], [ 629222.400150391389616, 5220838.825161661952734 ], [ 629222.275157409021631, 5220839.200079681351781 ], [ 629222.275159604032524, 5220839.2998763686046 ] ] ] } },
{ "type": "Feature", "properties": { "label": "vineyard", "area_m2": 0.12375741088482495 }, "geometry": { "type": "Polygon", "coordinates": [ [ [ 629241.700114952516742, 5220839.200114953331649 ], [ 629241.700114952516742, 5220839.274885047227144 ], [ 629241.779028467833996, 5220839.279305966570973 ], [ 629241.833146961289458, 5220839.319442976266146 ], [ 629241.850114952540025, 5220839.44988504704088 ], [ 629241.949937188765034, 5220839.449882484972477 ], [ 629242.035831681918353, 5220839.408673567697406 ], [ 629242.125086297979578, 5220839.474883638322353 ], [ 629242.199885047622956, 5220839.474885046482086 ], [ 629242.201921471976675, 5220839.35549096763134 ], [ 629242.236560671590269, 5220839.297698955051601 ], [ 629242.424885047599673, 5220839.249885046854615 ], [ 629242.424885047599673, 5220839.225114952772856 ], [ 629241.999957596417516, 5220839.175118517130613 ], [ 629241.700114952516742, 5220839.200114953331649 ] ] ] } },
{ "type": "Feature", "properties": { "label": "vineyard", "area_m2": 0.096677142449223638 }, "geometry": { "type": "Polygon", "coordinates": [ [ [ 629214.325000000069849, 5220839.022054241970181 ], [ 629214.424829295836389, 5220838.999913609586656 ], [ 629214.428249020013027, 5220838.919485933147371 ], [ 629214.540612641023472, 5220838.717283360660076 ], [ 629214.624840973527171, 5220838.699840973131359 ], [ 629214.631184907979332, 5220838.648284360766411 ], [ 629214.69983737997245, 5220838.574891821481287 ], [ 629214.69983737997245, 5220838.500108178704977 ], [ 629214.624840973527171, 5220838.400159027427435 ], [ 629214.500118672498502, 5220838.400157432071865 ], [ 629214.350159026565962, 5220838.550159026868641 ], [ 629214.350159026565962, 5220838.624840972945094 ], [ 629214.447218681918457, 5220838.639609730802476 ], [ 629214.46929073415231, 5220838.678986656479537 ], [ 629214.426513198646717, 5220838.900060600601137 ], [ 629214.325159026542678, 5220838.925159026868641 ], [ 629214.325000000069849, 5220839.022054241970181 ] ] ] } },
{ "type": "Feature", "properties": { "label": "vineyard", "area_m2": 0.24197012276139468 }, "geometry": { "type": "Polygon", "coordinates": [ [ [ 629228.225156453321688, 5220838.0001384858042 ], [ 629228.24991751788184, 5220838.024825582280755 ], [ 629228.431995461578481, 5220837.97521850373596 ], [ 629228.522293439600617, 5220838.043174747377634 ], [ 629228.496974368579686, 5220838.248339463025331 ], [ 629228.275153585826047, 5220838.425141898915172 ], [ 629228.250406452454627, 5220838.499179309234023 ], [ 629228.300150369177572, 5220838.799838354811072 ], [ 629228.475016581709497, 5220838.800754899159074 ], [ 629228.700177004793659, 5220838.892275182530284 ], [ 629228.725170704303309, 5220838.999913609586656 ], [ 629228.799840973573737, 5220839.024840973317623 ], [ 629228.799840973573737, 5220838.900159027427435 ], [ 629228.717220942606218, 5220838.893750286661088 ], [ 629228.512141763116233, 5220838.732378119602799 ], [ 629228.526385880890302, 5220838.623159323818982 ], [ 629228.653117130510509, 5220838.453158091753721 ], [ 629228.945986298145726, 5220838.47524103987962 ], [ 629229.073886434081942, 5220838.549934105016291 ], [ 629229.124829295789823, 5220838.425086391158402 ], [ 629229.099913609912619, 5220838.400170706212521 ], [ 629228.950159026542678, 5220838.400159027427435 ], [ 629228.910565949860029, 5220838.469069152139127 ], [ 629228.659258368774317, 5220838.436331855133176 ], [ 629228.649830070906319, 5220838.325101579539478 ], [ 629228.507148239994422, 5220838.209530083462596 ], [ 629228.528153818566352, 5220838.045822008512914 ], [ 629228.674840396037325, 5220837.999876368790865 ], [ 629228.674842571024783, 5220837.925145252607763 ], [ 629228.549924091086723, 5220837.875177529640496 ], [ 629228.400086390436627, 5220837.875170705839992 ], [ 629228.225156453321688, 5220838.0001384858042 ] ] ] } },
{ "type": "Feature", "properties": { "label": "vineyard", "area_m2": 0.26221817653320023 }, "geometry": { "type": "Polygon", "coordinates": [ [ [ 629224.925000000046566, 5220838.622054241597652 ], [ 629224.949859678628854, 5220838.624838112853467 ], [ 629225.133074982673861, 5220838.373325391672552 ], [ 629225.176018384634517, 5220838.362094747833908 ], [ 629225.686240078881383, 5220838.597914032638073 ], [ 629225.675170704256743, 5220838.974913609214127 ], [ 629225.700086390483193, 5220838.999829294160008 ], [ 629225.874849630868994, 5220838.999838354997337 ], [ 629226.074841242050752, 5220838.449948134832084 ], [ 629226.07493411086034, 5220838.126113657839596 ], [ 629226.05068114947062, 5220838.100861475802958 ], [ 629225.925159604055807, 5220838.125123631209135 ], [ 629225.947143901139498, 5220838.316444825381041 ], [ 629225.877988049061969, 5220838.598199716769159 ], [ 629225.695918935351074, 5220838.59793390519917 ], [ 629225.151614609756507, 5220838.333145569078624 ], [ 629225.247083051479422, 5220837.75351129565388 ], [ 629225.324848285759799, 5220837.724840252660215 ], [ 629225.449847795185633, 5220837.424876593053341 ], [ 629225.424876368953846, 5220837.300159606151283 ], [ 629225.375658731092699, 5220837.348968335427344 ], [ 629225.250165491714142, 5220837.700058350339532 ], [ 629225.151602619211189, 5220838.225197989493608 ], [ 629225.07514345983509, 5220838.25015864521265 ], [ 629224.925167526002042, 5220838.550128733739257 ], [ 629224.925000000046566, 5220838.622054241597652 ] ] ] } },
{ "type": "Feature", "properties": { "label": "vineyard", "area_m2": 0.2609617436093763 }, "geometry": { "type": "Polygon", "coordinates": [ [ [ 629203.450000000069849, 5220839.197054241783917 ], [ 629203.599898422253318, 5220839.199830069206655 ], [ 629203.675257171620615, 5220839.124062889255583 ], [ 629203.750006846268661, 5220838.949061898514628 ], [ 629203.775000000023283, 5220838.772054241970181 ], [ 629203.757184459362179, 5220838.635958789847791 ], [ 629203.899154733284377, 5220838.35196241363883 ], [ 629204.049839079030789, 5220838.22484789416194 ], [ 629204.124831049120985, 5220838.074899913743138 ], [ 629204.124840973527171, 5220837.800159026868641 ], [ 629203.900159026496112, 5220837.800159026868641 ], [ 629203.823429878451861, 5220838.347091747447848 ], [ 629203.550159410806373, 5220838.800134831108153 ], [ 629203.450000000069849, 5220839.197054241783917 ] ] ] } },
{ "type": "Feature", "properties": { "label": "vineyard", "area_m2": 0.26311353061327636 }, "geometry": { "type": "Polygon", "coordinates": [ [ [ 629211.625, 5220838.997063056565821 ], [ 629211.849842096096836, 5220838.949924582615495 ], [ 629211.928555301274173, 5220838.499155395664275 ], [ 629212.075026102596894, 5220838.299954829737544 ], [ 629212.274842096259817, 5220838.124924581497908 ], [ 629212.274842102779076, 5220837.850075414404273 ], [ 629212.124935717321932, 5220837.725170006975532 ], [ 629212.05012382962741, 5220837.725158902816474 ], [ 629211.90016559092328, 5220837.975115419365466 ], [ 629211.900168198044412, 5220838.049899165518582 ], [ 629211.997069503529929, 5220838.307152177207172 ], [ 629211.917759383562952, 5220838.493001720868051 ], [ 629211.725158377201296, 5220838.500158376991749 ], [ 629211.724147310946137, 5220838.67237355094403 ], [ 629211.625157915637828, 5220838.90006694290787 ], [ 629211.625, 5220838.997063056565821 ] ] ] } },
{ "type": "Feature", "properties": { "label": "vineyard", "area_m2": 0.28113332232733018 }, "geometry": { "type": "Polygon", "coordinates": [ [ [ 629230.900000000023283, 5220838.922054241411388 ], [ 629230.92508639045991, 5220838.949829294346273 ], [ 629231.123860165593214, 5220838.949935396201909 ], [ 629231.199847446638159, 5220838.899879050441086 ], [ 629231.225000000093132, 5220838.677945759147406 ], [ 629231.193437793059275, 5220838.564078707247972 ], [ 629231.333233094890602, 5220838.464184334501624 ], [ 629231.449904722627252, 5220838.474844762124121 ], [ 629231.624911587219685, 5220838.399844662286341 ], [ 629231.674829318304546, 5220838.349913625046611 ], [ 629231.674840396037325, 5220838.275123631581664 ], [ 629231.544272831524722, 5220838.246543309651315 ], [ 629231.416801117826253, 5220838.173010676167905 ], [ 629231.374913609586656, 5220838.050170705653727 ], [ 629231.325075431261212, 5220838.050160707905889 ], [ 629231.150162529549561, 5220838.15014414396137 ], [ 629231.148542638984509, 5220838.328655323944986 ], [ 629231.087882957304828, 5220838.484634060412645 ], [ 629231.000159026472829, 5220838.500159027054906 ], [ 629230.997363310307264, 5220838.602537717670202 ], [ 629230.900170801091008, 5220838.800062751397491 ], [ 629230.900000000023283, 5220838.922054241411388 ] ] ] } },
{ "type": "Feature", "properties": { "label": "vineyard", "area_m2": 0.31196308650462112 }, "geometry": { "type": "Polygon", "coordinates": [ [ [ 629219.925155817298219, 5220838.725137836299837 ], [ 629219.925169076770544, 5220838.799867905676365 ], [ 629220.025160987512209, 5220838.999850295484066 ], [ 629220.124862168449908, 5220839.024844187311828 ], [ 629220.233249198645353, 5220838.870186403393745 ], [ 629220.396983985905536, 5220838.778314464725554 ], [ 629220.499899152084254, 5220838.774831769056618 ], [ 629220.649874241789803, 5220838.69985343515873 ], [ 629220.699829997378401, 5220838.599935723468661 ], [ 629220.699842396541499, 5220838.525116993114352 ], [ 629220.574922743020579, 5220838.425169727765024 ], [ 629220.432401133934036, 5220838.445645045489073 ], [ 629220.257801257539541, 5220838.399379994720221 ], [ 629220.274939064634964, 5220838.201203415170312 ], [ 629220.22514861356467, 5220838.026034162379801 ], [ 629220.150139769189991, 5220838.025165406055748 ], [ 629220.025155967334285, 5220838.175112880766392 ], [ 629220.02517002064269, 5220838.249935717321932 ], [ 629220.10014277533628, 5220838.399842029437423 ], [ 629220.23208354273811, 5220838.413912610150874 ], [ 629220.309172226232477, 5220838.570814275182784 ], [ 629220.236122756265104, 5220838.62412835098803 ], [ 629220.075132903293706, 5220838.625170771032572 ], [ 629219.925155817298219, 5220838.725137836299837 ] ] ] } },
{ "type": "Feature", "properties": { "label": "vineyard", "area_m2": 0.14538485225575182 }, "geometry": { "type": "Polygon", "coordinates": [ [ [ 629197.975116360234097, 5220838.749913700856268 ], [ 629198.04179943993222, 5220838.807043776847422 ], [ 629198.050114952493459, 5220838.924885046668351 ], [ 629198.125042403582484, 5220838.949881482869387 ], [ 629198.199885047622956, 5220838.94988504704088 ], [ 629198.216853038873523, 5220838.819442976266146 ], [ 629198.324885047622956, 5220838.774885047227144 ], [ 629198.32488248613663, 5220838.625062812119722 ], [ 629198.274904862628318, 5220838.550115927122533 ], [ 629198.161560671520419, 5220838.527301045134664 ], [ 629198.125, 5220838.450000000186265 ], [ 629198.177860326250084, 5220838.336807873100042 ], [ 629198.349885047646239, 5220838.32488504704088 ], [ 629198.349881805595942, 5220838.225048957392573 ], [ 629198.29993718827609, 5220838.150117515586317 ], [ 629198.200095137464814, 5220838.150115927681327 ], [ 629197.975116360234097, 5220838.749913700856268 ] ] ] } },
{ "type": "Feature", "properties": { "label": "vineyard", "area_m2": 0.17168723756896739 }, "geometry": { "type": "Polygon", "coordinates": [ [ [ 629206.075115925981663, 5220838.750095138326287 ], [ 629206.075117514003068, 5220838.824937188997865 ], [ 629206.200062811840326, 5220838.924882484599948 ], [ 629206.274937188252807, 5220838.924882484599948 ], [ 629206.401116717956029, 5220838.810995052568614 ], [ 629206.499885047553107, 5220838.799885046668351 ], [ 629206.524881483521312, 5220838.625042404979467 ], [ 629206.477204722235911, 5220838.504904475063086 ], [ 629206.474882486159913, 5220838.400062812492251 ], [ 629206.42493718827609, 5220838.350117514841259 ], [ 629206.250062811770476, 5220838.325117515400052 ], [ 629206.200117514003068, 5220838.375062812119722 ], [ 629206.229501511435956, 5220838.609890116378665 ], [ 629206.075115925981663, 5220838.750095138326287 ] ] ] } },
{ "type": "Feature", "properties": { "label": "vineyard", "area_m2": 0.22525908556263294 }, "geometry": { "type": "Polygon", "coordinates": [ [ [ 629222.725000000093132, 5220838.147054241970181 ], [ 629222.752945764455944, 5220838.174999999813735 ], [ 629222.874916890170425, 5220838.174839003942907 ], [ 629222.967590886750259, 5220838.125332863070071 ], [ 629223.077087563811801, 5220838.148343916982412 ], [ 629223.073765438632108, 5220838.298523408360779 ], [ 629223.0, 5220838.327945758588612 ], [ 629223.000159026472829, 5220838.399840973317623 ], [ 629223.07484097359702, 5220838.399840973317623 ], [ 629223.080356692196801, 5220838.315542922355235 ], [ 629223.154342340654694, 5220838.188808404840529 ], [ 629223.200000000069849, 5220838.172054241411388 ], [ 629223.19984097359702, 5220838.07515902724117 ], [ 629223.140268837101758, 5220838.06535558309406 ], [ 629223.055598846054636, 5220837.954392592422664 ], [ 629223.075096885324456, 5220837.850037837401032 ], [ 629223.219347159960307, 5220837.65672561340034 ], [ 629223.3998402323341, 5220837.624848255887628 ], [ 629223.399829303612933, 5220837.550086383707821 ], [ 629223.32493726129178, 5220837.500170765444636 ], [ 629223.200086382799782, 5220837.500170693732798 ], [ 629223.079327959101647, 5220837.597199961543083 ], [ 629222.950159026542678, 5220837.600159026682377 ], [ 629222.943277931422926, 5220837.655652513727546 ], [ 629222.800170134520158, 5220837.850076609291136 ], [ 629222.796825012657791, 5220837.939396311528981 ], [ 629222.725170681835152, 5220838.050086375325918 ], [ 629222.725000000093132, 5220838.147054241970181 ] ] ] } },
{ "type": "Feature", "properties": { "label": "vineyard", "area_m2": 0.25979288576541371 }, "geometry": { "type": "Polygon", "coordinates": [ [ [ 629209.350177483516745, 5220837.625075895339251 ], [ 629209.375130656873807, 5220837.824870261363685 ], [ 629209.497623863979243, 5220837.875434858724475 ], [ 629209.522767825517803, 5220838.19408867508173 ], [ 629209.37517068174202, 5220838.325086374767125 ], [ 629209.375158328562975, 5220838.399919097311795 ], [ 629209.400086389505304, 5220838.424829293042421 ], [ 629209.574913610587828, 5220838.424829293042421 ], [ 629209.599841671530157, 5220838.399919097311795 ], [ 629209.599840973620303, 5220838.225159026682377 ], [ 629209.526108352700248, 5220838.195781099610031 ], [ 629209.503057843772694, 5220837.853078906424344 ], [ 629209.599842576193623, 5220837.774881334044039 ], [ 629209.634296105592512, 5220837.5696319071576 ], [ 629209.845781745621935, 5220837.429622882045805 ], [ 629209.924840973573737, 5220837.42484097275883 ], [ 629209.924841363797896, 5220837.225143452174962 ], [ 629209.724923401721753, 5220837.125170112587512 ], [ 629209.649351174244657, 5220837.125859891064465 ], [ 629209.575150958262384, 5220837.200119202025235 ], [ 629209.476452128728852, 5220837.42161113768816 ], [ 629209.400160749442875, 5220837.500091317109764 ], [ 629209.350177483516745, 5220837.625075895339251 ] ] ] } },
{ "type": "Feature", "properties": { "label": "vineyard", "area_m2": 0.5415314066705792 }, "geometry": { "type": "Polygon", "coordinates": [ [ [ 629200.650114952470176, 5220838.500114953145385 ], [ 629200.671881846967153, 5220838.632593232207 ], [ 629200.650115925935097, 5220838.8249048627913 ], [ 629200.709442220744677, 5220838.859045240096748 ], [ 629200.735226651304401, 5220838.921294368803501 ], [ 629200.71566785662435, 5220838.985771065577865 ], [ 629200.650115697993897, 5220839.02509977761656 ], [ 629200.650114952470176, 5220839.19988504704088 ], [ 629200.849289815174416, 5220839.19946901127696 ], [ 629200.895886196871288, 5220839.258090440183878 ], [ 629200.900114952470176, 5220839.374885046854615 ], [ 629200.999885047553107, 5220839.399885047227144 ], [ 629201.007149392040446, 5220839.062868280336261 ], [ 629201.099885047646239, 5220838.999885046854615 ], [ 629201.172698954702355, 5220838.71156067121774 ], [ 629201.349882486159913, 5220838.649937189184129 ], [ 629201.449881805572659, 5220838.399951042607427 ], [ 629201.449885047622956, 5220838.30011495295912 ], [ 629201.383166590589099, 5220838.284604516811669 ], [ 629201.33851457061246, 5220838.234224155545235 ], [ 629201.32488248613663, 5220838.075062812305987 ], [ 629201.22511495242361, 5220838.05011495295912 ], [ 629201.192155895172618, 5220838.124095113947988 ], [ 629201.125114952446893, 5220838.150114953517914 ], [ 629201.062206413480453, 5220838.282957236282527 ], [ 629200.966267091454938, 5220838.346074064262211 ], [ 629200.850086298072711, 5220838.350116360932589 ], [ 629200.81482004688587, 5220838.403834642842412 ], [ 629200.650114952470176, 5220838.500114953145385 ] ] ] } },
{ "type": "Feature", "properties": { "label": "vineyard", "area_m2": 0.20120961878307259 }, "geometry": { "type": "Polygon", "coordinates": [ [ [ 629217.325116360210814, 5220838.549913700670004 ], [ 629217.391799439908937, 5220838.607043776661158 ], [ 629217.400114952470176, 5220838.749885046854615 ], [ 629217.499885047553107, 5220838.749885046854615 ], [ 629217.507149392040446, 5220838.662868279963732 ], [ 629217.558357044239528, 5220838.609083200804889 ], [ 629217.749885047553107, 5220838.57488504704088 ], [ 629217.77488504757639, 5220838.275114953517914 ], [ 629217.670971532352269, 5220838.270694034174085 ], [ 629217.616853038896807, 5220838.230557024478912 ], [ 629217.624882486066781, 5220838.025062812492251 ], [ 629217.599937188439071, 5220838.000117515213788 ], [ 629217.525114952470176, 5220838.000114953145385 ], [ 629217.431867047096603, 5220838.160723246634007 ], [ 629217.375116360140964, 5220838.200086299329996 ], [ 629217.373248737188987, 5220838.382155206054449 ], [ 629217.325117150205187, 5220838.450070217251778 ], [ 629217.325116360210814, 5220838.549913700670004 ] ] ] } },
{ "type": "Feature", "properties": { "label": "vineyard", "area_m2": 0.30913755900708317 }, "geometry": { "type": "Polygon", "coordinates": [ [ [ 629220.150000000023283, 5220838.022054241970181 ], [ 629220.224840973620303, 5220838.024840973317623 ], [ 629220.351014558691531, 5220837.614323234185576 ], [ 629220.48881384159904, 5220837.600215337239206 ], [ 629220.672158830449916, 5220837.733167416416109 ], [ 629220.650000000023283, 5220838.072054239921272 ], [ 629220.675123631139286, 5220838.124840393662453 ], [ 629220.849848248297349, 5220838.124840226955712 ], [ 629220.949845824739896, 5220837.699952793307602 ], [ 629220.92484963091556, 5220837.500161645002663 ], [ 629220.550841413671151, 5220837.450903795659542 ], [ 629220.526921337586828, 5220837.327933785505593 ], [ 629220.728510843240656, 5220837.103393971920013 ], [ 629221.090885887853801, 5220837.125104238279164 ], [ 629221.126964572118595, 5220837.149975913576782 ], [ 629221.174840973573737, 5220837.149840973317623 ], [ 629221.174840973573737, 5220837.125159027054906 ], [ 629220.754366880748421, 5220837.09876730106771 ], [ 629220.649913623929024, 5220836.950170682743192 ], [ 629220.550159026519395, 5220836.95015902724117 ], [ 629220.548486118437722, 5220837.049079774878919 ], [ 629220.400156037416309, 5220837.350077711977065 ], [ 629220.230067087686621, 5220837.975787679664791 ], [ 629220.150000000023283, 5220838.022054241970181 ] ] ] } },
{ "type": "Feature", "properties": { "label": "vineyard", "area_m2": 0.040218678699746185 }, "geometry": { "type": "Polygon", "coordinates": [ [ [ 629214.525062811793759, 5220837.875117515213788 ], [ 629214.500117513933219, 5220837.974937187507749 ], [ 629214.600062811863609, 5220838.049882484599948 ], [ 629214.77488504757639, 5220838.07488504704088 ], [ 629214.774882486090064, 5220837.975062810815871 ], [ 629214.674904862418771, 5220837.875115927308798 ], [ 629214.525062811793759, 5220837.875117515213788 ] ] ] } },
{ "type": "Feature", "properties": { "label": "vineyard", "area_m2": 0.81597650567094115 }, "geometry": { "type": "Polygon", "coordinates": [ [ [ 629233.450117404921912, 5220838.849949506111443 ], [ 629233.561501875868998, 5220838.990806047804654 ], [ 629233.575115208979696, 5220839.074904670938849 ], [ 629233.752447513048537, 5220839.150000000372529 ], [ 629233.79988571931608, 5220839.149885719642043 ], [ 629233.80220198596362, 5220838.970110203139484 ], [ 629233.842293388326652, 5220838.889216860756278 ], [ 629233.891592171508819, 5220838.854640057310462 ], [ 629233.963268343242817, 5220838.857612047344446 ], [ 629234.023078528116457, 5220838.930490967817605 ], [ 629234.025117070646957, 5220839.124942678958178 ], [ 629234.099904670380056, 5220839.149884791113436 ], [ 629234.129931681440212, 5220838.984963635914028 ], [ 629234.199882929446176, 5220838.874942678958178 ], [ 629234.199882929446176, 5220838.750057321041822 ], [ 629234.12675239960663, 5220838.65715891122818 ], [ 629234.132150755729526, 5220838.512864870019257 ], [ 629234.424882929539308, 5220838.32494267821312 ], [ 629234.399885719176382, 5220838.100114280357957 ], [ 629234.234810289810412, 5220838.07913074363023 ], [ 629234.199884791043587, 5220837.975095328874886 ], [ 629234.126794515526854, 5220837.927607834339142 ], [ 629234.099884790950455, 5220837.850095328874886 ], [ 629233.908253732137382, 5220837.78199346922338 ], [ 629233.794240296236239, 5220837.667993471026421 ], [ 629233.774885719176382, 5220837.600114280357957 ], [ 629233.650095329619944, 5220837.600115208886564 ], [ 629233.575117404921912, 5220837.874949505552649 ], [ 629233.762448828201741, 5220838.116419682279229 ], [ 629233.810034249559976, 5220838.276172497309744 ], [ 629233.761664516292512, 5220838.337647621519864 ], [ 629233.600057321949862, 5220838.375117070041597 ], [ 629233.525107726338319, 5220838.450065791606903 ], [ 629233.475117404945195, 5220838.550050494261086 ], [ 629233.450117404921912, 5220838.849949506111443 ] ] ] } },
{ "type": "Feature", "properties": { "label": "vineyard", "area_m2": 0.6630362969558854 }, "geometry": { "type": "Polygon", "coordinates": [ [ [ 629236.25, 5220838.572054241783917 ], [ 629236.849876369000413, 5220838.799840393476188 ], [ 629236.999926091288216, 5220838.324049582704902 ], [ 629236.949568399228156, 5220838.049343300051987 ], [ 629236.699855903163552, 5220837.57510200701654 ], [ 629236.323886338854209, 5220837.450065890327096 ], [ 629236.275582131929696, 5220837.499121470376849 ], [ 629236.275159026496112, 5220837.54984097275883 ], [ 629236.354473332758062, 5220837.566638853400946 ], [ 629236.468700939789414, 5220837.822410547174513 ], [ 629236.275170752312988, 5220838.175062733702362 ], [ 629236.25, 5220838.572054241783917 ] ] ] } },
{ "type": "Feature", "properties": { "label": "vineyard", "area_m2": 0.44051515352212423 }, "geometry": { "type": "Polygon", "coordinates": [ [ [ 629231.275170764885843, 5220837.775062738917768 ], [ 629231.32515449624043, 5220838.049873928539455 ], [ 629231.549856545752846, 5220838.07484136056155 ], [ 629231.72483245364856, 5220837.799865138716996 ], [ 629231.779095338191837, 5220837.486240088008344 ], [ 629232.12493322941009, 5220837.473904283717275 ], [ 629232.124840232194401, 5220837.400151744484901 ], [ 629232.018402395886369, 5220837.371601378545165 ], [ 629231.83473600121215, 5220837.232518537901342 ], [ 629231.799841940635815, 5220837.150135353207588 ], [ 629231.700730027630925, 5220837.075712355785072 ], [ 629231.594423766713589, 5220837.071645630523562 ], [ 629231.389004846103489, 5220836.95463789999485 ], [ 629231.373904285370372, 5220836.825066771358252 ], [ 629231.350123626878485, 5220836.825159600004554 ], [ 629231.300159026519395, 5220836.949840973131359 ], [ 629231.384263014770113, 5220836.955199423246086 ], [ 629231.58427770959679, 5220837.093764759600163 ], [ 629231.474523123935796, 5220837.274531531147659 ], [ 629231.275157431955449, 5220837.400118674151599 ], [ 629231.321275402326137, 5220837.686620240099728 ], [ 629231.275170764885843, 5220837.775062738917768 ] ] ] } },
{ "type": "Feature", "properties": { "label": "vineyard", "area_m2": 0.353490056480607 }, "geometry": { "type": "Polygon", "coordinates": [ [ [ 629206.500114280846901, 5220837.375114280730486 ], [ 629206.500114280846901, 5220837.449885719455779 ], [ 629206.580322502995841, 5220837.490432429127395 ], [ 629206.61345312919002, 5220837.596343539655209 ], [ 629206.578188016428612, 5220837.676276127807796 ], [ 629206.500114280846901, 5220837.700114279985428 ], [ 629206.500114280730486, 5220837.774885719642043 ], [ 629206.624531010864303, 5220837.795768336392939 ], [ 629206.700096262386069, 5220837.924884838052094 ], [ 629206.842408870928921, 5220837.903120556846261 ], [ 629206.974885719129816, 5220837.924885720014572 ], [ 629206.974882595008239, 5220837.850050495006144 ], [ 629206.904955138452351, 5220837.728419009596109 ], [ 629206.92352376843337, 5220837.654110945761204 ], [ 629206.98922150710132, 5220837.614737229421735 ], [ 629207.149949504761025, 5220837.624882595613599 ], [ 629207.199884836794809, 5220837.599903737194836 ], [ 629207.199884791160002, 5220837.450095331296325 ], [ 629207.119240296189673, 5220837.392993470653892 ], [ 629207.053928474662825, 5220837.241273594088852 ], [ 629207.099882595008239, 5220836.975050495006144 ], [ 629207.024942678050138, 5220836.875117070041597 ], [ 629206.82511428068392, 5220836.925114280544221 ], [ 629206.874447979847901, 5220837.119512821547687 ], [ 629206.825117070577107, 5220837.200057321228087 ], [ 629206.845533863292076, 5220837.363804541528225 ], [ 629206.781679657520726, 5220837.448172817006707 ], [ 629206.671850862912834, 5220837.470956375822425 ], [ 629206.599885719129816, 5220837.375114280730486 ], [ 629206.500114280846901, 5220837.375114280730486 ] ] ] } },
{ "type": "Feature", "properties": { "label": "vineyard", "area_m2": 0.28167096774487016 }, "geometry": { "type": "Polygon", "coordinates": [ [ [ 629217.550156399840489, 5220837.700071794912219 ], [ 629217.575086389551871, 5220837.799829293042421 ], [ 629217.799903888022527, 5220837.799842418171465 ], [ 629217.974831876694225, 5220837.624861482530832 ], [ 629217.992264751694165, 5220837.50165201164782 ], [ 629218.399840973550454, 5220837.42484097275883 ], [ 629218.399840973550454, 5220837.350159026682377 ], [ 629218.325159026542678, 5220837.350159026682377 ], [ 629218.300985230482183, 5220837.427097856067121 ], [ 629217.989870393415913, 5220837.492169088684022 ], [ 629217.899936742498539, 5220837.283545794896781 ], [ 629217.911765477852896, 5220837.023390022106469 ], [ 629218.024267663480714, 5220836.975136205554008 ], [ 629218.288740945979953, 5220836.950922591611743 ], [ 629218.44984097359702, 5220836.974840972572565 ], [ 629218.449830070952885, 5220836.900101580657065 ], [ 629218.374913621344604, 5220836.825170690193772 ], [ 629218.256037357612513, 5220836.84414429962635 ], [ 629217.997054235544056, 5220836.75 ], [ 629217.925101580214687, 5220836.750169929116964 ], [ 629217.850161127164029, 5220836.825086151249707 ], [ 629217.823231040383689, 5220837.297213434241712 ], [ 629217.625155357294716, 5220837.525088434107602 ], [ 629217.550156399840489, 5220837.700071794912219 ] ] ] } },
{ "type": "Feature", "properties": { "label": "vineyard", "area_m2": 0.075444518146356471 }, "geometry": { "type": "Polygon", "coordinates": [ [ [ 629212.300117513979785, 5220837.200062812305987 ], [ 629212.300117513979785, 5220837.374937187880278 ], [ 629212.350114952540025, 5220837.499885046854615 ], [ 629212.449885047622956, 5220837.499885046854615 ], [ 629212.458721673348919, 5220837.425133715383708 ], [ 629212.549882849911228, 5220837.299929782748222 ], [ 629212.574885047622956, 5220837.150114953517914 ], [ 629212.350095137488097, 5220837.125115927308798 ], [ 629212.300117513979785, 5220837.200062812305987 ] ] ] } },
{ "type": "Feature", "properties": { "label": "vineyard", "area_m2": 0.50739651015473031 }, "geometry": { "type": "Polygon", "coordinates": [ [ [ 629225.600000000093132, 5220836.847054241225123 ], [ 629226.222726566018537, 5220836.971319007687271 ], [ 629226.251095714629628, 5220837.049933228641748 ], [ 629226.324866439565085, 5220837.049828610382974 ], [ 629226.549906250787899, 5220836.899844739586115 ], [ 629226.578412630944513, 5220836.749191789887846 ], [ 629226.799880025209859, 5220836.399961967021227 ], [ 629226.849841242074035, 5220836.24994813464582 ], [ 629226.851808922481723, 5220835.998285385780036 ], [ 629226.974829318351112, 5220835.799913625232875 ], [ 629226.974829295882955, 5220835.625086390413344 ], [ 629226.850103487027809, 5220835.600163983181119 ], [ 629226.749799822806381, 5220835.674472182057798 ], [ 629226.450170704280026, 5220835.775086390785873 ], [ 629226.4501593997702, 5220835.849844762124121 ], [ 629226.543611830100417, 5220835.887958988547325 ], [ 629226.561125191161409, 5220835.926202622242272 ], [ 629226.425161469727755, 5220836.225134220905602 ], [ 629226.424742867005989, 5220836.40041689388454 ], [ 629226.355086847674102, 5220836.703268945217133 ], [ 629226.275161643861793, 5220836.750150370411575 ], [ 629226.246806711773388, 5220836.955286474898458 ], [ 629225.723703198484145, 5220836.852285830304027 ], [ 629225.674876368953846, 5220836.675159606151283 ], [ 629225.62512363109272, 5220836.675159606151283 ], [ 629225.600170809775591, 5220836.725062754936516 ], [ 629225.600000000093132, 5220836.847054241225123 ] ] ] } },
{ "type": "Feature", "properties": { "label": "vineyard", "area_m2": 0.26787477287341654 }, "geometry": { "type": "Polygon", "coordinates": [ [ [ 629223.200114952516742, 5220837.000114953145385 ], [ 629223.200114952516742, 5220837.099885046482086 ], [ 629223.264820046839304, 5220837.121165356598794 ], [ 629223.300086298026145, 5220837.174883638508618 ], [ 629223.372545121004805, 5220837.174999999813735 ], [ 629223.439888188382611, 5220837.057948969304562 ], [ 629223.56785770971328, 5220836.986043392680585 ], [ 629223.749885047553107, 5220836.999885046854615 ], [ 629223.749885047553107, 5220836.92511495295912 ], [ 629223.661731656873599, 5220836.917387953028083 ], [ 629223.60761204676237, 5220836.863268343731761 ], [ 629223.587813379475847, 5220836.583710450679064 ], [ 629223.638310539070517, 5220836.512364827096462 ], [ 629223.749937188229524, 5220836.499882484786212 ], [ 629223.819442976731807, 5220836.366853037849069 ], [ 629223.924885047599673, 5220836.349885046482086 ], [ 629223.924881805549376, 5220836.125048957765102 ], [ 629223.899904862628318, 5220836.075115927495062 ], [ 629223.800062811817043, 5220836.075117515400052 ], [ 629223.722139673773199, 5220836.238192127086222 ], [ 629223.600114952540025, 5220836.250114953145385 ], [ 629223.565113920602016, 5220836.574626634828746 ], [ 629223.51560845063068, 5220836.617778485640883 ], [ 629223.375048957881518, 5220836.62511819601059 ], [ 629223.300106372334994, 5220836.67507107462734 ], [ 629223.275000000023283, 5220836.727454861626029 ], [ 629223.295957151334733, 5220836.928146494552493 ], [ 629223.200114952516742, 5220837.000114953145385 ] ] ] } },
{ "type": "Feature", "properties": { "label": "vineyard", "area_m2": 0.30628575634141536 }, "geometry": { "type": "Polygon", "coordinates": [ [ [ 629201.200114952516742, 5220837.700114953331649 ], [ 629201.200117514003068, 5220837.774937189184129 ], [ 629201.297795277787372, 5220837.945095524191856 ], [ 629201.300114952493459, 5220838.07488504704088 ], [ 629201.37489535450004, 5220838.074884540401399 ], [ 629201.524882486090064, 5220837.899937189184129 ], [ 629201.529640929424204, 5220837.641592522151768 ], [ 629201.599883639952168, 5220837.574913701042533 ], [ 629201.620755307958461, 5220837.47548362519592 ], [ 629201.69988248613663, 5220837.399937189184129 ], [ 629201.706943713128567, 5220837.324864498339593 ], [ 629201.799881805549376, 5220837.149951042607427 ], [ 629201.804937781300396, 5220837.009943085722625 ], [ 629201.874882486066781, 5220836.924937187694013 ], [ 629201.874885047553107, 5220836.825114953331649 ], [ 629201.700070216786116, 5220836.825117151252925 ], [ 629201.650135501171462, 5220836.868056287057698 ], [ 629201.575114952516742, 5220836.875114953145385 ], [ 629201.56228647637181, 5220836.977093107998371 ], [ 629201.475117514026351, 5220837.05006281286478 ], [ 629201.499480752507225, 5220837.313474308699369 ], [ 629201.425116360187531, 5220837.400086299516261 ], [ 629201.414221887942404, 5220837.583682609722018 ], [ 629201.323883282137103, 5220837.689004947431386 ], [ 629201.200114952516742, 5220837.700114953331649 ] ] ] } },
{ "type": "Feature", "properties": { "label": "vineyard", "area_m2": 0.374154542405782 }, "geometry": { "type": "Polygon", "coordinates": [ [ [ 629220.45006255642511, 5220836.598818501457572 ], [ 629220.550138499354944, 5220836.749843528494239 ], [ 629220.900094288750552, 5220836.775606666691601 ], [ 629221.145490817143582, 5220836.864986067637801 ], [ 629221.164845691993833, 5220836.900544747710228 ], [ 629221.125159604009241, 5220837.124876368790865 ], [ 629221.197054238058627, 5220837.150000000372529 ], [ 629221.249852935783565, 5220837.124871238134801 ], [ 629221.324930723174475, 5220836.998955301940441 ], [ 629221.324829247663729, 5220836.900062734261155 ], [ 629221.27487637323793, 5220836.800159599632025 ], [ 629221.171502925571986, 5220836.798640701919794 ], [ 629220.910233057104051, 5220836.70307276211679 ], [ 629220.830742436461151, 5220836.505273365415633 ], [ 629221.02100426366087, 5220836.259303751401603 ], [ 629221.199840396060608, 5220836.224876368418336 ], [ 629221.204913391848095, 5220836.097876059822738 ], [ 629221.374829295789823, 5220835.899913609027863 ], [ 629221.34984370553866, 5220835.6001629345119 ], [ 629221.250083992956206, 5220835.600169718265533 ], [ 629221.125158328562975, 5220835.67508090287447 ], [ 629221.121902897953987, 5220835.802868190221488 ], [ 629220.975153497653082, 5220836.07512663025409 ], [ 629221.016035916749388, 5220836.256525401957333 ], [ 629220.839005696121603, 5220836.479358706623316 ], [ 629220.798406543442979, 5220836.489306890405715 ], [ 629220.657673138310201, 5220836.426442233845592 ], [ 629220.599844763055444, 5220836.225159399211407 ], [ 629220.550123631255701, 5220836.225159605965018 ], [ 629220.475158400484361, 5220836.400060910731554 ], [ 629220.45006255642511, 5220836.598818501457572 ] ] ] } },
{ "type": "Feature", "properties": { "label": "vineyard", "area_m2": 0.099266335707427683 }, "geometry": { "type": "Polygon", "coordinates": [ [ [ 629214.900114952470176, 5220836.749885046854615 ], [ 629215.024913702276535, 5220836.749883638694882 ], [ 629215.104787814430892, 5220836.684070313349366 ], [ 629215.170952006126754, 5220836.697408867068589 ], [ 629215.220285413088277, 5220836.756134837865829 ], [ 629215.225114952540025, 5220836.874885046854615 ], [ 629215.303645521402359, 5220836.913235268555582 ], [ 629215.325114952516742, 5220836.999885046854615 ], [ 629215.399095112690702, 5220837.032844103872776 ], [ 629215.425114952493459, 5220837.099885046482086 ], [ 629215.499885047553107, 5220837.099885046482086 ], [ 629215.499885047553107, 5220836.950114953331649 ], [ 629215.433166590519249, 5220836.934604517184198 ], [ 629215.388514570542611, 5220836.884224155917764 ], [ 629215.29993718827609, 5220836.600117514841259 ], [ 629215.100070216809399, 5220836.575117151252925 ], [ 629215.041267091524787, 5220836.62107406463474 ], [ 629214.950095137464814, 5220836.625115927308798 ], [ 629214.900114952470176, 5220836.749885046854615 ] ] ] } },
{ "type": "Feature", "properties": { "label": "vineyard", "area_m2": 0.29409263744466785 }, "geometry": { "type": "Polygon", "coordinates": [ [ [ 629198.850114952540025, 5220836.475114952772856 ], [ 629198.850114952540025, 5220836.499885046854615 ], [ 629198.925135501194745, 5220836.506943712942302 ], [ 629198.975070216809399, 5220836.549882848747075 ], [ 629199.049913702066988, 5220836.549883638508618 ], [ 629199.109734228346497, 5220836.482084437273443 ], [ 629199.274882486090064, 5220836.449937188997865 ], [ 629199.283721673302352, 5220836.300133715383708 ], [ 629199.349882486159913, 5220836.224937187507749 ], [ 629199.41813295299653, 5220836.039276753552258 ], [ 629199.474898799904622, 5220835.999908276833594 ], [ 629199.599882486159913, 5220835.799937187694013 ], [ 629199.602204722235911, 5220835.645095524378121 ], [ 629199.64988504757639, 5220835.55011495295912 ], [ 629199.550048958393745, 5220835.525118195451796 ], [ 629199.445011363830417, 5220835.593299279920757 ], [ 629199.350062811863609, 5220835.600117514841259 ], [ 629199.250117513933219, 5220835.700062812305987 ], [ 629199.245359070715494, 5220835.833407478407025 ], [ 629199.175116360187531, 5220835.900086299516261 ], [ 629199.155736508546397, 5220835.99302708171308 ], [ 629198.950115925981663, 5220836.150095138698816 ], [ 629198.950114952516742, 5220836.224885046482086 ], [ 629199.09179943986237, 5220836.307043776847422 ], [ 629199.087705448037013, 5220836.45706095173955 ], [ 629199.006744394660927, 5220836.508794165216386 ], [ 629198.850114952540025, 5220836.475114952772856 ] ] ] } },
{ "type": "Feature", "properties": { "label": "vineyard", "area_m2": 0.39806802674807407 }, "geometry": { "type": "Polygon", "coordinates": [ [ [ 629198.325117514003068, 5220837.899937189184129 ], [ 629198.375095137394965, 5220837.974884072318673 ], [ 629198.474882486159913, 5220837.949937188997865 ], [ 629198.479640929377638, 5220837.766592522151768 ], [ 629198.57488248613663, 5220837.674937187694013 ], [ 629198.586807873565704, 5220837.577860326506197 ], [ 629198.636731656850316, 5220837.532612047158182 ], [ 629198.724885047646239, 5220837.524885047227144 ], [ 629198.725302957929671, 5220837.347919198684394 ], [ 629198.799884541309439, 5220837.299895354546607 ], [ 629198.897698954679072, 5220837.08656067121774 ], [ 629199.024904862628318, 5220837.049884072504938 ], [ 629199.124882486066781, 5220836.899937187321484 ], [ 629199.124882486066781, 5220836.650062812492251 ], [ 629199.049895354546607, 5220836.550115459598601 ], [ 629198.825114952516742, 5220836.475114952772856 ], [ 629198.770062218769453, 5220836.690056913532317 ], [ 629198.725117514026351, 5220836.750062812119722 ], [ 629198.720359070692211, 5220836.908407477661967 ], [ 629198.625117513933219, 5220837.000062812119722 ], [ 629198.520062218769453, 5220837.340056913904846 ], [ 629198.475117514026351, 5220837.400062812492251 ], [ 629198.46679943986237, 5220837.542956222780049 ], [ 629198.400116360164247, 5220837.600086298771203 ], [ 629198.32511819456704, 5220837.800048957578838 ], [ 629198.325117514003068, 5220837.899937189184129 ] ] ] } },
{ "type": "Feature", "properties": { "label": "vineyard", "area_m2": 0.078622660300762537 }, "geometry": { "type": "Polygon", "coordinates": [ [ [ 629204.450117514003068, 5220836.425062811002135 ], [ 629204.475115926004946, 5220836.599904862232506 ], [ 629204.525048957904801, 5220836.62488180398941 ], [ 629204.699904862674884, 5220836.649884073063731 ], [ 629204.749882486066781, 5220836.57493718713522 ], [ 629204.749884541262873, 5220836.400104646570981 ], [ 629204.674929783679545, 5220836.350117150694132 ], [ 629204.525062811793759, 5220836.325117515400052 ], [ 629204.450117514003068, 5220836.425062811002135 ] ] ] } },
{ "type": "Feature", "properties": { "label": "vineyard", "area_m2": 0.14937052889499366 }, "geometry": { "type": "Polygon", "coordinates": [ [ [ 629215.650282372022048, 5220836.024869223125279 ], [ 629215.748445103876293, 5220836.063564307056367 ], [ 629215.775159026496112, 5220836.399840973317623 ], [ 629215.849840973620303, 5220836.399840973317623 ], [ 629215.849840973620303, 5220836.32515902724117 ], [ 629215.775631039752625, 5220836.296361844986677 ], [ 629215.761071445886046, 5220836.070972817949951 ], [ 629215.924846692127176, 5220836.024895096197724 ], [ 629215.949932669056579, 5220835.973915689624846 ], [ 629215.944750603870489, 5220835.792829750105739 ], [ 629216.245903978357092, 5220835.652087005786598 ], [ 629216.32484097359702, 5220835.649840973317623 ], [ 629216.32484097359702, 5220835.57515902724117 ], [ 629216.250159026472829, 5220835.57515902724117 ], [ 629216.215485597029328, 5220835.644966879859567 ], [ 629215.800095201237127, 5220835.625164377503097 ], [ 629215.700164244277403, 5220835.700125588104129 ], [ 629215.650282372022048, 5220836.024869223125279 ] ] ] } },
{ "type": "Feature", "properties": { "label": "vineyard", "area_m2": 0.14778919411176392 }, "geometry": { "type": "Polygon", "coordinates": [ [ [ 629231.800000000046566, 5220836.747054241597652 ], [ 629231.949913612683304, 5220836.77482929918915 ], [ 629232.099841710994951, 5220836.59992057736963 ], [ 629232.115594654111192, 5220836.451840502209961 ], [ 629232.624840973527171, 5220836.324840973131359 ], [ 629232.624840973527171, 5220836.250159027054906 ], [ 629232.600159026565962, 5220836.250159027054906 ], [ 629232.57376407540869, 5220836.329021670855582 ], [ 629232.123196210130118, 5220836.440957180224359 ], [ 629232.090139059117064, 5220836.411069382913411 ], [ 629232.049841671483591, 5220836.17508090287447 ], [ 629231.925143454340287, 5220836.150158639997244 ], [ 629231.825356297427788, 5220836.399091617204249 ], [ 629231.800000000046566, 5220836.747054241597652 ] ] ] } },
{ "type": "Feature", "properties": { "label": "vineyard", "area_m2": 0.27430645511696949 }, "geometry": { "type": "Polygon", "coordinates": [ [ [ 629228.799999999930151, 5220837.622063060291111 ], [ 629228.973962179152295, 5220837.600374180823565 ], [ 629229.124844121281058, 5220837.449922551400959 ], [ 629229.174852483090945, 5220837.002317083999515 ], [ 629229.32495314325206, 5220836.722696828655899 ], [ 629229.16109747311566, 5220836.841597565449774 ], [ 629228.985646207001992, 5220836.772800033912063 ], [ 629228.98630698362831, 5220836.638056886382401 ], [ 629229.118061773478985, 5220836.283357447013259 ], [ 629229.322000895743258, 5220836.249382054433227 ], [ 629229.357702312641777, 5220836.307777532376349 ], [ 629229.325493098818697, 5220836.485624474473298 ], [ 629229.374839562689885, 5220836.399919403716922 ], [ 629229.374976056511514, 5220836.326958666555583 ], [ 629229.31357558129821, 5220836.200996584258974 ], [ 629229.399839181103744, 5220836.024866447784007 ], [ 629229.399841622915119, 5220835.950158377178013 ], [ 629229.325158377061598, 5220835.950158377178013 ], [ 629229.293007086729631, 5220836.211086696013808 ], [ 629229.125142776872963, 5220836.225157972425222 ], [ 629229.075173284043558, 5220836.325078122317791 ], [ 629228.900168086052872, 5220836.850097901187837 ], [ 629228.874774718657136, 5220837.340916932560503 ], [ 629228.800160640501417, 5220837.47510723117739 ], [ 629228.799999999930151, 5220837.622063060291111 ] ] ] } },
{ "type": "Feature", "properties": { "label": "vineyard", "area_m2": 0.43357575014946165 }, "geometry": { "type": "Polygon", "coordinates": [ [ [ 629212.575116562307812, 5220836.550067698583007 ], [ 629212.57511428068392, 5220836.624885719269514 ], [ 629212.67488571931608, 5220836.624885719269514 ], [ 629212.696358448709361, 5220836.513230214826763 ], [ 629212.774885719292797, 5220836.474885719828308 ], [ 629212.809456955757923, 5220836.374474446289241 ], [ 629212.874885719153099, 5220836.349885719828308 ], [ 629212.891853038803674, 5220836.219442976638675 ], [ 629212.999912942061201, 5220836.174884386360645 ], [ 629213.047907994594425, 5220836.112711167894304 ], [ 629213.374904670170508, 5220836.124884790740907 ], [ 629213.399882595054805, 5220836.074949505738914 ], [ 629213.424882929539308, 5220835.42505732178688 ], [ 629213.224942678003572, 5220835.225117069669068 ], [ 629213.125095329596661, 5220835.225115208886564 ], [ 629213.09305181808304, 5220835.350144570693374 ], [ 629213.025117405108176, 5220835.450050494633615 ], [ 629213.021071524359286, 5220835.716273598372936 ], [ 629212.900117070646957, 5220835.82505732215941 ], [ 629212.888902733684517, 5220836.170785412192345 ], [ 629212.650117070763372, 5220836.300057320855558 ], [ 629212.621071525267325, 5220836.491273595020175 ], [ 629212.575116562307812, 5220836.550067698583007 ] ] ] } },
{ "type": "Feature", "properties": { "label": "vineyard", "area_m2": 0.29268851129318285 }, "geometry": { "type": "Polygon", "coordinates": [ [ [ 629209.850155108259059, 5220836.525132372975349 ], [ 629209.850163450930268, 5220836.599875812418759 ], [ 629209.975151077844203, 5220836.974840888753533 ], [ 629210.174919327255338, 5220836.949839301407337 ], [ 629210.274834474432282, 5220836.474952853284776 ], [ 629210.275789244449697, 5220836.2001389618963 ], [ 629210.399841982056387, 5220835.924875121563673 ], [ 629210.374924581730738, 5220835.800157902762294 ], [ 629210.225158856017515, 5220835.825124761089683 ], [ 629210.173413110431284, 5220836.151253840886056 ], [ 629209.850155108259059, 5220836.525132372975349 ] ] ] } },
{ "type": "Feature", "properties": { "label": "vineyard", "area_m2": 0.34054400844304111 }, "geometry": { "type": "Polygon", "coordinates": [ [ [ 629207.201114677707665, 5220836.201300762593746 ], [ 629207.300114952493459, 5220836.499885046854615 ], [ 629207.374921979499049, 5220836.49988323263824 ], [ 629207.482593232300133, 5220836.428118153475225 ], [ 629207.699885047622956, 5220836.474885046482086 ], [ 629207.699884074158035, 5220836.400095138698816 ], [ 629207.604937780997716, 5220836.290056912228465 ], [ 629207.599117561476305, 5220836.198376814834774 ], [ 629207.726116717909463, 5220836.060995052568614 ], [ 629207.849937188322656, 5220836.049882484599948 ], [ 629207.916317391674966, 5220835.985778111033142 ], [ 629207.999885047553107, 5220835.974885046482086 ], [ 629207.999883639859036, 5220835.800086298957467 ], [ 629207.93771352362819, 5220835.752093107439578 ], [ 629207.924882486113347, 5220835.675062811002135 ], [ 629207.849951042211615, 5220835.62511819601059 ], [ 629207.725114952540025, 5220835.650114953517914 ], [ 629207.720694033661857, 5220835.754028468392789 ], [ 629207.680557023384608, 5220835.808146961964667 ], [ 629207.425062811817043, 5220835.850117514841259 ], [ 629207.383146961219609, 5220836.030557024292648 ], [ 629207.329028467764147, 5220836.07069403398782 ], [ 629207.225062811863609, 5220836.075117515400052 ], [ 629207.201114677707665, 5220836.201300762593746 ] ] ] } },
{ "type": "Feature", "properties": { "label": "vineyard", "area_m2": 0.18126714641195665 }, "geometry": { "type": "Polygon", "coordinates": [ [ [ 629199.350158630870283, 5220835.249856552109122 ], [ 629199.451493674656376, 5220835.301686249673367 ], [ 629199.566151455044746, 5220835.418687180615962 ], [ 629199.575159026542678, 5220835.54984097275883 ], [ 629199.699841671506874, 5220835.524919097311795 ], [ 629199.699835657025687, 5220835.425130273215473 ], [ 629199.583486371091567, 5220835.212555136531591 ], [ 629199.899835397838615, 5220834.69992289505899 ], [ 629199.899841366219334, 5220834.600143450312316 ], [ 629199.747054235544056, 5220834.525000000372529 ], [ 629199.675103487214074, 5220834.525163983926177 ], [ 629199.575160396751016, 5220834.600139082409441 ], [ 629199.793140423367731, 5220834.588212752714753 ], [ 629199.836392410215922, 5220834.756441742181778 ], [ 629199.820559621555731, 5220834.816105838865042 ], [ 629199.789993557496928, 5220834.843320436775684 ], [ 629199.575017134658992, 5220834.86356545239687 ], [ 629199.399196616141126, 5220835.00098371040076 ], [ 629199.350158778484911, 5220835.100051869638264 ], [ 629199.350158630870283, 5220835.249856552109122 ] ] ] } },
{ "type": "Feature", "properties": { "label": "vineyard", "area_m2": 0.44699636649250418 }, "geometry": { "type": "Polygon", "coordinates": [ [ [ 629201.800114952493459, 5220835.92511495295912 ], [ 629201.800114952493459, 5220836.024885047227144 ], [ 629201.87253109307494, 5220836.0528430538252 ], [ 629201.903211463708431, 5220836.120867502875626 ], [ 629201.875, 5220836.472545137628913 ], [ 629201.908901405520737, 5220836.554906766861677 ], [ 629201.875117861200124, 5220836.625055743381381 ], [ 629201.875114952446893, 5220836.774885047227144 ], [ 629201.999951042118482, 5220836.774881804361939 ], [ 629202.099882486159913, 5220836.699937188997865 ], [ 629202.082612046739087, 5220836.336731656454504 ], [ 629202.136731656850316, 5220836.282612047158182 ], [ 629202.249904862605035, 5220836.274884073063731 ], [ 629202.299881805549376, 5220836.174951042048633 ], [ 629202.333200560184196, 5220835.957043777219951 ], [ 629202.399883639882319, 5220835.899913701228797 ], [ 629202.399882849887945, 5220835.725070216692984 ], [ 629202.350519247585908, 5220835.611525692045689 ], [ 629202.424883639905602, 5220835.524913701228797 ], [ 629202.424882486113347, 5220835.450062812305987 ], [ 629202.224951042211615, 5220835.350118195638061 ], [ 629202.150086298002861, 5220835.350116360932589 ], [ 629202.1070925462991, 5220835.409297254867852 ], [ 629202.025114952470176, 5220835.42511495295912 ], [ 629202.020062218769453, 5220835.515056913718581 ], [ 629201.925117513979785, 5220835.625062812119722 ], [ 629201.925114952493459, 5220835.69988504704088 ], [ 629202.124289815197699, 5220835.69946901127696 ], [ 629202.170886196894571, 5220835.758090440183878 ], [ 629202.167778484639712, 5220835.840608452446759 ], [ 629202.098042959463783, 5220835.900605788454413 ], [ 629201.800114952493459, 5220835.92511495295912 ] ] ] } },
{ "type": "Feature", "properties": { "label": "vineyard", "area_m2": 0.46015109253507297 }, "geometry": { "type": "Polygon", "coordinates": [ [ [ 629223.825068124220707, 5220835.723931835964322 ], [ 629223.900142306345515, 5220835.84983937907964 ], [ 629224.19990388781298, 5220835.849842417985201 ], [ 629224.249830042826943, 5220835.799898400902748 ], [ 629224.150225745048374, 5220835.420356712304056 ], [ 629224.195107857580297, 5220835.101532598957419 ], [ 629224.32484097359702, 5220835.04984097275883 ], [ 629224.331741216243245, 5220834.946800595149398 ], [ 629224.518647689954378, 5220834.759079581126571 ], [ 629224.599840973620303, 5220834.749840972945094 ], [ 629224.599829247803427, 5220834.600062733516097 ], [ 629224.523969383328222, 5220834.474626615643501 ], [ 629224.400133022805676, 5220834.450170271098614 ], [ 629224.175699761253782, 5220834.597022460773587 ], [ 629224.050159026519395, 5220834.600159026682377 ], [ 629224.025067728827707, 5220834.973923787474632 ], [ 629224.087539694504812, 5220835.082152957096696 ], [ 629223.900155507726595, 5220835.300143367610872 ], [ 629223.825068124220707, 5220835.723931835964322 ] ] ] } },
{ "type": "Feature", "properties": { "label": "vineyard", "area_m2": 0.3091066331360523 }, "geometry": { "type": "Polygon", "coordinates": [ [ [ 629221.700178894796409, 5220834.924870730377734 ], [ 629221.823288496932946, 5220835.223809886723757 ], [ 629221.825158328632824, 5220835.32491909712553 ], [ 629221.924913610564545, 5220835.349829292856157 ], [ 629221.949829295859672, 5220835.250086390413344 ], [ 629221.804004046251066, 5220834.923117954283953 ], [ 629221.974829299841076, 5220834.599913612008095 ], [ 629221.998568871058524, 5220834.348855456337333 ], [ 629222.031338031752966, 5220834.325116726569831 ], [ 629222.37487636890728, 5220834.324840393848717 ], [ 629222.39984040078707, 5220834.225123626179993 ], [ 629221.999930159887299, 5220834.100165008567274 ], [ 629221.750123631209135, 5220834.100159605965018 ], [ 629221.700099652633071, 5220834.450426390394568 ], [ 629221.700178894796409, 5220834.924870730377734 ] ] ] } },
{ "type": "Feature", "properties": { "label": "vineyard", "area_m2": 0.24169279287133749 }, "geometry": { "type": "Polygon", "coordinates": [ [ [ 629207.500114952446893, 5220835.150114953517914 ], [ 629207.500118194613606, 5220835.224951041862369 ], [ 629207.550062811817043, 5220835.299882484599948 ], [ 629207.654028467833996, 5220835.30430596601218 ], [ 629207.708146961289458, 5220835.344442975707352 ], [ 629207.725117514026351, 5220835.474937187507749 ], [ 629207.789221887942404, 5220835.541317390277982 ], [ 629207.80011592595838, 5220835.624904862605035 ], [ 629207.924885047599673, 5220835.674885046668351 ], [ 629207.954042848781683, 5220835.271853505633771 ], [ 629208.050000000046566, 5220835.197545138187706 ], [ 629208.049882486113347, 5220835.125062812119722 ], [ 629207.936549984849989, 5220834.955222923308611 ], [ 629207.974882486159913, 5220834.849937186576426 ], [ 629207.949885047622956, 5220834.700114953331649 ], [ 629207.850117514026351, 5220834.725062812678516 ], [ 629207.841278326814063, 5220834.799866285175085 ], [ 629207.775117513956502, 5220834.875062812119722 ], [ 629207.747424708213657, 5220835.018954054452479 ], [ 629207.675062811817043, 5220835.050117515027523 ], [ 629207.598883282160386, 5220835.13900494761765 ], [ 629207.500114952446893, 5220835.150114953517914 ] ] ] } },
{ "type": "Feature", "properties": { "label": "vineyard", "area_m2": 0.24140010715785587 }, "geometry": { "type": "Polygon", "coordinates": [ [ [ 629213.200158377061598, 5220834.525158377364278 ], [ 629213.250149720232002, 5220834.749838999472558 ], [ 629213.349935705424286, 5220834.749829937703907 ], [ 629213.399841143982485, 5220834.724875238724053 ], [ 629213.387133098673075, 5220834.566431592218578 ], [ 629213.57853972108569, 5220834.395204255357385 ], [ 629213.69984541554004, 5220834.399841249920428 ], [ 629213.749641989474185, 5220834.325123610906303 ], [ 629214.07484162284527, 5220834.324841623194516 ], [ 629214.074842101777904, 5220834.22507541347295 ], [ 629213.84984354430344, 5220833.900131739675999 ], [ 629213.7749240368139, 5220833.850173591636121 ], [ 629213.700131365912966, 5220833.850157218053937 ], [ 629213.500768134254031, 5220834.024406258948147 ], [ 629213.59181751369033, 5220834.378137793391943 ], [ 629213.389210583409294, 5220834.558034948073328 ], [ 629213.324922223458998, 5220834.52516349311918 ], [ 629213.200158377061598, 5220834.525158377364278 ] ] ] } },
{ "type": "Feature", "properties": { "label": "vineyard", "area_m2": 0.18295422455157884 }, "geometry": { "type": "Polygon", "coordinates": [ [ [ 629218.575114952516742, 5220835.124885046854615 ], [ 629218.653645521379076, 5220835.163235268555582 ], [ 629218.675114952493459, 5220835.249885046854615 ], [ 629218.749937188229524, 5220835.249882484786212 ], [ 629218.838519171695225, 5220835.164864480495453 ], [ 629218.949937188299373, 5220835.149882485158741 ], [ 629218.999882486066781, 5220835.099937187507749 ], [ 629218.999882486066781, 5220835.000062812119722 ], [ 629218.926562777603976, 5220834.890519990585744 ], [ 629218.999881483498029, 5220834.674957594834268 ], [ 629218.974904862698168, 5220834.475115926936269 ], [ 629218.850042403675616, 5220834.475118516944349 ], [ 629218.725117514026351, 5220834.525062812492251 ], [ 629218.725117514026351, 5220834.624937187880278 ], [ 629218.842850608169101, 5220834.71286828070879 ], [ 629218.846074064262211, 5220834.84126709215343 ], [ 629218.778434074600227, 5220834.914596624672413 ], [ 629218.600114952540025, 5220834.950114953331649 ], [ 629218.575114952516742, 5220835.124885046854615 ] ] ] } },
{ "type": "Feature", "properties": { "label": "vineyard", "area_m2": 0.22166011655841386 }, "geometry": { "type": "Polygon", "coordinates": [ [ [ 629204.950115925981663, 5220835.549904862418771 ], [ 629205.025062811793759, 5220835.599882484413683 ], [ 629205.099904862698168, 5220835.599884072318673 ], [ 629205.19988248613663, 5220835.449937188997865 ], [ 629205.204640929354355, 5220835.141592522151768 ], [ 629205.299882486113347, 5220835.049937187694013 ], [ 629205.318132952786982, 5220834.889276754111052 ], [ 629205.424883233266883, 5220834.799921978265047 ], [ 629205.450000000069849, 5220834.597545137628913 ], [ 629205.42493718827609, 5220834.475117514841259 ], [ 629205.325114952516742, 5220834.450114953331649 ], [ 629205.299095112713985, 5220834.517155895940959 ], [ 629205.225114952540025, 5220834.55011495295912 ], [ 629205.203645521309227, 5220834.686764731071889 ], [ 629205.125114952446893, 5220834.725114952772856 ], [ 629205.125117861200124, 5220834.874944256618619 ], [ 629205.158901405520737, 5220834.954906767234206 ], [ 629205.125117861200124, 5220835.02505574375391 ], [ 629205.123196386964992, 5220835.143906866200268 ], [ 629205.000118194613606, 5220835.275048958137631 ], [ 629204.950115925981663, 5220835.549904862418771 ] ] ] } },
{ "type": "Feature", "properties": { "label": "vineyard", "area_m2": 0.22289448478821469 }, "geometry": { "type": "Polygon", "coordinates": [ [ [ 629202.150114952470176, 5220835.275114953517914 ], [ 629202.150114952470176, 5220835.349885046482086 ], [ 629202.424885047599673, 5220835.44988504704088 ], [ 629202.424882486113347, 5220835.375062812119722 ], [ 629202.375, 5220835.284021859057248 ], [ 629202.418335917871445, 5220835.176810548640788 ], [ 629202.542663391679525, 5220835.138148373924196 ], [ 629202.699885047622956, 5220835.174885046668351 ], [ 629202.724885047646239, 5220834.475114952772856 ], [ 629202.575095137697645, 5220834.425115927122533 ], [ 629202.500115925911814, 5220834.500095138326287 ], [ 629202.450114952516742, 5220834.69988504704088 ], [ 629202.538904835586436, 5220834.754218669608235 ], [ 629202.54179943993222, 5220834.867956222966313 ], [ 629202.371996580273844, 5220835.097666032612324 ], [ 629202.275114952470176, 5220835.125114953145385 ], [ 629202.245710678165779, 5220835.245710678398609 ], [ 629202.150114952470176, 5220835.275114953517914 ] ] ] } },
{ "type": "Feature", "properties": { "label": "vineyard", "area_m2": 0.24854325591610241 }, "geometry": { "type": "Polygon", "coordinates": [ [ [ 629226.450000000069849, 5220834.522054241970181 ], [ 629226.524829295813106, 5220834.499913609586656 ], [ 629226.527417072677054, 5220834.418165818788111 ], [ 629226.660963788744994, 5220834.080068935640156 ], [ 629227.271750277490355, 5220834.079041320830584 ], [ 629227.299808482406661, 5220834.113366958685219 ], [ 629227.299896446173079, 5220834.272838745266199 ], [ 629227.200157548300922, 5220834.500125169754028 ], [ 629227.200024087214842, 5220834.773035444319248 ], [ 629227.299913609633222, 5220834.774829294532537 ], [ 629227.375883406843059, 5220834.55291285738349 ], [ 629227.499838857329451, 5220834.449913836084306 ], [ 629227.529301493777893, 5220834.223004496656358 ], [ 629227.699835591483861, 5220833.999866872094572 ], [ 629227.69982519140467, 5220833.925128001719713 ], [ 629227.603108796989545, 5220833.680789828300476 ], [ 629227.624829295789823, 5220833.500086390413344 ], [ 629227.597054235520773, 5220833.474999999627471 ], [ 629227.500170704210177, 5220833.500086390413344 ], [ 629227.500024087144993, 5220833.673035443760455 ], [ 629227.646905540022999, 5220833.884585648775101 ], [ 629227.638054322567768, 5220833.93428654037416 ], [ 629227.452251830603927, 5220833.999085051938891 ], [ 629227.325150369200855, 5220834.000161645002663 ], [ 629227.275014422717504, 5220834.074747699312866 ], [ 629226.760917300824076, 5220834.072509546764195 ], [ 629226.724840973620303, 5220834.000159027054906 ], [ 629226.650159026496112, 5220834.000159027054906 ], [ 629226.648634321638383, 5220834.078503132797778 ], [ 629226.532130149193108, 5220834.398693923838437 ], [ 629226.475123631185852, 5220834.425159606151283 ], [ 629226.450000000069849, 5220834.522054241970181 ] ] ] } },
{ "type": "Feature", "properties": { "label": "vineyard", "area_m2": 0.21230205881971953 }, "geometry": { "type": "Polygon", "coordinates": [ [ [ 629210.600117514026351, 5220835.025062812492251 ], [ 629210.600117514026351, 5220835.124937187880278 ], [ 629210.675078020547517, 5220835.199883232824504 ], [ 629210.77488504757639, 5220835.19988504704088 ], [ 629210.797698954702355, 5220835.08656067121774 ], [ 629210.899904862628318, 5220835.049884072504938 ], [ 629210.999882486066781, 5220834.924937187694013 ], [ 629210.967381266644225, 5220834.708306991495192 ], [ 629211.009404959273525, 5220834.642541069537401 ], [ 629211.099885047646239, 5220834.624885046854615 ], [ 629211.097102796426043, 5220834.455143291503191 ], [ 629211.147347230347805, 5220834.407973887398839 ], [ 629211.224885047646239, 5220834.399885047227144 ], [ 629211.224884074181318, 5220834.375095137394965 ], [ 629211.172545121051371, 5220834.349999999627471 ], [ 629211.054906767327338, 5220834.383901405148208 ], [ 629210.974944256711751, 5220834.350117862224579 ], [ 629210.675114952493459, 5220834.350114952772856 ], [ 629210.675114952493459, 5220834.424885046668351 ], [ 629210.819509032298811, 5220834.426921471022069 ], [ 629210.877301045344211, 5220834.46156067121774 ], [ 629210.899480752530508, 5220834.638474307954311 ], [ 629210.789820046862587, 5220834.778834642842412 ], [ 629210.675114952493459, 5220834.80011495295912 ], [ 629210.675631775055081, 5220834.943786132149398 ], [ 629210.600117514026351, 5220835.025062812492251 ] ] ] } },
{ "type": "Feature", "properties": { "label": "vineyard", "area_m2": 0.17019297567916666 }, "geometry": { "type": "Polygon", "coordinates": [ [ [ 629221.875157430185936, 5220833.350145254284143 ], [ 629221.875160071533173, 5220833.474851583130658 ], [ 629222.06397209840361, 5220833.608994208276272 ], [ 629222.225143443793058, 5220833.924841372296214 ], [ 629222.293096776353195, 5220833.945895424112678 ], [ 629222.300159604055807, 5220834.199876368977129 ], [ 629222.399840973550454, 5220834.224840972572565 ], [ 629222.399840973550454, 5220834.175159026868641 ], [ 629222.302886333549395, 5220834.143155980855227 ], [ 629222.299829307477921, 5220833.525086381472647 ], [ 629222.201583192800172, 5220833.400767693296075 ], [ 629222.19984097359702, 5220833.20015902724117 ], [ 629222.12513485585805, 5220833.200167537666857 ], [ 629222.001519133569673, 5220833.298712716437876 ], [ 629221.875157430185936, 5220833.350145254284143 ] ] ] } },
{ "type": "Feature", "properties": { "label": "vineyard", "area_m2": 0.34230118747305605 }, "geometry": { "type": "Polygon", "coordinates": [ [ [ 629202.600807538954541, 5220834.399838991463184 ], [ 629202.600115926004946, 5220834.4499048627913 ], [ 629202.724885047646239, 5220834.474885046482086 ], [ 629202.761560671613552, 5220834.372698954306543 ], [ 629202.899904862628318, 5220834.349884072318673 ], [ 629202.960179953253828, 5220834.246165356598794 ], [ 629203.049885047599673, 5220834.224885046482086 ], [ 629203.049882849911228, 5220834.125070217065513 ], [ 629203.006943713175133, 5220834.075135502032936 ], [ 629202.969546183245257, 5220833.923525900579989 ], [ 629203.017939046025276, 5220833.86229455191642 ], [ 629203.174885047599673, 5220833.799885046668351 ], [ 629203.174882486113347, 5220833.700062812305987 ], [ 629203.086549988132901, 5220833.605222932994366 ], [ 629203.109457994694822, 5220833.513769020326436 ], [ 629203.195093232090585, 5220833.466098595410585 ], [ 629203.374885047553107, 5220833.499885046854615 ], [ 629203.374882486066781, 5220833.42506281286478 ], [ 629203.310778112150729, 5220833.358682610094547 ], [ 629203.299885047599673, 5220833.275114953517914 ], [ 629203.025114952470176, 5220833.250114953145385 ], [ 629202.981664081453346, 5220833.37318945210427 ], [ 629202.850106372032315, 5220833.425071076489985 ], [ 629202.800118194660172, 5220833.724951041862369 ], [ 629202.825095137464814, 5220833.774884073063731 ], [ 629202.904490712564439, 5220833.814326887018979 ], [ 629202.922636973205954, 5220833.896610680036247 ], [ 629202.871461868751794, 5220833.963551085442305 ], [ 629202.675117513979785, 5220834.025062812492251 ], [ 629202.672928402433172, 5220834.323546036146581 ], [ 629202.600807538954541, 5220834.399838991463184 ] ] ] } },
{ "type": "Feature", "properties": { "label": "vineyard", "area_m2": 0.19632736458766487 }, "geometry": { "type": "Polygon", "coordinates": [ [ [ 629216.300170134520158, 5220834.050076609477401 ], [ 629216.325123631278984, 5220834.274840394034982 ], [ 629216.399917252594605, 5220834.274829843081534 ], [ 629216.524846438202076, 5220834.174858123995364 ], [ 629216.601243875338696, 5220833.800630550831556 ], [ 629216.77411314798519, 5220833.606480470858514 ], [ 629216.94912386557553, 5220833.575695809908211 ], [ 629216.999830283224583, 5220833.474916003644466 ], [ 629216.999842573306523, 5220833.375145250931382 ], [ 629216.800118715385906, 5220833.325169118121266 ], [ 629216.550151130300947, 5220833.575135437771678 ], [ 629216.519643307896331, 5220833.809457077644765 ], [ 629216.445657659438439, 5220833.936191595159471 ], [ 629216.350143444724381, 5220833.950158629566431 ], [ 629216.300170134520158, 5220834.050076609477401 ] ] ] } },
{ "type": "Feature", "properties": { "label": "vineyard", "area_m2": 0.24226997164835454 }, "geometry": { "type": "Polygon", "coordinates": [ [ [ 629211.025157902156934, 5220833.475075416266918 ], [ 629211.074767367681488, 5220833.827472710981965 ], [ 629211.075432679383084, 5220834.176052732393146 ], [ 629211.125159343588166, 5220834.349868049845099 ], [ 629211.249841622775421, 5220834.399841622449458 ], [ 629211.250793804530986, 5220834.177608056925237 ], [ 629211.324848040356301, 5220833.999877132475376 ], [ 629211.349003068287857, 5220833.685017434880137 ], [ 629211.424836523248814, 5220833.599922101013362 ], [ 629211.424842102685943, 5220833.500075414776802 ], [ 629211.374919333611615, 5220833.450160690583289 ], [ 629211.249218335258774, 5220833.425081592053175 ], [ 629211.100064279395156, 5220833.425170010887086 ], [ 629211.025157902156934, 5220833.475075416266918 ] ] ] } },
{ "type": "Feature", "properties": { "label": "vineyard", "area_m2": 0.50349250080904728 }, "geometry": { "type": "Polygon", "coordinates": [ [ [ 629207.950159026542678, 5220833.600159026682377 ], [ 629207.950159026542678, 5220833.67484097275883 ], [ 629208.251008242019452, 5220833.653102720156312 ], [ 629208.29598991619423, 5220833.712557267397642 ], [ 629208.234119035187177, 5220833.929283536039293 ], [ 629208.175123631139286, 5220833.950159606523812 ], [ 629208.150174400187097, 5220834.000069753266871 ], [ 629208.125159026472829, 5220834.224840972572565 ], [ 629208.499049424659461, 5220834.224926098249853 ], [ 629208.574915149132721, 5220834.199844926595688 ], [ 629208.599829295882955, 5220834.174913609400392 ], [ 629208.599939479725435, 5220834.026222942396998 ], [ 629208.556038414360955, 5220833.849749676883221 ], [ 629208.924829318188131, 5220833.399913627654314 ], [ 629208.924829295836389, 5220833.200086390599608 ], [ 629208.748773575760424, 5220833.074539656750858 ], [ 629208.625159026472829, 5220833.050159026868641 ], [ 629208.699101526290178, 5220833.229898659512401 ], [ 629208.686176883988082, 5220833.302062006667256 ], [ 629208.474145348649472, 5220833.398329940624535 ], [ 629208.225123631185852, 5220833.375159606337547 ], [ 629208.031324553187005, 5220833.591084907762706 ], [ 629207.950159026542678, 5220833.600159026682377 ] ] ] } },
{ "type": "Feature", "properties": { "label": "vineyard", "area_m2": 0.18662190590286057 }, "geometry": { "type": "Polygon", "coordinates": [ [ [ 629218.850114952540025, 5220833.799885046668351 ], [ 629218.948883282137103, 5220833.810995052568614 ], [ 629219.000086297979578, 5220833.874883638694882 ], [ 629219.137131719617173, 5220833.882149391807616 ], [ 629219.200114952516742, 5220833.974885046482086 ], [ 629219.274937188252807, 5220833.974882484413683 ], [ 629219.349882486159913, 5220833.899937189184129 ], [ 629219.350552708026953, 5220833.655478801578283 ], [ 629219.424882486113347, 5220833.499937187880278 ], [ 629219.424883233266883, 5220833.425078021362424 ], [ 629219.374921979499049, 5220833.37511676736176 ], [ 629219.200114952516742, 5220833.400114953517914 ], [ 629219.177301045390777, 5220833.563439328223467 ], [ 629219.119509032345377, 5220833.598078528419137 ], [ 629218.975062811863609, 5220833.600117514841259 ], [ 629218.850117514026351, 5220833.725062812678516 ], [ 629218.850114952540025, 5220833.799885046668351 ] ] ] } },
{ "type": "Feature", "properties": { "label": "vineyard", "area_m2": 0.2416971826878537 }, "geometry": { "type": "Polygon", "coordinates": [ [ [ 629205.325807538931258, 5220834.374838991090655 ], [ 629205.325117514003068, 5220834.449937188997865 ], [ 629205.42504240362905, 5220834.499881482683122 ], [ 629205.504218669608235, 5220834.411095164716244 ], [ 629205.599885047646239, 5220834.399885047227144 ], [ 629205.583843292435631, 5220834.1788110146299 ], [ 629205.674884074134752, 5220834.099904862232506 ], [ 629205.733721672790125, 5220833.750133716501296 ], [ 629205.783166590495966, 5220833.690395482815802 ], [ 629205.849885047646239, 5220833.674885046668351 ], [ 629205.874881483498029, 5220833.574957595206797 ], [ 629205.874882486066781, 5220833.375062812119722 ], [ 629205.849937188439071, 5220833.350117514841259 ], [ 629205.725117514026351, 5220833.375062812119722 ], [ 629205.706867047119886, 5220833.535723246634007 ], [ 629205.625117513933219, 5220833.600062811747193 ], [ 629205.586764730978757, 5220833.678645521402359 ], [ 629205.475117514026351, 5220833.725062812678516 ], [ 629205.473033720278181, 5220833.86101415194571 ], [ 629205.400000000023283, 5220833.927454861812294 ], [ 629205.400117513956502, 5220833.999937187880278 ], [ 629205.46422188798897, 5220834.066317390650511 ], [ 629205.472928402479738, 5220834.148546036332846 ], [ 629205.400116360164247, 5220834.225086298771203 ], [ 629205.381867047282867, 5220834.335723245516419 ], [ 629205.325807538931258, 5220834.374838991090655 ] ] ] } },
{ "type": "Feature", "properties": { "label": "vineyard", "area_m2": 0.15916128849532724 }, "geometry": { "type": "Polygon", "coordinates": [ [ [ 629205.850807538954541, 5220833.349838990718126 ], [ 629205.874929783283733, 5220833.374882848933339 ], [ 629205.924864498898387, 5220833.331943713128567 ], [ 629205.999885047553107, 5220833.32488504704088 ], [ 629206.01109516446013, 5220833.179218669421971 ], [ 629206.124882486066781, 5220833.099937187507749 ], [ 629206.154937781277113, 5220832.83494308590889 ], [ 629206.249882849864662, 5220832.674929782748222 ], [ 629206.249881805386394, 5220832.575048957951367 ], [ 629206.17493718827609, 5220832.475117514841259 ], [ 629206.100114952540025, 5220832.475114952772856 ], [ 629206.070710678235628, 5220832.570710677653551 ], [ 629205.975114952540025, 5220832.600114952772856 ], [ 629205.968056286917999, 5220832.675135501660407 ], [ 629205.925117150181904, 5220832.725070216692984 ], [ 629205.925117861130275, 5220832.899944255128503 ], [ 629205.961852506385185, 5220832.972882121801376 ], [ 629205.949447292136028, 5220833.094521198421717 ], [ 629205.91679943993222, 5220833.292956222780049 ], [ 629205.850807538954541, 5220833.349838990718126 ] ] ] } },
{ "type": "Feature", "properties": { "label": "vineyard", "area_m2": 0.53512138609335547 }, "geometry": { "type": "Polygon", "coordinates": [ [ [ 629216.625116766779684, 5220833.174921978265047 ], [ 629216.675078020547517, 5220833.224883232265711 ], [ 629216.817919486551546, 5220833.231263102963567 ], [ 629216.86556291161105, 5220833.278906523250043 ], [ 629216.875115925911814, 5220833.349904862232506 ], [ 629216.999885047553107, 5220833.374885046854615 ], [ 629216.934635462006554, 5220833.270597962662578 ], [ 629216.974882486159913, 5220833.174937187694013 ], [ 629216.974883233313449, 5220833.075078021734953 ], [ 629216.904937781277113, 5220832.990056914277375 ], [ 629216.912713523721322, 5220832.897906892001629 ], [ 629217.036315200501122, 5220832.804439197294414 ], [ 629217.247545121004805, 5220832.825000000186265 ], [ 629217.299884074134752, 5220832.799904862418771 ], [ 629217.321354478714056, 5220832.713235268369317 ], [ 629217.39988504757639, 5220832.674885046668351 ], [ 629217.415019080159254, 5220832.517313615418971 ], [ 629217.52488504757639, 5220832.474885046482086 ], [ 629217.574882849934511, 5220832.374929782934487 ], [ 629217.574885047622956, 5220832.275114953517914 ], [ 629217.444442976731807, 5220832.258146962150931 ], [ 629217.374904862605035, 5220832.100115926936269 ], [ 629217.220755307935178, 5220832.02451637480408 ], [ 629217.199882849934511, 5220831.875070217065513 ], [ 629217.149895354523323, 5220831.800115459598601 ], [ 629216.925062811817043, 5220831.800117515027523 ], [ 629216.900117513956502, 5220831.825062812305987 ], [ 629216.900114952470176, 5220831.999885046854615 ], [ 629216.999293418135494, 5220832.011206310242414 ], [ 629217.050605786731467, 5220832.076957034878433 ], [ 629217.043056286871433, 5220832.250135501846671 ], [ 629216.950000000069849, 5220832.327454862184823 ], [ 629216.950115925981663, 5220832.424904862418771 ], [ 629217.028878423734568, 5220832.476043278351426 ], [ 629217.045560806058347, 5220832.559911218471825 ], [ 629216.980557023314759, 5220832.708146961405873 ], [ 629216.750114952446893, 5220832.750114953145385 ], [ 629216.745359070715494, 5220832.958407478407025 ], [ 629216.650106372311711, 5220833.05007107462734 ], [ 629216.625116766779684, 5220833.174921978265047 ] ] ] } },
{ "type": "Feature", "properties": { "label": "vineyard", "area_m2": 0.43483302765076304 }, "geometry": { "type": "Polygon", "coordinates": [ [ [ 629213.799999999930151, 5220833.672063060104847 ], [ 629214.175075414008461, 5220833.874842102639377 ], [ 629214.274841622798704, 5220833.874841623008251 ], [ 629214.328528486657888, 5220833.346611464396119 ], [ 629214.520435244310647, 5220833.085700336843729 ], [ 629214.624841622659005, 5220833.074841623194516 ], [ 629214.62484209635295, 5220832.950075419619679 ], [ 629214.402892785845324, 5220832.673570987768471 ], [ 629214.399844886153005, 5220832.52513237670064 ], [ 629214.199867623276077, 5220832.325155112892389 ], [ 629214.12515837745741, 5220832.325158376246691 ], [ 629214.125157904112712, 5220832.699924581684172 ], [ 629214.281247611506842, 5220832.804467591457069 ], [ 629214.511016782606021, 5220833.083514787256718 ], [ 629214.299987129285, 5220833.314596302807331 ], [ 629214.09992222301662, 5220833.200163492932916 ], [ 629214.000085731502622, 5220833.20017309859395 ], [ 629213.925132513628341, 5220833.250140395015478 ], [ 629213.800466495449655, 5220833.573878227733076 ], [ 629213.799999999930151, 5220833.672063060104847 ] ] ] } },
{ "type": "Feature", "properties": { "label": "vineyard", "area_m2": 0.30595172040739016 }, "geometry": { "type": "Polygon", "coordinates": [ [ [ 629208.625114952446893, 5220833.049885046668351 ], [ 629208.747545121004805, 5220833.075000000186265 ], [ 629208.829906766535714, 5220833.041098594665527 ], [ 629208.999904862605035, 5220833.074884072877467 ], [ 629209.024881805526093, 5220833.024951042607427 ], [ 629209.025000000023283, 5220832.802454861812294 ], [ 629208.976751262904145, 5220832.217844794504344 ], [ 629209.054988637450151, 5220832.131700719706714 ], [ 629209.199885047622956, 5220832.124885046854615 ], [ 629209.212713523651473, 5220832.022906892001629 ], [ 629209.274883639882319, 5220831.974913700483739 ], [ 629209.249937188229524, 5220831.925117515027523 ], [ 629209.150086298002861, 5220831.900116361677647 ], [ 629209.098883282393217, 5220831.964004946872592 ], [ 629208.925062811817043, 5220831.975117514841259 ], [ 629208.850117514026351, 5220832.05006281286478 ], [ 629208.848248737165704, 5220832.207155206240714 ], [ 629208.800117150181904, 5220832.275070217438042 ], [ 629208.792850608122535, 5220832.387131719850004 ], [ 629208.700114952516742, 5220832.450114953331649 ], [ 629208.755453815683722, 5220832.926474099047482 ], [ 629208.625114952446893, 5220833.049885046668351 ] ] ] } },
{ "type": "Feature", "properties": { "label": "vineyard", "area_m2": 0.15635581472285817 }, "geometry": { "type": "Polygon", "coordinates": [ [ [ 629197.450807538931258, 5220833.424838990904391 ], [ 629197.450114952516742, 5220833.599885046482086 ], [ 629197.699937188299373, 5220833.549882484599948 ], [ 629197.774882849887945, 5220833.449929783120751 ], [ 629197.799882486113347, 5220833.125062812119722 ], [ 629197.728925935807638, 5220833.041267091408372 ], [ 629197.724885047646239, 5220832.875114953145385 ], [ 629197.650062811793759, 5220832.875117515213788 ], [ 629197.600118194706738, 5220832.950048957951367 ], [ 629197.520359070738778, 5220833.358407477848232 ], [ 629197.450807538931258, 5220833.424838990904391 ] ] ] } },
{ "type": "Feature", "properties": { "label": "vineyard", "area_m2": 0.35019863245617744 }, "geometry": { "type": "Polygon", "coordinates": [ [ [ 629200.075115001527593, 5220833.224900436587632 ], [ 629200.132962464937009, 5220833.262792377732694 ], [ 629200.172491673496552, 5220833.34981179703027 ], [ 629200.125114280730486, 5220833.524885719642043 ], [ 629200.274942678050138, 5220833.499882929958403 ], [ 629200.374883724725805, 5220833.399926442652941 ], [ 629200.404931681463495, 5220833.184963636100292 ], [ 629200.499883437645622, 5220832.9749323008582 ], [ 629200.453137540607713, 5220832.722109684720635 ], [ 629200.563146570464596, 5220832.631010771729052 ], [ 629200.724885719246231, 5220832.649885719642043 ], [ 629200.700000000069849, 5220832.50901999976486 ], [ 629200.724882594891824, 5220832.27505049481988 ], [ 629200.674903737846762, 5220832.175115163438022 ], [ 629200.50005732208956, 5220832.200117069296539 ], [ 629200.425107726012357, 5220832.300065791234374 ], [ 629200.400000000023283, 5220832.352447513490915 ], [ 629200.417387953260913, 5220832.663268343545496 ], [ 629200.363268343149684, 5220832.717387952841818 ], [ 629200.275114280753769, 5220832.725114280357957 ], [ 629200.150117404991761, 5220832.975050495006144 ], [ 629200.075115001527593, 5220833.224900436587632 ] ] ] } },
{ "type": "Feature", "properties": { "label": "vineyard", "area_m2": 0.21210192020995342 }, "geometry": { "type": "Polygon", "coordinates": [ [ [ 629222.350066265324131, 5220832.398893996141851 ], [ 629222.400143446866423, 5220832.499841367825866 ], [ 629222.517442815587856, 5220832.494361030869186 ], [ 629222.717365485266782, 5220832.716831518337131 ], [ 629222.725159026565962, 5220832.79984097275883 ], [ 629222.799840973573737, 5220832.79984097275883 ], [ 629222.799840973573737, 5220832.725159026682377 ], [ 629222.719984526513144, 5220832.700679475441575 ], [ 629222.63055234903004, 5220832.407360303215683 ], [ 629222.799841376254335, 5220832.299856558442116 ], [ 629222.799839622573927, 5220832.150139066390693 ], [ 629222.708331231027842, 5220832.054684033617377 ], [ 629222.796323869377375, 5220831.818780083209276 ], [ 629222.899841671460308, 5220831.774919097311795 ], [ 629222.899840973550454, 5220831.70015902724117 ], [ 629222.800159026519395, 5220831.70015902724117 ], [ 629222.789417235879228, 5220831.806844827719033 ], [ 629222.400156001211144, 5220832.15014127921313 ], [ 629222.350066265324131, 5220832.398893996141851 ] ] ] } },
{ "type": "Feature", "properties": { "label": "vineyard", "area_m2": 0.45218024705348764 }, "geometry": { "type": "Polygon", "coordinates": [ [ [ 629202.950000000069849, 5220832.697054241783917 ], [ 629203.474859678652138, 5220832.699838113039732 ], [ 629203.674855756922625, 5220832.424867250025272 ], [ 629203.776109678321518, 5220832.175823575817049 ], [ 629204.074839590699412, 5220831.949860905297101 ], [ 629204.049838486360386, 5220831.450154218822718 ], [ 629203.726113418349996, 5220831.400065902620554 ], [ 629203.650165563682094, 5220831.475117285735905 ], [ 629203.575069290818647, 5220831.60104441549629 ], [ 629203.600005276384763, 5220832.147269174456596 ], [ 629203.57218951988034, 5220832.350770682096481 ], [ 629203.350825182744302, 5220832.571815248578787 ], [ 629202.950159026542678, 5220832.600159026682377 ], [ 629202.950000000069849, 5220832.697054241783917 ] ] ] } },
{ "type": "Feature", "properties": { "label": "vineyard", "area_m2": 0.32524915719821651 }, "geometry": { "type": "Polygon", "coordinates": [ [ [ 629211.200155257363804, 5220832.674904714338481 ], [ 629211.275521828792989, 5220832.850536204874516 ], [ 629211.449318895232864, 5220833.099138809368014 ], [ 629211.524918564828113, 5220833.099826015532017 ], [ 629211.600598890683614, 5220833.049202331341803 ], [ 629211.725178317981772, 5220832.924005961045623 ], [ 629211.780368060804904, 5220832.542894364334643 ], [ 629211.967954319901764, 5220832.285829332657158 ], [ 629212.04985474573914, 5220832.274842569604516 ], [ 629212.099542527925223, 5220832.150780321098864 ], [ 629212.125, 5220832.022054241970181 ], [ 629212.099848256679252, 5220831.800159768201411 ], [ 629211.90016293420922, 5220831.825156294740736 ], [ 629211.875, 5220832.127945760264993 ], [ 629211.894085409701802, 5220832.25743664894253 ], [ 629211.754365965840407, 5220832.51345977652818 ], [ 629211.385327686788514, 5220832.668530747294426 ], [ 629211.274896528804675, 5220832.600163958035409 ], [ 629211.200159026542678, 5220832.600159026682377 ], [ 629211.200155257363804, 5220832.674904714338481 ] ] ] } },
{ "type": "Feature", "properties": { "label": "vineyard", "area_m2": 0.20505947315590109 }, "geometry": { "type": "Polygon", "coordinates": [ [ [ 629225.075000000069849, 5220832.297054241411388 ], [ 629225.100086390506476, 5220832.324829294346273 ], [ 629225.259979352005757, 5220832.328253917396069 ], [ 629225.400086384732276, 5220832.449829302728176 ], [ 629225.524839766789228, 5220832.424911671318114 ], [ 629225.600000000093132, 5220832.102945758029819 ], [ 629225.476680559688248, 5220832.071451646275818 ], [ 629225.520903513766825, 5220831.831969970837235 ], [ 629225.552317961817607, 5220831.800762164406478 ], [ 629225.649876368930563, 5220831.799840393476188 ], [ 629225.699841234949417, 5220831.674948135390878 ], [ 629225.699829318327829, 5220831.525086374953389 ], [ 629225.624913623905741, 5220831.450170682743192 ], [ 629225.550142300082371, 5220831.450160614214838 ], [ 629225.475164642208256, 5220831.575077125802636 ], [ 629225.475173640879802, 5220831.724911148659885 ], [ 629225.519187475205399, 5220831.808453160338104 ], [ 629225.406873311963864, 5220832.058157481253147 ], [ 629225.100104897283018, 5220832.200153285637498 ], [ 629225.075000000069849, 5220832.297054241411388 ] ] ] } },
{ "type": "Feature", "properties": { "label": "vineyard", "area_m2": 0.16136607867893971 }, "geometry": { "type": "Polygon", "coordinates": [ [ [ 629197.875117513933219, 5220832.424937187694013 ], [ 629197.925062811817043, 5220832.474882484413683 ], [ 629198.099885047646239, 5220832.474885046482086 ], [ 629198.141853038803674, 5220832.294442975893617 ], [ 629198.249904862605035, 5220832.249884072691202 ], [ 629198.274883639882319, 5220832.000086299143732 ], [ 629198.208200560184196, 5220831.942956223152578 ], [ 629198.199885047622956, 5220831.825114953331649 ], [ 629198.100095137488097, 5220831.825115927495062 ], [ 629198.052301045390777, 5220831.988439328968525 ], [ 629197.950114952516742, 5220832.025114953517914 ], [ 629197.875117513933219, 5220832.424937187694013 ] ] ] } },
{ "type": "Feature", "properties": { "label": "vineyard", "area_m2": 0.18871636940804407 }, "geometry": { "type": "Polygon", "coordinates": [ [ [ 629219.800117070553824, 5220831.874942678958178 ], [ 629219.954021783429198, 5220831.915847478434443 ], [ 629220.000115209026262, 5220831.999904670752585 ], [ 629220.050050495192409, 5220832.024882595986128 ], [ 629220.149885719176382, 5220832.024885719642043 ], [ 629220.131721948622726, 5220831.771142959594727 ], [ 629220.249904670403339, 5220831.724884791299701 ], [ 629220.349882929353043, 5220831.599942677654326 ], [ 629220.352201986010186, 5220831.470110202208161 ], [ 629220.400924170506187, 5220831.396205333992839 ], [ 629220.465414928970858, 5220831.376555503346026 ], [ 629220.599885719246231, 5220831.399885719642043 ], [ 629220.599885719129816, 5220831.250114280730486 ], [ 629220.504289321834221, 5220831.22071067802608 ], [ 629220.474885719129816, 5220831.125114280730486 ], [ 629220.400114280870184, 5220831.125114280730486 ], [ 629220.373172816587612, 5220831.23167965747416 ], [ 629220.225117070483975, 5220831.30005732178688 ], [ 629220.241149439709261, 5220831.471202863380313 ], [ 629220.185721614863724, 5220831.556870373897254 ], [ 629220.100114280707203, 5220831.575114279985428 ], [ 629220.076276127132587, 5220831.753188017755747 ], [ 629220.006384434644133, 5220831.788315987214446 ], [ 629219.825057322042994, 5220831.775117069482803 ], [ 629219.800117070553824, 5220831.874942678958178 ] ] ] } },
{ "type": "Feature", "properties": { "label": "vineyard", "area_m2": 0.16751243059967061 }, "geometry": { "type": "Polygon", "coordinates": [ [ [ 629200.725114952540025, 5220832.07488504704088 ], [ 629200.799885047599673, 5220832.07488504704088 ], [ 629200.85286032629665, 5220831.961807873100042 ], [ 629200.949885047622956, 5220831.94988504704088 ], [ 629200.960778112057596, 5220831.866317390464246 ], [ 629201.036786193959415, 5220831.7585080685094 ], [ 629201.174882486113347, 5220831.699937188997865 ], [ 629201.174883639905602, 5220831.625086299143732 ], [ 629201.10963546205312, 5220831.545597963035107 ], [ 629201.149882486090064, 5220831.449937188066542 ], [ 629201.124937188229524, 5220831.400117515586317 ], [ 629200.975114952540025, 5220831.350114952772856 ], [ 629200.988323195255361, 5220831.481307048350573 ], [ 629200.960542811895721, 5220831.544376106932759 ], [ 629200.775114952470176, 5220831.575114953331649 ], [ 629200.725118516595103, 5220831.800042404793203 ], [ 629200.725114952540025, 5220832.07488504704088 ] ] ] } },
{ "type": "Feature", "properties": { "label": "vineyard", "area_m2": 0.078905148407806006 }, "geometry": { "type": "Polygon", "coordinates": [ [ [ 629198.300065890769474, 5220831.248886372894049 ], [ 629198.375143453013152, 5220831.399841363541782 ], [ 629198.449903887230903, 5220831.399842418730259 ], [ 629198.499830042710528, 5220831.349898401647806 ], [ 629198.520830025663599, 5220831.153160642832518 ], [ 629199.349840973620303, 5220831.074840973131359 ], [ 629199.349840973620303, 5220830.95015902724117 ], [ 629199.20015960407909, 5220830.975123630836606 ], [ 629199.198305594036356, 5220831.048248284496367 ], [ 629199.164401938207448, 5220831.076486589387059 ], [ 629198.515012704767287, 5220831.148188382387161 ], [ 629198.449913624557666, 5220831.100170682184398 ], [ 629198.350086374790408, 5220831.100170682184398 ], [ 629198.300170681788586, 5220831.150086374953389 ], [ 629198.300065890769474, 5220831.248886372894049 ] ] ] } },
{ "type": "Feature", "properties": { "label": "vineyard", "area_m2": 0.032742214157026432 }, "geometry": { "type": "Polygon", "coordinates": [ [ [ 629225.650114952470176, 5220830.950114953331649 ], [ 629225.650118194520473, 5220831.049951042048633 ], [ 629225.700071076513268, 5220831.12489362899214 ], [ 629225.752454878995195, 5220831.150000000372529 ], [ 629225.849882486159913, 5220831.124937187880278 ], [ 629225.824904862674884, 5220830.950115927495062 ], [ 629225.650114952470176, 5220830.950114953331649 ] ] ] } },
{ "type": "Feature", "properties": { "label": "vineyard", "area_m2": 0.25214827329863299 }, "geometry": { "type": "Polygon", "coordinates": [ [ [ 629217.325000000069849, 5220831.497054241597652 ], [ 629217.499841464450583, 5220831.474848416633904 ], [ 629217.558622487355024, 5220831.345098966732621 ], [ 629217.638876057462767, 5220831.300872282125056 ], [ 629217.749840973527171, 5220831.29984097275883 ], [ 629217.749839928350411, 5220831.225148415192962 ], [ 629217.579432806931436, 5220831.120252407155931 ], [ 629217.578124886960723, 5220830.926473425701261 ], [ 629217.702473965124227, 5220830.779628308489919 ], [ 629217.974915763130412, 5220830.724827656522393 ], [ 629218.049842563807033, 5220830.674881321378052 ], [ 629218.049840232357383, 5220830.500151744112372 ], [ 629217.777945762034506, 5220830.474999999627471 ], [ 629217.724410891649313, 5220830.500502666458488 ], [ 629217.600160609465092, 5220830.575142298825085 ], [ 629217.600170692661777, 5220830.649913617409766 ], [ 629217.688823450007476, 5220830.774515871889889 ], [ 629217.592468105605803, 5220830.900329854339361 ], [ 629217.375145254191011, 5220830.875157430768013 ], [ 629217.325177158461884, 5220831.000083312392235 ], [ 629217.325159594649449, 5220831.099876378662884 ], [ 629217.42184260149952, 5220831.171995175071061 ], [ 629217.444574394961819, 5220831.236000183969736 ], [ 629217.325166038936004, 5220831.400134022347629 ], [ 629217.325000000069849, 5220831.497054241597652 ] ] ] } },
{ "type": "Feature", "properties": { "label": "vineyard", "area_m2": 0.44829968983131752 }, "geometry": { "type": "Polygon", "coordinates": [ [ [ 629209.000114280846901, 5220831.450114279985428 ], [ 629209.000117070623673, 5220831.524942679330707 ], [ 629209.058899645227939, 5220831.620095262303948 ], [ 629209.025117166573182, 5220831.700055362656713 ], [ 629209.025117070763372, 5220831.824942679144442 ], [ 629209.175057321670465, 5220831.924882930703461 ], [ 629209.299942678073421, 5220831.949882930144668 ], [ 629209.349882594891824, 5220831.874949505552649 ], [ 629209.356948180356994, 5220831.699855433776975 ], [ 629209.424882595078088, 5220831.599949506111443 ], [ 629209.424884998355992, 5220831.47509956266731 ], [ 629209.333710968843661, 5220831.374840494245291 ], [ 629209.333199029555544, 5220831.282044208608568 ], [ 629209.447907992638648, 5220831.162711168639362 ], [ 629209.674882929539308, 5220831.07494267821312 ], [ 629209.67488571931608, 5220830.875114280730486 ], [ 629209.598891196539626, 5220830.843548364005983 ], [ 629209.563180060009472, 5220830.758076265454292 ], [ 629209.599884772789665, 5220830.674905041232705 ], [ 629209.599885719129816, 5220830.325114279985428 ], [ 629209.425114280660637, 5220830.325114279985428 ], [ 629209.42511643783655, 5220830.57492976076901 ], [ 629209.470855910447426, 5220830.628787279129028 ], [ 629209.470855910447426, 5220830.696212720125914 ], [ 629209.385721615981311, 5220830.806870372965932 ], [ 629209.175117070437409, 5220830.900057322345674 ], [ 629209.196879442199133, 5220831.142408871091902 ], [ 629209.170068318839185, 5220831.365036362782121 ], [ 629209.108693929389119, 5220831.439214998856187 ], [ 629209.000114280846901, 5220831.450114279985428 ] ] ] } },
{ "type": "Feature", "properties": { "label": "vineyard", "area_m2": 0.23607401774419776 }, "geometry": { "type": "Polygon", "coordinates": [ [ [ 629206.475000000093132, 5220831.347054241225123 ], [ 629206.799913625349291, 5220831.399829317815602 ], [ 629206.924846742302179, 5220831.274895133450627 ], [ 629206.974829247803427, 5220831.174937265925109 ], [ 629207.024829190340824, 5220830.925062754191458 ], [ 629206.99987636890728, 5220830.875159606337547 ], [ 629206.877315172925591, 5220830.849465662613511 ], [ 629206.838898814632557, 5220830.769975406117737 ], [ 629206.966808339348063, 5220830.678548999130726 ], [ 629207.07484097359702, 5220830.67484097275883 ], [ 629207.049913448980078, 5220830.600154021754861 ], [ 629206.950159026542678, 5220830.57515902724117 ], [ 629206.9425480394857, 5220830.68748926371336 ], [ 629206.828102556872182, 5220830.748254955746233 ], [ 629206.600159026565962, 5220830.775159027427435 ], [ 629206.652920818887651, 5220831.118155447766185 ], [ 629206.608985133352689, 5220831.183669947087765 ], [ 629206.500150369131006, 5220831.200161645188928 ], [ 629206.475000000093132, 5220831.347054241225123 ] ] ] } },
{ "type": "Feature", "properties": { "label": "vineyard", "area_m2": 0.12760225410440662 }, "geometry": { "type": "Polygon", "coordinates": [ [ [ 629203.950117514003068, 5220830.975062810815871 ], [ 629203.975114952540025, 5220831.44988504704088 ], [ 629204.049885047599673, 5220831.44988504704088 ], [ 629204.082612046739087, 5220831.161731655709445 ], [ 629204.127860326319933, 5220831.111807872541249 ], [ 629204.199885047622956, 5220831.099885046482086 ], [ 629204.20203781593591, 5220830.742774517275393 ], [ 629204.250706581980921, 5220830.68620631005615 ], [ 629204.324904862674884, 5220830.674884072504938 ], [ 629204.349885047646239, 5220830.600114952772856 ], [ 629204.250114952446893, 5220830.575114953331649 ], [ 629204.205557023291476, 5220830.683146961964667 ], [ 629204.075114952516742, 5220830.700114953331649 ], [ 629204.039221887942404, 5220830.883682609535754 ], [ 629203.950117514003068, 5220830.975062810815871 ] ] ] } },
{ "type": "Feature", "properties": { "label": "vineyard", "area_m2": 0.20149114118243175 }, "geometry": { "type": "Polygon", "coordinates": [ [ [ 629214.625114952446893, 5220831.049885046668351 ], [ 629214.697139673749916, 5220831.061807872727513 ], [ 629214.742387953330763, 5220831.11173165589571 ], [ 629214.775117513956502, 5220831.374937187880278 ], [ 629214.899951042141765, 5220831.399881804361939 ], [ 629214.949884074158035, 5220831.374904862605035 ], [ 629214.965844502323307, 5220831.270982852205634 ], [ 629215.049885047599673, 5220831.224885046482086 ], [ 629215.06271352362819, 5220831.122906892560422 ], [ 629215.124883639859036, 5220831.074913701042533 ], [ 629215.127054941724055, 5220830.89640153106302 ], [ 629215.181778911268339, 5220830.854511878453195 ], [ 629215.27488504757639, 5220830.849885046482086 ], [ 629215.274882486090064, 5220830.725062810815871 ], [ 629215.199951042188331, 5220830.675118195824325 ], [ 629215.075114952516742, 5220830.67511495295912 ], [ 629215.073078528163023, 5220830.794509032741189 ], [ 629215.03843932854943, 5220830.852301045320928 ], [ 629214.900086298002861, 5220830.875116361305118 ], [ 629214.831317188800313, 5220830.945994077250361 ], [ 629214.650062811793759, 5220830.950117515400052 ], [ 629214.625114952446893, 5220831.049885046668351 ] ] ] } },
{ "type": "Feature", "properties": { "label": "vineyard", "area_m2": 0.481516732290932 }, "geometry": { "type": "Polygon", "coordinates": [ [ [ 629223.000117405084893, 5220830.924949506297708 ], [ 629223.050065792514943, 5220830.999892274849117 ], [ 629223.27744751307182, 5220831.100000000558794 ], [ 629223.349904670380056, 5220831.099884791299701 ], [ 629223.432044210610911, 5220830.983199028298259 ], [ 629223.599904670380056, 5220830.949884790927172 ], [ 629223.64988292939961, 5220830.874942678026855 ], [ 629223.649885719292797, 5220830.800114280544221 ], [ 629223.465806052321568, 5220830.786501878872514 ], [ 629223.335625297157094, 5220830.684524127282202 ], [ 629223.321824236423708, 5220830.591314807534218 ], [ 629223.415567311574705, 5220830.496525565162301 ], [ 629223.624942678026855, 5220830.499882929958403 ], [ 629223.797392171574757, 5220830.326794510707259 ], [ 629223.874904669937678, 5220830.299884791485965 ], [ 629223.89988292939961, 5220830.150057321414351 ], [ 629223.795978216570802, 5220830.109152521938086 ], [ 629223.749884790973738, 5220830.025095328688622 ], [ 629223.599949503899552, 5220829.950117403641343 ], [ 629223.525114280870184, 5220829.950114279985428 ], [ 629223.49741964309942, 5220830.043959373608232 ], [ 629223.39003635966219, 5220830.095068319700658 ], [ 629223.200095329899341, 5220830.075115208514035 ], [ 629223.174999999930151, 5220830.127447512000799 ], [ 629223.199999999953434, 5220830.24098000023514 ], [ 629223.197806453914382, 5220830.662324725650251 ], [ 629223.102607835899107, 5220830.773205483332276 ], [ 629223.025114280870184, 5220830.800114280544221 ], [ 629223.000117405084893, 5220830.924949506297708 ] ] ] } },
{ "type": "Feature", "properties": { "label": "vineyard", "area_m2": 0.13224474742356543 }, "geometry": { "type": "Polygon", "coordinates": [ [ [ 629228.975000000093132, 5220830.447054241783917 ], [ 629229.049840973573737, 5220830.449840973131359 ], [ 629229.030395815032534, 5220830.315159347839653 ], [ 629229.145527844899334, 5220830.066642520017922 ], [ 629229.339728956227191, 5220829.963561325334013 ], [ 629229.387954229372554, 5220829.986250763759017 ], [ 629229.498196310130879, 5220830.246117008849978 ], [ 629229.500159026472829, 5220830.324840973131359 ], [ 629229.624124399852008, 5220830.300295878201723 ], [ 629229.749829303589649, 5220830.199913615360856 ], [ 629229.749840973527171, 5220830.150159027427435 ], [ 629229.600027168402448, 5220830.152247227728367 ], [ 629229.393813021015376, 5220829.957888940349221 ], [ 629229.399149338481948, 5220829.581779283471406 ], [ 629229.549915166106075, 5220829.524844952858984 ], [ 629229.599829318351112, 5220829.474913625046611 ], [ 629229.599829318351112, 5220829.400086374953389 ], [ 629229.549913625349291, 5220829.350170682184398 ], [ 629229.474626560811885, 5220829.376030577346683 ], [ 629229.400170752429403, 5220829.525062734261155 ], [ 629229.373523399815895, 5220829.775649931281805 ], [ 629229.25015328952577, 5220829.825104892253876 ], [ 629228.975582131999545, 5220830.374121470376849 ], [ 629228.975000000093132, 5220830.447054241783917 ] ] ] } },
{ "type": "Feature", "properties": { "label": "vineyard", "area_m2": 0.37807097745408941 }, "geometry": { "type": "Polygon", "coordinates": [ [ [ 629200.925114952493459, 5220830.975114952772856 ], [ 629200.925117513979785, 5220831.049937187694013 ], [ 629201.032939509605058, 5220831.210326947271824 ], [ 629201.000115925911814, 5220831.374904862605035 ], [ 629201.050048957928084, 5220831.399881804361939 ], [ 629201.199921979918145, 5220831.424883232451975 ], [ 629201.346565925516188, 5220831.285403375513852 ], [ 629201.524882486090064, 5220831.249937187880278 ], [ 629201.524882486090064, 5220831.150062812492251 ], [ 629201.408721673302352, 5220830.99986628536135 ], [ 629201.375552707933821, 5220830.805478801950812 ], [ 629201.49988180550281, 5220830.599951041862369 ], [ 629201.624885047553107, 5220830.200114953331649 ], [ 629201.500114952446893, 5220830.17511495295912 ], [ 629201.463439328479581, 5220830.277301045134664 ], [ 629201.350114952540025, 5220830.30011495295912 ], [ 629201.333146961289458, 5220830.430557023733854 ], [ 629201.225114952540025, 5220830.475114952772856 ], [ 629201.245957151288167, 5220830.703146494925022 ], [ 629201.125117513933219, 5220830.800062811002135 ], [ 629201.108146961196326, 5220830.930557023733854 ], [ 629201.044509032275528, 5220830.973078528419137 ], [ 629200.925114952493459, 5220830.975114952772856 ] ] ] } },
{ "type": "Feature", "properties": { "label": "vineyard", "area_m2": 0.36502808566921446 }, "geometry": { "type": "Polygon", "coordinates": [ [ [ 629215.225114280707203, 5220829.825114279985428 ], [ 629215.225114280707203, 5220829.924885720014572 ], [ 629215.36606614117045, 5220829.930521208792925 ], [ 629215.450057321926579, 5220830.074882930144668 ], [ 629215.524885719292797, 5220830.074885719455779 ], [ 629215.535309276659973, 5220829.896332948468626 ], [ 629215.699885170790367, 5220829.77489691786468 ], [ 629215.699882929562591, 5220829.70005732215941 ], [ 629215.641100354376249, 5220829.604904731735587 ], [ 629215.699882929446176, 5220829.499942678958178 ], [ 629215.675573252956383, 5220829.307261023670435 ], [ 629215.76033298461698, 5220829.242061453871429 ], [ 629215.92488571931608, 5220829.274885719642043 ], [ 629215.974999999976717, 5220829.052447512745857 ], [ 629215.929931681137532, 5220828.990036362782121 ], [ 629215.924884791020304, 5220828.900095328688622 ], [ 629215.725095329922624, 5220828.825115208514035 ], [ 629215.625116275274195, 5220828.975073557347059 ], [ 629215.603641551337205, 5220829.061769785359502 ], [ 629215.500117070740089, 5220829.125057321041822 ], [ 629215.483146961196326, 5220829.405557023361325 ], [ 629215.300115163321607, 5220829.475096261128783 ], [ 629215.300114280660637, 5220829.549885720014572 ], [ 629215.404389577219263, 5220829.608064183965325 ], [ 629215.404280533548445, 5220829.69350659660995 ], [ 629215.28572161484044, 5220829.806870373897254 ], [ 629215.225114280707203, 5220829.825114279985428 ] ] ] } },
{ "type": "Feature", "properties": { "label": "vineyard", "area_m2": 0.2530806270529829 }, "geometry": { "type": "Polygon", "coordinates": [ [ [ 629212.326114677707665, 5220830.901300762780011 ], [ 629212.400114952470176, 5220831.07488504704088 ], [ 629212.499885047553107, 5220831.07488504704088 ], [ 629212.48907269211486, 5220830.825031455606222 ], [ 629212.574884541332722, 5220830.749895354732871 ], [ 629212.557612046715803, 5220830.461731656454504 ], [ 629212.60286032629665, 5220830.411807873286307 ], [ 629212.67493718827609, 5220830.399882485158741 ], [ 629212.741970048518851, 5220830.273909259587526 ], [ 629212.849884074181318, 5220830.1999048627913 ], [ 629212.799885047599673, 5220829.950114953331649 ], [ 629212.625114952446893, 5220829.950114953331649 ], [ 629212.572424708167091, 5220830.168954054825008 ], [ 629212.441267091431655, 5220830.24607406463474 ], [ 629212.325114952516742, 5220830.250114953145385 ], [ 629212.325117514003068, 5220830.474937187507749 ], [ 629212.406356916762888, 5220830.584996087476611 ], [ 629212.397928402409889, 5220830.723546035587788 ], [ 629212.325116360210814, 5220830.800086298957467 ], [ 629212.326114677707665, 5220830.901300762780011 ] ] ] } },
{ "type": "Feature", "properties": { "label": "vineyard", "area_m2": 0.022191454193288655 }, "geometry": { "type": "Polygon", "coordinates": [ [ [ 629226.475000000093132, 5220829.747054241597652 ], [ 629226.492863812483847, 5220829.68368492461741 ], [ 629226.540506819845177, 5220829.674413564614952 ], [ 629226.765920416801237, 5220829.893647673539817 ], [ 629226.775159026496112, 5220829.974840972572565 ], [ 629226.874829295789823, 5220829.949913608841598 ], [ 629226.874840973527171, 5220829.900159027427435 ], [ 629226.766192192677408, 5220829.890916374512017 ], [ 629226.64801259431988, 5220829.771879417821765 ], [ 629226.64995312935207, 5220829.722613109275699 ], [ 629226.520345738972537, 5220829.636491099372506 ], [ 629226.532817393075675, 5220829.57287584990263 ], [ 629226.649952102103271, 5220829.527422990649939 ], [ 629226.624913609586656, 5220829.500170705839992 ], [ 629226.525159026496112, 5220829.500159027054906 ], [ 629226.475000000093132, 5220829.747054241597652 ] ] ] } },
{ "type": "Feature", "properties": { "label": "vineyard", "area_m2": 0.74185782582095328 }, "geometry": { "type": "Polygon", "coordinates": [ [ [ 629223.300117070553824, 5220829.699942679144442 ], [ 629223.350057321949862, 5220829.749882929958403 ], [ 629223.504130741814151, 5220829.809810287319124 ], [ 629223.525114280870184, 5220829.949885719455779 ], [ 629223.749942678026855, 5220830.024882930330932 ], [ 629223.83755117317196, 5220829.816419680602849 ], [ 629223.89988292939961, 5220829.749942678026855 ], [ 629223.956928947009146, 5220829.541300470940769 ], [ 629224.04572224651929, 5220829.509660103358328 ], [ 629224.125084672938101, 5220829.57488426938653 ], [ 629224.199885719339363, 5220829.574885719455779 ], [ 629224.199885719339363, 5220829.500114280730486 ], [ 629224.10478789859917, 5220829.482377216219902 ], [ 629224.061684013926424, 5220829.406384447589517 ], [ 629224.083710964536294, 5220829.275159515440464 ], [ 629224.149883724749088, 5220829.199926441535354 ], [ 629224.154640057706274, 5220829.016592170111835 ], [ 629224.324892273638397, 5220828.874934208579361 ], [ 629224.388164234347641, 5220828.682890318334103 ], [ 629224.574885719339363, 5220828.674885720014572 ], [ 629224.549903737846762, 5220828.525115163065493 ], [ 629224.450057322042994, 5220828.525117069482803 ], [ 629224.334585074684583, 5220828.598444497212768 ], [ 629224.074949505040422, 5220828.500117404386401 ], [ 629223.800114280660637, 5220828.525114280171692 ], [ 629223.821879442199133, 5220828.942408870905638 ], [ 629223.766289030667394, 5220829.274840496480465 ], [ 629223.669404656626284, 5220829.348434187471867 ], [ 629223.500057321973145, 5220829.300117069855332 ], [ 629223.450117070577107, 5220829.350057321600616 ], [ 629223.431278934818693, 5220829.44750889763236 ], [ 629223.325107725686394, 5220829.52506579272449 ], [ 629223.300117070553824, 5220829.699942679144442 ] ] ] } },
{ "type": "Feature", "properties": { "label": "vineyard", "area_m2": 0.3596459281843512 }, "geometry": { "type": "Polygon", "coordinates": [ [ [ 629206.70011428068392, 5220830.125114280730486 ], [ 629206.700117070577107, 5220830.299942678771913 ], [ 629206.873172816587612, 5220830.39332034252584 ], [ 629206.900116275297478, 5220830.524926442652941 ], [ 629206.975057322066277, 5220830.599882930517197 ], [ 629207.099885719129816, 5220830.624885719269514 ], [ 629207.199882929562591, 5220830.42494267784059 ], [ 629207.201752400025725, 5220830.317841086536646 ], [ 629207.249883437645622, 5220830.249932301230729 ], [ 629207.286097266362049, 5220830.02921458799392 ], [ 629207.474882929353043, 5220829.92494267784059 ], [ 629207.45464005775284, 5220829.666592170484364 ], [ 629207.524884385871701, 5220829.599912943318486 ], [ 629207.546358448686078, 5220829.488230214454234 ], [ 629207.64988292939961, 5220829.424942678771913 ], [ 629207.649885719292797, 5220829.300114280544221 ], [ 629207.57509532943368, 5220829.300115209072828 ], [ 629207.499585063545965, 5220829.440140781924129 ], [ 629207.325117070577107, 5220829.475057321600616 ], [ 629207.32735661091283, 5220829.640181545168161 ], [ 629207.258693932555616, 5220829.714214997366071 ], [ 629207.150114280753769, 5220829.725114280357957 ], [ 629207.182353819953278, 5220829.900495244190097 ], [ 629207.10009871958755, 5220829.975101694464684 ], [ 629207.012015885906294, 5220830.187467625364661 ], [ 629206.92691940208897, 5220830.206319979391992 ], [ 629206.82494267844595, 5220830.125117070041597 ], [ 629206.70011428068392, 5220830.125114280730486 ] ] ] } },
{ "type": "Feature", "properties": { "label": "vineyard", "area_m2": 0.14438255162523503 }, "geometry": { "type": "Polygon", "coordinates": [ [ [ 629220.775159026496112, 5220828.975159026682377 ], [ 629220.900000000023283, 5220829.331425244919956 ], [ 629220.825264104758389, 5220829.975685217417777 ], [ 629220.850156294647604, 5220830.099837064743042 ], [ 629220.999913610517979, 5220830.099829292856157 ], [ 629221.025000000023283, 5220830.072054240852594 ], [ 629221.000887981965207, 5220829.843960329890251 ], [ 629221.074829228338785, 5220829.549937261268497 ], [ 629221.074840528541245, 5220829.425048175267875 ], [ 629221.024913610541262, 5220829.325170706957579 ], [ 629220.898403673199937, 5220829.308105017058551 ], [ 629220.799840973573737, 5220828.975159026682377 ], [ 629220.775159026496112, 5220828.975159026682377 ] ] ] } },
{ "type": "Feature", "properties": { "label": "vineyard", "area_m2": 0.31276466317318785 }, "geometry": { "type": "Polygon", "coordinates": [ [ [ 629201.425168950925581, 5220829.925100086256862 ], [ 629201.425177471362986, 5220829.999924107454717 ], [ 629201.500130656990223, 5220830.174870260991156 ], [ 629201.648853132151999, 5220830.22493574116379 ], [ 629201.749846702674404, 5220830.149895098060369 ], [ 629201.774932669010013, 5220830.098915689624846 ], [ 629201.775647908449173, 5220829.841096194460988 ], [ 629201.850141481729224, 5220829.673998737707734 ], [ 629201.926566780079156, 5220829.304963879287243 ], [ 629202.099835591507144, 5220829.074866872280836 ], [ 629202.099840396083891, 5220829.000123631209135 ], [ 629202.000159026472829, 5220828.975159026682377 ], [ 629201.988470405573025, 5220829.084227999672294 ], [ 629201.801501669571735, 5220829.273341381922364 ], [ 629201.600153266801499, 5220829.400101753883064 ], [ 629201.499889363534749, 5220829.775031499564648 ], [ 629201.425168950925581, 5220829.925100086256862 ] ] ] } },
{ "type": "Feature", "properties": { "label": "vineyard", "area_m2": 0.30855344307930471 }, "geometry": { "type": "Polygon", "coordinates": [ [ [ 629212.625161545700394, 5220829.500131594948471 ], [ 629212.650159325101413, 5220829.799848015420139 ], [ 629212.874840973527171, 5220829.849840972572565 ], [ 629212.956780426204205, 5220829.28200270049274 ], [ 629213.196207716478966, 5220829.176691829226911 ], [ 629213.299911148380488, 5220829.174826358444989 ], [ 629213.374843034544028, 5220829.12487181648612 ], [ 629213.399838628130965, 5220828.500119268894196 ], [ 629213.299919999903068, 5220828.425165135413408 ], [ 629213.225159026565962, 5220828.425159026868641 ], [ 629213.224104699329473, 5220828.574547400698066 ], [ 629213.15015666699037, 5220828.800071910023689 ], [ 629213.150062330067158, 5220829.04881389439106 ], [ 629213.179704030393623, 5220829.161515585146844 ], [ 629212.929231907124631, 5220829.224289027042687 ], [ 629212.775159026496112, 5220829.225159026682377 ], [ 629212.769495127140544, 5220829.304606318473816 ], [ 629212.625161545700394, 5220829.500131594948471 ] ] ] } },
{ "type": "Feature", "properties": { "label": "vineyard", "area_m2": 0.088717163561667228 }, "geometry": { "type": "Polygon", "coordinates": [ [ [ 629218.200117514003068, 5220829.325062812305987 ], [ 629218.200117514003068, 5220829.474937187507749 ], [ 629218.250062811654061, 5220829.524882485158741 ], [ 629218.348883282393217, 5220829.535995053127408 ], [ 629218.400086298002861, 5220829.599883638322353 ], [ 629218.499885047553107, 5220829.599885046482086 ], [ 629218.549882849911228, 5220829.499929782934487 ], [ 629218.549883233266883, 5220829.425078021362424 ], [ 629218.415844502276741, 5220829.329017147421837 ], [ 629218.39988504757639, 5220829.200114953331649 ], [ 629218.325114952516742, 5220829.200114953331649 ], [ 629218.292155895614997, 5220829.274095112457871 ], [ 629218.200117514003068, 5220829.325062812305987 ] ] ] } },
{ "type": "Feature", "properties": { "label": "vineyard", "area_m2": 0.45827656615733126 }, "geometry": { "type": "Polygon", "coordinates": [ [ [ 629204.175114952493459, 5220830.000114953145385 ], [ 629204.175118194543757, 5220830.074951042421162 ], [ 629204.275000000023283, 5220830.221703112125397 ], [ 629204.268056286964566, 5220830.325135502032936 ], [ 629204.20011819456704, 5220830.425048957578838 ], [ 629204.200117514003068, 5220830.524937189184129 ], [ 629204.275062811793759, 5220830.599882484413683 ], [ 629204.474937188322656, 5220830.599882484413683 ], [ 629204.510778112104163, 5220830.441317390650511 ], [ 629204.624881805386394, 5220830.274951042607427 ], [ 629204.600552708026953, 5220830.005478802137077 ], [ 629204.649881805526093, 5220829.899951042607427 ], [ 629204.682612046715803, 5220829.661731655709445 ], [ 629204.736731656827033, 5220829.607612046413124 ], [ 629204.849937188322656, 5220829.599882484413683 ], [ 629204.92488180543296, 5220829.474951041862369 ], [ 629204.924881483544596, 5220829.300042404793203 ], [ 629204.849937188439071, 5220829.125117515213788 ], [ 629204.700115925981663, 5220829.150095137767494 ], [ 629204.678645521402359, 5220829.286764731630683 ], [ 629204.55011592595838, 5220829.350095137022436 ], [ 629204.54179943993222, 5220829.467956223525107 ], [ 629204.475116360234097, 5220829.525086299516261 ], [ 629204.453645521309227, 5220829.811764731071889 ], [ 629204.375095137394965, 5220829.850115926936269 ], [ 629204.261480827233754, 5220829.985135519877076 ], [ 629204.175114952493459, 5220830.000114953145385 ] ] ] } },
{ "type": "Feature", "properties": { "label": "vineyard", "area_m2": 0.097021344279241153 }, "geometry": { "type": "Polygon", "coordinates": [ [ [ 629226.70011851657182, 5220828.675042404793203 ], [ 629226.725114952540025, 5220828.94988504704088 ], [ 629226.829028467764147, 5220828.954305966384709 ], [ 629226.883146961219609, 5220828.994442976079881 ], [ 629226.925114952493459, 5220829.249885046854615 ], [ 629227.049885047599673, 5220829.249885046854615 ], [ 629227.049885047599673, 5220829.000114953145385 ], [ 629226.934391549439169, 5220828.992778485640883 ], [ 629226.874394213315099, 5220828.923042965121567 ], [ 629226.874885047553107, 5220828.600114952772856 ], [ 629226.725114952540025, 5220828.600114952772856 ], [ 629226.70011851657182, 5220828.675042404793203 ] ] ] } },
{ "type": "Feature", "properties": { "label": "vineyard", "area_m2": 0.037799572022096023 }, "geometry": { "type": "Polygon", "coordinates": [ [ [ 629230.350114952540025, 5220828.975114952772856 ], [ 629230.350114952540025, 5220829.249885046854615 ], [ 629230.424885047599673, 5220829.249885046854615 ], [ 629230.44185303885024, 5220829.044442975893617 ], [ 629230.495971532305703, 5220829.004305966198444 ], [ 629230.599937188439071, 5220828.999882484786212 ], [ 629230.624882486066781, 5220828.950062812305987 ], [ 629230.599937188439071, 5220828.925117515027523 ], [ 629230.475070216809399, 5220828.925117150880396 ], [ 629230.425135501194745, 5220828.968056286685169 ], [ 629230.350114952540025, 5220828.975114952772856 ] ] ] } },
{ "type": "Feature", "properties": { "label": "vineyard", "area_m2": 0.087250332651976473 }, "geometry": { "type": "Polygon", "coordinates": [ [ [ 629221.375159026472829, 5220828.225159026682377 ], [ 629221.400164492079057, 5220828.449914382770658 ], [ 629221.450143446912989, 5220828.549841367639601 ], [ 629221.524860917939804, 5220828.549839602783322 ], [ 629221.61057921720203, 5220828.460901630111039 ], [ 629221.795127055724151, 5220828.55777058377862 ], [ 629221.819161243271083, 5220828.889747825451195 ], [ 629221.725170704303309, 5220828.950086390599608 ], [ 629221.725000000093132, 5220829.097054241225123 ], [ 629221.799876368953846, 5220829.099840393289924 ], [ 629221.825000000069849, 5220829.047054239548743 ], [ 629221.824975912924856, 5220828.926964555867016 ], [ 629221.806483460939489, 5220828.656436243094504 ], [ 629221.899840973550454, 5220828.624840972945094 ], [ 629221.899840973550454, 5220828.525159027427435 ], [ 629221.781385203357786, 5220828.539626284502447 ], [ 629221.62176236405503, 5220828.458693722262979 ], [ 629221.599836016539484, 5220828.350103486329317 ], [ 629221.524854337796569, 5220828.25015755277127 ], [ 629221.375159026472829, 5220828.225159026682377 ] ] ] } },
{ "type": "Feature", "properties": { "label": "vineyard", "area_m2": 0.34613353844984102 }, "geometry": { "type": "Polygon", "coordinates": [ [ [ 629199.000117513933219, 5220829.299937187694013 ], [ 629199.175062811817043, 5220829.574882484972477 ], [ 629199.252454878995195, 5220829.599999999627471 ], [ 629199.374937188229524, 5220829.599882484413683 ], [ 629199.399893627734855, 5220829.57492892537266 ], [ 629199.487555905245245, 5220829.366411788389087 ], [ 629199.57488248613663, 5220829.274937189184129 ], [ 629199.574883233290166, 5220829.200078021734953 ], [ 629199.451723332400434, 5220829.07752585131675 ], [ 629199.428118153125979, 5220829.007593233138323 ], [ 629199.537713523721322, 5220828.747906892560422 ], [ 629199.599883639952168, 5220828.699913701042533 ], [ 629199.599885047646239, 5220828.625114953145385 ], [ 629199.400042403605767, 5220828.625118517316878 ], [ 629199.300106372334994, 5220828.67507107462734 ], [ 629199.237444094149396, 5220828.858588213101029 ], [ 629199.050118194543757, 5220829.125048957765102 ], [ 629199.000117513933219, 5220829.299937187694013 ] ] ] } },
{ "type": "Feature", "properties": { "label": "vineyard", "area_m2": 0.072304567701795358 }, "geometry": { "type": "Polygon", "coordinates": [ [ [ 629215.72504594642669, 5220828.822568943724036 ], [ 629215.801395327784121, 5220828.875330626964569 ], [ 629215.924840973573737, 5220828.899840973317623 ], [ 629215.855029291473329, 5220828.664012922905385 ], [ 629216.224840973620303, 5220828.574840973131359 ], [ 629216.249840973527171, 5220828.275159027427435 ], [ 629216.100159026565962, 5220828.275159027427435 ], [ 629216.209535832516849, 5220828.369392031803727 ], [ 629216.197050906484947, 5220828.425564128905535 ], [ 629215.862607685034163, 5220828.64025959931314 ], [ 629215.725159026565962, 5220828.625159027054906 ], [ 629215.836688493960537, 5220828.730982922017574 ], [ 629215.72504594642669, 5220828.822568943724036 ] ] ] } },
{ "type": "Feature", "properties": { "label": "vineyard", "area_m2": 0.42572560982239815 }, "geometry": { "type": "Polygon", "coordinates": [ [ [ 629204.750115925911814, 5220828.650095137767494 ], [ 629204.750117513933219, 5220828.724937187507749 ], [ 629204.913192126550712, 5220828.827860326506197 ], [ 629204.925114952493459, 5220828.974885046482086 ], [ 629205.049951041699387, 5220828.974881804548204 ], [ 629205.141317391069606, 5220828.9107781117782 ], [ 629205.324884074158035, 5220828.849904862232506 ], [ 629205.32488248613663, 5220828.750062812119722 ], [ 629205.25156277755741, 5220828.640519990585744 ], [ 629205.299882486113347, 5220828.549937187694013 ], [ 629205.299885047599673, 5220828.475114952772856 ], [ 629205.159404959296808, 5220828.45745893009007 ], [ 629205.118684144690633, 5220828.351894190534949 ], [ 629205.19986449892167, 5220828.256943712942302 ], [ 629205.374937188229524, 5220828.249882484786212 ], [ 629205.4998969984008, 5220828.099915468133986 ], [ 629205.599881805595942, 5220827.899951042607427 ], [ 629205.599882486159913, 5220827.750062812119722 ], [ 629205.549928923719563, 5220827.700106371194124 ], [ 629205.400114952470176, 5220827.650114953517914 ], [ 629205.402360888314433, 5220827.763650048524141 ], [ 629205.37253109307494, 5220827.8221569461748 ], [ 629205.20007021643687, 5220827.850117150694132 ], [ 629205.100117514026351, 5220827.92506281286478 ], [ 629205.095062218839303, 5220828.065056913532317 ], [ 629205.025118194520473, 5220828.175048957578838 ], [ 629205.056845815153793, 5220828.448680424131453 ], [ 629204.93209254660178, 5220828.584297254681587 ], [ 629204.750115925911814, 5220828.650095137767494 ] ] ] } },
{ "type": "Feature", "properties": { "label": "vineyard", "area_m2": 0.35744134741343531 }, "geometry": { "type": "Polygon", "coordinates": [ [ [ 629207.625114280846901, 5220828.450114279985428 ], [ 629207.625115001690574, 5220828.624900436028838 ], [ 629207.700099563342519, 5220828.699884998612106 ], [ 629207.949882929446176, 5220828.649942679330707 ], [ 629207.916859176941216, 5220828.513231116347015 ], [ 629207.931721948785707, 5220828.446142959408462 ], [ 629208.124885170604102, 5220828.349896918050945 ], [ 629208.124882594915107, 5220828.075050493702292 ], [ 629208.05493167869281, 5220827.965036354959011 ], [ 629208.057612046715803, 5220827.886731656268239 ], [ 629208.224855429376476, 5220827.781948181800544 ], [ 629208.324885719339363, 5220827.774885719642043 ], [ 629208.324882929446176, 5220827.625057321041822 ], [ 629208.249903738033026, 5220827.475115163251758 ], [ 629208.175060901558027, 5220827.475116894580424 ], [ 629208.094404652249068, 5220827.523434187285602 ], [ 629207.95011428068392, 5220827.500114280730486 ], [ 629208.000621895887889, 5220827.743823929689825 ], [ 629207.850115614128299, 5220827.925087057054043 ], [ 629207.834152521681972, 5220828.054021783173084 ], [ 629207.750114280730486, 5220828.100114280357957 ], [ 629207.76514078641776, 5220828.399585056118667 ], [ 629207.715627717319876, 5220828.4427719861269 ], [ 629207.625114280846901, 5220828.450114279985428 ] ] ] } },
{ "type": "Feature", "properties": { "label": "vineyard", "area_m2": 0.43391850662355552 }, "geometry": { "type": "Polygon", "coordinates": [ [ [ 629210.425117513979785, 5220827.800062811002135 ], [ 629210.450114952516742, 5220827.999885046854615 ], [ 629210.638439328526147, 5220828.022698954679072 ], [ 629210.67307852813974, 5220828.080490967258811 ], [ 629210.675117513979785, 5220828.199937188997865 ], [ 629210.77488504757639, 5220828.249885046854615 ], [ 629210.75493778125383, 5220828.109943086281419 ], [ 629210.824882849934511, 5220827.999929782934487 ], [ 629210.833200560184196, 5220827.857043776661158 ], [ 629210.899883639882319, 5220827.799913700670004 ], [ 629210.899884074111469, 5220827.700095137581229 ], [ 629210.829891442554072, 5220827.650883007794619 ], [ 629210.819546185433865, 5220827.573525897227228 ], [ 629210.86793904856313, 5220827.512294551357627 ], [ 629210.949885047622956, 5220827.499885046854615 ], [ 629211.008886246709153, 5220827.405545779503882 ], [ 629211.174885047599673, 5220827.399885047227144 ], [ 629211.19988248613663, 5220827.125062812119722 ], [ 629211.154937781277113, 5220827.065056913532317 ], [ 629211.150519247516058, 5220826.96152569167316 ], [ 629211.224884074181318, 5220826.850095137022436 ], [ 629210.950114952516742, 5220826.750114953145385 ], [ 629210.928645521402359, 5220826.836764731444418 ], [ 629210.850114952540025, 5220826.875114953145385 ], [ 629210.847795277833939, 5220827.004904475994408 ], [ 629210.800117513979785, 5220827.075062812305987 ], [ 629210.795359070762061, 5220827.183407478034496 ], [ 629210.725116360234097, 5220827.250086299143732 ], [ 629210.75232114084065, 5220827.585989505052567 ], [ 629210.688636949751526, 5220827.64551411755383 ], [ 629210.525114952470176, 5220827.650114953517914 ], [ 629210.506867047282867, 5220827.735723245888948 ], [ 629210.425117513979785, 5220827.800062811002135 ] ] ] } },
{ "type": "Feature", "properties": { "label": "vineyard", "area_m2": 0.31195183622196876 }, "geometry": { "type": "Polygon", "coordinates": [ [ [ 629209.975114280823618, 5220828.975114280357957 ], [ 629209.975117070483975, 5220829.07494267821312 ], [ 629210.11680097039789, 5220829.182044208049774 ], [ 629210.125114280846901, 5220829.349885719828308 ], [ 629210.199885719339363, 5220829.349885719828308 ], [ 629210.203928474686109, 5220829.258726405911148 ], [ 629210.249883437645622, 5220829.199932302348316 ], [ 629210.263498125015758, 5220828.965806045569479 ], [ 629210.378170683863573, 5220828.866059857420623 ], [ 629210.574885719339363, 5220828.874885719269514 ], [ 629210.574882929562591, 5220828.775057322345674 ], [ 629210.521477051544935, 5220828.70769851282239 ], [ 629210.522686940268613, 5220828.638994375243783 ], [ 629210.586369037278928, 5220828.579484603367746 ], [ 629210.724904670380056, 5220828.574884790927172 ], [ 629210.824882595101371, 5220828.399949504993856 ], [ 629210.799884791020304, 5220828.250095329247415 ], [ 629210.675057321670465, 5220828.200117069296539 ], [ 629210.625117070740089, 5220828.250057321041822 ], [ 629210.62006832100451, 5220828.340036355890334 ], [ 629210.551735757966526, 5220828.444795182906091 ], [ 629210.450144567294046, 5220828.518051818944514 ], [ 629210.35010308213532, 5220828.525114828720689 ], [ 629210.278295236406848, 5220828.613992132246494 ], [ 629210.025114280870184, 5220828.575114279985428 ], [ 629210.025117070763372, 5220828.699942679144442 ], [ 629210.139602515497245, 5220828.815784645266831 ], [ 629210.157613507471979, 5220828.891712877899408 ], [ 629210.098037599702366, 5220828.967074029147625 ], [ 629209.975114280823618, 5220828.975114280357957 ] ] ] } },
{ "type": "Feature", "properties": { "label": "vineyard", "area_m2": 0.061691543716861044 }, "geometry": { "type": "Polygon", "coordinates": [ [ [ 629219.050159026519395, 5220827.550159026868641 ], [ 629219.075126066571102, 5220827.674845513887703 ], [ 629219.395568175241351, 5220827.762448863126338 ], [ 629219.475159026565962, 5220828.074840973131359 ], [ 629219.499840973527171, 5220828.074840973131359 ], [ 629219.399953148211353, 5220827.747585086151958 ], [ 629219.263454530737363, 5220827.69156210962683 ], [ 629219.246937107876875, 5220827.525376904755831 ], [ 629219.399947444908321, 5220827.427425105124712 ], [ 629219.350681148469448, 5220827.3008614750579 ], [ 629219.275159026496112, 5220827.300159026868641 ], [ 629219.26686605962459, 5220827.433265685103834 ], [ 629219.178035186254419, 5220827.544869187287986 ], [ 629219.050159026519395, 5220827.550159026868641 ] ] ] } },
{ "type": "Feature", "properties": { "label": "vineyard", "area_m2": 0.89580755161123082 }, "geometry": { "type": "Polygon", "coordinates": [ [ [ 629227.000170009210706, 5220827.525064277462661 ], [ 629227.025155630311929, 5220827.72483772225678 ], [ 629227.174924580962397, 5220827.724842097610235 ], [ 629227.482404214213602, 5220827.430454037152231 ], [ 629227.858884261106141, 5220827.54487616289407 ], [ 629228.075160334119573, 5220827.974914151243865 ], [ 629228.147063056356274, 5220828.0 ], [ 629228.174845343688503, 5220827.974900382570922 ], [ 629228.199841089663096, 5220827.750045873224735 ], [ 629228.049830300267786, 5220827.175071114674211 ], [ 629227.900024473550729, 5220826.875059266574681 ], [ 629227.827855605399236, 5220826.634194150567055 ], [ 629227.899831878603436, 5220826.424902086146176 ], [ 629227.874875239445828, 5220826.250158856622875 ], [ 629227.72507541347295, 5220826.250157897360623 ], [ 629227.625154259614646, 5220826.350101814605296 ], [ 629227.2274729575729, 5220827.194166645407677 ], [ 629227.12468065682333, 5220827.275944212451577 ], [ 629227.000170009210706, 5220827.525064277462661 ] ] ] } },
{ "type": "Feature", "properties": { "label": "vineyard", "area_m2": 0.41927524794058824 }, "geometry": { "type": "Polygon", "coordinates": [ [ [ 629205.425114952493459, 5220826.67511495295912 ], [ 629205.425114952493459, 5220826.799885046668351 ], [ 629205.620710678165779, 5220826.90428932197392 ], [ 629205.650116360164247, 5220826.999913700856268 ], [ 629205.724480752600357, 5220827.08652569167316 ], [ 629205.71422188798897, 5220827.158682609908283 ], [ 629205.600117514026351, 5220827.275062812492251 ], [ 629205.57730104541406, 5220827.363439328968525 ], [ 629205.450117514003068, 5220827.425062811002135 ], [ 629205.483901405590586, 5220827.579906767234206 ], [ 629205.450115925981663, 5220827.674904862418771 ], [ 629205.549885047599673, 5220827.69988504704088 ], [ 629205.611731656827033, 5220827.607612046413124 ], [ 629205.77488504757639, 5220827.599885046482086 ], [ 629205.811590655939654, 5220827.49595324229449 ], [ 629205.874884074088186, 5220827.449904861859977 ], [ 629205.878925935830921, 5220827.358732908032835 ], [ 629205.924882849911228, 5220827.299929782748222 ], [ 629205.902071597636677, 5220827.101453963667154 ], [ 629206.049882849911228, 5220826.899929783307016 ], [ 629206.07488248613663, 5220826.650062812492251 ], [ 629205.974951041745953, 5220826.575118195265532 ], [ 629205.850070216809399, 5220826.575117151252925 ], [ 629205.800135501194745, 5220826.618056287057698 ], [ 629205.721853506169282, 5220826.620957151986659 ], [ 629205.66859636688605, 5220826.58308139629662 ], [ 629205.624904862605035, 5220826.475115926936269 ], [ 629205.552454879041761, 5220826.474999999627471 ], [ 629205.514605764183216, 5220826.625505225732923 ], [ 629205.425114952493459, 5220826.67511495295912 ] ] ] } },
{ "type": "Feature", "properties": { "label": "vineyard", "area_m2": 0.27486166446744781 }, "geometry": { "type": "Polygon", "coordinates": [ [ [ 629216.000115163391456, 5220827.950096262618899 ], [ 629216.025057322112843, 5220828.049882930703461 ], [ 629216.115627717343159, 5220828.0572280138731 ], [ 629216.165140786441043, 5220828.100414943881333 ], [ 629216.175114280660637, 5220828.274885719642043 ], [ 629216.249904670403339, 5220828.274884791113436 ], [ 629216.324882085900754, 5220828.124959900975227 ], [ 629216.357767650857568, 5220827.588455518707633 ], [ 629216.434963640291244, 5220827.529931680299342 ], [ 629216.67488571931608, 5220827.499885719269514 ], [ 629216.674882929422893, 5220827.400057321414351 ], [ 629216.507612046669237, 5220827.288268343545496 ], [ 629216.499885719269514, 5220827.100114280357957 ], [ 629216.399932301486842, 5220827.050116562284529 ], [ 629216.275057321996428, 5220827.050117069855332 ], [ 629216.250107726315036, 5220827.075065792538226 ], [ 629216.225114280707203, 5220827.199885719455779 ], [ 629216.349531009793282, 5220827.220768335275352 ], [ 629216.399777788901702, 5220827.28301162365824 ], [ 629216.405446998425759, 5220827.351492149755359 ], [ 629216.348037598072551, 5220827.417074030265212 ], [ 629216.250114280846901, 5220827.425114280544221 ], [ 629216.231870371615514, 5220827.485721617937088 ], [ 629216.175115614081733, 5220827.525087056681514 ], [ 629216.183051135390997, 5220827.784423952922225 ], [ 629216.000115163391456, 5220827.950096262618899 ] ] ] } },
{ "type": "Feature", "properties": { "label": "vineyard", "area_m2": 0.46922967878973293 }, "geometry": { "type": "Polygon", "coordinates": [ [ [ 629201.950116562191397, 5220828.874932301230729 ], [ 629202.000115209026262, 5220828.974904671311378 ], [ 629202.124885719153099, 5220828.999885719269514 ], [ 629202.146358448662795, 5220828.838230215013027 ], [ 629202.324892274453305, 5220828.72493420727551 ], [ 629202.412711165379733, 5220828.472907999530435 ], [ 629202.474884385825135, 5220828.424912942573428 ], [ 629202.437604746315628, 5220828.219736720435321 ], [ 629202.483153390465304, 5220828.1654052445665 ], [ 629202.599892273545265, 5220828.124934208579361 ], [ 629202.637711165472865, 5220827.972907999530435 ], [ 629202.749882594915107, 5220827.849949506111443 ], [ 629202.774885719292797, 5220827.375114280730486 ], [ 629202.625040100305341, 5220827.325117913074791 ], [ 629202.550073558581062, 5220827.350116275250912 ], [ 629202.475117070483975, 5220827.42505732178688 ], [ 629202.462288834620267, 5220827.527092000469565 ], [ 629202.400115614174865, 5220827.575087057426572 ], [ 629202.42187944217585, 5220827.717408874072134 ], [ 629202.395068318583071, 5220827.890036364085972 ], [ 629202.300117404898629, 5220828.02505049481988 ], [ 629202.317849244223908, 5220828.212135129608214 ], [ 629202.200117070460692, 5220828.30005732178688 ], [ 629202.156679653562605, 5220828.423172820359468 ], [ 629202.07511428068392, 5220828.450114279985428 ], [ 629202.070068318862468, 5220828.565036362968385 ], [ 629202.025117070646957, 5220828.625057321041822 ], [ 629202.016289034974761, 5220828.724840485490859 ], [ 629201.950117070460692, 5220828.80005732178688 ], [ 629201.950116562191397, 5220828.874932301230729 ] ] ] } },
{ "type": "Feature", "properties": { "label": "vineyard", "area_m2": 0.22206704741083044 }, "geometry": { "type": "Polygon", "coordinates": [ [ [ 629202.600861477782018, 5220826.924318849109113 ], [ 629202.66540580347646, 5220827.178305492736399 ], [ 629202.625160774798132, 5220827.225131344050169 ], [ 629202.625170696410351, 5220827.324913616292179 ], [ 629202.700062738847919, 5220827.374829234555364 ], [ 629202.774849630892277, 5220827.374838354997337 ], [ 629202.799975912901573, 5220827.201964556239545 ], [ 629202.757956749293953, 5220827.021064238622785 ], [ 629202.847711477777921, 5220826.929712928831577 ], [ 629202.949860463500954, 5220826.924839053303003 ], [ 629203.118003031122498, 5220826.805077227763832 ], [ 629203.199854745878838, 5220826.799842569045722 ], [ 629203.249931859085336, 5220826.60106782335788 ], [ 629203.174015812692232, 5220826.474196137860417 ], [ 629203.000159026472829, 5220826.400159027427435 ], [ 629202.993273800238967, 5220826.580652894452214 ], [ 629202.600861477782018, 5220826.924318849109113 ] ] ] } },
{ "type": "Feature", "properties": { "label": "vineyard", "area_m2": 0.56912099043058839 }, "geometry": { "type": "Polygon", "coordinates": [ [ [ 629213.625155817368068, 5220826.399862163700163 ], [ 629213.776308087399229, 5220826.50188110768795 ], [ 629213.99446618265938, 5220826.798368753865361 ], [ 629213.85016971686855, 5220827.150071122683585 ], [ 629213.846960732946172, 5220827.227836576290429 ], [ 629213.675061155459844, 5220827.551198919303715 ], [ 629213.675177432014607, 5220827.674936414696276 ], [ 629213.775160325923935, 5220827.924914153292775 ], [ 629213.899882340221666, 5220827.949844165705144 ], [ 629213.974844165146351, 5220827.874882339499891 ], [ 629214.074829990859143, 5220827.474935721606016 ], [ 629214.077999712200835, 5220827.103679655119777 ], [ 629214.299833330675028, 5220826.874862686730921 ], [ 629214.299836760270409, 5220826.575104238465428 ], [ 629214.024908345541917, 5220826.225157108157873 ], [ 629213.700083966949023, 5220826.275177286937833 ], [ 629213.625156686059199, 5220826.32511980459094 ], [ 629213.625155817368068, 5220826.399862163700163 ] ] ] } },
{ "type": "Feature", "properties": { "label": "vineyard", "area_m2": 0.21975443548853796 }, "geometry": { "type": "Polygon", "coordinates": [ [ [ 629199.750114280846901, 5220827.574885719455779 ], [ 629199.925495247123763, 5220827.542646180838346 ], [ 629200.075057322042994, 5220827.674882930703461 ], [ 629200.149942677933723, 5220827.674882930703461 ], [ 629200.197698954725638, 5220827.536560671404004 ], [ 629200.29988571931608, 5220827.499885719269514 ], [ 629200.299883437692188, 5220827.350067698396742 ], [ 629200.253928474732675, 5220827.29127359483391 ], [ 629200.224891069112346, 5220827.125064699910581 ], [ 629199.999949504854158, 5220826.925117404200137 ], [ 629199.925114280660637, 5220826.925114280544221 ], [ 629199.900000000023283, 5220827.072552487254143 ], [ 629199.985775378416292, 5220827.123593925498426 ], [ 629200.017387953354046, 5220827.288268343545496 ], [ 629199.963268343242817, 5220827.342387952841818 ], [ 629199.825057321926579, 5220827.350117069669068 ], [ 629199.775117070646957, 5220827.400057322345674 ], [ 629199.750114280846901, 5220827.574885719455779 ] ] ] } },
{ "type": "Feature", "properties": { "label": "vineyard", "area_m2": 0.20894819532392078 }, "geometry": { "type": "Polygon", "coordinates": [ [ [ 629224.400158328586258, 5220826.649919097311795 ], [ 629224.506472260458395, 5220826.695023752748966 ], [ 629224.597960116108879, 5220826.895864745602012 ], [ 629224.600170681602322, 5220826.999913624487817 ], [ 629224.67073169152718, 5220827.114327440969646 ], [ 629224.576417133910581, 5220827.371011042036116 ], [ 629224.50017068174202, 5220827.450086374767125 ], [ 629224.500173995620571, 5220827.524918559007347 ], [ 629224.552389170858078, 5220827.599953873082995 ], [ 629224.595745836966671, 5220827.404168663546443 ], [ 629224.641967742121778, 5220827.381006041541696 ], [ 629224.849913615384139, 5220827.599829302169383 ], [ 629224.949357630684972, 5220827.475634690374136 ], [ 629224.974953105906025, 5220827.422689642757177 ], [ 629224.86182043782901, 5220827.529592681676149 ], [ 629224.646487508085556, 5220827.340679061599076 ], [ 629224.691701611038297, 5220827.248597749508917 ], [ 629224.920784475863911, 5220827.106484057381749 ], [ 629224.974953101598658, 5220827.127346995286644 ], [ 629224.876762403524481, 5220826.949737114831805 ], [ 629224.899842569837347, 5220826.750145254656672 ], [ 629224.699218493653461, 5220826.696706716902554 ], [ 629224.524870295077562, 5220826.575157885439694 ], [ 629224.425123631139286, 5220826.575159606523812 ], [ 629224.400158328586258, 5220826.649919097311795 ] ] ] } },
{ "type": "Feature", "properties": { "label": "vineyard", "area_m2": 0.050120829121999375 }, "geometry": { "type": "Polygon", "coordinates": [ [ [ 629219.425114952493459, 5220826.69988504704088 ], [ 629219.499885047553107, 5220826.69988504704088 ], [ 629219.529289321857505, 5220826.579289321787655 ], [ 629219.649937188252807, 5220826.549882484599948 ], [ 629219.69988248613663, 5220826.499937187880278 ], [ 629219.699885047622956, 5220826.400114953517914 ], [ 629219.633166591287591, 5220826.384604517370462 ], [ 629219.574937188299373, 5220826.325117515400052 ], [ 629219.475114952540025, 5220826.325114953331649 ], [ 629219.512841833871789, 5220826.540343573316932 ], [ 629219.481080075027421, 5220826.599765638820827 ], [ 629219.425115458783694, 5220826.625104645267129 ], [ 629219.425114952493459, 5220826.69988504704088 ] ] ] } },
{ "type": "Feature", "properties": { "label": "vineyard", "area_m2": 0.10881777908948145 }, "geometry": { "type": "Polygon", "coordinates": [ [ [ 629222.103134645964019, 5220826.425661012530327 ], [ 629222.266278326744214, 5220826.550133715383708 ], [ 629222.275114952470176, 5220826.799885046668351 ], [ 629222.474937188322656, 5220826.799882484599948 ], [ 629222.499893628060818, 5220826.77492892369628 ], [ 629222.549881805549376, 5220826.674951042048633 ], [ 629222.524904862628318, 5220826.525115927681327 ], [ 629222.434806699398905, 5220826.500827657058835 ], [ 629222.39988504757639, 5220826.42511495295912 ], [ 629222.279988636262715, 5220826.418299280107021 ], [ 629222.199937188299373, 5220826.350117514841259 ], [ 629222.100114952540025, 5220826.350114952772856 ], [ 629222.103134645964019, 5220826.425661012530327 ] ] ] } },
{ "type": "Feature", "properties": { "label": "vineyard", "area_m2": 0.32699129116041253 }, "geometry": { "type": "Polygon", "coordinates": [ [ [ 629197.450114952516742, 5220826.80011495295912 ], [ 629197.450114952516742, 5220827.499885046854615 ], [ 629197.499937188229524, 5220827.499882484786212 ], [ 629197.599881805595942, 5220827.374951042234898 ], [ 629197.640395483816974, 5220827.133166588842869 ], [ 629197.704988636309281, 5220827.081700719892979 ], [ 629197.79993718827609, 5220827.074882484972477 ], [ 629197.899881483521312, 5220826.899957595393062 ], [ 629197.924881805549376, 5220826.725048957392573 ], [ 629197.827204722329043, 5220826.554904475808144 ], [ 629197.824885047622956, 5220826.325114953331649 ], [ 629197.625095137394965, 5220826.300115927122533 ], [ 629197.550118516548537, 5220826.500042404979467 ], [ 629197.556947180535644, 5220826.735662154853344 ], [ 629197.511689460254274, 5220826.787635172717273 ], [ 629197.450114952516742, 5220826.80011495295912 ] ] ] } },
{ "type": "Feature", "properties": { "label": "vineyard", "area_m2": 0.24052100129330961 }, "geometry": { "type": "Polygon", "coordinates": [ [ [ 629216.600117514026351, 5220826.450062812305987 ], [ 629216.600117514026351, 5220826.524937187321484 ], [ 629216.675062811817043, 5220826.599882484413683 ], [ 629216.849937188439071, 5220826.574882484972477 ], [ 629216.92488180543296, 5220826.474951041862369 ], [ 629216.904305966454558, 5220826.257449245080352 ], [ 629216.980490967747755, 5220826.188399184495211 ], [ 629217.070710678235628, 5220826.215767035260797 ], [ 629217.150062811793759, 5220826.349882484413683 ], [ 629217.274884074111469, 5220826.3249048627913 ], [ 629217.27488504757639, 5220826.250114953145385 ], [ 629217.190844502300024, 5220826.204017147421837 ], [ 629217.134635460330173, 5220826.033748130314052 ], [ 629217.1477802535519, 5220825.967664810828865 ], [ 629217.199883639928885, 5220825.924913700670004 ], [ 629217.17493718827609, 5220825.800117515027523 ], [ 629217.113519171718508, 5220825.785135519690812 ], [ 629217.024937188252807, 5220825.700117515400052 ], [ 629216.950062811840326, 5220825.700117515400052 ], [ 629216.900117513956502, 5220825.750062812119722 ], [ 629216.850117514026351, 5220825.974937187507749 ], [ 629216.93728647637181, 5220826.047906892374158 ], [ 629216.942387953400612, 5220826.13826834410429 ], [ 629216.888268343289383, 5220826.192387953400612 ], [ 629216.775114952470176, 5220826.200114953331649 ], [ 629216.758146961219609, 5220826.305557023733854 ], [ 629216.650114952470176, 5220826.350114952772856 ], [ 629216.600117514026351, 5220826.450062812305987 ] ] ] } },
{ "type": "Feature", "properties": { "label": "vineyard", "area_m2": 0.4271734579609956 }, "geometry": { "type": "Polygon", "coordinates": [ [ [ 629211.137288830475882, 5220826.602092008106411 ], [ 629210.950115208979696, 5220826.749904670752585 ], [ 629211.100050495006144, 5220826.824882595799863 ], [ 629211.274885719292797, 5220826.849885719828308 ], [ 629211.313230214873329, 5220826.771358448080719 ], [ 629211.449935301090591, 5220826.724891068413854 ], [ 629211.499882929376327, 5220826.67494267784059 ], [ 629211.547698954702355, 5220826.386560671962798 ], [ 629211.67488571931608, 5220826.349885719828308 ], [ 629211.674882929422893, 5220826.250057321973145 ], [ 629211.555204814649187, 5220826.176735755987465 ], [ 629211.416032042005099, 5220826.003225784748793 ], [ 629211.451455903355964, 5220825.923602088354528 ], [ 629211.56632440991234, 5220825.871820801869035 ], [ 629211.677447513095103, 5220825.900000000372529 ], [ 629211.799882929422893, 5220825.874942678026855 ], [ 629211.824882929446176, 5220825.725057320669293 ], [ 629211.750552020152099, 5220825.619512821547687 ], [ 629211.77488292939961, 5220825.450057321228087 ], [ 629211.649942677933723, 5220825.325117069296539 ], [ 629211.575084672891535, 5220825.325115730054677 ], [ 629211.485959078650922, 5220825.391313461586833 ], [ 629211.399942678282969, 5220825.350117069669068 ], [ 629211.300073558581062, 5220825.350116275250912 ], [ 629211.25011627539061, 5220825.40007355902344 ], [ 629211.275057321996428, 5220825.499882929958403 ], [ 629211.474999999976717, 5220825.475000000558794 ], [ 629211.545710678095929, 5220825.504289322532713 ], [ 629211.593142487341538, 5220825.735640564002097 ], [ 629211.520389232318848, 5220825.808355332352221 ], [ 629211.375114280846901, 5220825.800114280544221 ], [ 629211.398434186819941, 5220825.96940466016531 ], [ 629211.3501168951625, 5220826.050060900859535 ], [ 629211.365511549054645, 5220826.346195543184876 ], [ 629211.299370358232409, 5220826.400365040637553 ], [ 629211.150114280870184, 5220826.400114280171692 ], [ 629211.137288830475882, 5220826.602092008106411 ] ] ] } },
{ "type": "Feature", "properties": { "label": "vineyard", "area_m2": 0.35537597032287382 }, "geometry": { "type": "Polygon", "coordinates": [ [ [ 629206.075117150205187, 5220826.100070216692984 ], [ 629206.100095137488097, 5220826.224884072318673 ], [ 629206.199904862674884, 5220826.224884072318673 ], [ 629206.23194371315185, 5220826.049864497967064 ], [ 629206.328003419563174, 5220825.927333967760205 ], [ 629206.599882486159913, 5220825.849937187507749 ], [ 629206.608200560207479, 5220825.707043777219951 ], [ 629206.674883639905602, 5220825.649913701228797 ], [ 629206.633843293762766, 5220825.453811010345817 ], [ 629206.691411791718565, 5220825.387555902823806 ], [ 629206.799885047599673, 5220825.349885046482086 ], [ 629206.799883639905602, 5220825.200086299329996 ], [ 629206.743132952833548, 5220825.160723245702684 ], [ 629206.724884074181318, 5220825.100095137022436 ], [ 629206.499951042118482, 5220825.00011819601059 ], [ 629206.425114952493459, 5220825.000114953145385 ], [ 629206.396074064308777, 5220825.291267091408372 ], [ 629206.325117514003068, 5220825.375062812119722 ], [ 629206.25011819449719, 5220825.550048957578838 ], [ 629206.250117513933219, 5220825.674937187694013 ], [ 629206.31627832679078, 5220825.75013371463865 ], [ 629206.320694033638574, 5220825.829028468579054 ], [ 629206.263268343289383, 5220825.892387953586876 ], [ 629206.125114952446893, 5220825.900114953517914 ], [ 629206.121074064285494, 5220826.041267091408372 ], [ 629206.075117150205187, 5220826.100070216692984 ] ] ] } },
{ "type": "Feature", "properties": { "label": "vineyard", "area_m2": 0.21019403549206911 }, "geometry": { "type": "Polygon", "coordinates": [ [ [ 629222.175000000046566, 5220825.972054241225123 ], [ 629222.299848285736516, 5220825.974840252660215 ], [ 629222.386032140930183, 5220825.802703603170812 ], [ 629222.421641636639833, 5220825.784111755900085 ], [ 629222.613926211837679, 5220825.85335239302367 ], [ 629222.625168549013324, 5220825.974884937517345 ], [ 629222.725136615918018, 5220826.099842664785683 ], [ 629222.799927226267755, 5220826.099840650334954 ], [ 629223.024837728124112, 5220825.999852618202567 ], [ 629222.977827809751034, 5220825.605812356807292 ], [ 629223.169364299159497, 5220825.43237239588052 ], [ 629223.249840973527171, 5220825.42484097275883 ], [ 629223.249840973527171, 5220825.375159027054906 ], [ 629223.175159026519395, 5220825.375159027054906 ], [ 629223.164088587043807, 5220825.431871495209634 ], [ 629222.977164891315624, 5220825.594830160029233 ], [ 629222.825159026542678, 5220825.600159026682377 ], [ 629222.815633203135803, 5220825.72647166531533 ], [ 629222.63769259757828, 5220825.841404674574733 ], [ 629222.374913609586656, 5220825.675170705653727 ], [ 629222.250118716503493, 5220825.675169117748737 ], [ 629222.175169116584584, 5220825.750118715688586 ], [ 629222.175000000046566, 5220825.972054241225123 ] ] ] } },
{ "type": "Feature", "properties": { "label": "vineyard", "area_m2": 0.37371971762677969 }, "geometry": { "type": "Polygon", "coordinates": [ [ [ 629208.303134648711421, 5220827.000661013647914 ], [ 629208.400078020174988, 5220827.074883232824504 ], [ 629208.599937188322656, 5220827.099882484413683 ], [ 629208.799882486113347, 5220826.799937187694013 ], [ 629208.800552707980387, 5220826.630478802137077 ], [ 629208.831943713128567, 5220826.499864498153329 ], [ 629208.874882849864662, 5220826.449929783120751 ], [ 629208.877204722259194, 5220826.270095523446798 ], [ 629208.949881805572659, 5220826.124951042234898 ], [ 629208.949885047622956, 5220825.775114953517914 ], [ 629208.783682608394884, 5220825.889221888966858 ], [ 629208.700114952516742, 5220825.900114953517914 ], [ 629208.68728647637181, 5220825.977093107998371 ], [ 629208.625116360140964, 5220826.025086299516261 ], [ 629208.638986618025228, 5220826.180030906572938 ], [ 629208.550117513979785, 5220826.275062812492251 ], [ 629208.550117513979785, 5220826.349937187507749 ], [ 629208.623437222559005, 5220826.465519990772009 ], [ 629208.55011676682625, 5220826.575078021734953 ], [ 629208.54591614601668, 5220826.756582802161574 ], [ 629208.463650042540394, 5220826.827360888943076 ], [ 629208.300114952493459, 5220826.80011495295912 ], [ 629208.303134648711421, 5220827.000661013647914 ] ] ] } },
{ "type": "Feature", "properties": { "label": "vineyard", "area_m2": 0.38288954948477488 }, "geometry": { "type": "Polygon", "coordinates": [ [ [ 629197.675114280660637, 5220826.299885720014572 ], [ 629197.849942678003572, 5220826.324882930144668 ], [ 629197.914278385112993, 5220826.243129625916481 ], [ 629197.999900436610915, 5220826.224884998984635 ], [ 629198.099892273545265, 5220826.124934208579361 ], [ 629198.174883437692188, 5220825.949932301416993 ], [ 629198.19253618340008, 5220825.659413941204548 ], [ 629198.27824888646137, 5220825.616032790392637 ], [ 629198.400050496100448, 5220825.674882596358657 ], [ 629198.474942677887157, 5220825.674882930703461 ], [ 629198.549883724772371, 5220825.59992644097656 ], [ 629198.568129628198221, 5220825.514278382062912 ], [ 629198.624884385732003, 5220825.474912942387164 ], [ 629198.624882929376327, 5220825.400057322345674 ], [ 629198.547552486998029, 5220825.349999999627471 ], [ 629198.325057321926579, 5220825.350117069669068 ], [ 629198.254889795323834, 5220825.397798013873398 ], [ 629198.159372282680124, 5220825.392771986313164 ], [ 629198.102016482152976, 5220825.332171904854476 ], [ 629198.07490373798646, 5220825.150115162134171 ], [ 629198.000114280846901, 5220825.150114280171692 ], [ 629197.95011428068392, 5220825.349885719828308 ], [ 629198.099185290397145, 5220825.379427148029208 ], [ 629198.120956375962123, 5220825.528149137273431 ], [ 629198.066632938222028, 5220825.590921386145055 ], [ 629197.900114280870184, 5220825.625114280730486 ], [ 629197.899447979871184, 5220825.769512820988894 ], [ 629197.850117404945195, 5220825.875050494447351 ], [ 629197.845694033545442, 5220825.97902846802026 ], [ 629197.797139673726633, 5220826.038192126899958 ], [ 629197.70011428068392, 5220826.050114280544221 ], [ 629197.675114280660637, 5220826.299885720014572 ] ] ] } },
{ "type": "Feature", "properties": { "label": "vineyard", "area_m2": 0.18102163738249399 }, "geometry": { "type": "Polygon", "coordinates": [ [ [ 629208.90007387183141, 5220825.699048832990229 ], [ 629208.925150369177572, 5220825.774838355369866 ], [ 629209.024840973550454, 5220825.774840973317623 ], [ 629209.001935311825946, 5220825.596913397312164 ], [ 629209.070872089243494, 5220825.411184120923281 ], [ 629209.174846449866891, 5220825.349851574748755 ], [ 629209.399846737971529, 5220824.999895131215453 ], [ 629209.424840396037325, 5220824.850123630836606 ], [ 629209.176145983394235, 5220824.800064302049577 ], [ 629209.10016911663115, 5220824.875118715688586 ], [ 629209.123501010239124, 5220825.188249113969505 ], [ 629208.950160071719438, 5220825.300148415379226 ], [ 629208.90007387183141, 5220825.699048832990229 ] ] ] } },
{ "type": "Feature", "properties": { "label": "vineyard", "area_m2": 0.19372275949653278 }, "geometry": { "type": "Polygon", "coordinates": [ [ [ 629214.500066271750256, 5220825.823894130066037 ], [ 629214.575143451686017, 5220825.974841363728046 ], [ 629214.6498547506053, 5220825.974842571653426 ], [ 629214.700000000069849, 5220825.847054241225123 ], [ 629214.658793841954321, 5220825.403782792389393 ], [ 629214.689323157421313, 5220825.375780981965363 ], [ 629214.824848256655969, 5220825.374840231612325 ], [ 629214.9248436082853, 5220825.099928207695484 ], [ 629214.899913450935856, 5220825.000154023990035 ], [ 629214.666096146334894, 5220824.974352266639471 ], [ 629214.6062388807768, 5220824.939143708907068 ], [ 629214.625136563903652, 5220824.728013565763831 ], [ 629214.69984097359702, 5220824.699840973131359 ], [ 629214.69984097359702, 5220824.625159027054906 ], [ 629214.625159026472829, 5220824.625159027054906 ], [ 629214.599870830541477, 5220824.921995963901281 ], [ 629214.525159026496112, 5220824.95015902724117 ], [ 629214.525158328586258, 5220825.024919097311795 ], [ 629214.688797114067711, 5220825.205023884773254 ], [ 629214.50015642051585, 5220825.75007180031389 ], [ 629214.500066271750256, 5220825.823894130066037 ] ] ] } },
{ "type": "Feature", "properties": { "label": "vineyard", "area_m2": 0.16651303829168052 }, "geometry": { "type": "Polygon", "coordinates": [ [ [ 629200.400807542144321, 5220825.949838990345597 ], [ 629200.400117513956502, 5220826.024937189184129 ], [ 629200.516799439908937, 5220826.132043777033687 ], [ 629200.525114952470176, 5220826.249885046854615 ], [ 629200.649900698103011, 5220826.224900698289275 ], [ 629200.674882486113347, 5220826.100062810815871 ], [ 629200.629080047248863, 5220825.997826955281198 ], [ 629200.715844502323307, 5220825.795982852578163 ], [ 629200.799885047599673, 5220825.749885046854615 ], [ 629200.786013382021338, 5220825.569969093427062 ], [ 629200.849883639952168, 5220825.499913701787591 ], [ 629200.824904862674884, 5220825.300115927122533 ], [ 629200.725114952540025, 5220825.30011495295912 ], [ 629200.71679943986237, 5220825.442956223152578 ], [ 629200.650116360164247, 5220825.500086299143732 ], [ 629200.65289720450528, 5220825.694856707938015 ], [ 629200.593221088754945, 5220825.745488121174276 ], [ 629200.475114952540025, 5220825.750114953145385 ], [ 629200.470359070692211, 5220825.883407478220761 ], [ 629200.400807542144321, 5220825.949838990345597 ] ] ] } },
{ "type": "Feature", "properties": { "label": "vineyard", "area_m2": 0.44638795029256984 }, "geometry": { "type": "Polygon", "coordinates": [ [ [ 629222.700067331083119, 5220824.99891569186002 ], [ 629222.775086374487728, 5220825.099829317070544 ], [ 629222.980072506936267, 5220825.079573369584978 ], [ 629223.182966898544692, 5220825.193011345341802 ], [ 629223.200000000069849, 5220825.276734536513686 ], [ 629223.175159026519395, 5220825.374840972945094 ], [ 629223.24984825658612, 5220825.374840231612325 ], [ 629223.274829730042256, 5220825.200133024714887 ], [ 629223.129619537037797, 5220824.979216618463397 ], [ 629223.12818247883115, 5220824.906294065527618 ], [ 629223.393363908282481, 5220824.729379703290761 ], [ 629223.474913609912619, 5220824.724829293787479 ], [ 629223.674932669033296, 5220824.448915692046285 ], [ 629223.674830236239359, 5220824.325084013864398 ], [ 629223.624838182236999, 5220824.225148737430573 ], [ 629223.324876368860714, 5220823.850159605965018 ], [ 629223.125159767689183, 5220823.875151744112372 ], [ 629223.125064608873799, 5220823.948860281147063 ], [ 629223.175134096643887, 5220824.024865905754268 ], [ 629223.452484231791459, 5220824.212833507917821 ], [ 629223.474330327473581, 5220824.395508107729256 ], [ 629223.375166149926372, 5220824.600128221325576 ], [ 629223.370064957300201, 5220824.672317439690232 ], [ 629223.099616770632565, 5220824.829105971381068 ], [ 629223.001536352210678, 5220824.651736175641418 ], [ 629222.999829295789823, 5220824.475086390972137 ], [ 629222.974913609912619, 5220824.450170706026256 ], [ 629222.800145254353993, 5220824.450157430954278 ], [ 629222.750177158275619, 5220824.575083312578499 ], [ 629222.700067331083119, 5220824.99891569186002 ] ] ] } },
{ "type": "Feature", "properties": { "label": "vineyard", "area_m2": 0.39094146209674763 }, "geometry": { "type": "Polygon", "coordinates": [ [ [ 629224.95011428068392, 5220825.400114280171692 ], [ 629224.950117070577107, 5220825.499942678026855 ], [ 629225.145118050510064, 5220825.753399171866477 ], [ 629225.150116275297478, 5220825.899926442652941 ], [ 629225.37505732208956, 5220826.049882930703461 ], [ 629225.499885719153099, 5220826.049885720014572 ], [ 629225.574882085900754, 5220825.699959902092814 ], [ 629225.599885719129816, 5220825.075114279985428 ], [ 629225.474949503899552, 5220825.025117403827608 ], [ 629225.375114280846901, 5220825.025114280171692 ], [ 629225.300117404898629, 5220825.225050495006144 ], [ 629225.311203735414892, 5220825.350425582379103 ], [ 629225.256988725042902, 5220825.416513212025166 ], [ 629224.95011428068392, 5220825.400114280171692 ] ] ] } },
{ "type": "Feature", "properties": { "label": "vineyard", "area_m2": 0.46359324365105581 }, "geometry": { "type": "Polygon", "coordinates": [ [ [ 629202.950117514003068, 5220826.125062812119722 ], [ 629202.95011819456704, 5220826.299951042048633 ], [ 629203.000106372288428, 5220826.399928925558925 ], [ 629203.075048957951367, 5220826.449881804175675 ], [ 629203.14988504757639, 5220826.44988504704088 ], [ 629203.172698954702355, 5220826.361560671590269 ], [ 629203.27488504757639, 5220826.32488504704088 ], [ 629203.29313295299653, 5220826.264276753179729 ], [ 629203.349883639952168, 5220826.224913700483739 ], [ 629203.319604978663847, 5220826.000229806639254 ], [ 629203.449881805572659, 5220825.799951042048633 ], [ 629203.483721672790125, 5220825.550133717246354 ], [ 629203.586560671566986, 5220825.372698954306543 ], [ 629203.724885047646239, 5220825.349885046482086 ], [ 629203.73577811208088, 5220825.241317390464246 ], [ 629203.849882486159913, 5220825.124937187880278 ], [ 629203.82492892362643, 5220825.00010637100786 ], [ 629203.750086297979578, 5220824.975116360932589 ], [ 629203.6608316807542, 5220825.041326432488859 ], [ 629203.574937188299373, 5220825.000117515213788 ], [ 629203.350114952540025, 5220825.000114953145385 ], [ 629203.371881847037002, 5220825.142406768165529 ], [ 629203.343056286917999, 5220825.4001355022192 ], [ 629203.225097288028337, 5220825.500107341445982 ], [ 629203.150117513956502, 5220825.600062810815871 ], [ 629203.137286476441659, 5220825.702093107625842 ], [ 629203.075116360210814, 5220825.750086299143732 ], [ 629203.075114952516742, 5220825.82488504704088 ], [ 629203.167850608122535, 5220825.887868280522525 ], [ 629203.170359070762061, 5220825.983407477848232 ], [ 629203.127378579229116, 5220826.038481889292598 ], [ 629202.950117514003068, 5220826.125062812119722 ] ] ] } },
{ "type": "Feature", "properties": { "label": "vineyard", "area_m2": 0.1173593363329573 }, "geometry": { "type": "Polygon", "coordinates": [ [ [ 629216.975160668720491, 5220824.774857646785676 ], [ 629217.100145305041224, 5220824.924839621409774 ], [ 629217.239876982755959, 5220824.904920740053058 ], [ 629217.470849569188431, 5220824.969240168109536 ], [ 629217.500170696410351, 5220825.04991361591965 ], [ 629217.65008874819614, 5220825.174830110743642 ], [ 629217.752945770625956, 5220825.200000000186265 ], [ 629217.849829295882955, 5220825.174913609400392 ], [ 629217.849829303682782, 5220825.100086382590234 ], [ 629217.749881305499002, 5220825.000169086270034 ], [ 629217.498342806007713, 5220824.973460336215794 ], [ 629217.288300072425045, 5220824.868217885494232 ], [ 629217.274830070906319, 5220824.750101579353213 ], [ 629217.199913622811437, 5220824.675170690752566 ], [ 629217.000128634739667, 5220824.700154550373554 ], [ 629216.975160668720491, 5220824.774857646785676 ] ] ] } },
{ "type": "Feature", "properties": { "label": "vineyard", "area_m2": 0.11538202490072987 }, "geometry": { "type": "Polygon", "coordinates": [ [ [ 629219.825114952516742, 5220825.524885047227144 ], [ 629219.89988504757639, 5220825.524885047227144 ], [ 629220.043335917871445, 5220825.151810548268259 ], [ 629220.102120195049793, 5220825.125438777729869 ], [ 629220.39988504757639, 5220825.124885046854615 ], [ 629220.39988504757639, 5220824.975114952772856 ], [ 629220.32486449892167, 5220824.968056286685169 ], [ 629220.274929783307016, 5220824.925117150880396 ], [ 629220.125048957881518, 5220824.925118195824325 ], [ 629219.991833409527317, 5220825.034604516811669 ], [ 629219.925114952493459, 5220825.05011495295912 ], [ 629219.923248737119138, 5220825.23215520568192 ], [ 629219.875117150135338, 5220825.300070216879249 ], [ 629219.825114952516742, 5220825.524885047227144 ] ] ] } },
{ "type": "Feature", "properties": { "label": "vineyard", "area_m2": 0.11080991919183096 }, "geometry": { "type": "Polygon", "coordinates": [ [ [ 629211.650115925935097, 5220824.6999048627913 ], [ 629211.743056286941282, 5220824.774864497594535 ], [ 629211.750114952446893, 5220824.94988504704088 ], [ 629211.849904862698168, 5220824.949884072877467 ], [ 629211.917313618934713, 5220824.765019077807665 ], [ 629212.124885047553107, 5220824.749885046854615 ], [ 629212.124882486066781, 5220824.575062812305987 ], [ 629212.074937188299373, 5220824.525117515586317 ], [ 629211.975062811863609, 5220824.525117515586317 ], [ 629211.871555312187411, 5220824.609002605080605 ], [ 629211.675062811817043, 5220824.600117514841259 ], [ 629211.650115925935097, 5220824.6999048627913 ] ] ] } },
{ "type": "Feature", "properties": { "label": "vineyard", "area_m2": 0.64644301979507246 }, "geometry": { "type": "Polygon", "coordinates": [ [ [ 629231.424999999930151, 5220824.647063057869673 ], [ 629231.549864555243403, 5220824.624845256097615 ], [ 629232.298601035145111, 5220824.051839024759829 ], [ 629232.599897667882033, 5220823.99984544981271 ], [ 629232.77483728970401, 5220823.924852058291435 ], [ 629232.724836006760597, 5220823.800091138109565 ], [ 629232.600142775219865, 5220823.750157970003784 ], [ 629232.5394728948595, 5220823.851978285238147 ], [ 629232.258823743555695, 5220823.915797650814056 ], [ 629232.127029454219155, 5220823.654135940596461 ], [ 629232.124842102639377, 5220823.550075412727892 ], [ 629232.024935717461631, 5220823.475170006975532 ], [ 629231.950103041948751, 5220823.475160968489945 ], [ 629231.675130861578509, 5220823.67514531314373 ], [ 629231.64988502045162, 5220823.725592844188213 ], [ 629231.499873864348046, 5220824.101260529831052 ], [ 629231.425141625571996, 5220824.475117665715516 ], [ 629231.424999999930151, 5220824.647063057869673 ] ] ] } },
{ "type": "Feature", "properties": { "label": "vineyard", "area_m2": 0.086207600208427437 }, "geometry": { "type": "Polygon", "coordinates": [ [ [ 629209.300159026519395, 5220824.149840973317623 ], [ 629209.399608166771941, 5220824.178339065052569 ], [ 629209.417586600524373, 5220824.367755343206227 ], [ 629209.350159026565962, 5220824.400159027427435 ], [ 629209.350066770683043, 5220824.498904284089804 ], [ 629209.424840973573737, 5220824.499840972945094 ], [ 629209.424909823341295, 5220824.400619274005294 ], [ 629209.400607103249058, 5220824.149949762970209 ], [ 629209.451501497533172, 5220823.900924026966095 ], [ 629209.549833850120194, 5220823.699871777556837 ], [ 629209.524913609609939, 5220823.600170705467463 ], [ 629209.450159026542678, 5220823.600159026682377 ], [ 629209.441271069110371, 5220823.679005599580705 ], [ 629209.300164829357527, 5220823.800139501690865 ], [ 629209.300159026519395, 5220824.149840973317623 ] ] ] } },
{ "type": "Feature", "properties": { "label": "vineyard", "area_m2": 0.24104543909820841 }, "geometry": { "type": "Polygon", "coordinates": [ [ [ 629203.650114952470176, 5220824.325114953331649 ], [ 629203.650114952470176, 5220824.399885047227144 ], [ 629203.728217901545577, 5220824.423747278749943 ], [ 629203.763323194580153, 5220824.493692951276898 ], [ 629203.745359070715494, 5220824.683407478034496 ], [ 629203.675116360187531, 5220824.750086299143732 ], [ 629203.675118194543757, 5220824.824951042421162 ], [ 629203.775071076466702, 5220824.99989362899214 ], [ 629203.89988504757639, 5220825.024885047227144 ], [ 629203.900552707957104, 5220824.830478802323341 ], [ 629203.933200560160913, 5220824.732043776661158 ], [ 629203.999883639859036, 5220824.674913700670004 ], [ 629204.02075530809816, 5220824.550483624450862 ], [ 629204.124882486066781, 5220824.474937187507749 ], [ 629204.124885047553107, 5220824.275114953517914 ], [ 629204.038519172812812, 5220824.260135520249605 ], [ 629203.92493718827609, 5220824.150117515586317 ], [ 629203.775062811793759, 5220824.150117515586317 ], [ 629203.72864552133251, 5220824.286764731630683 ], [ 629203.650114952470176, 5220824.325114953331649 ] ] ] } },
{ "type": "Feature", "properties": { "label": "vineyard", "area_m2": 0.35167489715239048 }, "geometry": { "type": "Polygon", "coordinates": [ [ [ 629228.225114280707203, 5220824.949885719455779 ], [ 629228.449949504807591, 5220824.949882595799863 ], [ 629228.610332985641435, 5220824.842061454430223 ], [ 629228.774885719292797, 5220824.874885719269514 ], [ 629228.771503211348318, 5220824.532528694719076 ], [ 629228.849999999976717, 5220824.347552486695349 ], [ 629228.787174201570451, 5220824.084577269852161 ], [ 629228.818953848211095, 5220824.025207939557731 ], [ 629228.89988292939961, 5220823.974942678585649 ], [ 629228.899885719292797, 5220823.775114280171692 ], [ 629228.700057322042994, 5220823.775117069482803 ], [ 629228.675117070553824, 5220823.800057320855558 ], [ 629228.675116275204346, 5220823.874926441349089 ], [ 629228.770122076501139, 5220823.974143019877374 ], [ 629228.777313059777953, 5220824.061005624942482 ], [ 629228.723037598072551, 5220824.117074030451477 ], [ 629228.600050495238975, 5220824.125117404386401 ], [ 629228.47511707060039, 5220824.200057321228087 ], [ 629228.47511707060039, 5220824.249942678026855 ], [ 629228.553522945847362, 5220824.342301479540765 ], [ 629228.55231306143105, 5220824.41100561991334 ], [ 629228.498037599492818, 5220824.467074029147625 ], [ 629228.400114280753769, 5220824.475114280357957 ], [ 629228.394314266974106, 5220824.586949375458062 ], [ 629228.275117404991761, 5220824.725050495006144 ], [ 629228.225114280707203, 5220824.949885719455779 ] ] ] } },
{ "type": "Feature", "properties": { "label": "vineyard", "area_m2": 0.12466812541050373 }, "geometry": { "type": "Polygon", "coordinates": [ [ [ 629220.400159026496112, 5220824.07515902724117 ], [ 629220.400164615013637, 5220824.149922887794673 ], [ 629220.475328175467439, 5220824.277289344929159 ], [ 629220.525159026496112, 5220824.524840973317623 ], [ 629220.599913610029034, 5220824.524829294532537 ], [ 629220.650000000023283, 5220824.422054241411388 ], [ 629220.600030580768362, 5220824.12517306022346 ], [ 629220.602886180975474, 5220823.906843856908381 ], [ 629220.674840973573737, 5220823.874840972945094 ], [ 629220.678293284028769, 5220823.749218476004899 ], [ 629220.799842116306536, 5220823.574870293959975 ], [ 629220.799830070929602, 5220823.475101579912007 ], [ 629220.724913622019812, 5220823.400170691311359 ], [ 629220.650159026496112, 5220823.400159027427435 ], [ 629220.650170685257763, 5220823.474913623183966 ], [ 629220.715583362267353, 5220823.582787899300456 ], [ 629220.600158908171579, 5220823.750130226835608 ], [ 629220.599318207241595, 5220823.875054083764553 ], [ 629220.530815161531791, 5220824.053111088462174 ], [ 629220.400159026496112, 5220824.07515902724117 ] ] ] } },
{ "type": "Feature", "properties": { "label": "vineyard", "area_m2": 0.28085987776991905 }, "geometry": { "type": "Polygon", "coordinates": [ [ [ 629206.500114280846901, 5220824.575114279985428 ], [ 629206.500114821828902, 5220824.649896766990423 ], [ 629206.562984273419715, 5220824.682140094228089 ], [ 629206.588804022874683, 5220824.754144767299294 ], [ 629206.500115209026262, 5220825.024904671125114 ], [ 629206.724885719129816, 5220825.099885719828308 ], [ 629206.642607498331927, 5220824.973466800525784 ], [ 629206.638935456285253, 5220824.89685639552772 ], [ 629206.687299212557264, 5220824.837929625064135 ], [ 629206.799894524388947, 5220824.799901305697858 ], [ 629206.924892274197191, 5220824.649934208020568 ], [ 629206.956948180217296, 5220824.449855434708297 ], [ 629207.049882929539308, 5220824.32494267821312 ], [ 629207.028122343705036, 5220824.15755492541939 ], [ 629207.074884791043587, 5220824.050095329061151 ], [ 629206.949959901045077, 5220824.000117913819849 ], [ 629206.825057321926579, 5220824.000117070041597 ], [ 629206.775117070763372, 5220824.050057320855558 ], [ 629206.738192126504146, 5220824.397139673121274 ], [ 629206.625114280846901, 5220824.450114279985428 ], [ 629206.588439328479581, 5220824.55230104457587 ], [ 629206.500114280846901, 5220824.575114279985428 ] ] ] } },
{ "type": "Feature", "properties": { "label": "vineyard", "area_m2": 0.18290147736754753 }, "geometry": { "type": "Polygon", "coordinates": [ [ [ 629231.925000000046566, 5220823.147054241970181 ], [ 629232.180915096309036, 5220823.116157273761928 ], [ 629232.345523382420652, 5220823.36833737231791 ], [ 629232.350170704303309, 5220823.449913608841598 ], [ 629232.454468575655483, 5220823.486567180603743 ], [ 629232.595172891276889, 5220823.693174025975168 ], [ 629232.60015959921293, 5220823.749876373447478 ], [ 629232.701964567881078, 5220823.799975912086666 ], [ 629232.724840973620303, 5220823.79984097275883 ], [ 629232.823403385351412, 5220823.441894402727485 ], [ 629232.924862364772707, 5220823.424837676808238 ], [ 629233.124975912855007, 5220823.198035444132984 ], [ 629233.124840973527171, 5220823.100159026682377 ], [ 629233.000159026472829, 5220823.100159026682377 ], [ 629232.99369846272748, 5220823.20090910140425 ], [ 629232.825163397705182, 5220823.350138429552317 ], [ 629232.821849295054562, 5220823.430454298853874 ], [ 629232.686386838322505, 5220823.679157697595656 ], [ 629232.623666363884695, 5220823.700000000186265 ], [ 629232.454827108886093, 5220823.481825973838568 ], [ 629232.44984097359702, 5220823.375159027054906 ], [ 629232.345604232512414, 5220823.362921898253262 ], [ 629232.188857905101031, 5220823.12013356667012 ], [ 629232.324975912808441, 5220822.898035446181893 ], [ 629232.324829303659499, 5220822.82508638408035 ], [ 629232.199881301610731, 5220822.700169094838202 ], [ 629232.125153289176524, 5220822.725104891695082 ], [ 629231.925000000046566, 5220823.147054241970181 ] ] ] } },
{ "type": "Feature", "properties": { "label": "vineyard", "area_m2": 0.20781960435322869 }, "geometry": { "type": "Polygon", "coordinates": [ [ [ 629214.925117070553824, 5220824.375057321041822 ], [ 629214.950096262153238, 5220824.499884836375713 ], [ 629215.050040099304169, 5220824.52488208655268 ], [ 629215.14988292939961, 5220824.499942678026855 ], [ 629215.163498125039041, 5220824.415806045755744 ], [ 629215.324882929562591, 5220824.224942677654326 ], [ 629215.40761204669252, 5220823.661731656640768 ], [ 629215.549882929539308, 5220823.57494267821312 ], [ 629215.54988571931608, 5220823.500114280730486 ], [ 629215.325057321926579, 5220823.500117070041597 ], [ 629215.300117070437409, 5220823.525057322345674 ], [ 629215.291289031156339, 5220823.64984049461782 ], [ 629215.200117070577107, 5220823.750057321973145 ], [ 629215.200116486987099, 5220823.824930765666068 ], [ 629215.253474435419776, 5220823.890567316673696 ], [ 629215.247322581708431, 5220823.959055162966251 ], [ 629215.150114280870184, 5220824.025114280171692 ], [ 629215.12241964309942, 5220824.143959374167025 ], [ 629215.050114280660637, 5220824.175114280544221 ], [ 629215.041289031156339, 5220824.27484049461782 ], [ 629214.925117070553824, 5220824.375057321041822 ] ] ] } },
{ "type": "Feature", "properties": { "label": "vineyard", "area_m2": 0.32715536350056595 }, "geometry": { "type": "Polygon", "coordinates": [ [ [ 629198.725159754627384, 5220823.775031484663486 ], [ 629198.750062811654061, 5220823.874882484786212 ], [ 629198.849929783609696, 5220823.874882848933339 ], [ 629198.924884541309439, 5220823.824895353987813 ], [ 629198.956457257037982, 5220823.723889017477632 ], [ 629199.074885047622956, 5220823.674885046668351 ], [ 629199.074883233290166, 5220823.550078021362424 ], [ 629199.012427194276825, 5220823.463747539557517 ], [ 629199.027054941747338, 5220823.39640153106302 ], [ 629199.081778911291622, 5220823.354511878453195 ], [ 629199.199885047622956, 5220823.349885046482086 ], [ 629199.229289321927354, 5220823.254289321601391 ], [ 629199.324885047622956, 5220823.224885046482086 ], [ 629199.300000000046566, 5220823.059021859429777 ], [ 629199.324881483567879, 5220822.800042404793203 ], [ 629199.274937188252807, 5220822.650117515586317 ], [ 629199.150114952470176, 5220822.625114953145385 ], [ 629199.141799439908937, 5220822.717956223525107 ], [ 629199.050117513979785, 5220822.800062811002135 ], [ 629199.034155497793108, 5220822.904017147608101 ], [ 629198.925117513979785, 5220822.975062810815871 ], [ 629198.935054106637836, 5220823.401107620447874 ], [ 629198.895239940960892, 5220823.457359624095261 ], [ 629198.750117513933219, 5220823.525062812492251 ], [ 629198.772475329460576, 5220823.704059821553528 ], [ 629198.725159754627384, 5220823.775031484663486 ] ] ] } },
{ "type": "Feature", "properties": { "label": "vineyard", "area_m2": 0.21129886209790777 }, "geometry": { "type": "Polygon", "coordinates": [ [ [ 629226.125, 5220823.397054241970181 ], [ 629226.50095084158238, 5220823.524926112033427 ], [ 629226.574913624557666, 5220823.524829317815602 ], [ 629226.699903407366946, 5220823.449835615232587 ], [ 629226.799838011851534, 5220823.249897564761341 ], [ 629226.820586313260719, 5220823.062754107639194 ], [ 629226.899829303612933, 5220822.999913616105914 ], [ 629226.899840973550454, 5220822.875159027054906 ], [ 629226.818241349770688, 5220822.853665255010128 ], [ 629226.774842803250067, 5220822.775124984793365 ], [ 629226.724937247461639, 5220822.750170811079443 ], [ 629226.500159026472829, 5220822.725159026682377 ], [ 629226.500159026472829, 5220822.79984097275883 ], [ 629226.607493868330494, 5220822.805028419941664 ], [ 629226.656231634668075, 5220822.841803018935025 ], [ 629226.67219927161932, 5220822.97932787053287 ], [ 629226.599848741781898, 5220823.070081654936075 ], [ 629226.494932485977188, 5220823.075107393786311 ], [ 629226.399860940757208, 5220822.975160369649529 ], [ 629226.325159026542678, 5220822.975159026682377 ], [ 629226.350168585777283, 5220823.149911255575716 ], [ 629226.376113660633564, 5220823.174934109672904 ], [ 629226.489522385643795, 5220823.148087821900845 ], [ 629226.651892468100414, 5220823.165164294652641 ], [ 629226.692170731374063, 5220823.226463556289673 ], [ 629226.663939983234741, 5220823.321112298406661 ], [ 629226.4251072028419, 5220823.375165471807122 ], [ 629226.347019761684351, 5220823.43706951290369 ], [ 629226.295660091564059, 5220823.43217449169606 ], [ 629226.199913624557666, 5220823.350170682184398 ], [ 629226.125159026472829, 5220823.350159026682377 ], [ 629226.125, 5220823.397054241970181 ] ] ] } },
{ "type": "Feature", "properties": { "label": "vineyard", "area_m2": 0.63768902246664783 }, "geometry": { "type": "Polygon", "coordinates": [ [ [ 629225.675117070553824, 5220824.324942679144442 ], [ 629225.86244882887695, 5220824.591419683769345 ], [ 629225.900114280870184, 5220824.724885719828308 ], [ 629226.374885719269514, 5220824.649885719642043 ], [ 629226.374882929376327, 5220824.57505732215941 ], [ 629226.248579460894689, 5220824.514497295953333 ], [ 629226.231484901276417, 5220824.41457506082952 ], [ 629226.39988292939961, 5220824.274942678399384 ], [ 629226.422698954702355, 5220824.036560671404004 ], [ 629226.480490967747755, 5220824.001921471208334 ], [ 629226.624885719153099, 5220823.999885719269514 ], [ 629226.624885170604102, 5220823.900103081949055 ], [ 629226.391853038803674, 5220823.805557023733854 ], [ 629226.374882595031522, 5220823.600050495006144 ], [ 629226.299899697769433, 5220823.450099070556462 ], [ 629226.124959901091643, 5220823.375117913819849 ], [ 629226.000115163275041, 5220823.400096262805164 ], [ 629226.000117070623673, 5220823.67494267784059 ], [ 629226.046879188041203, 5220823.767414042726159 ], [ 629225.98187037743628, 5220823.91072160936892 ], [ 629225.925115613965318, 5220823.950087058357894 ], [ 629225.940292064100504, 5220824.095035530626774 ], [ 629225.870389235089533, 5220824.158355331048369 ], [ 629225.725057322066277, 5220824.150117069482803 ], [ 629225.675117914099246, 5220824.250040099024773 ], [ 629225.675117070553824, 5220824.324942679144442 ] ] ] } },
{ "type": "Feature", "properties": { "label": "vineyard", "area_m2": 0.35734663786059273 }, "geometry": { "type": "Polygon", "coordinates": [ [ [ 629201.150114952470176, 5220824.524885047227144 ], [ 629201.374885047553107, 5220824.524885047227144 ], [ 629201.362713523674756, 5220824.197906892746687 ], [ 629201.499882486066781, 5220824.099937187507749 ], [ 629201.540430070017464, 5220824.019679246470332 ], [ 629201.69988248613663, 5220823.924937187694013 ], [ 629201.726751262904145, 5220823.442844794131815 ], [ 629201.799884074134752, 5220823.3000951372087 ], [ 629201.672545121051371, 5220823.25 ], [ 629201.600062811863609, 5220823.250117515213788 ], [ 629201.550106372334994, 5220823.30007107462734 ], [ 629201.514221888035536, 5220823.433682609349489 ], [ 629201.375118194613606, 5220823.650048958137631 ], [ 629201.36390483553987, 5220823.770781330764294 ], [ 629201.275114952470176, 5220823.825114953331649 ], [ 629201.262286476441659, 5220823.927093107253313 ], [ 629201.175118194660172, 5220824.025048958137631 ], [ 629201.196881846990436, 5220824.192406767979264 ], [ 629201.150114952470176, 5220824.524885047227144 ] ] ] } },
{ "type": "Feature", "properties": { "label": "vineyard", "area_m2": 0.38070086045368778 }, "geometry": { "type": "Polygon", "coordinates": [ [ [ 629212.101114677963778, 5220823.676300762221217 ], [ 629212.150114952470176, 5220823.999885046854615 ], [ 629212.223883282160386, 5220824.010995052754879 ], [ 629212.35364552133251, 5220824.113235268741846 ], [ 629212.400071076350287, 5220824.299893628805876 ], [ 629212.452454879065044, 5220824.325000000186265 ], [ 629212.574928923742846, 5220824.299893628805876 ], [ 629212.599881483591162, 5220824.200042405165732 ], [ 629212.550552707980387, 5220823.944521198049188 ], [ 629212.549882138962857, 5220823.725055744871497 ], [ 629212.51609859475866, 5220823.6450932379812 ], [ 629212.565844502300024, 5220823.470982852391899 ], [ 629212.64988504757639, 5220823.424885046668351 ], [ 629212.649882486090064, 5220823.275062812492251 ], [ 629212.599904862698168, 5220823.200115927495062 ], [ 629212.500095137394965, 5220823.200115927495062 ], [ 629212.390265772002749, 5220823.342915561981499 ], [ 629212.225114952540025, 5220823.350114952772856 ], [ 629212.206867047119886, 5220823.410723246634007 ], [ 629212.150116360164247, 5220823.450086299329996 ], [ 629212.101114677963778, 5220823.676300762221217 ] ] ] } },
{ "type": "Feature", "properties": { "label": "vineyard", "area_m2": 0.24163152930291967 }, "geometry": { "type": "Polygon", "coordinates": [ [ [ 629223.200169085059315, 5220823.449881305918097 ], [ 629223.46594042237848, 5220823.691196088679135 ], [ 629223.475159026565962, 5220823.79984097275883 ], [ 629223.549913623952307, 5220823.799829317256808 ], [ 629223.699832740356214, 5220823.624859142117202 ], [ 629223.724932691198774, 5220823.45108475908637 ], [ 629223.699876368977129, 5220823.400159606710076 ], [ 629223.612990527180955, 5220823.385011015459895 ], [ 629223.525437968084589, 5220823.2747393688187 ], [ 629223.511973406537436, 5220823.200421875342727 ], [ 629223.746900948695838, 5220823.052569126710296 ], [ 629224.049840973573737, 5220823.024840973317623 ], [ 629224.049840973573737, 5220822.850159026682377 ], [ 629223.950138421379961, 5220822.850167982280254 ], [ 629223.852288907044567, 5220822.945290387608111 ], [ 629223.750159026472829, 5220822.95015902724117 ], [ 629223.72682976082433, 5220823.058291346766055 ], [ 629223.479164985474199, 5220823.172897092066705 ], [ 629223.275153243565001, 5220823.225156566128135 ], [ 629223.200170118827373, 5220823.375076605007052 ], [ 629223.200169085059315, 5220823.449881305918097 ] ] ] } },
{ "type": "Feature", "properties": { "label": "vineyard", "area_m2": 0.22730801444690121 }, "geometry": { "type": "Polygon", "coordinates": [ [ [ 629206.900114952470176, 5220823.67511495295912 ], [ 629206.900114952470176, 5220823.749885046854615 ], [ 629207.065334454062395, 5220823.813556613400578 ], [ 629207.112841834663413, 5220823.884656431153417 ], [ 629207.079579796292819, 5220823.975075998343527 ], [ 629206.950114952516742, 5220824.000114953145385 ], [ 629206.950114952516742, 5220824.024885047227144 ], [ 629207.072545121074654, 5220824.049999999813735 ], [ 629207.199937188299373, 5220824.024882485158741 ], [ 629207.274881805526093, 5220823.924951042048633 ], [ 629207.253118152962998, 5220823.757593235000968 ], [ 629207.299882486113347, 5220823.674937187694013 ], [ 629207.307612046715803, 5220823.536731655709445 ], [ 629207.361731656827033, 5220823.482612046413124 ], [ 629207.449904862674884, 5220823.474884072318673 ], [ 629207.474881805595942, 5220823.424951042048633 ], [ 629207.399937188252807, 5220823.150117515586317 ], [ 629207.175114952493459, 5220823.200114953331649 ], [ 629207.200000000069849, 5220823.359021859243512 ], [ 629207.164605764206499, 5220823.450505225919187 ], [ 629207.025117513956502, 5220823.525062812492251 ], [ 629206.988439328502864, 5220823.652301045134664 ], [ 629206.900114952470176, 5220823.67511495295912 ] ] ] } },
{ "type": "Feature", "properties": { "label": "vineyard", "area_m2": 0.22695891139431237 }, "geometry": { "type": "Polygon", "coordinates": [ [ [ 629203.975115926004946, 5220823.9499048627913 ], [ 629204.224885047646239, 5220823.974885046482086 ], [ 629204.243132952833548, 5220823.914276754483581 ], [ 629204.299883639905602, 5220823.874913700856268 ], [ 629204.308721673325635, 5220823.525133715011179 ], [ 629204.379988636355847, 5220823.456700719892979 ], [ 629204.499885047553107, 5220823.44988504704088 ], [ 629204.499885047553107, 5220823.350114952772856 ], [ 629204.404042848735116, 5220823.278146494179964 ], [ 629204.39988504757639, 5220823.125114953145385 ], [ 629204.325062811840326, 5220823.125117515213788 ], [ 629204.284155497793108, 5220823.254017147235572 ], [ 629204.200114952516742, 5220823.30011495295912 ], [ 629204.16705102880951, 5220823.385111814364791 ], [ 629204.025117513956502, 5220823.450062812305987 ], [ 629203.975115926004946, 5220823.9499048627913 ] ] ] } },
{ "type": "Feature", "properties": { "label": "vineyard", "area_m2": 0.11942003172835283 }, "geometry": { "type": "Polygon", "coordinates": [ [ [ 629207.275060101412237, 5220822.973768528550863 ], [ 629207.3260357134277, 5220823.150192220695317 ], [ 629207.424896535347216, 5220823.174836050719023 ], [ 629207.549841671483591, 5220823.07491909712553 ], [ 629207.553429741295986, 5220822.917049989104271 ], [ 629207.623030664399266, 5220822.764062057249248 ], [ 629207.69984097359702, 5220822.749840972945094 ], [ 629207.703174368711188, 5220822.585604092106223 ], [ 629207.824953101575375, 5220822.422653004527092 ], [ 629207.677013877546415, 5220822.572925271466374 ], [ 629207.53161012288183, 5220822.579603191465139 ], [ 629207.517461465089582, 5220822.468424568884075 ], [ 629207.695185879594646, 5220822.263956346549094 ], [ 629207.824950861628167, 5220822.202425013296306 ], [ 629207.774913623929024, 5220822.150170682929456 ], [ 629207.700159026542678, 5220822.150159027427435 ], [ 629207.69308783847373, 5220822.228276395238936 ], [ 629207.575160756125115, 5220822.325151949189603 ], [ 629207.500170118641108, 5220822.475076603703201 ], [ 629207.500170792918652, 5220822.574937251396477 ], [ 629207.602963437093422, 5220822.705468499101698 ], [ 629207.612289168057032, 5220822.768865696154535 ], [ 629207.523474511690438, 5220822.885006832890213 ], [ 629207.30008639045991, 5220822.875170705839992 ], [ 629207.275060101412237, 5220822.973768528550863 ] ] ] } },
{ "type": "Feature", "properties": { "label": "vineyard", "area_m2": 0.1579992566966579 }, "geometry": { "type": "Polygon", "coordinates": [ [ [ 629201.600000000093132, 5220823.247054241597652 ], [ 629201.799863378633745, 5220823.299842657521367 ], [ 629201.899832695838995, 5220823.174859113059938 ], [ 629201.924643586273305, 5220823.075908629223704 ], [ 629201.898768382379785, 5220822.91666748188436 ], [ 629201.927842976758257, 5220822.743835271336138 ], [ 629202.126430050469935, 5220822.627847299911082 ], [ 629202.199913609656505, 5220822.624829294160008 ], [ 629202.224842573399656, 5220822.550145250745118 ], [ 629202.075159026542678, 5220822.500159027054906 ], [ 629202.063433079165407, 5220822.55692348908633 ], [ 629201.925160071696155, 5220822.65014841593802 ], [ 629201.92004304821603, 5220822.729606589302421 ], [ 629201.809466196689755, 5220822.859747725538909 ], [ 629201.625150369131006, 5220822.850161644630134 ], [ 629201.600073871901259, 5220822.925951167009771 ], [ 629201.62355571158696, 5220823.04197265021503 ], [ 629201.600000000093132, 5220823.247054241597652 ] ] ] } },
{ "type": "Feature", "properties": { "label": "vineyard", "area_m2": 0.30336982253678468 }, "geometry": { "type": "Polygon", "coordinates": [ [ [ 629212.500161371892318, 5220822.57511926908046 ], [ 629212.57515174348373, 5220822.999840231612325 ], [ 629212.649918557726778, 5220822.999826003797352 ], [ 629212.724842563853599, 5220822.949881321750581 ], [ 629212.727837303071283, 5220822.844748233444989 ], [ 629212.829366431920789, 5220822.656951573677361 ], [ 629213.049840973573737, 5220822.649840973317623 ], [ 629213.025163298472762, 5220822.500905053690076 ], [ 629212.974881322239526, 5220822.425157438032329 ], [ 629212.8488713192055, 5220822.399484816938639 ], [ 629212.781308738165535, 5220821.992644515819848 ], [ 629212.919666205067188, 5220821.925162262283266 ], [ 629213.024197675171308, 5220821.927012080326676 ], [ 629213.15105773776304, 5220821.999931362457573 ], [ 629213.299918557750061, 5220821.999826003797352 ], [ 629213.374842563760467, 5220821.949881321750581 ], [ 629213.374830289278179, 5220821.850132757797837 ], [ 629213.277949744602665, 5220821.700691767968237 ], [ 629213.274840973550454, 5220821.625159027054906 ], [ 629213.200159026542678, 5220821.625159027054906 ], [ 629213.191337256343104, 5220821.706538730300963 ], [ 629213.031655163853429, 5220821.841857653111219 ], [ 629212.801146867917851, 5220821.800064258277416 ], [ 629212.700170700438321, 5220821.875086386688054 ], [ 629212.700159026542678, 5220821.974840972572565 ], [ 629212.777390174451284, 5220822.004308512434363 ], [ 629212.84259243379347, 5220822.409063121303916 ], [ 629212.600089664570987, 5220822.50016875192523 ], [ 629212.500161371892318, 5220822.57511926908046 ] ] ] } },
{ "type": "Feature", "properties": { "label": "vineyard", "area_m2": 0.57262556910490592 }, "geometry": { "type": "Polygon", "coordinates": [ [ [ 629223.625156397582032, 5220821.949861564673483 ], [ 629223.774231158895418, 5220822.063579720444977 ], [ 629223.774272413807921, 5220822.25483066868037 ], [ 629223.700066080782562, 5220822.376109757460654 ], [ 629223.725123631185852, 5220822.599840393289924 ], [ 629223.899848285713233, 5220822.599840252660215 ], [ 629223.977266723406501, 5220822.427380620501935 ], [ 629224.16291204735171, 5220822.365552552044392 ], [ 629224.298109854920767, 5220822.74382608756423 ], [ 629224.300159026519395, 5220822.874840972945094 ], [ 629224.324913609656505, 5220822.874829294160008 ], [ 629224.374840973527171, 5220822.750159027054906 ], [ 629224.294932912453078, 5220822.725787679664791 ], [ 629224.174829311319627, 5220822.275086379610002 ], [ 629224.027799545088783, 5220822.10432802233845 ], [ 629224.025760828633793, 5220821.963449518196285 ], [ 629224.060781787033193, 5220821.931437054648995 ], [ 629224.256932110758498, 5220821.948522974736989 ], [ 629224.300123631139286, 5220821.999840393662453 ], [ 629224.649876368930563, 5220822.099840393289924 ], [ 629224.700125486124307, 5220821.973737581633031 ], [ 629224.724931167555042, 5220821.7760537462309 ], [ 629224.603293284075335, 5220821.600781523622572 ], [ 629224.599838343798183, 5220821.500150386244059 ], [ 629224.376948356977664, 5220821.42557592317462 ], [ 629224.199869748554192, 5220821.300158956088126 ], [ 629223.975159767782316, 5220821.325151744298637 ], [ 629224.000126278144307, 5220821.449845105409622 ], [ 629224.19508419255726, 5220821.555372560396791 ], [ 629224.220128066837788, 5220821.817230753600597 ], [ 629224.019238814245909, 5220821.92482066527009 ], [ 629223.650123631116003, 5220821.875159606337547 ], [ 629223.625156397582032, 5220821.949861564673483 ] ] ] } },
{ "type": "Feature", "properties": { "label": "vineyard", "area_m2": 0.45781335004542528 }, "geometry": { "type": "Polygon", "coordinates": [ [ [ 629232.275000000023283, 5220822.472063056193292 ], [ 629232.399841143982485, 5220822.449875239282846 ], [ 629232.416797955869697, 5220822.217958530411124 ], [ 629232.890409033629112, 5220822.007753630168736 ], [ 629232.979196985717863, 5220822.068466979078948 ], [ 629233.023632764699869, 5220822.271433362737298 ], [ 629233.000157693168148, 5220822.449868351221085 ], [ 629233.168957970454358, 5220822.649923854507506 ], [ 629233.150157903903164, 5220822.824924582615495 ], [ 629233.27485029574018, 5220822.849839014001191 ], [ 629233.396933050476946, 5220822.605521181598306 ], [ 629233.525809266138822, 5220822.524016443639994 ], [ 629233.599829990766011, 5220822.424935721792281 ], [ 629233.57484162284527, 5220821.975158377550542 ], [ 629233.425159965176135, 5220822.050141641870141 ], [ 629233.424309761379845, 5220822.326417656615376 ], [ 629233.371742039220408, 5220822.356120195239782 ], [ 629233.148139332653955, 5220822.26915680617094 ], [ 629233.051948189386167, 5220822.053993656300008 ], [ 629233.049830317613669, 5220821.925071110017598 ], [ 629232.924877929850481, 5220821.700151784345508 ], [ 629232.700158377178013, 5220821.675158376805484 ], [ 629232.695354380761273, 5220821.774848578497767 ], [ 629232.500140367657878, 5220821.97514745220542 ], [ 629232.275000000023283, 5220822.472063056193292 ] ] ] } },
{ "type": "Feature", "properties": { "label": "vineyard", "area_m2": 0.39035915538254379 }, "geometry": { "type": "Polygon", "coordinates": [ [ [ 629217.850114952540025, 5220823.000114953145385 ], [ 629217.875114952446893, 5220823.299885046668351 ], [ 629218.02488504757639, 5220823.299885046668351 ], [ 629218.031943713198416, 5220823.149864497594535 ], [ 629218.133732908638194, 5220823.053925935178995 ], [ 629218.257155205472372, 5220823.051751262508333 ], [ 629218.325070216786116, 5220823.09988284856081 ], [ 629218.474885047646239, 5220823.124885046854615 ], [ 629218.44988248613663, 5220822.875062812119722 ], [ 629218.351751262904145, 5220822.757155206054449 ], [ 629218.374368224991485, 5220822.481213867664337 ], [ 629218.482593229971826, 5220822.403118153102696 ], [ 629218.575062811840326, 5220822.449882484972477 ], [ 629218.799885047599673, 5220822.474885046482086 ], [ 629218.824884074158035, 5220822.200095137581229 ], [ 629218.752454878995195, 5220822.174999999813735 ], [ 629218.618208419065922, 5220822.208334182389081 ], [ 629218.524937188252807, 5220822.075117515400052 ], [ 629218.350114952540025, 5220822.025114953517914 ], [ 629218.324095112620853, 5220822.092155896127224 ], [ 629218.250114952446893, 5220822.125114953145385 ], [ 629218.250117150135338, 5220822.374929782934487 ], [ 629218.301585127832368, 5220822.467406772077084 ], [ 629218.250117150135338, 5220822.550070216879249 ], [ 629218.244454218656756, 5220822.766113758087158 ], [ 629218.199293418088928, 5220822.81379368994385 ], [ 629218.125062811770476, 5220822.825117515400052 ], [ 629218.057092546368949, 5220822.909297254867852 ], [ 629217.975086298072711, 5220822.925116361118853 ], [ 629217.932092546368949, 5220822.984297255054116 ], [ 629217.850114952540025, 5220823.000114953145385 ] ] ] } },
{ "type": "Feature", "properties": { "label": "vineyard", "area_m2": 0.032852621415874035 }, "geometry": { "type": "Polygon", "coordinates": [ [ [ 629220.875163983553648, 5220822.625103486701846 ], [ 629220.902945764479227, 5220822.724999999627471 ], [ 629221.099843403557315, 5220822.699841370806098 ], [ 629221.134080724557862, 5220822.516196035780013 ], [ 629221.244362087687477, 5220822.406740358099341 ], [ 629221.324918558704667, 5220822.399826004169881 ], [ 629221.39984256378375, 5220822.349881320260465 ], [ 629221.351955800550058, 5220822.354099472053349 ], [ 629221.254182513686828, 5220822.277437694370747 ], [ 629221.304339365102351, 5220822.169116689823568 ], [ 629221.399840973550454, 5220822.150159027427435 ], [ 629221.225159767898731, 5220822.175151742994785 ], [ 629221.248277389327995, 5220822.39503896702081 ], [ 629221.122592161293142, 5220822.525032603181899 ], [ 629221.100455736042932, 5220822.638715610839427 ], [ 629221.036233004764654, 5220822.69407875277102 ], [ 629220.994947653380223, 5220822.689352073706686 ], [ 629220.934999201912433, 5220822.601919024251401 ], [ 629220.950139082153328, 5220822.525160397402942 ], [ 629220.875163983553648, 5220822.625103486701846 ] ] ] } },
{ "type": "Feature", "properties": { "label": "vineyard", "area_m2": 0.39932579511610822 }, "geometry": { "type": "Polygon", "coordinates": [ [ [ 629215.525000000023283, 5220822.797054241411388 ], [ 629215.624913610517979, 5220822.799829293042421 ], [ 629215.649845970445313, 5220822.774913446046412 ], [ 629215.726958734798245, 5220822.503764079883695 ], [ 629215.899845555657521, 5220822.399849253706634 ], [ 629215.998773196828552, 5220822.209442260675132 ], [ 629216.174844256020151, 5220822.199840281158686 ], [ 629216.299975912901573, 5220821.423035443760455 ], [ 629216.299834856181405, 5220821.225080002099276 ], [ 629216.224871227517724, 5220821.125160899944603 ], [ 629216.150096112280153, 5220821.12515758164227 ], [ 629216.100169957266189, 5220821.175101598724723 ], [ 629216.099914920865558, 5220821.566874257288873 ], [ 629216.055474028922617, 5220821.641694696620107 ], [ 629215.902317299856804, 5220821.699083674699068 ], [ 629215.800062737660483, 5220821.700170766562223 ], [ 629215.725170696503483, 5220821.750086383894086 ], [ 629215.725160071742721, 5220821.824851584620774 ], [ 629215.893669645185582, 5220821.926454654894769 ], [ 629215.941628096858039, 5220822.077828995883465 ], [ 629215.800160668673925, 5220822.250142354518175 ], [ 629215.788982557249255, 5220822.329518395476043 ], [ 629215.550156965502538, 5220822.475128183141351 ], [ 629215.525000000023283, 5220822.797054241411388 ] ] ] } },
{ "type": "Feature", "properties": { "label": "vineyard", "area_m2": 0.25579460326628417 }, "geometry": { "type": "Polygon", "coordinates": [ [ [ 629210.425000000046566, 5220822.472054241225123 ], [ 629210.499840973527171, 5220822.474840972572565 ], [ 629210.554178354330361, 5220822.164409858174622 ], [ 629210.649898422881961, 5220822.14983006939292 ], [ 629210.724829311249778, 5220822.074913621880114 ], [ 629210.77362694113981, 5220821.762230887077749 ], [ 629210.900100991944782, 5220821.699063308537006 ], [ 629210.9249326629797, 5220821.5010841852054 ], [ 629210.850129827740602, 5220821.362468593753874 ], [ 629210.875, 5220820.927945758216083 ], [ 629210.849913609912619, 5220820.900170706212521 ], [ 629210.725000000093132, 5220820.902945758774877 ], [ 629210.775143447215669, 5220821.07484136801213 ], [ 629210.845822734525427, 5220821.103388613089919 ], [ 629210.84450030233711, 5220821.350307337008417 ], [ 629210.750081425183453, 5220821.37517396081239 ], [ 629210.650833311723545, 5220821.449346931651235 ], [ 629210.598568762885407, 5220821.576585476286709 ], [ 629210.450170704280026, 5220821.750086390413344 ], [ 629210.500159604009241, 5220822.124876368790865 ], [ 629210.544564133626409, 5220822.172046192921698 ], [ 629210.501885055564344, 5220822.375641275197268 ], [ 629210.425159026519395, 5220822.400159027427435 ], [ 629210.425000000046566, 5220822.472054241225123 ] ] ] } },
{ "type": "Feature", "properties": { "label": "vineyard", "area_m2": 0.34438621843721917 }, "geometry": { "type": "Polygon", "coordinates": [ [ [ 629226.299999999930151, 5220822.472063057124615 ], [ 629226.350064296275377, 5220822.499829941429198 ], [ 629226.556745257927105, 5220822.500801770947874 ], [ 629226.638807965093292, 5220822.54395563993603 ], [ 629226.700157903716899, 5220822.749924581497908 ], [ 629226.774841622565873, 5220822.77484162338078 ], [ 629226.782406433718279, 5220822.685283905826509 ], [ 629226.915949866408482, 5220822.560632763430476 ], [ 629227.149857072159648, 5220822.499849228188396 ], [ 629227.275252483086661, 5220822.324194167740643 ], [ 629227.349976056721061, 5220822.148041328415275 ], [ 629227.299841622938402, 5220821.775158377364278 ], [ 629226.850123829208314, 5220821.800158903002739 ], [ 629226.825170058407821, 5220821.850064296275377 ], [ 629226.825158377061598, 5220821.924841622821987 ], [ 629226.899876170326024, 5220821.924841096624732 ], [ 629226.949438959360123, 5220821.875199445523322 ], [ 629227.177362989867106, 5220821.911826986819506 ], [ 629227.242914014961571, 5220822.118846753612161 ], [ 629227.107994970749132, 5220822.243231884203851 ], [ 629226.875137044931762, 5220822.250166260637343 ], [ 629226.717103486647829, 5220822.392204319126904 ], [ 629226.499875503010117, 5220822.300156910903752 ], [ 629226.400132377631962, 5220822.300155113451183 ], [ 629226.300155113800429, 5220822.40013237670064 ], [ 629226.299999999930151, 5220822.472063057124615 ] ] ] } },
{ "type": "Feature", "properties": { "label": "vineyard", "area_m2": 0.20767780846947037 }, "geometry": { "type": "Polygon", "coordinates": [ [ [ 629199.150000000023283, 5220822.622054241597652 ], [ 629199.299871276482008, 5220822.674832495860755 ], [ 629199.524845978361554, 5220822.549913449212909 ], [ 629199.549975912901573, 5220822.376964556053281 ], [ 629199.477508046547882, 5220822.242911880835891 ], [ 629199.500134483212605, 5220822.028010885231197 ], [ 629199.530551519244909, 5220822.000756768509746 ], [ 629199.674876373261213, 5220821.999840400181711 ], [ 629199.724829247803427, 5220821.899937266483903 ], [ 629199.724838344729505, 5220821.825150385499001 ], [ 629199.374937267741188, 5220821.675170754082501 ], [ 629199.300153307733126, 5220821.700104905292392 ], [ 629199.27517070423346, 5220821.799913609400392 ], [ 629199.379559772205539, 5220821.835668884217739 ], [ 629199.496335744974203, 5220821.995201758109033 ], [ 629199.475856538047083, 5220822.218228282406926 ], [ 629199.444454863318242, 5220822.249243444763124 ], [ 629199.32514043955598, 5220822.250166065059602 ], [ 629199.200690843281336, 5220822.399423884227872 ], [ 629199.150000000023283, 5220822.622054241597652 ] ] ] } },
{ "type": "Feature", "properties": { "label": "vineyard", "area_m2": 0.052251221913689569 }, "geometry": { "type": "Polygon", "coordinates": [ [ [ 629229.600046171457507, 5220821.622554073110223 ], [ 629229.754374242620543, 5220821.66506274882704 ], [ 629229.848395625362173, 5220821.848329661414027 ], [ 629229.850159026565962, 5220821.949840973131359 ], [ 629230.244919063639827, 5220821.998146602883935 ], [ 629230.275159026496112, 5220822.074840973131359 ], [ 629230.324876368977129, 5220822.074840393848717 ], [ 629230.349840973620303, 5220822.000159027054906 ], [ 629229.951203509932384, 5220821.950648153200746 ], [ 629229.924840973573737, 5220821.850159026682377 ], [ 629229.84562575747259, 5220821.83493725117296 ], [ 629229.752296370686963, 5220821.65095757227391 ], [ 629229.774841369246133, 5220821.425143447704613 ], [ 629229.674915986950509, 5220821.375169765204191 ], [ 629229.600159026565962, 5220821.375159027054906 ], [ 629229.68425109772943, 5220821.43243396282196 ], [ 629229.600046171457507, 5220821.622554073110223 ] ] ] } },
{ "type": "Feature", "properties": { "label": "vineyard", "area_m2": 0.32116808041870404 }, "geometry": { "type": "Polygon", "coordinates": [ [ [ 629204.450115208979696, 5220822.949904670938849 ], [ 629204.624912942294031, 5220822.974884386174381 ], [ 629204.672907992615364, 5220822.912711168639362 ], [ 629204.749885719269514, 5220822.899885719642043 ], [ 629204.799882085877471, 5220822.749959900975227 ], [ 629204.799882929422893, 5220822.625057321973145 ], [ 629204.733710969332606, 5220822.549840495921671 ], [ 629204.679305966477841, 5220822.320971531793475 ], [ 629204.72786032629665, 5220822.261807872913778 ], [ 629204.824932901537977, 5220822.249883408658206 ], [ 629204.999900931143202, 5220822.149899697862566 ], [ 629205.024882595054805, 5220822.099949506111443 ], [ 629205.024884790997021, 5220821.725095328874886 ], [ 629204.87494267791044, 5220821.650117069482803 ], [ 629204.775050496100448, 5220821.650117403827608 ], [ 629204.700117070577107, 5220821.700057321228087 ], [ 629204.70011428068392, 5220821.949885719455779 ], [ 629204.783546811784618, 5220821.983216808177531 ], [ 629204.806560315890238, 5220822.074699286371469 ], [ 629204.760969499708153, 5220822.136231334879994 ], [ 629204.62505732208956, 5220822.150117069482803 ], [ 629204.575117070577107, 5220822.200057321228087 ], [ 629204.581922752200626, 5220822.385720103979111 ], [ 629204.545212104916573, 5220822.432377212680876 ], [ 629204.474999999976717, 5220822.452447512187064 ], [ 629204.47511707060039, 5220822.524942678399384 ], [ 629204.570359943783842, 5220822.616592175327241 ], [ 629204.57279801403638, 5220822.729889797046781 ], [ 629204.517020600149408, 5220822.835132931359112 ], [ 629204.450115163228475, 5220822.875096261501312 ], [ 629204.450115208979696, 5220822.949904670938849 ] ] ] } },
{ "type": "Feature", "properties": { "label": "vineyard", "area_m2": 0.56935582489618941 }, "geometry": { "type": "Polygon", "coordinates": [ [ [ 629221.300161596154794, 5220821.30012249480933 ], [ 629221.32515960407909, 5220821.749876368790865 ], [ 629221.474840973620303, 5220821.774840973317623 ], [ 629221.48467900720425, 5220821.696022673510015 ], [ 629221.674933229456656, 5220821.548904283903539 ], [ 629221.674839331419207, 5220821.425142354331911 ], [ 629221.524918180657551, 5220821.255675219930708 ], [ 629221.529468837426975, 5220821.204026417806745 ], [ 629221.630093833897263, 5220821.126672297716141 ], [ 629221.753227391978726, 5220821.128031550906599 ], [ 629221.971538407262415, 5220821.274927004240453 ], [ 629222.050104905967601, 5220821.474846693687141 ], [ 629222.174913609633222, 5220821.499829294160008 ], [ 629222.349972555530258, 5220821.124724133871496 ], [ 629222.424840973573737, 5220820.875159027054906 ], [ 629222.276454654755071, 5220820.868669644929469 ], [ 629222.174836051650345, 5220820.700143157504499 ], [ 629221.975652921828441, 5220820.500833089463413 ], [ 629221.825096112093888, 5220820.450157581828535 ], [ 629221.775045931106433, 5220820.502443699166179 ], [ 629221.898193563451059, 5220820.757473489269614 ], [ 629221.625164510798641, 5220821.025093273259699 ], [ 629221.501471648458391, 5220821.215633203275502 ], [ 629221.425077112740837, 5220821.225164622999728 ], [ 629221.300161596154794, 5220821.30012249480933 ] ] ] } },
{ "type": "Feature", "properties": { "label": "vineyard", "area_m2": 0.37999121043106021 }, "geometry": { "type": "Polygon", "coordinates": [ [ [ 629201.975161554524675, 5220821.900078129023314 ], [ 629202.075161138782278, 5220822.4999138424173 ], [ 629202.249863378587179, 5220822.574842657893896 ], [ 629202.349980443716049, 5220822.448931187391281 ], [ 629202.400845362339169, 5220821.459350171498954 ], [ 629202.624829295789823, 5220821.199913608841598 ], [ 629202.624829295789823, 5220821.075086390599608 ], [ 629202.599913610029034, 5220821.050170705653727 ], [ 629202.500170704210177, 5220821.075086390599608 ], [ 629202.494143785559572, 5220821.155143184587359 ], [ 629201.975161554524675, 5220821.900078129023314 ] ] ] } },
{ "type": "Feature", "properties": { "label": "vineyard", "area_m2": 0.2744068755716576 }, "geometry": { "type": "Polygon", "coordinates": [ [ [ 629218.350115926004946, 5220822.024904862977564 ], [ 629218.525042403605767, 5220822.099881482310593 ], [ 629218.669302201829851, 5220822.057287915609777 ], [ 629218.729244692134671, 5220822.10048362519592 ], [ 629218.775062811793759, 5220822.199882484972477 ], [ 629218.824885047622956, 5220822.19988504704088 ], [ 629218.7976788606029, 5220822.014010495506227 ], [ 629218.842939047259279, 5220821.962294552475214 ], [ 629218.925000000046566, 5220821.947545138187706 ], [ 629218.924881805549376, 5220821.850048957392573 ], [ 629218.82555270800367, 5220821.694521198049188 ], [ 629218.875, 5220821.302454861812294 ], [ 629218.824937188299373, 5220821.200117515400052 ], [ 629218.625114952446893, 5220821.200114953331649 ], [ 629218.625116766779684, 5220821.299921978265047 ], [ 629218.697795277810656, 5220821.395095523446798 ], [ 629218.70584382256493, 5220821.556846309453249 ], [ 629218.658448000904173, 5220821.61193133238703 ], [ 629218.550117513979785, 5220821.650062812492251 ], [ 629218.538904835586436, 5220821.770781330764294 ], [ 629218.400115925935097, 5220821.850095137022436 ], [ 629218.350117514026351, 5220821.950062812305987 ], [ 629218.350115926004946, 5220822.024904862977564 ] ] ] } },
{ "type": "Feature", "properties": { "label": "vineyard", "area_m2": 0.73937348777246459 }, "geometry": { "type": "Polygon", "coordinates": [ [ [ 629232.875061524799094, 5220821.248797502368689 ], [ 629232.900157748139463, 5220821.399843611754477 ], [ 629233.121308641973883, 5220821.473227410577238 ], [ 629233.275145055260509, 5220821.649841789156199 ], [ 629233.462918559322134, 5220821.770604739896953 ], [ 629233.475169084966183, 5220821.899881306104362 ], [ 629233.575083206756972, 5220821.999840781092644 ], [ 629233.799876373261213, 5220822.02484040055424 ], [ 629234.049829926108941, 5220821.524923413991928 ], [ 629233.974842568044551, 5220821.175118673592806 ], [ 629233.749920576927252, 5220821.000158288516104 ], [ 629233.643085590563715, 5220820.988121118396521 ], [ 629233.456618471769616, 5220820.757898569107056 ], [ 629233.44984097359702, 5220820.675159026868641 ], [ 629233.375159026472829, 5220820.675159026868641 ], [ 629233.375159026472829, 5220820.749840972945094 ], [ 629233.456914409529418, 5220820.761878881603479 ], [ 629233.627735752612352, 5220820.972781317308545 ], [ 629233.622999131446704, 5220821.022757579572499 ], [ 629233.47351900942158, 5220821.146833057515323 ], [ 629233.355804649298079, 5220821.150000000372529 ], [ 629233.1209591437364, 5220821.078248415142298 ], [ 629233.099840973620303, 5220821.000159027054906 ], [ 629233.00008638354484, 5220821.000170697458088 ], [ 629232.875061524799094, 5220821.248797502368689 ] ] ] } },
{ "type": "Feature", "properties": { "label": "vineyard", "area_m2": 0.25980415323898881 }, "geometry": { "type": "Polygon", "coordinates": [ [ [ 629213.176095714676194, 5220821.150066771544516 ], [ 629213.200086390483193, 5220821.249829294160008 ], [ 629213.36516396549996, 5220821.251952238380909 ], [ 629213.650062738917768, 5220821.399829234927893 ], [ 629213.799840973573737, 5220821.399840973317623 ], [ 629213.799836525693536, 5220821.325100604444742 ], [ 629213.726244240067899, 5220821.194124690257013 ], [ 629213.774829318281263, 5220820.725086373277009 ], [ 629213.677832922432572, 5220820.579833732917905 ], [ 629213.724840973620303, 5220820.300159026868641 ], [ 629213.650127550121397, 5220820.30015810392797 ], [ 629213.474434864707291, 5220820.400745462626219 ], [ 629213.400000000023283, 5220820.602945758961141 ], [ 629213.400170746375807, 5220820.674937268719077 ], [ 629213.50014344684314, 5220820.924841367639601 ], [ 629213.738282515318133, 5220820.996429668739438 ], [ 629213.721846181550063, 5220821.179177992045879 ], [ 629213.544612537370995, 5220821.199842222034931 ], [ 629213.176095714676194, 5220821.150066771544516 ] ] ] } },
{ "type": "Feature", "properties": { "label": "vineyard", "area_m2": 0.80137862533670401 }, "geometry": { "type": "Polygon", "coordinates": [ [ [ 629226.600114280707203, 5220821.249885719269514 ], [ 629226.855487179826014, 5220821.200552020221949 ], [ 629226.945710678119212, 5220821.229289322160184 ], [ 629226.974999999976717, 5220821.299999999813735 ], [ 629226.950117914122529, 5220821.474959902465343 ], [ 629227.000057321973145, 5220821.624882929958403 ], [ 629227.449912942363881, 5220821.599884386174381 ], [ 629227.497907991637476, 5220821.537711169570684 ], [ 629227.599885719246231, 5220821.524885719642043 ], [ 629227.624882085830905, 5220821.449959902092814 ], [ 629227.599882929353043, 5220821.275057322345674 ], [ 629227.541226842324249, 5220821.177682835608721 ], [ 629227.552333637839183, 5220821.101062309928238 ], [ 629227.606244979891926, 5220821.024398145265877 ], [ 629227.699892274453305, 5220820.97493420727551 ], [ 629227.756244983407669, 5220820.874398143030703 ], [ 629227.849942677887157, 5220820.849882930517197 ], [ 629227.899892273708247, 5220820.799934208393097 ], [ 629227.92488571931608, 5220820.725114280357957 ], [ 629227.744129847502336, 5220820.694552537985146 ], [ 629227.716032790252939, 5220820.621751111932099 ], [ 629227.749884790973738, 5220820.525095328688622 ], [ 629227.699949505040422, 5220820.500117404386401 ], [ 629227.449949503876269, 5220820.400117403827608 ], [ 629227.250114280846901, 5220820.400114280171692 ], [ 629227.224999999976717, 5220820.622552487999201 ], [ 629227.287582561839372, 5220820.786339514888823 ], [ 629227.267109681037255, 5220820.861835766583681 ], [ 629227.208477201871574, 5220820.897988315671682 ], [ 629227.100099563365802, 5220820.900115001015365 ], [ 629227.054046161239967, 5220820.96341532561928 ], [ 629226.965567316743545, 5220820.978474435396492 ], [ 629226.868945927824825, 5220820.881284913979471 ], [ 629226.874885719269514, 5220820.725114280357957 ], [ 629226.800095329410397, 5220820.725115208886564 ], [ 629226.600114280707203, 5220821.249885719269514 ] ] ] } },
{ "type": "Feature", "properties": { "label": "vineyard", "area_m2": 0.19578973290537524 }, "geometry": { "type": "Polygon", "coordinates": [ [ [ 629199.725117150228471, 5220821.174929782748222 ], [ 629199.77510734112002, 5220821.249902712181211 ], [ 629199.900062811793759, 5220821.324882484972477 ], [ 629200.016267091501504, 5220821.328925935551524 ], [ 629200.075070216786116, 5220821.374882848933339 ], [ 629200.199885047622956, 5220821.374885046854615 ], [ 629200.19988248613663, 5220821.275062812492251 ], [ 629200.044442976708524, 5220821.208146961405873 ], [ 629200.001921471906826, 5220821.14450903236866 ], [ 629200.004640929400921, 5220820.816592521965504 ], [ 629200.124882486066781, 5220820.69993718713522 ], [ 629200.124882486066781, 5220820.625062812119722 ], [ 629200.04993718827609, 5220820.550117515027523 ], [ 629199.925062811817043, 5220820.550117515027523 ], [ 629199.900117513956502, 5220820.575062812305987 ], [ 629199.895694033592008, 5220820.804028468206525 ], [ 629199.855557023314759, 5220820.858146961778402 ], [ 629199.750117513933219, 5220820.900062812492251 ], [ 629199.725117150228471, 5220821.174929782748222 ] ] ] } },
{ "type": "Feature", "properties": { "label": "vineyard", "area_m2": 0.46242028470894353 }, "geometry": { "type": "Polygon", "coordinates": [ [ [ 629230.075000000069849, 5220820.497054241597652 ], [ 629230.125095219351351, 5220820.549831588752568 ], [ 629230.400124850566499, 5220820.649835918098688 ], [ 629230.749841614509933, 5220820.574850155040622 ], [ 629230.724913610029034, 5220820.475170705467463 ], [ 629230.620874084881507, 5220820.472915539517999 ], [ 629230.313259397633374, 5220820.317541835829616 ], [ 629230.397254891111515, 5220820.08197998162359 ], [ 629230.499839603435248, 5220819.999860916286707 ], [ 629230.50168077100534, 5220819.901584026403725 ], [ 629230.531537434784696, 5220819.873962765559554 ], [ 629230.943253114819527, 5220819.830223095603287 ], [ 629231.024952586274594, 5220819.949962647631764 ], [ 629231.125155237037688, 5220820.224840600043535 ], [ 629231.22495182021521, 5220820.224840527400374 ], [ 629231.324829295859672, 5220820.174913609400392 ], [ 629231.299247497692704, 5220819.973800024949014 ], [ 629231.249839053256437, 5220819.875152140855789 ], [ 629231.124144015251659, 5220819.771179207600653 ], [ 629231.024841340607964, 5220819.500130233354867 ], [ 629230.855829653679393, 5220819.208710725419223 ], [ 629230.874840232194401, 5220819.050151742994785 ], [ 629230.725122496136464, 5220819.025161596946418 ], [ 629230.650164621067233, 5220819.150077115744352 ], [ 629230.650066770613194, 5220819.298904283903539 ], [ 629230.753949631471187, 5220819.31005500163883 ], [ 629230.94426838203799, 5220819.565108426846564 ], [ 629230.94538919813931, 5220819.805584972724319 ], [ 629230.51911245053634, 5220819.872819147072732 ], [ 629230.400128768756986, 5220819.850160896778107 ], [ 629230.099737039068714, 5220820.275809763930738 ], [ 629230.075000000069849, 5220820.497054241597652 ] ] ] } },
{ "type": "Feature", "properties": { "label": "vineyard", "area_m2": 0.46205581867533441 }, "geometry": { "type": "Polygon", "coordinates": [ [ [ 629224.47511707060039, 5220820.100057321600616 ], [ 629224.500096262199804, 5220820.299884838052094 ], [ 629224.567993464064784, 5220820.31924029160291 ], [ 629224.63899213692639, 5220820.396704772487283 ], [ 629224.645533863105811, 5220820.463804542087018 ], [ 629224.600115208886564, 5220820.54990467056632 ], [ 629224.77504009893164, 5220820.624882086180151 ], [ 629224.849885719129816, 5220820.624885719269514 ], [ 629224.849885719129816, 5220820.550114280544221 ], [ 629224.74768694024533, 5220820.486005624756217 ], [ 629224.754877923522145, 5220820.39914301969111 ], [ 629224.840806052321568, 5220820.31349812168628 ], [ 629225.024900931632146, 5220820.224899696186185 ], [ 629225.113230215269141, 5220820.071358448825777 ], [ 629225.199885719339363, 5220820.049885720014572 ], [ 629225.197627107845619, 5220819.911414638161659 ], [ 629225.22744067129679, 5220819.85286716837436 ], [ 629225.349885719129816, 5220819.824885719455779 ], [ 629225.349885719129816, 5220819.750114280730486 ], [ 629225.241853038780391, 5220819.705557024106383 ], [ 629225.224882929353043, 5220819.57505732215941 ], [ 629225.149934207787737, 5220819.475107725709677 ], [ 629224.975040098885074, 5220819.425117913633585 ], [ 629224.900057322112843, 5220819.450117069296539 ], [ 629224.825107725686394, 5220819.52506579272449 ], [ 629224.800117404898629, 5220819.575050494633615 ], [ 629224.794478794443421, 5220819.941066135652363 ], [ 629224.740627716644667, 5220819.99277198780328 ], [ 629224.625057321973145, 5220820.000117070041597 ], [ 629224.50005732208956, 5220820.075117069296539 ], [ 629224.47511707060039, 5220820.100057321600616 ] ] ] } },
{ "type": "Feature", "properties": { "label": "vineyard", "area_m2": 0.5864145992709574 }, "geometry": { "type": "Polygon", "coordinates": [ [ [ 629227.325114952516742, 5220820.17511495295912 ], [ 629227.325115458806977, 5220820.224895354360342 ], [ 629227.408078588661738, 5220820.290640488266945 ], [ 629227.400115925935097, 5220820.399904862977564 ], [ 629227.500048957881518, 5220820.449881804175675 ], [ 629227.597042319132015, 5220820.455263148061931 ], [ 629227.800070216762833, 5220820.574882849119604 ], [ 629227.874885047553107, 5220820.57488504704088 ], [ 629227.877204722259194, 5220820.295095523819327 ], [ 629227.974881805595942, 5220820.074951042421162 ], [ 629228.00493778125383, 5220819.784943086095154 ], [ 629228.074893627781421, 5220819.69992892537266 ], [ 629228.108721672790125, 5220819.550133717246354 ], [ 629228.19988248613663, 5220819.424937187694013 ], [ 629228.199884074158035, 5220819.200095137581229 ], [ 629227.974951042211615, 5220819.100118195638061 ], [ 629227.900114952470176, 5220819.100114952772856 ], [ 629227.894574832869694, 5220819.192246977239847 ], [ 629227.800118516548537, 5220819.425042404793203 ], [ 629227.788192126550712, 5220819.622139673680067 ], [ 629227.7382683432661, 5220819.667387953028083 ], [ 629227.625042403582484, 5220819.675118517130613 ], [ 629227.475117514026351, 5220819.750062812119722 ], [ 629227.475118194590323, 5220819.849951041862369 ], [ 629227.547423551906832, 5220819.96714399009943 ], [ 629227.543056286871433, 5220820.075135502032936 ], [ 629227.42843407462351, 5220820.164596624672413 ], [ 629227.325114952516742, 5220820.17511495295912 ] ] ] } },
{ "type": "Feature", "properties": { "label": "vineyard", "area_m2": 0.28939156459311266 }, "geometry": { "type": "Polygon", "coordinates": [ [ [ 629204.975114952540025, 5220821.399885047227144 ], [ 629205.05709254660178, 5220821.415702745318413 ], [ 629205.100086298072711, 5220821.474883638322353 ], [ 629205.199885047622956, 5220821.474885046482086 ], [ 629205.220755307935178, 5220821.325483624823391 ], [ 629205.3998832332436, 5220821.199921979568899 ], [ 629205.429042848758399, 5220820.721853505820036 ], [ 629205.599883233313449, 5220820.574921978637576 ], [ 629205.599883639952168, 5220820.375086299143732 ], [ 629205.54313295299653, 5220820.335723246447742 ], [ 629205.52488504757639, 5220820.275114953517914 ], [ 629205.425062811817043, 5220820.275117515586317 ], [ 629205.350115926004946, 5220820.325095137581229 ], [ 629205.321074064238928, 5220820.516267091967165 ], [ 629205.250118516501971, 5220820.675042404793203 ], [ 629205.25063177512493, 5220820.843786132521927 ], [ 629205.200117150321603, 5220820.90007021650672 ], [ 629205.181867047096603, 5220821.010723246261477 ], [ 629205.025117150158621, 5220821.200070217251778 ], [ 629204.975114952540025, 5220821.399885047227144 ] ] ] } },
{ "type": "Feature", "properties": { "label": "vineyard", "area_m2": 0.37369777784068053 }, "geometry": { "type": "Polygon", "coordinates": [ [ [ 629216.5, 5220820.597054241225123 ], [ 629216.525086390436627, 5220820.624829294160008 ], [ 629216.6749228927074, 5220820.624835396185517 ], [ 629216.899838631274179, 5220820.474880733527243 ], [ 629216.875373472226784, 5220820.276030793786049 ], [ 629216.756104895030148, 5220820.218903836794198 ], [ 629216.774286948959343, 5220819.920587719418108 ], [ 629216.944260261254385, 5220819.851536590605974 ], [ 629217.049848249531351, 5220819.849840226583183 ], [ 629217.099590750411153, 5220819.651802556589246 ], [ 629217.199839319218881, 5220819.474924582988024 ], [ 629217.199840400950052, 5220819.375123626552522 ], [ 629217.051964586833492, 5220819.325024086982012 ], [ 629216.775081165600568, 5220819.350162774324417 ], [ 629216.650153238326311, 5220819.400156564079225 ], [ 629216.60016976390034, 5220819.500084013678133 ], [ 629216.600159514229745, 5220819.599951815791428 ], [ 629216.700150391436182, 5220819.89983833860606 ], [ 629216.768891394138336, 5220819.931099530309439 ], [ 629216.751113447942771, 5220820.230952637270093 ], [ 629216.600142057752237, 5220820.325148990377784 ], [ 629216.525714440038428, 5220820.424289072863758 ], [ 629216.5, 5220820.597054241225123 ] ] ] } },
{ "type": "Feature", "properties": { "label": "vineyard", "area_m2": 0.74866321674922964 }, "geometry": { "type": "Polygon", "coordinates": [ [ [ 629221.775170688750222, 5220820.000086379237473 ], [ 629221.775170746375807, 5220820.199937269091606 ], [ 629221.851030795369297, 5220820.475373473018408 ], [ 629221.999862581025809, 5220820.524837978184223 ], [ 629222.121940875658765, 5220820.400697425939143 ], [ 629222.549854750628583, 5220820.399842572398484 ], [ 629222.5999360519927, 5220820.27384683303535 ], [ 629222.581658122129738, 5220819.919515454210341 ], [ 629222.824881291599013, 5220819.874830894172192 ], [ 629222.899853810900822, 5220819.799866893328726 ], [ 629222.949932663002983, 5220819.698915814980865 ], [ 629222.924838809296489, 5220819.450083804316819 ], [ 629222.801964572165161, 5220819.425024086609483 ], [ 629222.583277218858711, 5220819.464049397967756 ], [ 629222.499840395990759, 5220819.150123631581664 ], [ 629222.250130121130496, 5220819.125166555866599 ], [ 629222.12515830504708, 5220819.275079432874918 ], [ 629222.125404758611694, 5220819.375792388804257 ], [ 629222.175150385475717, 5220819.524838343262672 ], [ 629222.324879217194393, 5220819.529846077784896 ], [ 629222.422731426777318, 5220819.647210015915334 ], [ 629222.470128620858304, 5220819.867231485433877 ], [ 629222.273019368993118, 5220819.974284078925848 ], [ 629222.125617118901573, 5220819.99749649874866 ], [ 629221.85112857806962, 5220819.925065157003701 ], [ 629221.775170688750222, 5220820.000086379237473 ] ] ] } },
{ "type": "Feature", "properties": { "label": "vineyard", "area_m2": 0.30316448068142055 }, "geometry": { "type": "Polygon", "coordinates": [ [ [ 629208.150114952470176, 5220820.924885046668351 ], [ 629208.449885047622956, 5220820.899885047227144 ], [ 629208.468132952810265, 5220820.839276754297316 ], [ 629208.524883639882319, 5220820.799913700670004 ], [ 629208.599882486159913, 5220820.649937189184129 ], [ 629208.599882486159913, 5220820.475062810815871 ], [ 629208.483200560207479, 5220820.367956222966313 ], [ 629208.477037815959193, 5220820.217774517834187 ], [ 629208.534391549532302, 5220820.157221514731646 ], [ 629208.629028467810713, 5220820.154305966570973 ], [ 629208.688192126573995, 5220820.202860326506197 ], [ 629208.700114952516742, 5220820.299885046668351 ], [ 629208.799885047599673, 5220820.299885046668351 ], [ 629208.779080047854222, 5220820.147826950997114 ], [ 629208.825000000069849, 5220820.047545137815177 ], [ 629208.799928923603147, 5220820.00010637100786 ], [ 629208.622545121004805, 5220819.924999999813735 ], [ 629208.518212755676359, 5220819.974576741456985 ], [ 629208.277454879018478, 5220819.950000000186265 ], [ 629208.250117513933219, 5220819.975062810815871 ], [ 629208.275099301943555, 5220820.099900698289275 ], [ 629208.348033720278181, 5220820.163985847495496 ], [ 629208.350116360234097, 5220820.324913701042533 ], [ 629208.412286476464942, 5220820.372906892560422 ], [ 629208.424518472747877, 5220820.459801713936031 ], [ 629208.388439328526147, 5220820.527301045134664 ], [ 629208.300078020547517, 5220820.550116767175496 ], [ 629208.250116766779684, 5220820.600078021176159 ], [ 629208.150117513956502, 5220820.800062811002135 ], [ 629208.150114952470176, 5220820.924885046668351 ] ] ] } },
{ "type": "Feature", "properties": { "label": "vineyard", "area_m2": 0.35751915167272252 }, "geometry": { "type": "Polygon", "coordinates": [ [ [ 629218.800114952493459, 5220820.80011495295912 ], [ 629218.800115458783694, 5220820.874895353801548 ], [ 629218.875070216483437, 5220820.924882848747075 ], [ 629218.94995104172267, 5220820.924881804734468 ], [ 629219.024882486090064, 5220820.874937187880278 ], [ 629219.033721673302352, 5220820.75013371463865 ], [ 629219.121264557819813, 5220820.635347824543715 ], [ 629219.42493718827609, 5220820.649882485158741 ], [ 629219.474893628037535, 5220820.599928923882544 ], [ 629219.524882486090064, 5220820.524937189184129 ], [ 629219.522102795541286, 5220820.280143291689456 ], [ 629219.572347229463048, 5220820.232973887585104 ], [ 629219.699900698149577, 5220820.199900698848069 ], [ 629219.724881805595942, 5220820.149951042607427 ], [ 629219.724882486159913, 5220820.100062810815871 ], [ 629219.612713523674756, 5220820.002093107439578 ], [ 629219.599885047646239, 5220819.92511495295912 ], [ 629219.550095137441531, 5220819.925115927122533 ], [ 629219.471555328229442, 5220820.009002600796521 ], [ 629219.300062811817043, 5220820.000117515213788 ], [ 629219.200117514003068, 5220820.100062810815871 ], [ 629219.186485429527238, 5220820.28422415535897 ], [ 629219.025117513956502, 5220820.375062812119722 ], [ 629219.014221888035536, 5220820.583682609722018 ], [ 629218.900114952470176, 5220820.650114953517914 ], [ 629218.884155497769825, 5220820.754017147235572 ], [ 629218.800114952493459, 5220820.80011495295912 ] ] ] } },
{ "type": "Feature", "properties": { "label": "vineyard", "area_m2": 0.23033562088811457 }, "geometry": { "type": "Polygon", "coordinates": [ [ [ 629211.050066271796823, 5220819.998894129879773 ], [ 629211.125143451499753, 5220820.149841364473104 ], [ 629211.224913623416796, 5220820.149829314090312 ], [ 629211.424848418449983, 5220820.074841463007033 ], [ 629211.449840528541245, 5220819.87504817545414 ], [ 629211.3789569378132, 5220819.736500337719917 ], [ 629211.423881359165534, 5220819.553684676997364 ], [ 629211.461552336229943, 5220819.537303108721972 ], [ 629211.624070480000228, 5220819.599633675068617 ], [ 629211.747054226929322, 5220819.599999999627471 ], [ 629211.799830042873509, 5220819.549898400902748 ], [ 629211.799821824068204, 5220819.450062044896185 ], [ 629211.750258396961726, 5220819.326002498157322 ], [ 629211.674898419878446, 5220819.250169929116964 ], [ 629211.549142869887874, 5220819.2505809282884 ], [ 629211.350170696503483, 5220819.400086384266615 ], [ 629211.350159399677068, 5220819.499844761565328 ], [ 629211.417794485692866, 5220819.548407984897494 ], [ 629211.377310742856935, 5220819.726338693872094 ], [ 629211.250159026472829, 5220819.750159027054906 ], [ 629211.245276850531809, 5220819.827287327498198 ], [ 629211.158807188854553, 5220819.915920417755842 ], [ 629211.050159026519395, 5220819.925159026868641 ], [ 629211.050066271796823, 5220819.998894129879773 ] ] ] } },
{ "type": "Feature", "properties": { "label": "vineyard", "area_m2": 0.41132774530967015 }, "geometry": { "type": "Polygon", "coordinates": [ [ [ 629213.875161545700394, 5220819.725131594575942 ], [ 629213.900160389603116, 5220820.099860921502113 ], [ 629214.10006273270119, 5220820.224829246290028 ], [ 629214.199913610587828, 5220820.224829292856157 ], [ 629214.224828879465349, 5220820.100073993206024 ], [ 629214.154844561824575, 5220819.894530485384166 ], [ 629214.324829235207289, 5220819.599937261082232 ], [ 629214.344569435343146, 5220819.318374481983483 ], [ 629214.499840973527171, 5220819.29984097275883 ], [ 629214.49982931825798, 5220819.100086375139654 ], [ 629214.449913625372574, 5220819.050170682370663 ], [ 629214.304482283419929, 5220819.04933556355536 ], [ 629214.149882248835638, 5220818.975166213698685 ], [ 629214.025159026496112, 5220818.975159026682377 ], [ 629214.049753555911593, 5220819.176826816983521 ], [ 629214.02410162508022, 5220819.517785616219044 ], [ 629213.875161545700394, 5220819.725131594575942 ] ] ] } },
{ "type": "Feature", "properties": { "label": "vineyard", "area_m2": 0.078096554952997846 }, "geometry": { "type": "Polygon", "coordinates": [ [ [ 629197.500114952446893, 5220820.374885046854615 ], [ 629197.52488504757639, 5220820.374885046854615 ], [ 629197.533200560254045, 5220820.232043776661158 ], [ 629197.649882849887945, 5220820.099929782561958 ], [ 629197.656943713198416, 5220819.9748644977808 ], [ 629197.774881805526093, 5220819.799951042048633 ], [ 629197.774884074111469, 5220819.700095137581229 ], [ 629197.674951041699387, 5220819.650118195451796 ], [ 629197.575117514003068, 5220819.675062811002135 ], [ 629197.612841833964922, 5220819.915343573316932 ], [ 629197.581080075004138, 5220819.974765638820827 ], [ 629197.525115458760411, 5220820.000104645267129 ], [ 629197.500118516501971, 5220820.075042405165732 ], [ 629197.500114952446893, 5220820.374885046854615 ] ] ] } },
{ "type": "Feature", "properties": { "label": "vineyard", "area_m2": 0.25910015369724759 }, "geometry": { "type": "Polygon", "coordinates": [ [ [ 629202.675117150181904, 5220820.500070217065513 ], [ 629202.675117513979785, 5220820.574937188997865 ], [ 629202.725062811863609, 5220820.624882484786212 ], [ 629202.799885047599673, 5220820.624885046854615 ], [ 629202.832844104501419, 5220820.550904887728393 ], [ 629202.899904862628318, 5220820.524884073063731 ], [ 629202.933200560160913, 5220820.307043776847422 ], [ 629203.049893627758138, 5220820.19992892537266 ], [ 629203.099881805479527, 5220820.099951041862369 ], [ 629203.133721673279069, 5220819.900133715011179 ], [ 629203.221442122128792, 5220819.759153333492577 ], [ 629203.299884074134752, 5220819.700095137581229 ], [ 629203.124951042118482, 5220819.62511819601059 ], [ 629203.00211791577749, 5220819.66185250505805 ], [ 629202.800114952493459, 5220819.650114953517914 ], [ 629202.775117513956502, 5220819.924937187694013 ], [ 629202.864015427068807, 5220820.020084398798645 ], [ 629202.848248737165704, 5220820.207155206240714 ], [ 629202.675117150181904, 5220820.500070217065513 ] ] ] } },
{ "type": "Feature", "properties": { "label": "vineyard", "area_m2": 0.066056804464898561 }, "geometry": { "type": "Polygon", "coordinates": [ [ [ 629205.800114952493459, 5220819.749885046854615 ], [ 629205.89988504757639, 5220819.749885046854615 ], [ 629205.902204722282477, 5220819.620095524005592 ], [ 629205.961807873565704, 5220819.402860325761139 ], [ 629206.020971532328986, 5220819.354305965825915 ], [ 629206.149937188252807, 5220819.349882484413683 ], [ 629206.199881805572659, 5220819.274951042607427 ], [ 629206.199885047622956, 5220819.200114953331649 ], [ 629206.100086298072711, 5220819.200116361491382 ], [ 629206.06482004688587, 5220819.253834643401206 ], [ 629206.000114952446893, 5220819.275114953517914 ], [ 629205.970710678142495, 5220819.370710678398609 ], [ 629205.875062811770476, 5220819.400117515586317 ], [ 629205.800117513979785, 5220819.475062810815871 ], [ 629205.800114952493459, 5220819.749885046854615 ] ] ] } },
{ "type": "Feature", "properties": { "label": "vineyard", "area_m2": 0.2713883367650059 }, "geometry": { "type": "Polygon", "coordinates": [ [ [ 629200.025117513956502, 5220820.200062812305987 ], [ 629200.050062811817043, 5220820.299882484599948 ], [ 629200.224885047646239, 5220820.32488504704088 ], [ 629200.234886079560965, 5220820.175373365171254 ], [ 629200.349893628037535, 5220820.099928923882544 ], [ 629200.474881805595942, 5220819.874951042234898 ], [ 629200.479937780997716, 5220819.784943087957799 ], [ 629200.599881483591162, 5220819.499957595020533 ], [ 629200.607149392017163, 5220819.312868280336261 ], [ 629200.699885047622956, 5220819.249885046854615 ], [ 629200.67493718827609, 5220819.175117515027523 ], [ 629200.625114952446893, 5220819.17511495295912 ], [ 629200.572139673749916, 5220819.288192126899958 ], [ 629200.450114952516742, 5220819.30011495295912 ], [ 629200.434155497816391, 5220819.404017147608101 ], [ 629200.350114952540025, 5220819.450114953331649 ], [ 629200.331867047119886, 5220819.610723246820271 ], [ 629200.125117513933219, 5220819.775062812492251 ], [ 629200.098248737165704, 5220820.10715520568192 ], [ 629200.025117513956502, 5220820.200062812305987 ] ] ] } },
{ "type": "Feature", "properties": { "label": "vineyard", "area_m2": 0.35862341333089059 }, "geometry": { "type": "Polygon", "coordinates": [ [ [ 629224.800070413621143, 5220819.073978437110782 ], [ 629224.82515174348373, 5220819.17484023142606 ], [ 629224.923879281734116, 5220819.174934457056224 ], [ 629225.124392490484752, 5220819.052682526409626 ], [ 629225.244631919660605, 5220819.051893269643188 ], [ 629225.549165655276738, 5220819.299284224398434 ], [ 629225.624913610517979, 5220819.299829293042421 ], [ 629225.649840396014042, 5220819.2001236313954 ], [ 629225.473432920640334, 5220819.166039048694074 ], [ 629225.329827338689938, 5220818.956018569879234 ], [ 629225.351779898977838, 5220818.599257454276085 ], [ 629225.383097890065983, 5220818.571656759828329 ], [ 629225.724907682859339, 5220818.524836136028171 ], [ 629225.899830042850226, 5220818.399898401461542 ], [ 629225.899840973550454, 5220818.32515902724117 ], [ 629225.797850689152256, 5220818.319933124817908 ], [ 629225.574895093450323, 5220818.12515330594033 ], [ 629225.500145254191011, 5220818.100157430395484 ], [ 629225.443355041788891, 5220818.328190269879997 ], [ 629225.175159604055807, 5220818.5751236313954 ], [ 629225.099411930539645, 5220818.915490227751434 ], [ 629224.825123631278984, 5220818.975159605965018 ], [ 629224.800070413621143, 5220819.073978437110782 ] ] ] } },
{ "type": "Feature", "properties": { "label": "vineyard", "area_m2": 0.13157216563093529 }, "geometry": { "type": "Polygon", "coordinates": [ [ [ 629216.975159026565962, 5220818.875159027054906 ], [ 629217.045998851186596, 5220819.182613992132246 ], [ 629217.02515742671676, 5220819.324854749254882 ], [ 629217.224840973620303, 5220819.374840972945094 ], [ 629217.224822841817513, 5220819.275083312764764 ], [ 629217.101778487442061, 5220818.976250411942601 ], [ 629217.089995896210894, 5220818.86140179913491 ], [ 629217.274293027352542, 5220818.633042222820222 ], [ 629217.549840973573737, 5220818.67484097275883 ], [ 629217.524846293032169, 5220818.425083301961422 ], [ 629217.44993726129178, 5220818.375170765444636 ], [ 629217.325154565274715, 5220818.400128644891083 ], [ 629217.266205125721171, 5220818.63351206947118 ], [ 629217.078995736432262, 5220818.865696248598397 ], [ 629216.975159026565962, 5220818.875159027054906 ] ] ] } },
{ "type": "Feature", "properties": { "label": "vineyard", "area_m2": 0.37871817652875006 }, "geometry": { "type": "Polygon", "coordinates": [ [ [ 629219.450157897081226, 5220819.324924586340785 ], [ 629219.599296798929572, 5220819.577250002883375 ], [ 629219.600158377201296, 5220819.949841623194516 ], [ 629219.69993639504537, 5220819.949822517111897 ], [ 629219.824848797172308, 5220819.899853491224349 ], [ 629219.875, 5220819.672063056379557 ], [ 629219.826997884199955, 5220819.100547375157475 ], [ 629220.018023397307843, 5220818.838142109103501 ], [ 629220.149922181502916, 5220818.799846728332341 ], [ 629220.174843230168335, 5220818.750144585035741 ], [ 629219.900158377480693, 5220818.650158376432955 ], [ 629219.913025703164749, 5220818.758542293682694 ], [ 629219.692272601299919, 5220818.959531398490071 ], [ 629219.575064280303195, 5220818.950170010328293 ], [ 629219.475154639221728, 5220819.025099604390562 ], [ 629219.450066677876748, 5220819.076086170040071 ], [ 629219.450157897081226, 5220819.324924586340785 ] ] ] } },
{ "type": "Feature", "properties": { "label": "vineyard", "area_m2": 0.42600984731785185 }, "geometry": { "type": "Polygon", "coordinates": [ [ [ 629222.300169667112641, 5220818.849928895942867 ], [ 629222.350206186645664, 5220818.952169460244477 ], [ 629222.375160987488925, 5220819.124850295484066 ], [ 629222.499023045296781, 5220819.149927973747253 ], [ 629222.570534153841436, 5220819.108141634613276 ], [ 629222.734833848546259, 5220819.1734938621521 ], [ 629222.775075418991037, 5220819.274842097423971 ], [ 629222.87485721160192, 5220819.274842017330229 ], [ 629222.950333207147196, 5220819.12356719840318 ], [ 629222.979419309063815, 5220818.972968881949782 ], [ 629223.074834779137745, 5220818.849866742268205 ], [ 629223.081887926673517, 5220818.767021742649376 ], [ 629223.196069358964451, 5220818.647960248403251 ], [ 629223.324924582033418, 5220818.749842099845409 ], [ 629223.374829990556464, 5220818.674935723654926 ], [ 629223.374842096236534, 5220818.600075417198241 ], [ 629223.200158377061598, 5220818.525158377364278 ], [ 629223.19515365245752, 5220818.627119371667504 ], [ 629223.084544364130124, 5220818.760655805468559 ], [ 629222.986092299688607, 5220818.774248575791717 ], [ 629222.625735661014915, 5220818.475711920298636 ], [ 629222.55007541924715, 5220818.475157902576029 ], [ 629222.325150917400606, 5220818.575157877057791 ], [ 629222.300169667112641, 5220818.849928895942867 ] ] ] } },
{ "type": "Feature", "properties": { "label": "vineyard", "area_m2": 0.45396361306664063 }, "geometry": { "type": "Polygon", "coordinates": [ [ [ 629227.750159111106768, 5220818.700151077471673 ], [ 629227.750170011655428, 5220818.824935719370842 ], [ 629227.900152557063848, 5220819.09984412137419 ], [ 629228.199852065299638, 5220819.199837296269834 ], [ 629228.27484365075361, 5220819.024940512143075 ], [ 629228.276664713048376, 5220818.504836332052946 ], [ 629228.401611563633196, 5220818.298539423383772 ], [ 629228.499841220560484, 5220818.199922279454768 ], [ 629228.524839012417942, 5220817.975149704143405 ], [ 629228.400915416888893, 5220817.950075040571392 ], [ 629228.174389315885492, 5220818.000785008072853 ], [ 629228.100169464480132, 5220818.075097125023603 ], [ 629228.050081251654774, 5220818.32578862272203 ], [ 629228.072153448709287, 5220818.430707972496748 ], [ 629228.003260490717366, 5220818.614398656412959 ], [ 629227.750159111106768, 5220818.700151077471673 ] ] ] } },
{ "type": "Feature", "properties": { "label": "vineyard", "area_m2": 0.49072353476562547 }, "geometry": { "type": "Polygon", "coordinates": [ [ [ 629208.600117514026351, 5220819.924937187694013 ], [ 629208.849957596510649, 5220820.024881483055651 ], [ 629208.924885047599673, 5220819.999885046854615 ], [ 629208.951810549595393, 5220819.918335917405784 ], [ 629209.099882486159913, 5220819.824937188997865 ], [ 629209.075000000069849, 5220819.490978140383959 ], [ 629209.12993778125383, 5220819.234943086281419 ], [ 629209.169263491523452, 5220819.13197291828692 ], [ 629209.324893628014252, 5220818.974928923882544 ], [ 629209.374881805386394, 5220818.874951042234898 ], [ 629209.374883233220316, 5220818.800078020431101 ], [ 629209.263514570542611, 5220818.684224155731499 ], [ 629209.224937188439071, 5220818.550117515027523 ], [ 629209.025114952470176, 5220818.500114953145385 ], [ 629209.006867047282867, 5220818.610723245888948 ], [ 629208.875117513933219, 5220818.700062812305987 ], [ 629208.875114952446893, 5220818.774885047227144 ], [ 629208.954028467764147, 5220818.779305966570973 ], [ 629209.008146961219609, 5220818.819442976266146 ], [ 629209.023196386988275, 5220818.918906866572797 ], [ 629208.990549285197631, 5220818.975520138628781 ], [ 629208.925114952493459, 5220819.000114953145385 ], [ 629208.909155497793108, 5220819.229017147794366 ], [ 629208.800117513979785, 5220819.300062811002135 ], [ 629208.821881846990436, 5220819.467406768351793 ], [ 629208.786485429503955, 5220819.584224155172706 ], [ 629208.725135500426404, 5220819.643056287430227 ], [ 629208.625114952446893, 5220819.650114953517914 ], [ 629208.600117514026351, 5220819.924937187694013 ] ] ] } },
{ "type": "Feature", "properties": { "label": "vineyard", "area_m2": 0.33761627527529053 }, "geometry": { "type": "Polygon", "coordinates": [ [ [ 629200.525069455499761, 5220818.948970536701381 ], [ 629200.675075418781489, 5220819.199842097237706 ], [ 629200.874876170651987, 5220819.199841096997261 ], [ 629200.924834507750347, 5220819.049952859990299 ], [ 629200.924640705808997, 5220818.924106081947684 ], [ 629200.87484350556042, 5220818.725125182420015 ], [ 629200.740670424653217, 5220818.589561470784247 ], [ 629200.89355699531734, 5220818.408464404754341 ], [ 629201.024924579891376, 5220818.399842098355293 ], [ 629201.149846939719282, 5220818.274865610525012 ], [ 629201.174938958487473, 5220818.0262012463063 ], [ 629201.124924579868093, 5220817.850157901644707 ], [ 629200.875164696481079, 5220818.100074500776827 ], [ 629200.872259407420643, 5220818.301152941770852 ], [ 629200.734559107106179, 5220818.484257210046053 ], [ 629200.57515790197067, 5220818.550075417384505 ], [ 629200.525069455499761, 5220818.948970536701381 ] ] ] } },
{ "type": "Feature", "properties": { "label": "vineyard", "area_m2": 0.31008362795477989 }, "geometry": { "type": "Polygon", "coordinates": [ [ [ 629214.400114280870184, 5220818.450114279985428 ], [ 629214.400114280870184, 5220818.599885719828308 ], [ 629214.465354953077622, 5220818.621583274565637 ], [ 629214.500622924184427, 5220818.677016343921423 ], [ 629214.500114280846901, 5220818.824885719455779 ], [ 629214.617020599311218, 5220818.86486706789583 ], [ 629214.650114280870184, 5220818.999885719269514 ], [ 629214.79988571931608, 5220818.999885719269514 ], [ 629214.80552120518405, 5220818.733933866024017 ], [ 629214.859372283099219, 5220818.6822280138731 ], [ 629214.949885719339363, 5220818.674885720014572 ], [ 629214.949885719339363, 5220818.600114280357957 ], [ 629214.870515694376081, 5220818.560681506060064 ], [ 629214.854901987477206, 5220818.46907479967922 ], [ 629214.90353609865997, 5220818.411449980922043 ], [ 629214.999885719269514, 5220818.399885719642043 ], [ 629215.004931681440212, 5220818.309963636100292 ], [ 629215.049882929422893, 5220818.249942678026855 ], [ 629215.046525566722266, 5220818.115567307919264 ], [ 629215.099883512826636, 5220818.049930765293539 ], [ 629215.074882929446176, 5220817.850057320669293 ], [ 629214.999949504854158, 5220817.800117404200137 ], [ 629214.875114280846901, 5220817.825114279985428 ], [ 629214.847998476936482, 5220818.153927247971296 ], [ 629214.803857041173615, 5220818.218278050422668 ], [ 629214.746751113561913, 5220818.233967209234834 ], [ 629214.57511428068392, 5220818.200114279985428 ], [ 629214.578888149466366, 5220818.307221446186304 ], [ 629214.649942677933723, 5220818.299882930703461 ], [ 629214.736768885399215, 5220818.241859176196158 ], [ 629214.826391386799514, 5220818.276448178105056 ], [ 629214.853217429947108, 5220818.429062903858721 ], [ 629214.822559329913929, 5220818.497132830321789 ], [ 629214.630487179849297, 5220818.524447979405522 ], [ 629214.5256314430153, 5220818.442767918109894 ], [ 629214.400114280870184, 5220818.450114279985428 ] ] ] } },
{ "type": "Feature", "properties": { "label": "vineyard", "area_m2": 0.4447517123284988 }, "geometry": { "type": "Polygon", "coordinates": [ [ [ 629203.025117513956502, 5220819.350062810815871 ], [ 629203.075115925981663, 5220819.624904862605035 ], [ 629203.324885047622956, 5220819.724885046482086 ], [ 629203.337713523651473, 5220819.647906892001629 ], [ 629203.399883639882319, 5220819.599913700483739 ], [ 629203.460347824380733, 5220819.246264559216797 ], [ 629203.635179953300394, 5220819.096165357157588 ], [ 629203.699885047622956, 5220819.07488504704088 ], [ 629203.724881483591162, 5220818.500042404979467 ], [ 629203.624937188229524, 5220818.325117515400052 ], [ 629203.525104645523243, 5220818.32511545997113 ], [ 629203.443954054731876, 5220818.472424708306789 ], [ 629203.325114952516742, 5220818.500114953145385 ], [ 629203.325114952516742, 5220818.57488504704088 ], [ 629203.422139673843049, 5220818.586807873100042 ], [ 629203.470694033661857, 5220818.64597153197974 ], [ 629203.445694033638574, 5220818.85402846802026 ], [ 629203.405557023361325, 5220818.908146961592138 ], [ 629203.300062811817043, 5220818.925117515027523 ], [ 629203.250117513933219, 5220818.975062810815871 ], [ 629203.212444094475359, 5220819.133588212542236 ], [ 629203.101731595699675, 5220819.294792379252613 ], [ 629203.025117513956502, 5220819.350062810815871 ] ] ] } },
{ "type": "Feature", "properties": { "label": "vineyard", "area_m2": 0.25660174188103435 }, "geometry": { "type": "Polygon", "coordinates": [ [ [ 629211.650114952470176, 5220819.099885046482086 ], [ 629211.899951041676104, 5220819.099881804548204 ], [ 629211.974882486159913, 5220819.049937187694013 ], [ 629212.011807873495854, 5220818.677860326133668 ], [ 629212.174928923719563, 5220818.599893628619611 ], [ 629212.224881805595942, 5220818.524951042607427 ], [ 629212.224882486159913, 5220818.400062812492251 ], [ 629212.124937188229524, 5220818.200117515400052 ], [ 629212.050078020547517, 5220818.200116767548025 ], [ 629211.900117513956502, 5220818.325062812305987 ], [ 629211.897962184157223, 5220818.457225482910872 ], [ 629211.800114952493459, 5220818.525114953517914 ], [ 629211.810927307931706, 5220818.699968544766307 ], [ 629211.72511545883026, 5220818.775104645639658 ], [ 629211.722795277833939, 5220818.929904475808144 ], [ 629211.650117513956502, 5220819.025062812492251 ], [ 629211.650114952470176, 5220819.099885046482086 ] ] ] } },
{ "type": "Feature", "properties": { "label": "vineyard", "area_m2": 0.31868690296275859 }, "geometry": { "type": "Polygon", "coordinates": [ [ [ 629231.400000000023283, 5220818.222054241225123 ], [ 629231.474840973620303, 5220818.224840972572565 ], [ 629231.475183776812628, 5220817.900186442770064 ], [ 629231.505948509904556, 5220817.865053947083652 ], [ 629232.023817985202186, 5220817.993512032553554 ], [ 629232.051095714676194, 5220818.074933229014277 ], [ 629232.149138521170244, 5220818.050681152381003 ], [ 629232.178492506965995, 5220817.941521663218737 ], [ 629232.435091388877481, 5220817.86623608879745 ], [ 629232.475159026565962, 5220817.92484097275883 ], [ 629232.550756403361447, 5220817.924378104507923 ], [ 629232.674890946713276, 5220817.84982324950397 ], [ 629232.724829235346988, 5220817.77493726182729 ], [ 629232.649845439940691, 5220817.525128639303148 ], [ 629232.549937265575863, 5220817.475170752964914 ], [ 629232.475140439579263, 5220817.475166064687073 ], [ 629232.350155728985555, 5220817.62513156235218 ], [ 629232.343381528393365, 5220817.70789856929332 ], [ 629232.159551891963929, 5220817.935175122693181 ], [ 629232.085892828530632, 5220817.949789241887629 ], [ 629231.683463903493248, 5220817.606442913413048 ], [ 629231.649840973666869, 5220817.375159027054906 ], [ 629231.600123626878485, 5220817.375159599818289 ], [ 629231.550170752336271, 5220817.499937266111374 ], [ 629231.629355161567219, 5220817.649813220836222 ], [ 629231.48142058798112, 5220817.840553319081664 ], [ 629231.400159026496112, 5220817.850159026682377 ], [ 629231.400000000023283, 5220818.222054241225123 ] ] ] } },
{ "type": "Feature", "properties": { "label": "vineyard", "area_m2": 0.37092211397390162 }, "geometry": { "type": "Polygon", "coordinates": [ [ [ 629225.30015837715473, 5220817.824841623194516 ], [ 629225.474836527951993, 5220817.749922010116279 ], [ 629225.482196283875965, 5220817.682936284691095 ], [ 629225.599836600129493, 5220817.549921505153179 ], [ 629225.604419309063815, 5220817.422968882136047 ], [ 629225.691778422682546, 5220817.311574852094054 ], [ 629225.925649004639126, 5220817.326469973661005 ], [ 629225.950158377178013, 5220817.399841622449458 ], [ 629226.00936742592603, 5220817.411786617711186 ], [ 629226.144248770782724, 5220817.59447949193418 ], [ 629226.081551905488595, 5220817.798300441354513 ], [ 629226.040596350096166, 5220817.821421183645725 ], [ 629225.949928414425813, 5220817.775164101272821 ], [ 629225.851086015347391, 5220817.775066684931517 ], [ 629225.725160985486582, 5220817.825149700045586 ], [ 629225.717682892689481, 5220817.956500527448952 ], [ 629225.601982903666794, 5220818.045777508988976 ], [ 629225.525158377364278, 5220818.050158376805484 ], [ 629225.525158903095871, 5220818.124876170419157 ], [ 629225.649855354102328, 5220818.149840272963047 ], [ 629225.743544162251055, 5220818.034135236404836 ], [ 629225.793386267032474, 5220818.025176973082125 ], [ 629225.975077777751721, 5220818.174836507067084 ], [ 629226.049876170349307, 5220818.174841096624732 ], [ 629226.074933346244507, 5220818.123913335613906 ], [ 629226.075974640785716, 5220817.822704096324742 ], [ 629226.143155174446292, 5220817.626969955861568 ], [ 629226.24984162254259, 5220817.599841623567045 ], [ 629226.185435960651375, 5220817.256313035264611 ], [ 629226.256002777256072, 5220817.20333643630147 ], [ 629226.32484162284527, 5220817.199841623194516 ], [ 629226.32484162284527, 5220817.100158377550542 ], [ 629226.212586029665545, 5220817.09854744374752 ], [ 629226.049928897526115, 5220817.025169665925205 ], [ 629225.925158377038315, 5220817.025158377364278 ], [ 629225.925157903926447, 5220817.099924581125379 ], [ 629225.995205281418748, 5220817.234511106275022 ], [ 629225.931841941783205, 5220817.32231080532074 ], [ 629225.724356443854049, 5220817.298525671474636 ], [ 629225.699108240543865, 5220817.224584938958287 ], [ 629225.624914259649813, 5220817.17517311591655 ], [ 629225.550123824621551, 5220817.175158898346126 ], [ 629225.30015837715473, 5220817.824841623194516 ] ] ] } },
{ "type": "Feature", "properties": { "label": "vineyard", "area_m2": 0.42055516896185624 }, "geometry": { "type": "Polygon", "coordinates": [ [ [ 629203.550000000046566, 5220817.997054241597652 ], [ 629203.674845451838337, 5220817.974871364422143 ], [ 629203.70277262723539, 5220817.894283783622086 ], [ 629203.845210310886614, 5220817.7140874825418 ], [ 629204.001964593073353, 5220817.774975913576782 ], [ 629204.12493726122193, 5220817.774829234927893 ], [ 629204.199846709263511, 5220817.724895106628537 ], [ 629204.251069168676622, 5220817.498091913759708 ], [ 629204.349841235089116, 5220817.274948135018349 ], [ 629204.375, 5220816.797054241411388 ], [ 629204.349908668315038, 5220816.725160764530301 ], [ 629204.200143440975808, 5220816.675158626399934 ], [ 629204.125170771731064, 5220816.825062738731503 ], [ 629203.999266175203957, 5220817.274606126360595 ], [ 629203.854003037908114, 5220817.441504296846688 ], [ 629203.775143446866423, 5220817.450158632360399 ], [ 629203.719495127210394, 5220817.62960631866008 ], [ 629203.575158819905482, 5220817.825135660357773 ], [ 629203.550000000046566, 5220817.997054241597652 ] ] ] } },
{ "type": "Feature", "properties": { "label": "vineyard", "area_m2": 0.17985311640962465 }, "geometry": { "type": "Polygon", "coordinates": [ [ [ 629201.100000000093132, 5220817.847054241225123 ], [ 629201.174870860762894, 5220817.874831404536963 ], [ 629201.374908972298726, 5220817.77483348082751 ], [ 629201.499826790299267, 5220817.599903367459774 ], [ 629201.499840395990759, 5220817.475123630836606 ], [ 629201.449945342843421, 5220817.425407825037837 ], [ 629201.475192169542424, 5220817.012631225399673 ], [ 629201.599955923156813, 5220816.872567364946008 ], [ 629201.496015533688478, 5220816.797597087919712 ], [ 629201.491454064729623, 5220816.681121001020074 ], [ 629201.599840973620303, 5220816.550159026868641 ], [ 629201.50016114290338, 5220816.5750861633569 ], [ 629201.475000000093132, 5220816.702945758588612 ], [ 629201.494290478760377, 5220816.846552088856697 ], [ 629201.406989153358154, 5220816.989088051021099 ], [ 629201.250170704210177, 5220817.075086390599608 ], [ 629201.250170704210177, 5220817.174913609400392 ], [ 629201.373255745973438, 5220817.262706066481769 ], [ 629201.374407902359962, 5220817.448047458194196 ], [ 629201.225141084985808, 5220817.600153066217899 ], [ 629201.100171371130273, 5220817.800133552402258 ], [ 629201.100000000093132, 5220817.847054241225123 ] ] ] } },
{ "type": "Feature", "properties": { "label": "vineyard", "area_m2": 0.30611957785815719 }, "geometry": { "type": "Polygon", "coordinates": [ [ [ 629209.100115926004946, 5220818.524904862977564 ], [ 629209.274913702043705, 5220818.574883638881147 ], [ 629209.32611671788618, 5220818.510995052754879 ], [ 629209.449900698149577, 5220818.474900698289275 ], [ 629209.494802152505144, 5220818.400103497318923 ], [ 629209.57488248613663, 5220818.349937187507749 ], [ 629209.554937781300396, 5220818.109943086281419 ], [ 629209.724881805595942, 5220817.874951042234898 ], [ 629209.724885047646239, 5220817.475114952772856 ], [ 629209.550070216762833, 5220817.500117151066661 ], [ 629209.450114952516742, 5220817.55011495295912 ], [ 629209.450116360210814, 5220817.624913700856268 ], [ 629209.522928402409889, 5220817.701453964225948 ], [ 629209.517387953354046, 5220817.813268343918025 ], [ 629209.350117514026351, 5220817.92506281286478 ], [ 629209.316799439839087, 5220818.092956223525107 ], [ 629209.250116360140964, 5220818.150086299516261 ], [ 629209.22864552133251, 5220818.286764731630683 ], [ 629209.150114952470176, 5220818.325114953331649 ], [ 629209.100115926004946, 5220818.524904862977564 ] ] ] } },
{ "type": "Feature", "properties": { "label": "vineyard", "area_m2": 0.30723163587782237 }, "geometry": { "type": "Polygon", "coordinates": [ [ [ 629212.050116562284529, 5220818.100067698396742 ], [ 629212.050114280660637, 5220818.199885719455779 ], [ 629212.125040100305341, 5220818.224882086738944 ], [ 629212.324949504807591, 5220818.199882595799863 ], [ 629212.39988292939961, 5220818.149942678399384 ], [ 629212.399882595054805, 5220817.950050493702292 ], [ 629212.327201985986903, 5220817.804889797233045 ], [ 629212.32964005775284, 5220817.666592170484364 ], [ 629212.506040625739843, 5220817.4275803565979 ], [ 629212.599942678003572, 5220817.399882930330932 ], [ 629212.649892274290323, 5220817.34993420727551 ], [ 629212.749882594915107, 5220817.124949505552649 ], [ 629212.749882929376327, 5220817.025057322345674 ], [ 629212.62494267791044, 5220816.900117069482803 ], [ 629212.45011428068392, 5220816.925114280544221 ], [ 629212.475116275250912, 5220817.09992644097656 ], [ 629212.537395255640149, 5220817.169736724346876 ], [ 629212.541131975944154, 5220817.246251609176397 ], [ 629212.444795180112123, 5220817.376735760830343 ], [ 629212.300114280660637, 5220817.450114279985428 ], [ 629212.270710678072646, 5220817.59571067802608 ], [ 629212.125114280846901, 5220817.625114280730486 ], [ 629212.118051819619723, 5220817.75014456640929 ], [ 629212.050117070437409, 5220817.82505732215941 ], [ 629212.099999999976717, 5220818.013519999571145 ], [ 629212.050116562284529, 5220818.100067698396742 ] ] ] } },
{ "type": "Feature", "properties": { "label": "vineyard", "area_m2": 0.2604122164873966 }, "geometry": { "type": "Polygon", "coordinates": [ [ [ 629228.325156399863772, 5220817.649928208440542 ], [ 629228.450150384334847, 5220817.974838342517614 ], [ 629228.624895132263191, 5220817.949846738018095 ], [ 629228.72482235042844, 5220817.824910588562489 ], [ 629228.799854179495014, 5220817.499954212456942 ], [ 629228.721555610187352, 5220817.287597665563226 ], [ 629228.870384666253813, 5220817.155016833916306 ], [ 629228.974840973620303, 5220817.149840973317623 ], [ 629228.974840973620303, 5220817.07515902724117 ], [ 629228.875159026472829, 5220817.07515902724117 ], [ 629228.862796013359912, 5220817.15437556989491 ], [ 629228.68167733377777, 5220817.270607427693903 ], [ 629228.500103487167507, 5220817.275163983926177 ], [ 629228.400163248879835, 5220817.350145390257239 ], [ 629228.325156399863772, 5220817.649928208440542 ] ] ] } },
{ "type": "Feature", "properties": { "label": "vineyard", "area_m2": 0.71987374195872067 }, "geometry": { "type": "Polygon", "coordinates": [ [ [ 629217.576101145124994, 5220816.801284323446453 ], [ 629217.600114280823618, 5220816.899885719642043 ], [ 629217.699531010934152, 5220816.920768336392939 ], [ 629217.820855910424143, 5220817.078787279315293 ], [ 629217.812462487607263, 5220817.163944249972701 ], [ 629217.700117070460692, 5220817.30005732178688 ], [ 629217.738400029833429, 5220817.445103098638356 ], [ 629217.700117914122529, 5220817.599959902465343 ], [ 629217.725114280707203, 5220817.674885720014572 ], [ 629217.872552486951463, 5220817.675000000745058 ], [ 629217.924900931189768, 5220817.649899697862566 ], [ 629217.958710968843661, 5220817.500159505754709 ], [ 629218.016986639937386, 5220817.42390114068985 ], [ 629218.224892273661681, 5220817.299934208393097 ], [ 629218.25, 5220817.247552487067878 ], [ 629218.229089365107939, 5220817.12277973163873 ], [ 629218.257972772466019, 5220817.06487437710166 ], [ 629218.370103092165664, 5220817.011599970981479 ], [ 629218.574885719339363, 5220817.049885720014572 ], [ 629218.675000000046566, 5220816.777447512373328 ], [ 629218.59993420727551, 5220816.650107725523412 ], [ 629218.124949503922835, 5220816.450117403641343 ], [ 629218.052447513095103, 5220816.449999999254942 ], [ 629218.028416724759154, 5220816.515354953706264 ], [ 629217.963585357298143, 5220816.552372893318534 ], [ 629217.70009532966651, 5220816.500115209259093 ], [ 629217.576101145124994, 5220816.801284323446453 ] ] ] } },
{ "type": "Feature", "properties": { "label": "vineyard", "area_m2": 0.87983289808343002 }, "geometry": { "type": "Polygon", "coordinates": [ [ [ 629223.050170700415038, 5220818.249913613311946 ], [ 629223.225152685190551, 5220818.549866767600179 ], [ 629223.349857697729021, 5220818.574839384295046 ], [ 629223.550190581823699, 5220818.249179101549089 ], [ 629223.699562642606907, 5220817.702287000603974 ], [ 629223.924379470176063, 5220817.301188419573009 ], [ 629223.99983835616149, 5220816.950150370597839 ], [ 629223.624876595451497, 5220816.800152205862105 ], [ 629223.550159026519395, 5220816.800159026868641 ], [ 629223.510133779491298, 5220816.954710039310157 ], [ 629223.25349809450563, 5220817.048639629036188 ], [ 629223.150159026496112, 5220817.050159026868641 ], [ 629223.150159026496112, 5220817.124840972945094 ], [ 629223.254511153907515, 5220817.130268395878375 ], [ 629223.412319962400943, 5220817.26895051728934 ], [ 629223.125159378047101, 5220817.7251345096156 ], [ 629223.050170700415038, 5220818.249913613311946 ] ] ] } },
{ "type": "Feature", "properties": { "label": "vineyard", "area_m2": 0.28991289372316659 }, "geometry": { "type": "Polygon", "coordinates": [ [ [ 629214.950000000069849, 5220817.797054241411388 ], [ 629215.099861578666605, 5220817.849832016974688 ], [ 629215.194347486482002, 5220817.756722068414092 ], [ 629215.299913625349291, 5220817.749829317443073 ], [ 629215.349829318234697, 5220817.69991362746805 ], [ 629215.350599952740595, 5220817.513620728626847 ], [ 629215.425000000046566, 5220817.372054239735007 ], [ 629215.350647733430378, 5220817.108903853222728 ], [ 629215.350685836398043, 5220816.983536470681429 ], [ 629215.443502623820677, 5220816.857317294925451 ], [ 629215.524840973550454, 5220816.849840972572565 ], [ 629215.524842573329806, 5220816.775145251303911 ], [ 629215.375159026472829, 5220816.725159026682377 ], [ 629215.372985205380246, 5220816.829477280378342 ], [ 629215.298052661819384, 5220816.958427996374667 ], [ 629215.224318850669079, 5220816.975861475802958 ], [ 629215.148656678502448, 5220817.123919214121997 ], [ 629215.049626612686552, 5220817.201030624099076 ], [ 629214.950000000069849, 5220817.797054241411388 ] ] ] } },
{ "type": "Feature", "properties": { "label": "vineyard", "area_m2": 0.78926190672642915 }, "geometry": { "type": "Polygon", "coordinates": [ [ [ 629219.80011676682625, 5220818.400078020989895 ], [ 629219.800117513979785, 5220818.549937187694013 ], [ 629219.875099301920272, 5220818.649900699034333 ], [ 629220.17504240362905, 5220818.774881483055651 ], [ 629220.249893627827987, 5220818.749928925186396 ], [ 629220.333721673348919, 5220818.425133715383708 ], [ 629220.44988248613663, 5220818.249937187880278 ], [ 629220.449881805572659, 5220818.050048957578838 ], [ 629220.382287914748304, 5220817.948075762018561 ], [ 629220.382287918473594, 5220817.880697790533304 ], [ 629220.499893627827987, 5220817.749928925186396 ], [ 629220.554289321880788, 5220817.629289321601391 ], [ 629220.64988504757639, 5220817.599885046482086 ], [ 629220.724881805479527, 5220817.349951041862369 ], [ 629220.649937188252807, 5220817.000117515213788 ], [ 629220.375114952446893, 5220816.92511495295912 ], [ 629220.370062219095416, 5220817.040056912228465 ], [ 629220.300118194660172, 5220817.150048958137631 ], [ 629220.194154406664893, 5220817.533688984811306 ], [ 629220.100095137488097, 5220817.600115926936269 ], [ 629220.025118516525254, 5220817.800042404793203 ], [ 629220.041278326767497, 5220817.974866284988821 ], [ 629219.981867047259584, 5220818.110723245888948 ], [ 629219.900106372311711, 5220818.17507107462734 ], [ 629219.866278327303007, 5220818.324866282753646 ], [ 629219.80011676682625, 5220818.400078020989895 ] ] ] } },
{ "type": "Feature", "properties": { "label": "vineyard", "area_m2": 0.16589846844305209 }, "geometry": { "type": "Polygon", "coordinates": [ [ [ 629220.449999999953434, 5220816.947063060477376 ], [ 629220.649861473706551, 5220816.999836231581867 ], [ 629220.799842762760818, 5220816.824868622235954 ], [ 629220.767433615634218, 5220816.378458799794316 ], [ 629221.035097967251204, 5220816.359302374534309 ], [ 629221.07484162284527, 5220816.399841622449458 ], [ 629221.074943331535906, 5220816.347568045370281 ], [ 629220.894744142889977, 5220816.037854935973883 ], [ 629220.926010210765526, 5220815.993287359364331 ], [ 629221.074952380615287, 5220816.002384063787758 ], [ 629220.999914258252829, 5220815.950173115357757 ], [ 629220.800135808298364, 5220816.000155167654157 ], [ 629220.749548429972492, 5220816.076188269071281 ], [ 629220.724999999976717, 5220816.127936942502856 ], [ 629220.749101335881278, 5220816.405589739792049 ], [ 629220.703046089503914, 5220816.716322923079133 ], [ 629220.527863737777807, 5220816.872539067640901 ], [ 629220.450160987442359, 5220816.900149703025818 ], [ 629220.449999999953434, 5220816.947063060477376 ] ] ] } },
{ "type": "Feature", "properties": { "label": "vineyard", "area_m2": 0.23531292739206014 }, "geometry": { "type": "Polygon", "coordinates": [ [ [ 629223.475170134333894, 5220816.475076612085104 ], [ 629223.500150369131006, 5220816.624838354997337 ], [ 629223.573843301972374, 5220816.624936224892735 ], [ 629223.699842658941634, 5220816.524863378144801 ], [ 629223.727989890263416, 5220816.453790105879307 ], [ 629223.897986160824075, 5220816.4506377549842 ], [ 629223.995913415332325, 5220816.498666965402663 ], [ 629224.049127717735246, 5220816.588876057416201 ], [ 629224.049231411190704, 5220816.741235070861876 ], [ 629223.955654266872443, 5220816.843258784152567 ], [ 629223.900159026496112, 5220816.850159026682377 ], [ 629223.900000000023283, 5220816.922054241411388 ], [ 629223.92508639045991, 5220816.949829294346273 ], [ 629223.999840973527171, 5220816.949840973131359 ], [ 629224.006782557349652, 5220816.896702277474105 ], [ 629224.124871280044317, 5220816.799849463626742 ], [ 629224.174510257900693, 5220816.700694253668189 ], [ 629224.226952238241211, 5220816.48483603540808 ], [ 629224.399841671460308, 5220816.100080902688205 ], [ 629224.301016788929701, 5220816.075070649385452 ], [ 629224.211125080124475, 5220816.124128371477127 ], [ 629224.050123631139286, 5220816.125159606337547 ], [ 629224.020155949518085, 5220816.274880188517272 ], [ 629223.900157243595459, 5220816.375136545859277 ], [ 629223.872007038560696, 5220816.446206949651241 ], [ 629223.702012224472128, 5220816.449343050830066 ], [ 629223.599898426909931, 5220816.375169922597706 ], [ 629223.525143444654532, 5220816.375158629380167 ], [ 629223.475170134333894, 5220816.475076612085104 ] ] ] } },
{ "type": "Feature", "properties": { "label": "vineyard", "area_m2": 0.67404926101894025 }, "geometry": { "type": "Polygon", "coordinates": [ [ [ 629231.850000000093132, 5220816.947054241783917 ], [ 629232.207445503096096, 5220816.933356606401503 ], [ 629232.350149571779184, 5220817.199902029708028 ], [ 629232.499649640289135, 5220817.30512869823724 ], [ 629232.550157196586952, 5220817.499875015579164 ], [ 629232.649840973550454, 5220817.524840973317623 ], [ 629232.701642866479233, 5220817.276026115752757 ], [ 629232.849833952845074, 5220817.149859572760761 ], [ 629232.860668884008192, 5220817.020440211519599 ], [ 629233.02483992849011, 5220816.899851583875716 ], [ 629233.002619655919261, 5220816.753230300731957 ], [ 629233.074842569883913, 5220816.450145254842937 ], [ 629232.761946137761697, 5220816.282674391753972 ], [ 629232.724845457472838, 5220816.200128631666303 ], [ 629232.674937247415073, 5220816.175170810893178 ], [ 629232.400159026496112, 5220816.175159026868641 ], [ 629232.475170384394005, 5220816.524899372830987 ], [ 629232.630145982257091, 5220816.900661012157798 ], [ 629232.522390609723516, 5220816.947461876086891 ], [ 629232.325390402111225, 5220816.874286989681423 ], [ 629232.138219974236563, 5220816.686065525747836 ], [ 629232.149840973550454, 5220816.550159026868641 ], [ 629232.051095714676194, 5220816.550066770985723 ], [ 629232.045587007771246, 5220816.672621323727071 ], [ 629231.875133061083034, 5220816.825145277194679 ], [ 629231.850000000093132, 5220816.947054241783917 ] ] ] } },
{ "type": "Feature", "properties": { "label": "vineyard", "area_m2": 0.71831204546874672 }, "geometry": { "type": "Polygon", "coordinates": [ [ [ 629225.750114952446893, 5220816.724885046482086 ], [ 629225.824885047622956, 5220816.724885046482086 ], [ 629225.84254106937442, 5220816.634404960088432 ], [ 629225.918255606316961, 5220816.591205834411085 ], [ 629225.992004205822013, 5220816.616745826788247 ], [ 629226.075095137464814, 5220816.724884072318673 ], [ 629226.269302201806568, 5220816.682287915609777 ], [ 629226.343056286917999, 5220816.749864498153329 ], [ 629226.350117150228471, 5220816.874929782934487 ], [ 629226.400117513956502, 5220816.974937187507749 ], [ 629226.499937188229524, 5220816.999882484786212 ], [ 629226.560179952997714, 5220816.921165357343853 ], [ 629226.624885047553107, 5220816.899885047227144 ], [ 629226.611676804837771, 5220816.768692951649427 ], [ 629226.646782097639516, 5220816.698747278191149 ], [ 629226.759021858917549, 5220816.674999999813735 ], [ 629226.849937188439071, 5220816.699882484972477 ], [ 629226.874882486066781, 5220816.674937187694013 ], [ 629226.931943713221699, 5220816.4748644977808 ], [ 629226.999881805386394, 5220816.374951042234898 ], [ 629226.999883639859036, 5220816.325086299329996 ], [ 629226.943132952786982, 5220816.285723245702684 ], [ 629226.924885047599673, 5220816.225114952772856 ], [ 629226.84444297675509, 5220816.208146961405873 ], [ 629226.800481527345255, 5220816.134801713749766 ], [ 629226.819263491546735, 5220816.031972918659449 ], [ 629226.924882486113347, 5220815.949937188997865 ], [ 629226.924885047599673, 5220815.825114953331649 ], [ 629226.850048958440311, 5220815.825118195265532 ], [ 629226.74888328218367, 5220815.914004947058856 ], [ 629226.604402039549313, 5220815.965364538133144 ], [ 629226.499937188229524, 5220815.875117515213788 ], [ 629226.309450714848936, 5220815.800520138815045 ], [ 629226.27488504757639, 5220815.700114953331649 ], [ 629226.200114952516742, 5220815.700114953331649 ], [ 629226.200116360210814, 5220815.799913700670004 ], [ 629226.256867047282867, 5220815.839276754297316 ], [ 629226.275000000023283, 5220815.896703111939132 ], [ 629226.280395021429285, 5220816.174770193174481 ], [ 629226.225117150344886, 5220816.250070216134191 ], [ 629226.217725812806748, 5220816.400964558124542 ], [ 629226.128569226595573, 5220816.46345857065171 ], [ 629225.875062811770476, 5220816.400117515586317 ], [ 629225.82511819456704, 5220816.475048957392573 ], [ 629225.833078588708304, 5220816.584359511733055 ], [ 629225.750115458737127, 5220816.650104645639658 ], [ 629225.750114952446893, 5220816.724885046482086 ] ] ] } },
{ "type": "Feature", "properties": { "label": "vineyard", "area_m2": 0.30689333996418428 }, "geometry": { "type": "Polygon", "coordinates": [ [ [ 629217.925067182164639, 5220816.248924124985933 ], [ 629218.05015105730854, 5220816.449841735884547 ], [ 629218.57484162284527, 5220816.649841622449458 ], [ 629218.499005695222877, 5220816.514976942911744 ], [ 629218.476823302218691, 5220816.315012760460377 ], [ 629218.499927972792648, 5220816.175976957194507 ], [ 629218.47706389229279, 5220816.131015353836119 ], [ 629218.502362318453379, 5220815.931429659947753 ], [ 629218.624950455618091, 5220815.847629153169692 ], [ 629218.556552242836915, 5220815.863829731009901 ], [ 629218.409079059725627, 5220815.726115076802671 ], [ 629218.378441288601607, 5220815.598394238390028 ], [ 629218.56648555456195, 5220815.467131676152349 ], [ 629218.624841096927412, 5220815.475123829208314 ], [ 629218.573913333239034, 5220815.450066653080285 ], [ 629218.350158377084881, 5220815.450158377178013 ], [ 629218.375, 5220815.870834728702903 ], [ 629218.325593011802994, 5220816.079766789451241 ], [ 629218.223267534049228, 5220816.099999999627471 ], [ 629218.000075960997492, 5220816.075173593126237 ], [ 629217.925156685872935, 5220816.125119804404676 ], [ 629217.925067182164639, 5220816.248924124985933 ] ] ] } },
{ "type": "Feature", "properties": { "label": "vineyard", "area_m2": 0.16339791523292238 }, "geometry": { "type": "Polygon", "coordinates": [ [ [ 629198.801114677684382, 5220816.976300762034953 ], [ 629198.825115925981663, 5220817.174904862418771 ], [ 629198.999937188229524, 5220817.199882484972477 ], [ 629199.049882486113347, 5220817.149937189184129 ], [ 629199.039945893455297, 5220816.973892379552126 ], [ 629199.079760059132241, 5220816.917640375904739 ], [ 629199.14988504757639, 5220816.899885047227144 ], [ 629199.149882486090064, 5220816.800062811002135 ], [ 629198.999937188229524, 5220816.550117515027523 ], [ 629198.800114952493459, 5220816.600114952772856 ], [ 629198.80011786124669, 5220816.72494425624609 ], [ 629198.833901405567303, 5220816.795093232765794 ], [ 629198.801114677684382, 5220816.976300762034953 ] ] ] } },
{ "type": "Feature", "properties": { "label": "vineyard", "area_m2": 0.094617291959237931 }, "geometry": { "type": "Polygon", "coordinates": [ [ [ 629204.175000000046566, 5220816.647054241038859 ], [ 629204.226030310499482, 5220816.700373231433332 ], [ 629204.374840973527171, 5220816.749840972945094 ], [ 629204.412031800369732, 5220816.515651633031666 ], [ 629204.628924775402993, 5220816.342922727577388 ], [ 629204.799840396037325, 5220816.324876368977129 ], [ 629204.799840973573737, 5220815.925159026868641 ], [ 629204.724774586851709, 5220815.926022516563535 ], [ 629204.650168378720991, 5220816.125105986371636 ], [ 629204.64069624687545, 5220816.328995754010975 ], [ 629204.402057843632065, 5220816.520427864044905 ], [ 629204.175161643885076, 5220816.550150369293988 ], [ 629204.175000000046566, 5220816.647054241038859 ] ] ] } },
{ "type": "Feature", "properties": { "label": "vineyard", "area_m2": 0.48347253534166384 }, "geometry": { "type": "Polygon", "coordinates": [ [ [ 629232.675000000046566, 5220816.197054241783917 ], [ 629232.724861488910392, 5220816.199831884354353 ], [ 629232.850853523472324, 5220816.076663766056299 ], [ 629232.987925321678631, 5220816.05368675198406 ], [ 629233.144073044764809, 5220816.242314667440951 ], [ 629233.150159026496112, 5220816.324840973131359 ], [ 629233.224915986997075, 5220816.324830234982073 ], [ 629233.324841369292699, 5220816.274856552481651 ], [ 629233.327813798678108, 5220816.16976419929415 ], [ 629233.445639892481267, 5220815.940113693475723 ], [ 629233.549862364772707, 5220815.924837676808238 ], [ 629233.749839796451852, 5220815.699866558425128 ], [ 629233.574876373284496, 5220815.300159599632025 ], [ 629233.404446424683556, 5220815.341841087676585 ], [ 629232.750159026472829, 5220815.07515902724117 ], [ 629232.750159026472829, 5220815.099840972572565 ], [ 629233.337388519663364, 5220815.404630138538778 ], [ 629233.358193374820985, 5220815.443157462403178 ], [ 629233.201141736586578, 5220815.698038056492805 ], [ 629232.958455051411875, 5220815.891365826129913 ], [ 629232.725158637505956, 5220815.925156601704657 ], [ 629232.675000000046566, 5220816.197054241783917 ] ] ] } },
{ "type": "Feature", "properties": { "label": "vineyard", "area_m2": 0.15141211849186115 }, "geometry": { "type": "Polygon", "coordinates": [ [ [ 629198.900000000023283, 5220816.247054241597652 ], [ 629198.92794576450251, 5220816.275000000372529 ], [ 629199.099840232403949, 5220816.249848255887628 ], [ 629199.106741216266528, 5220816.171800594776869 ], [ 629199.265739149879664, 5220816.011715727858245 ], [ 629199.374844762962312, 5220815.999840600416064 ], [ 629199.449482258642092, 5220815.729458119720221 ], [ 629199.599833945045248, 5220815.599859566427767 ], [ 629199.574838879867457, 5220815.375086145475507 ], [ 629199.524913623929024, 5220815.325170682743192 ], [ 629199.425148798152804, 5220815.325157607905567 ], [ 629199.374511891277507, 5220815.499769669957459 ], [ 629199.300163952284493, 5220815.600103469565511 ], [ 629199.250074318493716, 5220815.825942075811327 ], [ 629199.263690499938093, 5220816.007855889387429 ], [ 629199.101270776707679, 5220816.167314619757235 ], [ 629198.900159026496112, 5220816.150159027427435 ], [ 629198.900000000023283, 5220816.247054241597652 ] ] ] } },
{ "type": "Feature", "properties": { "label": "vineyard", "area_m2": 0.38924696002474446 }, "geometry": { "type": "Polygon", "coordinates": [ [ [ 629209.500114952446893, 5220816.900114953517914 ], [ 629209.500114952446893, 5220816.999885046854615 ], [ 629209.591833409504034, 5220817.015395483002067 ], [ 629209.69127832679078, 5220817.12513371463865 ], [ 629209.700114952516742, 5220817.474885046482086 ], [ 629209.77488504757639, 5220817.474885046482086 ], [ 629209.813235269044526, 5220817.396354478783906 ], [ 629209.89988504757639, 5220817.374885046854615 ], [ 629209.886807873495854, 5220817.027860325761139 ], [ 629209.99989535450004, 5220816.974884539842606 ], [ 629210.074881805456243, 5220816.849951041862369 ], [ 629210.080545781413093, 5220816.458886242471635 ], [ 629210.17493718827609, 5220816.399882485158741 ], [ 629210.249881805386394, 5220816.299951042048633 ], [ 629210.224885047646239, 5220816.000114953145385 ], [ 629210.125114952446893, 5220816.000114953145385 ], [ 629210.070781330461614, 5220816.088904835283756 ], [ 629209.950114952516742, 5220816.100114952772856 ], [ 629209.952897204551846, 5220816.26985670812428 ], [ 629209.902652770630084, 5220816.317026112228632 ], [ 629209.825114952516742, 5220816.325114953331649 ], [ 629209.800000000046566, 5220816.522545138373971 ], [ 629209.849447292159311, 5220816.705478802323341 ], [ 629209.82730104541406, 5220816.838439328595996 ], [ 629209.652325847768225, 5220816.898310549557209 ], [ 629209.500114952446893, 5220816.900114953517914 ] ] ] } },
{ "type": "Feature", "properties": { "label": "vineyard", "area_m2": 0.69174580158283572 }, "geometry": { "type": "Polygon", "coordinates": [ [ [ 629229.075157897314057, 5220816.125075414776802 ], [ 629229.150165486615151, 5220816.374911503866315 ], [ 629229.275099600898102, 5220816.499845358543098 ], [ 629229.374924579868093, 5220816.524842098355293 ], [ 629229.3999279725831, 5220816.499023046344519 ], [ 629229.397039453266189, 5220816.279118439182639 ], [ 629229.597556665772572, 5220816.251978849060833 ], [ 629229.725077776936814, 5220816.34983650688082 ], [ 629229.82492458622437, 5220816.349842103198171 ], [ 629229.924830535426736, 5220816.249902875162661 ], [ 629229.895183005137369, 5220816.038085827603936 ], [ 629230.254635065793991, 5220815.789972501806915 ], [ 629230.374841622659005, 5220815.824841623194516 ], [ 629230.37484162254259, 5220815.700158376246691 ], [ 629230.275158377480693, 5220815.700158376246691 ], [ 629230.257241829065606, 5220815.781840578652918 ], [ 629229.86015603528358, 5220815.993793029338121 ], [ 629229.665192177984864, 5220815.906792955473065 ], [ 629229.650673110038042, 5220815.611248346045613 ], [ 629229.824826883617789, 5220815.424914260394871 ], [ 629229.849842324038036, 5220815.125152905471623 ], [ 629229.55007541377563, 5220815.075157896615565 ], [ 629229.475170009187423, 5220815.17506427783519 ], [ 629229.467988009215333, 5220815.330544413998723 ], [ 629229.327377785812132, 5220815.496011635288596 ], [ 629229.200157903716899, 5220815.550075417384505 ], [ 629229.249233715469018, 5220815.916055605746806 ], [ 629229.075157897314057, 5220816.125075414776802 ] ] ] } },
{ "type": "Feature", "properties": { "label": "vineyard", "area_m2": 0.36262952487810468 }, "geometry": { "type": "Polygon", "coordinates": [ [ [ 629212.550807538907975, 5220816.524838991463184 ], [ 629212.550114952493459, 5220816.599885046482086 ], [ 629212.715463240048848, 5220816.597783429548144 ], [ 629212.867051028064452, 5220816.689888185821474 ], [ 629212.900114952470176, 5220816.799885046668351 ], [ 629212.974885047646239, 5220816.799885046668351 ], [ 629212.983721672790125, 5220816.175133717246354 ], [ 629213.042907453724183, 5220816.090702745132148 ], [ 629213.27488504757639, 5220815.999885046854615 ], [ 629213.286095164483413, 5220815.904218669049442 ], [ 629213.374904862605035, 5220815.849884072318673 ], [ 629213.39988504757639, 5220815.750114953145385 ], [ 629213.149951041676104, 5220815.650118195451796 ], [ 629213.035831681918353, 5220815.716326432302594 ], [ 629212.875095137394965, 5220815.675115927122533 ], [ 629212.825117514003068, 5220815.750062812119722 ], [ 629212.825115698040463, 5220815.84990022238344 ], [ 629212.896119965822436, 5220815.897388592362404 ], [ 629212.904501511831768, 5220815.982487853616476 ], [ 629212.836764730978757, 5220816.103645521216094 ], [ 629212.725114952540025, 5220816.125114953145385 ], [ 629212.729323111008853, 5220816.318426035344601 ], [ 629212.650097288191319, 5220816.37510734051466 ], [ 629212.606867047259584, 5220816.485723245888948 ], [ 629212.550807538907975, 5220816.524838991463184 ] ] ] } },
{ "type": "Feature", "properties": { "label": "vineyard", "area_m2": 0.27738024941587036 }, "geometry": { "type": "Polygon", "coordinates": [ [ [ 629204.750114952446893, 5220815.399885047227144 ], [ 629204.852897203760222, 5220815.455143291503191 ], [ 629204.850115926004946, 5220815.624904862605035 ], [ 629204.999885047553107, 5220815.649885047227144 ], [ 629204.999882486066781, 5220815.575062812305987 ], [ 629204.909404959296808, 5220815.532458930276334 ], [ 629204.869546184432693, 5220815.476474098861217 ], [ 629204.91039423586335, 5220815.349494773894548 ], [ 629204.977882328326814, 5220815.301787077449262 ], [ 629205.199885047622956, 5220815.299885046668351 ], [ 629205.220755307935178, 5220815.175483625382185 ], [ 629205.374884074088186, 5220815.049904861487448 ], [ 629205.399881483521312, 5220814.800042404793203 ], [ 629205.374882486066781, 5220814.725062812678516 ], [ 629205.224937188322656, 5220814.575117515400052 ], [ 629205.150114952470176, 5220814.575114953331649 ], [ 629205.145062218769453, 5220814.690056913532317 ], [ 629205.075117514003068, 5220814.775062812492251 ], [ 629205.0314036331838, 5220814.95808139629662 ], [ 629204.900114952470176, 5220815.000114953145385 ], [ 629204.891799439908937, 5220815.192956223152578 ], [ 629204.750117513933219, 5220815.300062811002135 ], [ 629204.750114952446893, 5220815.399885047227144 ] ] ] } },
{ "type": "Feature", "properties": { "label": "vineyard", "area_m2": 0.37380580783359479 }, "geometry": { "type": "Polygon", "coordinates": [ [ [ 629224.025861478876323, 5220815.624318847432733 ], [ 629224.05016234528739, 5220815.824851648882031 ], [ 629224.17450621293392, 5220815.900511991232634 ], [ 629224.300148684997112, 5220816.074839378707111 ], [ 629224.399851400172338, 5220816.099836640059948 ], [ 629224.499829214299098, 5220815.874937255866826 ], [ 629224.428222350077704, 5220815.676358096301556 ], [ 629224.474933229503222, 5220815.476095715537667 ], [ 629224.398031918448396, 5220815.460934764705598 ], [ 629224.338005849393085, 5220815.299542769789696 ], [ 629224.483041778556071, 5220815.200191650539637 ], [ 629224.553318367921747, 5220815.203029816038907 ], [ 629224.700133527396247, 5220815.299828675575554 ], [ 629224.749134866404347, 5220815.275687597692013 ], [ 629224.774839331395924, 5220815.200142353773117 ], [ 629224.636124130222015, 5220815.027882838621736 ], [ 629224.667251847684383, 5220814.997971097938716 ], [ 629224.874851400847547, 5220814.974836640059948 ], [ 629224.949842893634923, 5220814.799942051060498 ], [ 629224.94984097359702, 5220814.675159026868641 ], [ 629224.850159026565962, 5220814.675159026868641 ], [ 629224.905421636416577, 5220814.87201935518533 ], [ 629224.857422207016498, 5220814.959101594053209 ], [ 629224.525142306345515, 5220814.90016062092036 ], [ 629224.45016347442288, 5220815.025100604631007 ], [ 629224.443648112239316, 5220815.112052479758859 ], [ 629224.326957389013842, 5220815.183664389885962 ], [ 629224.284343134611845, 5220815.172625292092562 ], [ 629224.228988193674013, 5220815.081513636745512 ], [ 629224.224840973620303, 5220814.95015902724117 ], [ 629224.150159026496112, 5220814.95015902724117 ], [ 629224.150168353808112, 5220815.074894021265209 ], [ 629224.224475778872147, 5220815.275053536519408 ], [ 629224.224393485230394, 5220815.4846081295982 ], [ 629224.025861478876323, 5220815.624318847432733 ] ] ] } },
{ "type": "Feature", "properties": { "label": "vineyard", "area_m2": 0.28057540929342184 }, "geometry": { "type": "Polygon", "coordinates": [ [ [ 629218.400159604032524, 5220814.875123631209135 ], [ 629218.400165112339891, 5220814.999920013360679 ], [ 629218.550127940950915, 5220815.199867940507829 ], [ 629218.665771993226372, 5220815.272545619867742 ], [ 629218.575159026659094, 5220815.450159026309848 ], [ 629218.598904285463504, 5220815.474933228455484 ], [ 629218.670682774041779, 5220815.292108596302569 ], [ 629218.749840973527171, 5220815.274840973317623 ], [ 629218.759609918226488, 5220814.993040177039802 ], [ 629218.862326498841867, 5220814.942370251752436 ], [ 629218.946829858585261, 5220815.026343330740929 ], [ 629218.950159026542678, 5220815.124840972945094 ], [ 629219.024913625326008, 5220815.124829317443073 ], [ 629219.074829318211414, 5220815.07491362746805 ], [ 629219.084307248936966, 5220814.993549512699246 ], [ 629219.199842756497674, 5220814.899863454513252 ], [ 629219.199926091358066, 5220814.800950417295098 ], [ 629219.149876368930563, 5220814.675159606151283 ], [ 629219.047712673083879, 5220814.67027685046196 ], [ 629218.959079582011327, 5220814.583807189017534 ], [ 629218.94984097359702, 5220814.500159027054906 ], [ 629218.85109571472276, 5220814.500066771171987 ], [ 629218.870054675266147, 5220814.673579429276288 ], [ 629218.771144674858078, 5220814.80316590052098 ], [ 629218.67211099434644, 5220814.87429416924715 ], [ 629218.452945762081072, 5220814.849999999627471 ], [ 629218.400159604032524, 5220814.875123631209135 ] ] ] } },
{ "type": "Feature", "properties": { "label": "vineyard", "area_m2": 0.034445701184014133 }, "geometry": { "type": "Polygon", "coordinates": [ [ [ 629202.050807538907975, 5220815.499838991090655 ], [ 629202.050114952493459, 5220815.599885046482086 ], [ 629202.249885047553107, 5220815.599885046482086 ], [ 629202.249882486066781, 5220815.42506281286478 ], [ 629202.224937188322656, 5220815.400117515586317 ], [ 629202.125114952446893, 5220815.400114953517914 ], [ 629202.106867047259584, 5220815.460723245516419 ], [ 629202.050807538907975, 5220815.499838991090655 ] ] ] } },
{ "type": "Feature", "properties": { "label": "vineyard", "area_m2": 0.43565905905586211 }, "geometry": { "type": "Polygon", "coordinates": [ [ [ 629215.328122003353201, 5220816.70065894164145 ], [ 629215.525040100328624, 5220816.799882086925209 ], [ 629215.647552486974746, 5220816.800000000745058 ], [ 629215.724882929236628, 5220816.699942679144442 ], [ 629215.729931678972207, 5220816.534963644109666 ], [ 629215.799882929539308, 5220816.44994267821312 ], [ 629215.804507274529897, 5220816.106796008534729 ], [ 629215.873827513074502, 5220816.039965747855604 ], [ 629216.049942677957006, 5220816.049882930703461 ], [ 629216.074882929446176, 5220816.024942679330707 ], [ 629216.100439063855447, 5220815.677119444124401 ], [ 629216.14988343778532, 5220815.5999323008582 ], [ 629216.149884790997021, 5220815.475095328874886 ], [ 629215.999949503922835, 5220815.400117403827608 ], [ 629215.750057321973145, 5220815.425117069855332 ], [ 629215.72511707060039, 5220815.450057321228087 ], [ 629215.750115209026262, 5220815.699904670938849 ], [ 629215.940586058772169, 5220815.742536183446646 ], [ 629215.977313061594032, 5220815.788994380272925 ], [ 629215.978522945777513, 5220815.857698520645499 ], [ 629215.89003635966219, 5220815.945068319328129 ], [ 629215.650057321996428, 5220815.925117069855332 ], [ 629215.60011707060039, 5220815.975057321600616 ], [ 629215.588902733637951, 5220816.145785411819816 ], [ 629215.50005732208956, 5220816.200117069296539 ], [ 629215.425117070553824, 5220816.300057320855558 ], [ 629215.46805181982927, 5220816.500144565477967 ], [ 629215.393755020108074, 5220816.600601854734123 ], [ 629215.32511428068392, 5220816.625114280730486 ], [ 629215.328122003353201, 5220816.70065894164145 ] ] ] } },
{ "type": "Feature", "properties": { "label": "vineyard", "area_m2": 0.2118993018849428 }, "geometry": { "type": "Polygon", "coordinates": [ [ [ 629207.300114952493459, 5220816.374885046854615 ], [ 629207.374937188229524, 5220816.374882484786212 ], [ 629207.49988180550281, 5220816.224951041862369 ], [ 629207.503925935830921, 5220816.133732908405364 ], [ 629207.549882849911228, 5220816.074929783120751 ], [ 629207.553925935877487, 5220815.883732908405364 ], [ 629207.649881805526093, 5220815.699951042421162 ], [ 629207.652204722282477, 5220815.545095523819327 ], [ 629207.699885047622956, 5220815.400114953517914 ], [ 629207.577454879065044, 5220815.375 ], [ 629207.450086298049428, 5220815.400116361677647 ], [ 629207.414820047095418, 5220815.453834642656147 ], [ 629207.350114952540025, 5220815.475114952772856 ], [ 629207.350116360234097, 5220815.799913700670004 ], [ 629207.41679943993222, 5220815.857043776661158 ], [ 629207.428758858353831, 5220815.982231935486197 ], [ 629207.300117150181904, 5220816.150070217438042 ], [ 629207.300114952493459, 5220816.374885046854615 ] ] ] } },
{ "type": "Feature", "properties": { "label": "vineyard", "area_m2": 0.18726163089504941 }, "geometry": { "type": "Polygon", "coordinates": [ [ [ 629207.575115458923392, 5220815.3501046448946 ], [ 629207.625048957881518, 5220815.399881804361939 ], [ 629207.699913702090271, 5220815.399883639067411 ], [ 629207.751116717932746, 5220815.335995052941144 ], [ 629207.924904862651601, 5220815.324884072877467 ], [ 629207.949881805572659, 5220815.274951042607427 ], [ 629207.949881805456243, 5220815.150048958137631 ], [ 629207.900552707957104, 5220815.044521197676659 ], [ 629207.900000000023283, 5220814.715978140942752 ], [ 629207.94988248613663, 5220814.624937187880278 ], [ 629207.949885047622956, 5220814.500114953145385 ], [ 629207.80011592595838, 5220814.525095137767494 ], [ 629207.777301045367494, 5220814.863439328968525 ], [ 629207.719509032322094, 5220814.898078529164195 ], [ 629207.600114952540025, 5220814.900114953517914 ], [ 629207.600117150228471, 5220815.024929783307016 ], [ 629207.646074064308777, 5220815.083732908591628 ], [ 629207.663803728297353, 5220815.25557729229331 ], [ 629207.638019292498939, 5220815.317826421000063 ], [ 629207.575115458923392, 5220815.3501046448946 ] ] ] } },
{ "type": "Feature", "properties": { "label": "vineyard", "area_m2": 0.80176623468633101 }, "geometry": { "type": "Polygon", "coordinates": [ [ [ 629226.550000000046566, 5220815.172054241411388 ], [ 629226.782311174087226, 5220815.184553720057011 ], [ 629226.850173640879802, 5220815.424911148846149 ], [ 629226.900128182256594, 5220815.499843033030629 ], [ 629226.97486695565749, 5220815.499844232574105 ], [ 629227.106296802405268, 5220815.374919162131846 ], [ 629227.449913614662364, 5220815.349829303100705 ], [ 629227.649829235277139, 5220814.949937261641026 ], [ 629227.601514340029098, 5220814.770566562190652 ], [ 629227.624578075483441, 5220814.638236442580819 ], [ 629227.82484097359702, 5220814.574840973131359 ], [ 629227.824835587176494, 5220814.550139187835157 ], [ 629227.649877094780095, 5220814.400167556479573 ], [ 629227.473784638918005, 5220814.35006089322269 ], [ 629227.350142290815711, 5220814.350160603411496 ], [ 629227.260729906731285, 5220814.471640606410801 ], [ 629227.081159141729586, 5220814.450143747031689 ], [ 629227.023035411606543, 5220814.400024087168276 ], [ 629226.850083307595924, 5220814.400177160277963 ], [ 629226.725157430279069, 5220814.450145254842937 ], [ 629226.725177113665268, 5220814.549916703253984 ], [ 629226.775160775985569, 5220814.674908661283553 ], [ 629226.940087943687104, 5220814.708713189698756 ], [ 629227.036297296057455, 5220814.896556625142694 ], [ 629226.874472571886145, 5220815.023033189587295 ], [ 629226.550159026519395, 5220815.050159026868641 ], [ 629226.550000000046566, 5220815.172054241411388 ] ] ] } },
{ "type": "Feature", "properties": { "label": "vineyard", "area_m2": 0.25619263437999384 }, "geometry": { "type": "Polygon", "coordinates": [ [ [ 629221.050157903693616, 5220815.12507541757077 ], [ 629221.098636733950116, 5220815.446390392258763 ], [ 629221.075158377061598, 5220815.599841622635722 ], [ 629221.22252727416344, 5220815.600232720375061 ], [ 629221.599841622519307, 5220815.674841623753309 ], [ 629221.599842095864005, 5220815.525075419805944 ], [ 629221.405320796882734, 5220815.318160559982061 ], [ 629221.400768878636882, 5220815.183700077235699 ], [ 629221.619345923652872, 5220814.956738740205765 ], [ 629221.824841144029051, 5220814.899875239469111 ], [ 629221.824842096306384, 5220814.75007541757077 ], [ 629221.799924581777304, 5220814.725157902576029 ], [ 629221.650158377131447, 5220814.725158377550542 ], [ 629221.618631863500923, 5220814.948549451306462 ], [ 629221.379921315005049, 5220815.120493373833597 ], [ 629221.077936943620443, 5220815.099999999627471 ], [ 629221.050157903693616, 5220815.12507541757077 ] ] ] } },
{ "type": "Feature", "properties": { "label": "vineyard", "area_m2": 0.19241638794155211 }, "geometry": { "type": "Polygon", "coordinates": [ [ [ 629210.200114952516742, 5220815.524885047227144 ], [ 629210.468212754582055, 5220815.500423258170485 ], [ 629210.535111815552227, 5220815.532948973588645 ], [ 629210.575095137464814, 5220815.599884072318673 ], [ 629210.69988248613663, 5220815.574937188997865 ], [ 629210.699882849934511, 5220815.400070217438042 ], [ 629210.656943713198416, 5220815.350135502405465 ], [ 629210.618643082678318, 5220815.169809622690082 ], [ 629210.674882849794813, 5220815.074929784052074 ], [ 629210.674884074134752, 5220814.9250951372087 ], [ 629210.450114952516742, 5220814.875114953145385 ], [ 629210.420710678212345, 5220814.97071067802608 ], [ 629210.325114952516742, 5220815.000114953145385 ], [ 629210.325117514003068, 5220815.074937188997865 ], [ 629210.438904835609719, 5220815.154218669049442 ], [ 629210.447795277810656, 5220815.254904475994408 ], [ 629210.36176473100204, 5220815.40364552102983 ], [ 629210.200117514003068, 5220815.450062812305987 ], [ 629210.200114952516742, 5220815.524885047227144 ] ] ] } },
{ "type": "Feature", "properties": { "label": "vineyard", "area_m2": 0.34760292011532568 }, "geometry": { "type": "Polygon", "coordinates": [ [ [ 629213.050158377038315, 5220814.950158377178013 ], [ 629213.050165220745839, 5220815.02486674208194 ], [ 629213.149820008315146, 5220815.162454568780959 ], [ 629213.100073419511318, 5220815.400948530994356 ], [ 629213.125153269269504, 5220815.649922182783484 ], [ 629213.324024055153131, 5220815.749472019262612 ], [ 629213.399848922039382, 5220815.74984088819474 ], [ 629213.450545182917267, 5220815.500204690732062 ], [ 629213.6498302903492, 5220815.099928881041706 ], [ 629213.627064137486741, 5220814.984743447974324 ], [ 629213.649841622915119, 5220814.775158377364278 ], [ 629213.600147757329978, 5220814.775159421376884 ], [ 629213.493403489817865, 5220814.92324642278254 ], [ 629213.050158377038315, 5220814.950158377178013 ] ] ] } },
{ "type": "Feature", "properties": { "label": "vineyard", "area_m2": 0.40923413758776434 }, "geometry": { "type": "Polygon", "coordinates": [ [ [ 629215.850071758381091, 5220815.174017554149032 ], [ 629215.975152618950233, 5220815.399918367154896 ], [ 629216.100064277881756, 5220815.474829997867346 ], [ 629216.149881104240194, 5220815.474831602536142 ], [ 629216.274842097889632, 5220815.349924582988024 ], [ 629216.278293536044657, 5220815.274211067706347 ], [ 629216.400000000023283, 5220815.097063059918582 ], [ 629216.399842095910572, 5220814.975075418129563 ], [ 629216.286198883899488, 5220814.831109419465065 ], [ 629216.420629635453224, 5220814.586542893201113 ], [ 629216.574840219458565, 5220814.549917167983949 ], [ 629216.67482999083586, 5220814.249935721978545 ], [ 629216.649924581754021, 5220814.125157902948558 ], [ 629216.550064291572198, 5220814.125170038081706 ], [ 629216.399519671685994, 5220814.22594665363431 ], [ 629216.275159222772345, 5220814.400111582130194 ], [ 629216.27042705193162, 5220814.829042453318834 ], [ 629216.198267533676699, 5220814.849999999627471 ], [ 629215.950154584716074, 5220814.825158749707043 ], [ 629215.85016342101153, 5220815.100078359246254 ], [ 629215.850071758381091, 5220815.174017554149032 ] ] ] } },
{ "type": "Feature", "properties": { "label": "vineyard", "area_m2": 0.14023948701456015 }, "geometry": { "type": "Polygon", "coordinates": [ [ [ 629199.725114952540025, 5220814.799885046668351 ], [ 629199.824929783586413, 5220814.799882848747075 ], [ 629199.899932972388342, 5220814.749888169579208 ], [ 629199.974881483591162, 5220814.599957594648004 ], [ 629199.991853038896807, 5220814.444442976266146 ], [ 629200.174882486113347, 5220814.374937187880278 ], [ 629200.18771352362819, 5220814.297906892374158 ], [ 629200.249883639859036, 5220814.249913700856268 ], [ 629200.249885047553107, 5220814.05011495295912 ], [ 629200.100062811863609, 5220814.075117515400052 ], [ 629200.044792378554121, 5220814.151731595396996 ], [ 629199.950115925981663, 5220814.200095137581229 ], [ 629199.977321139536798, 5220814.385989504866302 ], [ 629199.93206095288042, 5220814.437705447897315 ], [ 629199.825117514003068, 5220814.475062810815871 ], [ 629199.818056286894716, 5220814.550135501660407 ], [ 629199.725117514026351, 5220814.700062812305987 ], [ 629199.725114952540025, 5220814.799885046668351 ] ] ] } },
{ "type": "Feature", "properties": { "label": "vineyard", "area_m2": 0.2329049836174088 }, "geometry": { "type": "Polygon", "coordinates": [ [ [ 629202.425117513979785, 5220814.250062812119722 ], [ 629202.350118516595103, 5220814.574957595206797 ], [ 629202.425114952493459, 5220814.749885046854615 ], [ 629202.499885047553107, 5220814.749885046854615 ], [ 629202.502204722259194, 5220814.495095524005592 ], [ 629202.574881805572659, 5220814.374951042234898 ], [ 629202.604289321927354, 5220814.254289321601391 ], [ 629202.737749606370926, 5220814.225447771139443 ], [ 629202.825086298049428, 5220814.299883638508618 ], [ 629202.949885047622956, 5220814.299885046668351 ], [ 629202.949883639928885, 5220814.225086298771203 ], [ 629202.877071597613394, 5220814.148546036332846 ], [ 629202.850918365991674, 5220813.906988985836506 ], [ 629202.916147039388306, 5220813.82750762719661 ], [ 629203.049885047599673, 5220813.82488504704088 ], [ 629203.049885047599673, 5220813.700114953331649 ], [ 629202.800048957928084, 5220813.675118195824325 ], [ 629202.700115925981663, 5220813.725095137022436 ], [ 629202.691799439839087, 5220813.992956222966313 ], [ 629202.600117514026351, 5220814.075062812305987 ], [ 629202.570710678235628, 5220814.195710677653551 ], [ 629202.425117513979785, 5220814.250062812119722 ] ] ] } },
{ "type": "Feature", "properties": { "label": "vineyard", "area_m2": 0.13181796125705258 }, "geometry": { "type": "Polygon", "coordinates": [ [ [ 629227.300159026519395, 5220813.724840972572565 ], [ 629227.355654266895726, 5220813.731741215102375 ], [ 629227.44325878447853, 5220813.819345732219517 ], [ 629227.450167982140556, 5220813.899861577898264 ], [ 629227.543277931399643, 5220813.994347486644983 ], [ 629227.575150369550101, 5220814.099838354624808 ], [ 629227.926246661692858, 5220814.1923410249874 ], [ 629227.950159026542678, 5220814.249840972945094 ], [ 629227.974840973620303, 5220814.249840972945094 ], [ 629227.974840973620303, 5220814.20015902724117 ], [ 629227.8058518380858, 5220813.959666688926518 ], [ 629227.805244255578145, 5220813.89778858423233 ], [ 629227.90839738282375, 5220813.807189745828509 ], [ 629228.075950575061142, 5220813.874926098622382 ], [ 629228.149876368930563, 5220813.874840393662453 ], [ 629228.174829190364107, 5220813.824937245808542 ], [ 629227.849854695145041, 5220813.500160378403962 ], [ 629227.861388035700656, 5220813.571252001449466 ], [ 629227.92449222994037, 5220813.640663431026042 ], [ 629227.902932214201428, 5220813.77863809466362 ], [ 629227.680728718754835, 5220813.975026296451688 ], [ 629227.542627134593204, 5220813.956099136732519 ], [ 629227.381482285331003, 5220813.720587658695877 ], [ 629227.370590780861676, 5220813.602647347375751 ], [ 629227.427397234365344, 5220813.500047738663852 ], [ 629227.32461533381138, 5220813.601075133308768 ], [ 629227.300159026519395, 5220813.724840972572565 ] ] ] } },
{ "type": "Feature", "properties": { "label": "vineyard", "area_m2": 0.21717193596964546 }, "geometry": { "type": "Polygon", "coordinates": [ [ [ 629218.875114280846901, 5220814.025114280171692 ], [ 629218.875114280846901, 5220814.124885719269514 ], [ 629218.972139673773199, 5220814.136807872913778 ], [ 629219.023078528116457, 5220814.205490967258811 ], [ 629218.97511707060039, 5220814.325057321228087 ], [ 629218.975114280707203, 5220814.424885720014572 ], [ 629219.149904670543037, 5220814.399884791113436 ], [ 629219.199882929446176, 5220814.324942679144442 ], [ 629219.220768335857429, 5220813.900468989275396 ], [ 629219.365567311528139, 5220813.746525565162301 ], [ 629219.465036368812434, 5220813.75493168272078 ], [ 629219.525057322112843, 5220813.799882930703461 ], [ 629219.649885719292797, 5220813.799885720014572 ], [ 629219.64988292939961, 5220813.700057321228087 ], [ 629219.522552486974746, 5220813.625 ], [ 629219.42505732155405, 5220813.625117070041597 ], [ 629219.329175876802765, 5220813.697460848838091 ], [ 629219.100114280707203, 5220813.675114280544221 ], [ 629219.085009134956636, 5220813.832650822587311 ], [ 629218.975114280707203, 5220813.875114280730486 ], [ 629218.959152521681972, 5220813.97902178298682 ], [ 629218.875114280846901, 5220814.025114280171692 ] ] ] } },
{ "type": "Feature", "properties": { "label": "vineyard", "area_m2": 0.32755526051030215 }, "geometry": { "type": "Polygon", "coordinates": [ [ [ 629229.675807538907975, 5220814.799838990904391 ], [ 629229.700106372358277, 5220814.94992892537266 ], [ 629229.849885047646239, 5220815.124885046854615 ], [ 629229.916853038826957, 5220814.844442975707352 ], [ 629229.97097153228242, 5220814.80430596601218 ], [ 629230.074937188299373, 5220814.799882484599948 ], [ 629230.12488180550281, 5220814.724951041862369 ], [ 629230.174881483544596, 5220814.574957595206797 ], [ 629230.174882138962857, 5220814.400055745616555 ], [ 629230.138147493707947, 5220814.327117878943682 ], [ 629230.151803613058291, 5220814.181093133054674 ], [ 629230.184450714848936, 5220814.12447986099869 ], [ 629230.249885047553107, 5220814.099885046482086 ], [ 629230.249885047553107, 5220814.025114953517914 ], [ 629230.000095137394965, 5220814.000115927308798 ], [ 629229.725118194590323, 5220814.525048958137631 ], [ 629229.747928402386606, 5220814.723546035587788 ], [ 629229.675807538907975, 5220814.799838990904391 ] ] ] } },
{ "type": "Feature", "properties": { "label": "vineyard", "area_m2": 0.17663283783636732 }, "geometry": { "type": "Polygon", "coordinates": [ [ [ 629208.10313464445062, 5220814.075661012902856 ], [ 629208.19127832679078, 5220814.150133715011179 ], [ 629208.200114952516742, 5220814.299885046668351 ], [ 629208.274937188252807, 5220814.299882484599948 ], [ 629208.349882486159913, 5220814.224937187507749 ], [ 629208.307287921197712, 5220813.951924220658839 ], [ 629208.420982852578163, 5220813.790844501927495 ], [ 629208.599951042211615, 5220813.74988180398941 ], [ 629208.674882486113347, 5220813.699937188997865 ], [ 629208.64988504757639, 5220813.450114953331649 ], [ 629208.300114952493459, 5220813.450114953331649 ], [ 629208.300114952493459, 5220813.474885046482086 ], [ 629208.408146961242892, 5220813.519442975521088 ], [ 629208.420062218792737, 5220813.615056914277375 ], [ 629208.361480827210471, 5220813.685135520063341 ], [ 629208.275114952470176, 5220813.700114953331649 ], [ 629208.242387953330763, 5220813.913268343545496 ], [ 629208.188268343219534, 5220813.967387952841818 ], [ 629208.100114952540025, 5220813.975114952772856 ], [ 629208.10313464445062, 5220814.075661012902856 ] ] ] } },
{ "type": "Feature", "properties": { "label": "vineyard", "area_m2": 0.18177413747563151 }, "geometry": { "type": "Polygon", "coordinates": [ [ [ 629224.400000000023283, 5220813.847054241225123 ], [ 629224.567043309682049, 5220813.879018072038889 ], [ 629224.725101580144837, 5220814.049830070696771 ], [ 629224.848894466646016, 5220814.049933711066842 ], [ 629224.974138521240093, 5220813.975681152194738 ], [ 629224.999420006992295, 5220813.883272604085505 ], [ 629225.127406703191809, 5220813.849954253993928 ], [ 629225.147040077368729, 5220813.79248108714819 ], [ 629225.24655965087004, 5220813.772902071475983 ], [ 629225.274840973550454, 5220813.849840972572565 ], [ 629225.274932691128924, 5220813.776084758341312 ], [ 629225.249876368790865, 5220813.725159605965018 ], [ 629225.125159026472829, 5220813.725159026682377 ], [ 629225.097410088288598, 5220813.843786995857954 ], [ 629224.866929583251476, 5220813.866665755398571 ], [ 629224.803044818807393, 5220813.778173469938338 ], [ 629224.80279841448646, 5220813.720671832561493 ], [ 629224.929865034297109, 5220813.49323536362499 ], [ 629225.024840973550454, 5220813.474840972572565 ], [ 629225.024840973550454, 5220813.45015902724117 ], [ 629224.79756334843114, 5220813.45005533657968 ], [ 629224.67480880219955, 5220813.532151830382645 ], [ 629224.638477209955454, 5220813.512155840173364 ], [ 629224.626095714629628, 5220813.450066771358252 ], [ 629224.625163507414982, 5220813.549912603572011 ], [ 629224.700094784027897, 5220813.633549628779292 ], [ 629224.68861999141518, 5220813.75170873850584 ], [ 629224.649340117000975, 5220813.773049695417285 ], [ 629224.524880239856429, 5220813.725161479786038 ], [ 629224.400159026496112, 5220813.725159026682377 ], [ 629224.400000000023283, 5220813.847054241225123 ] ] ] } },
{ "type": "Feature", "properties": { "label": "vineyard", "area_m2": 0.45856809841391777 }, "geometry": { "type": "Polygon", "coordinates": [ [ [ 629221.500117513933219, 5220814.124937187880278 ], [ 629221.600095137371682, 5220814.224884072318673 ], [ 629221.700135500403121, 5220814.231943712569773 ], [ 629221.825048957951367, 5220814.324881804175675 ], [ 629221.92493718827609, 5220814.299882484599948 ], [ 629221.999882486066781, 5220814.19993718713522 ], [ 629222.00493778125383, 5220814.08494308590889 ], [ 629222.076810549595393, 5220813.943335916846991 ], [ 629222.181213880889118, 5220813.849368219263852 ], [ 629222.324885047622956, 5220813.849885046482086 ], [ 629222.3269662798848, 5220813.688985847868025 ], [ 629222.399884074111469, 5220813.624904861673713 ], [ 629222.39988504757639, 5220813.450114953331649 ], [ 629222.225062811863609, 5220813.450117515400052 ], [ 629222.110452383523807, 5220813.541872057132423 ], [ 629222.031880781869404, 5220813.511989975348115 ], [ 629221.99989535450004, 5220813.45011545997113 ], [ 629221.775095137418248, 5220813.450115927495062 ], [ 629221.500117513933219, 5220814.124937187880278 ] ] ] } },
{ "type": "Feature", "properties": { "label": "vineyard", "area_m2": 0.32713436461856238 }, "geometry": { "type": "Polygon", "coordinates": [ [ [ 629205.325807538931258, 5220813.899838991463184 ], [ 629205.325115925865248, 5220814.024904862046242 ], [ 629205.38295723637566, 5220814.062793586403131 ], [ 629205.424447292112745, 5220814.155478801578283 ], [ 629205.418056286871433, 5220814.225135502405465 ], [ 629205.375117150135338, 5220814.275070217438042 ], [ 629205.375117513933219, 5220814.374937187880278 ], [ 629205.474885047762655, 5220814.399885047227144 ], [ 629205.520982852671295, 5220814.315844501368701 ], [ 629205.624904862605035, 5220814.299884072504938 ], [ 629205.69988248613663, 5220814.174937187694013 ], [ 629205.650552707957104, 5220813.944521198049188 ], [ 629205.672698954702355, 5220813.811560671776533 ], [ 629205.730490967747755, 5220813.776921471580863 ], [ 629205.924929784028791, 5220813.774882849305868 ], [ 629205.974864499643445, 5220813.731943712569773 ], [ 629206.049885047599673, 5220813.724885046482086 ], [ 629205.999882486066781, 5220813.475062812678516 ], [ 629205.974937188322656, 5220813.450117515400052 ], [ 629205.777454879018478, 5220813.450000000186265 ], [ 629205.600078020361252, 5220813.475116766989231 ], [ 629205.55011676682625, 5220813.525078020989895 ], [ 629205.484155497746542, 5220813.704017147421837 ], [ 629205.400114952470176, 5220813.750114953145385 ], [ 629205.387286476441659, 5220813.852093107998371 ], [ 629205.325807538931258, 5220813.899838991463184 ] ] ] } },
{ "type": "Feature", "properties": { "label": "vineyard", "area_m2": 0.43088387247082832 }, "geometry": { "type": "Polygon", "coordinates": [ [ [ 629213.475114952540025, 5220814.42511495295912 ], [ 629213.475114952540025, 5220814.599885046482086 ], [ 629213.583146961289458, 5220814.644442975521088 ], [ 629213.600115926004946, 5220814.774904862977564 ], [ 629213.749904862605035, 5220814.799884072504938 ], [ 629213.799881805549376, 5220814.699951042421162 ], [ 629213.83851457061246, 5220814.490775844082236 ], [ 629214.024881805526093, 5220814.299951042048633 ], [ 629214.038514570565894, 5220814.115775844082236 ], [ 629214.137862934265286, 5220813.982042714953423 ], [ 629214.249882486066781, 5220813.899937187321484 ], [ 629214.249882486066781, 5220813.775062812492251 ], [ 629214.193643083330244, 5220813.659996087662876 ], [ 629214.274881805526093, 5220813.524951042607427 ], [ 629214.27488504757639, 5220813.450114953331649 ], [ 629214.075062811840326, 5220813.450117515400052 ], [ 629214.007092546322383, 5220813.534297254867852 ], [ 629213.925114952493459, 5220813.55011495295912 ], [ 629213.927897204528563, 5220813.719856708310544 ], [ 629213.877652770606801, 5220813.767026112414896 ], [ 629213.800114952493459, 5220813.775114953517914 ], [ 629213.796074064215645, 5220813.866267091594636 ], [ 629213.750117150135338, 5220813.925070216879249 ], [ 629213.750117150135338, 5220813.999929782934487 ], [ 629213.798248737119138, 5220814.067844794131815 ], [ 629213.789221887942404, 5220814.158682609908283 ], [ 629213.650117513956502, 5220814.300062811002135 ], [ 629213.613439328502864, 5220814.402301045134664 ], [ 629213.475114952540025, 5220814.42511495295912 ] ] ] } },
{ "type": "Feature", "properties": { "label": "vineyard", "area_m2": 0.28068883374887288 }, "geometry": { "type": "Polygon", "coordinates": [ [ [ 629210.850117150344886, 5220814.324929784052074 ], [ 629210.903480494976975, 5220814.390604835934937 ], [ 629210.900114952470176, 5220814.57488504704088 ], [ 629210.999937188229524, 5220814.574882484972477 ], [ 629211.049881805549376, 5220814.499951042234898 ], [ 629211.061095164506696, 5220814.3292186697945 ], [ 629211.17488180543296, 5220814.224951041862369 ], [ 629211.207749772584066, 5220813.763492577709258 ], [ 629211.279988636262715, 5220813.706700719892979 ], [ 629211.499882486066781, 5220813.649937187321484 ], [ 629211.499881805386394, 5220813.575048957951367 ], [ 629211.424904862651601, 5220813.450115927495062 ], [ 629211.150114952470176, 5220813.450114953331649 ], [ 629211.171881846967153, 5220813.567406767979264 ], [ 629211.133146961219609, 5220813.780557024292648 ], [ 629210.98628399556037, 5220813.846212140284479 ], [ 629210.875114952446893, 5220813.850114952772856 ], [ 629210.850118516595103, 5220813.925042404793203 ], [ 629210.883901405613869, 5220814.079906767234206 ], [ 629210.850117861293256, 5220814.15005574375391 ], [ 629210.850117150344886, 5220814.324929784052074 ] ] ] } }
]
}
