{
"type": "FeatureCollection",
"name": "siret3_r007_c002__vineyard",
"crs": { "type": "name", "properties": { "name": "urn:ogc:def:crs:EPSG::32635" } },
"features": [
{ "type": "Feature", "properties": { "label": "vineyard", "area_m2": 0.4393608698265285 }, "geometry": { "type": "Polygon", "coordinates": [ [ [ 629115.900114280870184, 5220863.200114279985428 ], [ 629115.92509626201354, 5220863.349884837865829 ], [ 629116.249912942294031, 5220863.349884386174381 ], [ 629116.30398509639781, 5220863.284440783783793 ], [ 629116.399896917981096, 5220863.274885171093047 ], [ 629116.52488343778532, 5220863.049932301044464 ], [ 629116.5, 5220862.86598000023514 ], [ 629116.53261204669252, 5220862.736731656827033 ], [ 629116.58673165680375, 5220862.682612047530711 ], [ 629116.67488571931608, 5220862.674885720014572 ], [ 629116.724882929353043, 5220862.475057320669293 ], [ 629116.399949503713287, 5220862.325117403641343 ], [ 629116.350057322066277, 5220862.325117069296539 ], [ 629116.250097735552117, 5220862.400105617940426 ], [ 629116.141289034974761, 5220862.849840485490859 ], [ 629116.092020599287935, 5220862.935132931917906 ], [ 629116.000115163391456, 5220863.000096262432635 ], [ 629115.984152521705255, 5220863.154021782800555 ], [ 629115.900114280870184, 5220863.200114279985428 ] ] ] } },
{ "type": "Feature", "properties": { "label": "vineyard", "area_m2": 0.42154959689774674 }, "geometry": { "type": "Polygon", "coordinates": [ [ [ 629124.100114280707203, 5220863.349885719828308 ], [ 629124.224885719129816, 5220863.349885719828308 ], [ 629124.175000000046566, 5220863.224999999627471 ], [ 629124.22786032629665, 5220863.136807872913778 ], [ 629124.402125928783789, 5220863.118745371699333 ], [ 629124.549942678073421, 5220863.199882930144668 ], [ 629124.67489227373153, 5220863.049934208393097 ], [ 629124.799882595078088, 5220862.799949506297708 ], [ 629124.758868023636751, 5220862.603748392313719 ], [ 629124.83927838515956, 5220862.493129625916481 ], [ 629124.949885719339363, 5220862.474885719828308 ], [ 629124.999882085830905, 5220862.324959902092814 ], [ 629124.974934207391925, 5220862.250107726082206 ], [ 629124.800040099304169, 5220862.22511791344732 ], [ 629124.550064699375071, 5220862.325108930468559 ], [ 629124.47511707060039, 5220862.400057321414351 ], [ 629124.502313061617315, 5220862.53600561991334 ], [ 629124.400073558790609, 5220862.600116275250912 ], [ 629124.300117404898629, 5220862.725050495006144 ], [ 629124.200117914122529, 5220862.975040097720921 ], [ 629124.191800970467739, 5220863.117955791763961 ], [ 629124.125115614151582, 5220863.175087057985365 ], [ 629124.100114280707203, 5220863.349885719828308 ] ] ] } },
{ "type": "Feature", "properties": { "label": "vineyard", "area_m2": 0.2803841812165101 }, "geometry": { "type": "Polygon", "coordinates": [ [ [ 629113.275000000023283, 5220863.347054241225123 ], [ 629113.336877333582379, 5220863.137086949311197 ], [ 629113.633523507509381, 5220863.091564671136439 ], [ 629113.67319631553255, 5220863.119661322794855 ], [ 629113.69984097359702, 5220863.349840972572565 ], [ 629113.725162306451239, 5220862.794666727073491 ], [ 629113.772004181751981, 5220862.680727336555719 ], [ 629113.856599068385549, 5220862.634057531133294 ], [ 629114.024840973550454, 5220862.749840972945094 ], [ 629113.899840396014042, 5220862.550123631022871 ], [ 629113.500123626785353, 5220862.400159600190818 ], [ 629113.425165472202934, 5220862.550064329989254 ], [ 629113.325158765190281, 5220862.925051864236593 ], [ 629113.275000000023283, 5220863.347054241225123 ] ] ] } },
{ "type": "Feature", "properties": { "label": "vineyard", "area_m2": 0.17460655700409672 }, "geometry": { "type": "Polygon", "coordinates": [ [ [ 629118.824999999953434, 5220863.197063060477376 ], [ 629118.899859866476618, 5220863.19984164647758 ], [ 629119.050147793604992, 5220862.948888800106943 ], [ 629119.074945642496459, 5220862.847564178518951 ], [ 629118.975103085627779, 5220862.614308301359415 ], [ 629119.074953773175366, 5220862.552414971403778 ], [ 629119.153745920164511, 5220862.311608409509063 ], [ 629119.274867629050277, 5220862.299844896420836 ], [ 629119.399829941685311, 5220862.1499357027933 ], [ 629119.399841622915119, 5220861.825158377178013 ], [ 629119.324577191378921, 5220861.825892154127359 ], [ 629119.125581502914429, 5220862.199122680351138 ], [ 629119.144491327810101, 5220862.315212260000408 ], [ 629119.078252099454403, 5220862.529033462516963 ], [ 629119.000075418152846, 5220862.550157899968326 ], [ 629118.8751697067637, 5220862.700077245943248 ], [ 629118.874914158717729, 5220862.966877829283476 ], [ 629118.825173560064286, 5220863.050075946375728 ], [ 629118.824999999953434, 5220863.197063060477376 ] ] ] } },
{ "type": "Feature", "properties": { "label": "vineyard", "area_m2": 0.31854688151183452 }, "geometry": { "type": "Polygon", "coordinates": [ [ [ 629110.550159096950665, 5220862.399848940782249 ], [ 629110.645072756684385, 5220862.449210309423506 ], [ 629110.675156591227278, 5220862.524923671968281 ], [ 629110.822642066515982, 5220862.658134602941573 ], [ 629110.725159421563148, 5220862.800147756934166 ], [ 629110.725711968028918, 5220862.875735674984753 ], [ 629110.800149732385762, 5220862.974855641834438 ], [ 629110.879226880846545, 5220863.030422491021454 ], [ 629110.975149701116607, 5220863.199839014559984 ], [ 629111.099841622635722, 5220863.199841623194516 ], [ 629110.964927263907157, 5220863.140155148692429 ], [ 629110.931370089296252, 5220863.082494125701487 ], [ 629110.788401737110689, 5220862.921311248093843 ], [ 629110.805980007862672, 5220862.774478033185005 ], [ 629110.855564891011454, 5220862.728994625620544 ], [ 629111.019201437011361, 5220862.751076358370483 ], [ 629111.059190013096668, 5220862.850776481442153 ], [ 629111.099953143275343, 5220862.927303172647953 ], [ 629111.025000000023283, 5220862.698267533443868 ], [ 629111.05345094751101, 5220862.580932840704918 ], [ 629111.119112731306814, 5220862.48488293774426 ], [ 629111.296226046397351, 5220862.54539136774838 ], [ 629111.300157903926447, 5220862.674924581311643 ], [ 629111.350239113438874, 5220862.69900262914598 ], [ 629111.399841622798704, 5220862.550158376805484 ], [ 629111.32132728153374, 5220862.54847140610218 ], [ 629111.128162754583173, 5220862.4607466571033 ], [ 629111.150000000023283, 5220862.227936943992972 ], [ 629111.12484066572506, 5220862.100129025988281 ], [ 629110.900075943791308, 5220862.025173553265631 ], [ 629110.749366782605648, 5220862.125806787982583 ], [ 629110.668905509752221, 5220862.25282471999526 ], [ 629110.550159938284196, 5220862.325141615234315 ], [ 629110.550159096950665, 5220862.399848940782249 ] ] ] } },
{ "type": "Feature", "properties": { "label": "vineyard", "area_m2": 0.23811604030075806 }, "geometry": { "type": "Polygon", "coordinates": [ [ [ 629138.250114952446893, 5220863.07488504704088 ], [ 629138.499929783283733, 5220863.074882849119604 ], [ 629138.558732908568345, 5220863.028925935737789 ], [ 629138.699885047622956, 5220863.024885047227144 ], [ 629138.682221515453421, 5220862.709391548298299 ], [ 629138.742774522630498, 5220862.652037814259529 ], [ 629138.874937188229524, 5220862.649882485158741 ], [ 629138.89988504757639, 5220862.55011495295912 ], [ 629138.73388624668587, 5220862.544454220682383 ], [ 629138.649928923579864, 5220862.425106370821595 ], [ 629138.574937188415788, 5220862.375117515213788 ], [ 629138.500114952446893, 5220862.375114953145385 ], [ 629138.492850608075969, 5220862.512131719850004 ], [ 629138.400114952470176, 5220862.575114953331649 ], [ 629138.366278326720931, 5220862.74986628536135 ], [ 629138.275118194520473, 5220862.875048957765102 ], [ 629138.250114952446893, 5220863.07488504704088 ] ] ] } },
{ "type": "Feature", "properties": { "label": "vineyard", "area_m2": 0.38916817207491472 }, "geometry": { "type": "Polygon", "coordinates": [ [ [ 629121.200114952516742, 5220863.349885046482086 ], [ 629121.674885047599673, 5220863.349885046482086 ], [ 629121.678925935761072, 5220863.258732908405364 ], [ 629121.849881805363111, 5220862.874951042234898 ], [ 629121.924881483544596, 5220862.574957595206797 ], [ 629121.924882486113347, 5220862.450062812305987 ], [ 629121.874885047553107, 5220862.350114952772856 ], [ 629121.675070216413587, 5220862.350117150694132 ], [ 629121.600115458713844, 5220862.400104646570981 ], [ 629121.59179943986237, 5220862.667956222780049 ], [ 629121.400117513956502, 5220862.825062812305987 ], [ 629121.395825639599934, 5220863.015866924077272 ], [ 629121.200117514003068, 5220863.275062812492251 ], [ 629121.200114952516742, 5220863.349885046482086 ] ] ] } },
{ "type": "Feature", "properties": { "label": "vineyard", "area_m2": 0.22224372087747526 }, "geometry": { "type": "Polygon", "coordinates": [ [ [ 629140.775114952470176, 5220862.999885046854615 ], [ 629141.074957596487366, 5220862.974881482310593 ], [ 629141.19988248613663, 5220862.924937187694013 ], [ 629141.233721673255786, 5220862.700133714824915 ], [ 629141.374881805386394, 5220862.474951041862369 ], [ 629141.374885047553107, 5220862.225114952772856 ], [ 629141.300095137674361, 5220862.225115926936269 ], [ 629141.139820046839304, 5220862.403834642842412 ], [ 629141.000115925911814, 5220862.475095137022436 ], [ 629141.017387953354046, 5220862.688268343918025 ], [ 629140.972139673773199, 5220862.738192127086222 ], [ 629140.850062811630778, 5220862.750117515213788 ], [ 629140.800117513979785, 5220862.800062811002135 ], [ 629140.775114952470176, 5220862.999885046854615 ] ] ] } },
{ "type": "Feature", "properties": { "label": "vineyard", "area_m2": 0.054439544856599152 }, "geometry": { "type": "Polygon", "coordinates": [ [ [ 629130.075114952516742, 5220862.325114953331649 ], [ 629130.075114952516742, 5220862.399885047227144 ], [ 629130.16148082842119, 5220862.414864480495453 ], [ 629130.225104645476677, 5220862.499884540215135 ], [ 629130.32488248613663, 5220862.474937187507749 ], [ 629130.324881805572659, 5220862.250048957765102 ], [ 629130.274937188252807, 5220862.175117515027523 ], [ 629130.200095137464814, 5220862.175115927122533 ], [ 629130.153645521379076, 5220862.286764731630683 ], [ 629130.075114952516742, 5220862.325114953331649 ] ] ] } },
{ "type": "Feature", "properties": { "label": "vineyard", "area_m2": 0.51222117716903859 }, "geometry": { "type": "Polygon", "coordinates": [ [ [ 629113.525000000023283, 5220862.422063056379557 ], [ 629113.849177136202343, 5220862.549594398587942 ], [ 629113.924924585851841, 5220862.549842102453113 ], [ 629114.224133589537814, 5220862.300692865625024 ], [ 629114.299822570988908, 5220862.124936416745186 ], [ 629114.299836777965538, 5220862.000104228034616 ], [ 629114.198406987823546, 5220861.868991397321224 ], [ 629114.151648606755771, 5220861.63363310880959 ], [ 629114.188630214659497, 5220861.605021895840764 ], [ 629114.499924582662061, 5220861.624842098914087 ], [ 629114.574829997494817, 5220861.499935722909868 ], [ 629114.574841622961685, 5220861.275158377364278 ], [ 629114.500075414194725, 5220861.275157897733152 ], [ 629114.425169464549981, 5220861.35009712446481 ], [ 629114.435127296252176, 5220861.54504915047437 ], [ 629114.000085715437308, 5220861.600173065438867 ], [ 629113.850753922364675, 5220861.724420394748449 ], [ 629113.822055622586049, 5220861.830143719911575 ], [ 629113.600164192379452, 5220862.150071622803807 ], [ 629113.598417651257478, 5220862.300771843641996 ], [ 629113.525000000023283, 5220862.422063056379557 ] ] ] } },
{ "type": "Feature", "properties": { "label": "vineyard", "area_m2": 0.37270959987090974 }, "geometry": { "type": "Polygon", "coordinates": [ [ [ 629139.075170764932409, 5220860.625062738545239 ], [ 629139.125159026472829, 5220861.649840973317623 ], [ 629139.199848248390481, 5220861.649840226396918 ], [ 629139.274833964882419, 5220861.349950555711985 ], [ 629139.301471123937517, 5220860.90052296500653 ], [ 629139.520043165422976, 5220860.606771839782596 ], [ 629139.599882858456112, 5220860.574846568517387 ], [ 629139.699829303543083, 5220860.474913616664708 ], [ 629139.699841659283265, 5220860.375132314860821 ], [ 629139.526848782785237, 5220860.169687419198453 ], [ 629139.524840973550454, 5220860.000159027054906 ], [ 629139.450150369200855, 5220860.000161645002663 ], [ 629139.423214153037407, 5220860.22670248709619 ], [ 629139.256890090182424, 5220860.532495032064617 ], [ 629139.125086384708993, 5220860.550170697271824 ], [ 629139.075170764932409, 5220860.625062738545239 ] ] ] } },
{ "type": "Feature", "properties": { "label": "vineyard", "area_m2": 0.37279293999595653 }, "geometry": { "type": "Polygon", "coordinates": [ [ [ 629132.925117513979785, 5220862.524937189184129 ], [ 629132.970062219072133, 5220862.584943087771535 ], [ 629133.000114952446893, 5220862.799885046668351 ], [ 629133.124937188229524, 5220862.799882484599948 ], [ 629133.19988248613663, 5220862.699937188997865 ], [ 629133.206943713128567, 5220862.449864498339593 ], [ 629133.299881805549376, 5220862.324951042421162 ], [ 629133.53320056013763, 5220861.707043777219951 ], [ 629133.599883639835753, 5220861.649913701228797 ], [ 629133.599885047529824, 5220861.55011495295912 ], [ 629133.3999575964408, 5220861.500118517316878 ], [ 629133.325099301990122, 5220861.525099301710725 ], [ 629133.20011819456704, 5220861.775048958137631 ], [ 629133.188904835493304, 5220861.945781330578029 ], [ 629133.050106372334994, 5220862.05007107462734 ], [ 629133.000118194613606, 5220862.150048958137631 ], [ 629132.99506221874617, 5220862.240056914277375 ], [ 629132.925118194660172, 5220862.400048958137631 ], [ 629132.925117513979785, 5220862.524937189184129 ] ] ] } },
{ "type": "Feature", "properties": { "label": "vineyard", "area_m2": 0.46889525357444212 }, "geometry": { "type": "Polygon", "coordinates": [ [ [ 629116.325117070577107, 5220862.149942678399384 ], [ 629116.381054100813344, 5220862.218715166673064 ], [ 629116.375117070623673, 5220862.324942679144442 ], [ 629116.40006579272449, 5220862.349892274476588 ], [ 629116.749885719153099, 5220862.474885719828308 ], [ 629116.799883437808603, 5220862.374932301230729 ], [ 629116.812711165403016, 5220862.222907999530435 ], [ 629116.949882595101371, 5220862.074949505738914 ], [ 629116.936807873542421, 5220861.877860326319933 ], [ 629116.995971532305703, 5220861.829305966384709 ], [ 629117.099885719129816, 5220861.824885719455779 ], [ 629117.099883512826636, 5220861.750069233588874 ], [ 629117.044607396586798, 5220861.674807035364211 ], [ 629117.04988571931608, 5220861.475114280357957 ], [ 629116.968320342479274, 5220861.448172817006707 ], [ 629116.92488571931608, 5220861.350114280357957 ], [ 629116.800114280660637, 5220861.350114280357957 ], [ 629116.784594756085426, 5220861.416846609674394 ], [ 629116.525117070646957, 5220861.750057321041822 ], [ 629116.491289030644111, 5220861.899840496480465 ], [ 629116.325117070577107, 5220862.100057321600616 ], [ 629116.325117070577107, 5220862.149942678399384 ] ] ] } },
{ "type": "Feature", "properties": { "label": "vineyard", "area_m2": 0.38843258943823533 }, "geometry": { "type": "Polygon", "coordinates": [ [ [ 629141.425114952493459, 5220861.224885046482086 ], [ 629141.540608450537547, 5220861.232221513986588 ], [ 629141.597962184110656, 5220861.292774517089128 ], [ 629141.610927307861857, 5220861.499968544580042 ], [ 629141.475117513909936, 5220861.625062812119722 ], [ 629141.475115925888531, 5220861.6999048627913 ], [ 629141.575095137464814, 5220861.799884072504938 ], [ 629141.649904862395488, 5220861.799884072504938 ], [ 629141.724884074064903, 5220861.724904861301184 ], [ 629141.743132952949964, 5220861.614276753738523 ], [ 629141.799883639905602, 5220861.574913701042533 ], [ 629141.803925935761072, 5220861.483732908032835 ], [ 629141.849882849841379, 5220861.424929782748222 ], [ 629141.89254106907174, 5220861.259404960088432 ], [ 629141.968255605432205, 5220861.216205834411085 ], [ 629142.124885047553107, 5220861.249885046854615 ], [ 629142.131943713175133, 5220861.174864497967064 ], [ 629142.224885047529824, 5220861.000114953145385 ], [ 629142.104289321927354, 5220860.97071067802608 ], [ 629142.074884074158035, 5220860.850095137022436 ], [ 629141.824951042188331, 5220860.75011819601059 ], [ 629141.750062811770476, 5220860.750117515213788 ], [ 629141.704244692111388, 5220860.849516374990344 ], [ 629141.575117514003068, 5220860.975062812678516 ], [ 629141.554244691971689, 5220861.074516375549138 ], [ 629141.42511592595838, 5220861.150095137767494 ], [ 629141.425114952493459, 5220861.224885046482086 ] ] ] } },
{ "type": "Feature", "properties": { "label": "vineyard", "area_m2": 0.36587887206968212 }, "geometry": { "type": "Polygon", "coordinates": [ [ [ 629119.449999999953434, 5220861.372063060291111 ], [ 629119.674924581078812, 5220861.424842100590467 ], [ 629119.825409191078506, 5220861.248900289647281 ], [ 629119.874841789714992, 5220861.124950432218611 ], [ 629119.878182506072335, 5220860.922068162821233 ], [ 629120.224829997401685, 5220860.299935722723603 ], [ 629120.224829994956963, 5220860.150064277462661 ], [ 629120.149875243427232, 5220860.000158852897584 ], [ 629120.024664948927239, 5220860.000975617207587 ], [ 629119.901671552681364, 5220860.369295419193804 ], [ 629119.825157897430472, 5220860.450075413100421 ], [ 629119.822329820250161, 5220860.677570756524801 ], [ 629119.698356309556402, 5220860.926483388058841 ], [ 629119.500160334049724, 5220861.125085848383605 ], [ 629119.450176577083766, 5220861.250080787576735 ], [ 629119.449999999953434, 5220861.372063060291111 ] ] ] } },
{ "type": "Feature", "properties": { "label": "vineyard", "area_m2": 0.053338585674192432 }, "geometry": { "type": "Polygon", "coordinates": [ [ [ 629117.175114952493459, 5220861.099885046482086 ], [ 629117.399904862628318, 5220861.124884072691202 ], [ 629117.424884074134752, 5220860.9250951372087 ], [ 629117.324937188415788, 5220860.850117514841259 ], [ 629117.225062811630778, 5220860.850117514841259 ], [ 629117.175114952493459, 5220861.099885046482086 ] ] ] } },
{ "type": "Feature", "properties": { "label": "vineyard", "area_m2": 0.048229768099486724 }, "geometry": { "type": "Polygon", "coordinates": [ [ [ 629109.025114952470176, 5220860.80011495295912 ], [ 629109.050106372102164, 5220860.999928924255073 ], [ 629109.125062811770476, 5220861.074882484972477 ], [ 629109.199921979918145, 5220861.074883232824504 ], [ 629109.274882486090064, 5220860.999937187880278 ], [ 629109.27488504757639, 5220860.900114953517914 ], [ 629109.192907453747466, 5220860.884297255426645 ], [ 629109.124937188229524, 5220860.800117515027523 ], [ 629109.025114952470176, 5220860.80011495295912 ] ] ] } },
{ "type": "Feature", "properties": { "label": "vineyard", "area_m2": 0.12730422843734734 }, "geometry": { "type": "Polygon", "coordinates": [ [ [ 629127.775170963956043, 5220860.974948887713253 ], [ 629127.799951409106143, 5220861.040748038329184 ], [ 629127.798061367822811, 5220860.879995458759367 ], [ 629127.94062737445347, 5220860.696537702344358 ], [ 629128.144295707112178, 5220860.740859128534794 ], [ 629128.264997799298726, 5220860.87134677823633 ], [ 629128.302576479967684, 5220861.079638950526714 ], [ 629128.143756887177005, 5220861.238474519923329 ], [ 629128.08750744711142, 5220861.374064321629703 ], [ 629127.909890847047791, 5220861.475906124338508 ], [ 629127.80004685674794, 5220861.297696828842163 ], [ 629127.950141641544178, 5220861.599840035662055 ], [ 629128.049924580962397, 5220861.599842097610235 ], [ 629128.126881622942165, 5220861.298623980954289 ], [ 629128.299845360801555, 5220861.099900395609438 ], [ 629128.324829990859143, 5220861.049935721792281 ], [ 629128.324829988414422, 5220860.950064280070364 ], [ 629128.299844142282382, 5220860.900098524056375 ], [ 629128.200085772783495, 5220860.797694096341729 ], [ 629128.155083023011684, 5220860.642364104278386 ], [ 629128.37483053538017, 5220860.39990287553519 ], [ 629128.374839705298655, 5220860.325069943442941 ], [ 629128.274856524541974, 5220860.150161874480546 ], [ 629128.200158377061598, 5220860.150158377364278 ], [ 629128.302112625795417, 5220860.266816969960928 ], [ 629128.233018898987211, 5220860.456426046788692 ], [ 629128.025079730432481, 5220860.575149258598685 ], [ 629127.800163112580776, 5220860.800133505836129 ], [ 629127.775170963956043, 5220860.974948887713253 ] ] ] } },
{ "type": "Feature", "properties": { "label": "vineyard", "area_m2": 0.33998612858292715 }, "geometry": { "type": "Polygon", "coordinates": [ [ [ 629141.650114952470176, 5220860.549885046668351 ], [ 629141.73890483553987, 5220860.604218669235706 ], [ 629141.750114952446893, 5220860.749885046854615 ], [ 629142.025042403605767, 5220860.849881482310593 ], [ 629142.074904862674884, 5220860.849884072318673 ], [ 629142.104937781230547, 5220860.684943086467683 ], [ 629142.163169405655935, 5220860.618154181167483 ], [ 629142.248680421151221, 5220860.618154184892774 ], [ 629142.349904862581752, 5220860.699884072877467 ], [ 629142.374885047553107, 5220860.575114953331649 ], [ 629142.227437268476933, 5220860.585943656042218 ], [ 629142.157274187309667, 5220860.525964558124542 ], [ 629142.116098594502546, 5220860.379906767047942 ], [ 629142.149882138823159, 5220860.299944256432354 ], [ 629142.13667680544313, 5220860.118692951276898 ], [ 629142.179760059108958, 5220860.042640375904739 ], [ 629142.299882486113347, 5220859.999937187880278 ], [ 629142.329289321904071, 5220859.829289321787655 ], [ 629142.449885047622956, 5220859.799885046668351 ], [ 629142.44988248613663, 5220859.775062812492251 ], [ 629142.275114952470176, 5220859.700114953331649 ], [ 629142.308968319674022, 5220859.79672809317708 ], [ 629142.273561380570754, 5220859.876384884119034 ], [ 629142.200062811840326, 5220859.900117515586317 ], [ 629142.109359508496709, 5220860.008078589104116 ], [ 629141.925062811817043, 5220860.000117515213788 ], [ 629141.887286476441659, 5220860.152093107812107 ], [ 629141.825116360210814, 5220860.200086299329996 ], [ 629141.809604516252875, 5220860.316833410412073 ], [ 629141.650117513956502, 5220860.450062812305987 ], [ 629141.650114952470176, 5220860.549885046668351 ] ] ] } },
{ "type": "Feature", "properties": { "label": "vineyard", "area_m2": 0.13226921957567936 }, "geometry": { "type": "Polygon", "coordinates": [ [ [ 629122.400114952470176, 5220860.67511495295912 ], [ 629122.400114952470176, 5220860.974885046482086 ], [ 629122.474913702229969, 5220860.974883638322353 ], [ 629122.554723394219764, 5220860.909079761244357 ], [ 629122.724937188206241, 5220860.924882484599948 ], [ 629122.799882486113347, 5220860.849937187507749 ], [ 629122.799884074134752, 5220860.600095137022436 ], [ 629122.724937188206241, 5220860.550117515027523 ], [ 629122.550095137441531, 5220860.575115927495062 ], [ 629122.486480828374624, 5220860.660135519690812 ], [ 629122.400114952470176, 5220860.67511495295912 ] ] ] } },
{ "type": "Feature", "properties": { "label": "vineyard", "area_m2": 0.62278947576717336 }, "geometry": { "type": "Polygon", "coordinates": [ [ [ 629110.900115209049545, 5220862.024904671125114 ], [ 629111.07505049626343, 5220862.099882596172392 ], [ 629111.19989452441223, 5220862.074901306070387 ], [ 629111.374882594915107, 5220861.799949506297708 ], [ 629111.424882085877471, 5220861.649959902279079 ], [ 629111.456948180217296, 5220861.324855434708297 ], [ 629111.599882595008239, 5220861.149949504993856 ], [ 629111.574885719339363, 5220860.750114280730486 ], [ 629111.498891197727062, 5220860.718548364937305 ], [ 629111.424934207112528, 5220860.600107724778354 ], [ 629111.249959899694659, 5220860.525117913261056 ], [ 629111.20011428068392, 5220860.525114280171692 ], [ 629111.200115386629477, 5220860.574908298440278 ], [ 629111.252734090900049, 5220860.617818422615528 ], [ 629111.263962309574708, 5220860.693640968762338 ], [ 629111.226108802249655, 5220860.768548364751041 ], [ 629111.150095329619944, 5220860.800115209072828 ], [ 629111.125117404968478, 5220860.850050495006144 ], [ 629111.116289030644111, 5220861.0748404962942 ], [ 629111.03572161484044, 5220861.181870373897254 ], [ 629110.925114280660637, 5220861.200114279985428 ], [ 629110.925117404898629, 5220861.249949505552649 ], [ 629111.017076906980947, 5220861.375081362202764 ], [ 629111.049999999930151, 5220861.484020000323653 ], [ 629110.900115209049545, 5220862.024904671125114 ] ] ] } },
{ "type": "Feature", "properties": { "label": "vineyard", "area_m2": 0.42766030948879546 }, "geometry": { "type": "Polygon", "coordinates": [ [ [ 629133.325807538931258, 5220860.799838990904391 ], [ 629133.431356916786171, 5220860.98499608784914 ], [ 629133.39305628684815, 5220861.1501355022192 ], [ 629133.350117150112055, 5220861.200070217251778 ], [ 629133.350118194590323, 5220861.349951041862369 ], [ 629133.400062811793759, 5220861.424882484599948 ], [ 629133.474937188206241, 5220861.424882484599948 ], [ 629133.699882849934511, 5220861.124929782934487 ], [ 629133.761590655893087, 5220860.920953242108226 ], [ 629133.8998832332436, 5220860.799921978265047 ], [ 629133.95792983751744, 5220860.600066552869976 ], [ 629134.099882486043498, 5220860.42506281286478 ], [ 629133.750062811770476, 5220860.275117515586317 ], [ 629133.425117513979785, 5220860.575062812305987 ], [ 629133.391799439908937, 5220860.742956222966313 ], [ 629133.325807538931258, 5220860.799838990904391 ] ] ] } },
{ "type": "Feature", "properties": { "label": "vineyard", "area_m2": 0.30547263229740601 }, "geometry": { "type": "Polygon", "coordinates": [ [ [ 629136.400117070646957, 5220860.750057321041822 ], [ 629136.350114280823618, 5220861.149885719642043 ], [ 629136.441273597534746, 5220861.15392847545445 ], [ 629136.500067699002102, 5220861.199883437715471 ], [ 629136.624926441349089, 5220861.17488372605294 ], [ 629136.674895640346222, 5220861.124920788221061 ], [ 629136.724882085807621, 5220860.99995990190655 ], [ 629136.729931681416929, 5220860.734963635914028 ], [ 629136.783153391443193, 5220860.665405243635178 ], [ 629136.899942678050138, 5220860.649882930330932 ], [ 629136.949882929562591, 5220860.599942677654326 ], [ 629136.974999999976717, 5220860.497552487067878 ], [ 629136.949934207368642, 5220860.40010772459209 ], [ 629136.625095329596661, 5220860.275115208700299 ], [ 629136.466289030620828, 5220860.674840495921671 ], [ 629136.400117070646957, 5220860.750057321041822 ] ] ] } },
{ "type": "Feature", "properties": { "label": "vineyard", "area_m2": 0.33321788003690933 }, "geometry": { "type": "Polygon", "coordinates": [ [ [ 629114.325000000069849, 5220860.297054241411388 ], [ 629114.477023650077172, 5220860.329418867826462 ], [ 629114.600133923348039, 5220860.424834138713777 ], [ 629115.049876368837431, 5220860.399840394034982 ], [ 629115.07484097359702, 5220860.275159027427435 ], [ 629114.925158628844656, 5220860.325143445283175 ], [ 629114.896611387142912, 5220860.3958227513358 ], [ 629114.736715728766285, 5220860.385829409584403 ], [ 629114.725229815579951, 5220860.076888783834875 ], [ 629114.783305958146229, 5220859.91952640004456 ], [ 629115.099842217750847, 5220859.786901002749801 ], [ 629115.139302981900983, 5220859.804850966669619 ], [ 629115.198381377384067, 5220859.920695231296122 ], [ 629115.200159026542678, 5220859.999840972945094 ], [ 629115.224840973503888, 5220859.999840972945094 ], [ 629115.149841671460308, 5220859.725080902688205 ], [ 629114.525086384732276, 5220859.475170697085559 ], [ 629114.400168619467877, 5220859.600128202699125 ], [ 629114.40017070423346, 5220859.749913609586656 ], [ 629114.42508639045991, 5220859.774829294532537 ], [ 629114.547687877435237, 5220859.772554032504559 ], [ 629114.643126772716641, 5220859.913532224483788 ], [ 629114.594693964580074, 5220860.078335797414184 ], [ 629114.504327898379415, 5220860.147199497558177 ], [ 629114.350129737402312, 5220860.175130657851696 ], [ 629114.325000000069849, 5220860.297054241411388 ] ] ] } },
{ "type": "Feature", "properties": { "label": "vineyard", "area_m2": 0.30153291669183824 }, "geometry": { "type": "Polygon", "coordinates": [ [ [ 629111.200115208979696, 5220860.524904671125114 ], [ 629111.44994267844595, 5220860.624882929958403 ], [ 629111.52488259493839, 5220860.524949505925179 ], [ 629111.496782570146024, 5220860.370937092229724 ], [ 629111.527440671343356, 5220860.302867168560624 ], [ 629111.720095261931419, 5220860.241100354120135 ], [ 629111.874942678026855, 5220860.274882930330932 ], [ 629111.999904670403339, 5220860.199884790927172 ], [ 629112.099882929353043, 5220859.975057320669293 ], [ 629111.67494950373657, 5220859.775117403827608 ], [ 629111.600115163251758, 5220859.80009626224637 ], [ 629111.596071524429135, 5220859.941273598000407 ], [ 629111.500117404968478, 5220860.100050495006144 ], [ 629111.486501874984242, 5220860.184193953871727 ], [ 629111.421734518953599, 5220860.244952426292002 ], [ 629111.275114280870184, 5220860.250114280730486 ], [ 629111.200115208979696, 5220860.524904671125114 ] ] ] } },
{ "type": "Feature", "properties": { "label": "vineyard", "area_m2": 0.072631970878407309 }, "geometry": { "type": "Polygon", "coordinates": [ [ [ 629117.575159026542678, 5220859.899840973317623 ], [ 629117.653152941027656, 5220859.903553531505167 ], [ 629117.765309850801714, 5220859.982672896236181 ], [ 629117.701626516412944, 5220860.183166115544736 ], [ 629117.625159026472829, 5220860.20015902724117 ], [ 629117.625159026472829, 5220860.29984097275883 ], [ 629117.69984097359702, 5220860.29984097275883 ], [ 629117.700974822160788, 5220860.197702685371041 ], [ 629117.773372496012598, 5220859.991831876337528 ], [ 629117.849913621670566, 5220859.974829308688641 ], [ 629117.999951019417495, 5220859.847612351179123 ], [ 629117.887717593228444, 5220859.916714367456734 ], [ 629117.67131200118456, 5220859.889025592245162 ], [ 629117.587581626605242, 5220859.748793302103877 ], [ 629117.629385163076222, 5220859.57630377728492 ], [ 629117.763582648593001, 5220859.482038170099258 ], [ 629117.829393502674066, 5220859.47207472845912 ], [ 629117.943081334815361, 5220859.551243484020233 ], [ 629117.999953101505525, 5220859.65234699472785 ], [ 629117.999947433592752, 5220859.472571439109743 ], [ 629117.905830614035949, 5220859.387783114798367 ], [ 629117.999840973527171, 5220859.300159026868641 ], [ 629117.875976207549684, 5220859.32466481719166 ], [ 629117.865355583024211, 5220859.384731162339449 ], [ 629117.760951064177789, 5220859.466624674387276 ], [ 629117.675122496089898, 5220859.47516159620136 ], [ 629117.600159225636162, 5220859.600078169256449 ], [ 629117.575061544310302, 5220859.751202100887895 ], [ 629117.575159026542678, 5220859.899840973317623 ] ] ] } },
{ "type": "Feature", "properties": { "label": "vineyard", "area_m2": 0.12688809692547254 }, "geometry": { "type": "Polygon", "coordinates": [ [ [ 629144.200114952516742, 5220859.974885046482086 ], [ 629144.303434073459357, 5220859.985403374768794 ], [ 629144.37851585901808, 5220860.067275634966791 ], [ 629144.373252143617719, 5220860.145143731497228 ], [ 629144.275114952470176, 5220860.200114953331649 ], [ 629144.224999999976717, 5220860.352454861626029 ], [ 629144.250062811770476, 5220860.449882484972477 ], [ 629144.374904862605035, 5220860.474884072318673 ], [ 629144.474881483474746, 5220860.099957594648004 ], [ 629144.499885047553107, 5220859.80011495295912 ], [ 629144.250062811770476, 5220859.775117515586317 ], [ 629144.200117514003068, 5220859.825062812305987 ], [ 629144.200114952516742, 5220859.974885046482086 ] ] ] } },
{ "type": "Feature", "properties": { "label": "vineyard", "area_m2": 0.10739269259580508 }, "geometry": { "type": "Polygon", "coordinates": [ [ [ 629109.25017068174202, 5220859.599913625046611 ], [ 629109.350086375023238, 5220859.699829317629337 ], [ 629109.424936012481339, 5220859.699825952760875 ], [ 629109.513383117504418, 5220859.653739269822836 ], [ 629109.718472304753959, 5220859.710178320296109 ], [ 629109.720276850508526, 5220859.777287327684462 ], [ 629109.630654266802594, 5220859.868258784525096 ], [ 629109.525123623665422, 5220859.875159597955644 ], [ 629109.411028259666637, 5220859.993791539222002 ], [ 629109.325159026542678, 5220860.000159027054906 ], [ 629109.325163937290199, 5220860.074896537698805 ], [ 629109.425123631139286, 5220860.224840393289924 ], [ 629109.461375645711087, 5220860.179949885234237 ], [ 629109.597552854800597, 5220860.224949494935572 ], [ 629109.649895093287341, 5220860.199846694245934 ], [ 629109.674952696426772, 5220860.172631379216909 ], [ 629109.593868586351164, 5220860.212662215344608 ], [ 629109.419489363324828, 5220860.149446927942336 ], [ 629109.40117157320492, 5220860.105718499980867 ], [ 629109.4383565033786, 5220860.000924070365727 ], [ 629109.49704122368712, 5220859.944382132031024 ], [ 629109.674979313625954, 5220859.899961110204458 ], [ 629109.769345733104274, 5220859.806741215288639 ], [ 629109.875311843934469, 5220859.774078614078462 ], [ 629109.899829206988215, 5220859.724937249906361 ], [ 629109.925000000046566, 5220859.377945758402348 ], [ 629109.899825689848512, 5220859.275069714523852 ], [ 629109.87484669208061, 5220859.225104903802276 ], [ 629109.84888643398881, 5220859.200065894983709 ], [ 629109.597671049297787, 5220859.200047152116895 ], [ 629109.884821272687986, 5220859.259307251311839 ], [ 629109.918799818027765, 5220859.380518365651369 ], [ 629109.883076271042228, 5220859.57682182919234 ], [ 629109.72240539395716, 5220859.637087036855519 ], [ 629109.566933120251633, 5220859.60196884535253 ], [ 629109.445873831864446, 5220859.680639935657382 ], [ 629109.316510892589577, 5220859.653930432163179 ], [ 629109.275281773763709, 5220859.482132404111326 ], [ 629109.298570470302366, 5220859.35290608741343 ], [ 629109.376483524916694, 5220859.200047720223665 ], [ 629109.300177639815956, 5220859.300089409574866 ], [ 629109.25017068174202, 5220859.599913625046611 ] ] ] } },
{ "type": "Feature", "properties": { "label": "vineyard", "area_m2": 0.4998906646980697 }, "geometry": { "type": "Polygon", "coordinates": [ [ [ 629136.625115209026262, 5220860.274904671125114 ], [ 629136.974885719129816, 5220860.424885720014572 ], [ 629136.990405244170688, 5220860.333153390325606 ], [ 629137.074882929446176, 5220860.249942678958178 ], [ 629137.077201985986903, 5220859.970110203139484 ], [ 629137.199882085900754, 5220859.649959901347756 ], [ 629137.204931681160815, 5220859.459963637404144 ], [ 629137.274882595054805, 5220859.349949506111443 ], [ 629137.274885719292797, 5220859.175114280544221 ], [ 629137.099949504830875, 5220859.100117404013872 ], [ 629137.000114280730486, 5220859.100114280357957 ], [ 629136.911501875845715, 5220859.409193952567875 ], [ 629136.750064700143412, 5220859.500108931213617 ], [ 629136.67511659162119, 5220859.600067099556327 ], [ 629136.703178732655942, 5220859.929923286661506 ], [ 629136.625115209026262, 5220860.274904671125114 ] ] ] } },
{ "type": "Feature", "properties": { "label": "vineyard", "area_m2": 0.079162646542284276 }, "geometry": { "type": "Polygon", "coordinates": [ [ [ 629125.650000000023283, 5220860.047054241411388 ], [ 629125.67508639045991, 5220860.074829294346273 ], [ 629125.749913615291007, 5220860.074829302728176 ], [ 629125.824826039606705, 5220859.974918574094772 ], [ 629125.802888906211592, 5220859.631846733391285 ], [ 629125.830510948435403, 5220859.601700260303915 ], [ 629125.92539005796425, 5220859.599043590947986 ], [ 629125.999836114002392, 5220859.474907671101391 ], [ 629125.974876368767582, 5220859.350159605965018 ], [ 629125.900082747451961, 5220859.350170156918466 ], [ 629125.775157322525047, 5220859.450136609375477 ], [ 629125.797106896177866, 5220859.81814883556217 ], [ 629125.700145249487832, 5220859.850157427601516 ], [ 629125.650000000023283, 5220860.047054241411388 ] ] ] } },
{ "type": "Feature", "properties": { "label": "vineyard", "area_m2": 0.33042825122179714 }, "geometry": { "type": "Polygon", "coordinates": [ [ [ 629130.900114952470176, 5220860.599885046482086 ], [ 629131.074904862674884, 5220860.599884072318673 ], [ 629131.199884074158035, 5220860.474904862232506 ], [ 629131.206943713128567, 5220860.2248644977808 ], [ 629131.349882849841379, 5220859.999929782934487 ], [ 629131.35694371315185, 5220859.924864497967064 ], [ 629131.399882849887945, 5220859.874929782934487 ], [ 629131.405545781366527, 5220859.733886241912842 ], [ 629131.499885047553107, 5220859.674885046668351 ], [ 629131.549881805549376, 5220859.549951042048633 ], [ 629131.549882486113347, 5220859.375062812119722 ], [ 629131.524937188252807, 5220859.350117514841259 ], [ 629131.35011495242361, 5220859.350114952772856 ], [ 629131.350882438593544, 5220859.476623184978962 ], [ 629131.275115925935097, 5220859.550095138140023 ], [ 629131.259662570664659, 5220859.739190306514502 ], [ 629131.19377904292196, 5220859.77843017783016 ], [ 629131.050104645546526, 5220859.775115460157394 ], [ 629131.000117150135338, 5220859.850070216692984 ], [ 629131.022475325502455, 5220860.104059844277799 ], [ 629130.950117514003068, 5220860.200062812305987 ], [ 629130.972475328948349, 5220860.379059824161232 ], [ 629130.900117513956502, 5220860.475062810815871 ], [ 629130.900114952470176, 5220860.599885046482086 ] ] ] } },
{ "type": "Feature", "properties": { "label": "vineyard", "area_m2": 0.20733198489868304 }, "geometry": { "type": "Polygon", "coordinates": [ [ [ 629122.950114952516742, 5220859.475114952772856 ], [ 629122.975095137371682, 5220859.599884072318673 ], [ 629123.124885047553107, 5220859.599885046482086 ], [ 629123.154289321857505, 5220859.479289322160184 ], [ 629123.274904862628318, 5220859.449884072877467 ], [ 629123.306943713105284, 5220859.249864498153329 ], [ 629123.44988248613663, 5220859.024937189184129 ], [ 629123.485168467159383, 5220858.856064870022237 ], [ 629123.535525611718185, 5220858.808120880275965 ], [ 629123.599885047529824, 5220858.799885046668351 ], [ 629123.599882486043498, 5220858.525062812492251 ], [ 629123.574937188415788, 5220858.500117515213788 ], [ 629123.500114952446893, 5220858.500114953145385 ], [ 629123.474095112644136, 5220858.567155895754695 ], [ 629123.400114952470176, 5220858.600114952772856 ], [ 629123.377301045344211, 5220858.738439328968525 ], [ 629123.275114952470176, 5220858.775114953517914 ], [ 629123.30735023051966, 5220858.950499150902033 ], [ 629123.200117514003068, 5220859.05006281286478 ], [ 629123.19506221881602, 5220859.16505691409111 ], [ 629123.125117513933219, 5220859.275062812492251 ], [ 629123.114110825466923, 5220859.426574256271124 ], [ 629123.05263598379679, 5220859.472167108207941 ], [ 629122.950114952516742, 5220859.475114952772856 ] ] ] } },
{ "type": "Feature", "properties": { "label": "vineyard", "area_m2": 0.34529907435080975 }, "geometry": { "type": "Polygon", "coordinates": [ [ [ 629133.775114280870184, 5220860.299885720014572 ], [ 629134.07505049626343, 5220860.424882596358657 ], [ 629134.149884836631827, 5220860.399903737939894 ], [ 629134.175000000046566, 5220860.297552487812936 ], [ 629134.150663667358458, 5220859.776758067309856 ], [ 629134.249882594915107, 5220859.624949505552649 ], [ 629134.27488292939961, 5220859.525057321414351 ], [ 629134.02495990076568, 5220859.400117913261056 ], [ 629133.85009906894993, 5220859.500100302509964 ], [ 629133.800117404898629, 5220859.600050495006144 ], [ 629133.824999999953434, 5220860.184019999578595 ], [ 629133.775114280870184, 5220860.299885720014572 ] ] ] } },
{ "type": "Feature", "properties": { "label": "vineyard", "area_m2": 0.34707402885762156 }, "geometry": { "type": "Polygon", "coordinates": [ [ [ 629142.176114677684382, 5220859.501300762407482 ], [ 629142.30007107637357, 5220859.724893628619611 ], [ 629142.449937188415788, 5220859.774882485158741 ], [ 629142.499882486066781, 5220859.724937187507749 ], [ 629142.508721673279069, 5220859.550133715383708 ], [ 629142.622746966429986, 5220859.394427514635026 ], [ 629142.694809634005651, 5220859.368643082678318 ], [ 629142.874885047553107, 5220859.399885047227144 ], [ 629142.874885047553107, 5220859.30011495295912 ], [ 629142.650373369106092, 5220859.290113922208548 ], [ 629142.599885047529824, 5220859.17511495295912 ], [ 629142.534450714825653, 5220859.150520138442516 ], [ 629142.500451924395747, 5220859.084496350027621 ], [ 629142.550373369129375, 5220858.984886077232659 ], [ 629142.724937188206241, 5220858.974882484413683 ], [ 629142.749882486066781, 5220858.949937188997865 ], [ 629142.774884074111469, 5220858.600095137022436 ], [ 629142.60011495242361, 5220858.55011495295912 ], [ 629142.591278327279724, 5220858.67486628331244 ], [ 629142.500115925911814, 5220858.750095137394965 ], [ 629142.484980919864029, 5220858.907686384394765 ], [ 629142.325115925981663, 5220858.975095137022436 ], [ 629142.320359070668928, 5220859.283407477661967 ], [ 629142.175117513979785, 5220859.400062812492251 ], [ 629142.176114677684382, 5220859.501300762407482 ] ] ] } },
{ "type": "Feature", "properties": { "label": "vineyard", "area_m2": 0.70624350910539657 }, "geometry": { "type": "Polygon", "coordinates": [ [ [ 629111.675115001504309, 5220859.775099563412368 ], [ 629111.775050496100448, 5220859.849882596172392 ], [ 629112.099904670380056, 5220859.974884791299701 ], [ 629112.160659160348587, 5220859.888265493325889 ], [ 629112.324935301090591, 5220859.849891068413854 ], [ 629112.499892273684964, 5220859.674934207461774 ], [ 629112.525000000023283, 5220859.622552487999201 ], [ 629112.500519149238244, 5220859.286523539572954 ], [ 629112.574884385918267, 5220859.199912942945957 ], [ 629112.599885719129816, 5220859.025114280171692 ], [ 629112.468615565332584, 5220859.038315987214446 ], [ 629112.405594114679843, 5220859.010511826723814 ], [ 629112.249942678026855, 5220858.675117069855332 ], [ 629112.125095329596661, 5220858.675115209072828 ], [ 629112.055759705021046, 5220858.942993468604982 ], [ 629111.875115163391456, 5220859.05009626224637 ], [ 629111.800117914099246, 5220859.375040099024773 ], [ 629111.795068321283907, 5220859.590036354959011 ], [ 629111.738415325176902, 5220859.729046163149178 ], [ 629111.675115001504309, 5220859.775099563412368 ] ] ] } },
{ "type": "Feature", "properties": { "label": "vineyard", "area_m2": 0.042047654105003808 }, "geometry": { "type": "Polygon", "coordinates": [ [ [ 629109.900159026496112, 5220858.599840972572565 ], [ 629109.994742284412496, 5220858.624455654993653 ], [ 629110.000159026472829, 5220859.04984097275883 ], [ 629110.07484097359702, 5220859.04984097275883 ], [ 629110.07484097359702, 5220858.900159027427435 ], [ 629110.023352424730547, 5220858.895327179692686 ], [ 629110.002115298761055, 5220858.860342500731349 ], [ 629110.000108445063233, 5220858.603880940936506 ], [ 629110.049822841770947, 5220858.474916687235236 ], [ 629110.049840973573737, 5220858.375159027054906 ], [ 629109.950145249487832, 5220858.375157427974045 ], [ 629109.90017822117079, 5220858.50006205867976 ], [ 629109.900159026496112, 5220858.599840972572565 ] ] ] } },
{ "type": "Feature", "properties": { "label": "vineyard", "area_m2": 0.53112592447888829 }, "geometry": { "type": "Polygon", "coordinates": [ [ [ 629112.300114952493459, 5220858.399885047227144 ], [ 629112.400062811793759, 5220858.449882484972477 ], [ 629112.499885047553107, 5220858.44988504704088 ], [ 629112.531457257224247, 5220858.348889017477632 ], [ 629112.657985490979627, 5220858.250232446938753 ], [ 629112.735989505657926, 5220858.247678861953318 ], [ 629112.795514117111452, 5220858.31136305257678 ], [ 629112.825114952516742, 5220858.499885046854615 ], [ 629112.917850608122535, 5220858.562868280336261 ], [ 629112.925114952493459, 5220858.69988504704088 ], [ 629112.999904862605035, 5220858.699884072877467 ], [ 629113.02488504757639, 5220858.575114953331649 ], [ 629112.936560671543702, 5220858.552301045507193 ], [ 629112.900000000023283, 5220858.475000000558794 ], [ 629112.906943713198416, 5220858.374864498153329 ], [ 629112.99988180550281, 5220858.249951042234898 ], [ 629112.999882486066781, 5220858.075062812305987 ], [ 629112.952204722212628, 5220858.004904475063086 ], [ 629112.949885047622956, 5220857.875114953145385 ], [ 629112.829289321904071, 5220857.84571067802608 ], [ 629112.78715816535987, 5220857.71400252263993 ], [ 629112.805755066219717, 5220857.639759542420506 ], [ 629112.874884541262873, 5220857.599895354360342 ], [ 629112.874882486066781, 5220857.425062811002135 ], [ 629112.849937188206241, 5220857.400117515586317 ], [ 629112.575048957951367, 5220857.350118195638061 ], [ 629112.450099301990122, 5220857.425099301151931 ], [ 629112.400118516525254, 5220857.600042404606938 ], [ 629112.451585127855651, 5220857.717406772077084 ], [ 629112.400117150158621, 5220857.800070216879249 ], [ 629112.399447292089462, 5220858.069521198049188 ], [ 629112.300118194543757, 5220858.225048957392573 ], [ 629112.300114952493459, 5220858.399885047227144 ] ] ] } },
{ "type": "Feature", "properties": { "label": "vineyard", "area_m2": 0.67455789839771563 }, "geometry": { "type": "Polygon", "coordinates": [ [ [ 629142.500114280730486, 5220858.149885719642043 ], [ 629142.647310540429316, 5220858.151823631487787 ], [ 629142.715140785207041, 5220858.200414941646159 ], [ 629142.738802222302184, 5220858.430749144405127 ], [ 629142.625117070623673, 5220858.54994267784059 ], [ 629142.799912942573428, 5220858.624884385615587 ], [ 629142.83927838515956, 5220858.568129626102746 ], [ 629142.974935299833305, 5220858.499891068786383 ], [ 629143.200886698905379, 5220858.277439494617283 ], [ 629143.324885719339363, 5220858.274885719642043 ], [ 629143.449882085900754, 5220857.749959900975227 ], [ 629143.424377076211385, 5220857.5520163429901 ], [ 629143.459645047551021, 5220857.496583274565637 ], [ 629143.54988571931608, 5220857.474885719828308 ], [ 629143.54988571931608, 5220857.450114279985428 ], [ 629143.475091702421196, 5220857.450115385465324 ], [ 629143.385607051663101, 5220857.51686148904264 ], [ 629143.272552486974746, 5220857.474999999627471 ], [ 629143.025050495169125, 5220857.475117404013872 ], [ 629142.975064700236544, 5220857.500108931213617 ], [ 629142.650099069229327, 5220857.825100302696228 ], [ 629142.500117070623673, 5220858.025057322345674 ], [ 629142.500114280730486, 5220858.149885719642043 ] ] ] } },
{ "type": "Feature", "properties": { "label": "vineyard", "area_m2": 0.28480512659118845 }, "geometry": { "type": "Polygon", "coordinates": [ [ [ 629120.574999999953434, 5220858.672063060104847 ], [ 629120.674924581078812, 5220858.674842100590467 ], [ 629120.699862035224214, 5220858.649908909574151 ], [ 629121.024313369649462, 5220858.001475998200476 ], [ 629121.324826934724115, 5220857.599914284422994 ], [ 629121.299835262820125, 5220857.375065888278186 ], [ 629121.225877218414098, 5220857.300581382587552 ], [ 629121.150141641963273, 5220857.300159964710474 ], [ 629121.075704198214225, 5220857.42410627938807 ], [ 629121.049167321296409, 5220857.551589459180832 ], [ 629120.900170009001158, 5220857.850064279511571 ], [ 629120.895698262844235, 5220857.977002912200987 ], [ 629120.625151699525304, 5220858.350076211616397 ], [ 629120.575158199993894, 5220858.500049564056098 ], [ 629120.574999999953434, 5220858.672063060104847 ] ] ] } },
{ "type": "Feature", "properties": { "label": "vineyard", "area_m2": 0.71480959577275005 }, "geometry": { "type": "Polygon", "coordinates": [ [ [ 629128.650115458760411, 5220858.399895354174078 ], [ 629128.804017147398554, 5220858.46584450174123 ], [ 629128.844460483873263, 5220858.517179016023874 ], [ 629128.874447292066179, 5220858.605478801764548 ], [ 629128.875828589079902, 5220858.817860222421587 ], [ 629128.800117513979785, 5220858.925062811002135 ], [ 629128.80011592595838, 5220859.049904862418771 ], [ 629128.92504240362905, 5220859.099881482310593 ], [ 629129.132593232323416, 5220859.078118152916431 ], [ 629129.299957596464083, 5220859.099881482310593 ], [ 629129.374937188229524, 5220859.074882484972477 ], [ 629129.419263491523452, 5220858.981972917914391 ], [ 629129.549882486113347, 5220858.849937187507749 ], [ 629129.624881483498029, 5220858.649957595393062 ], [ 629129.474884074064903, 5220858.225095137022436 ], [ 629129.274951042141765, 5220858.100118195638061 ], [ 629129.072545121074654, 5220858.075000000186265 ], [ 629128.750114952446893, 5220858.100114952772856 ], [ 629128.650115458760411, 5220858.399895354174078 ] ] ] } },
{ "type": "Feature", "properties": { "label": "vineyard", "area_m2": 0.7220947193797248 }, "geometry": { "type": "Polygon", "coordinates": [ [ [ 629134.025114952470176, 5220859.424885046668351 ], [ 629134.274937188252807, 5220859.524882485158741 ], [ 629134.338519171695225, 5220859.464864480309188 ], [ 629134.44992892362643, 5220859.424893628805876 ], [ 629134.549893627758138, 5220859.32492892537266 ], [ 629134.624882849864662, 5220859.199929783120751 ], [ 629134.625552707933821, 5220859.055478801950812 ], [ 629134.663514570565894, 5220858.940775844268501 ], [ 629134.71631739102304, 5220858.885778111405671 ], [ 629134.79993718827609, 5220858.874882484786212 ], [ 629134.899881805526093, 5220858.749951042234898 ], [ 629135.024881483521312, 5220858.299957594834268 ], [ 629135.024884074111469, 5220858.200095137581229 ], [ 629134.699951042188331, 5220858.050118195824325 ], [ 629134.60011495242361, 5220858.05011495295912 ], [ 629134.300118194543757, 5220858.575048957951367 ], [ 629134.297795277787372, 5220858.754904475994408 ], [ 629134.175118194543757, 5220859.000048957765102 ], [ 629134.170062218792737, 5220859.16505691409111 ], [ 629134.025114952470176, 5220859.424885046668351 ] ] ] } },
{ "type": "Feature", "properties": { "label": "vineyard", "area_m2": 1.1169274531723099 }, "geometry": { "type": "Polygon", "coordinates": [ [ [ 629114.525115209049545, 5220859.474904671311378 ], [ 629115.125040100305341, 5220859.724882086738944 ], [ 629115.24994267791044, 5220859.724882930517197 ], [ 629115.374885719269514, 5220859.649885719642043 ], [ 629115.450000000069849, 5220859.447552488185465 ], [ 629115.393077247776091, 5220859.114279896020889 ], [ 629115.456796008511446, 5220859.054507275111973 ], [ 629115.624904669937678, 5220859.049884791485965 ], [ 629115.674882085877471, 5220858.924959902651608 ], [ 629115.67488571931608, 5220858.800114280544221 ], [ 629115.593320342479274, 5220858.773172817192972 ], [ 629115.541100354399532, 5220858.679904731921852 ], [ 629115.599882594891824, 5220858.549949505366385 ], [ 629115.578122343518771, 5220858.282554926350713 ], [ 629115.624885719153099, 5220858.175114280544221 ], [ 629115.324949504807591, 5220858.050117404200137 ], [ 629115.275087057612836, 5220858.050115614198148 ], [ 629115.20840782916639, 5220858.120359943248332 ], [ 629115.100103082018904, 5220858.125114829279482 ], [ 629115.05011659162119, 5220858.200067099183798 ], [ 629115.060535103082657, 5220858.299250150099397 ], [ 629114.875117404968478, 5220858.800050495192409 ], [ 629114.866800973075442, 5220858.892955785617232 ], [ 629114.625107726547867, 5220859.125065790489316 ], [ 629114.525115209049545, 5220859.474904671311378 ] ] ] } },
{ "type": "Feature", "properties": { "label": "vineyard", "area_m2": 0.64071303760695153 }, "geometry": { "type": "Polygon", "coordinates": [ [ [ 629137.025114280870184, 5220859.099885719828308 ], [ 629137.27744751307182, 5220859.200000000186265 ], [ 629137.29988571931608, 5220859.199885719455779 ], [ 629137.330192522145808, 5220859.092000709846616 ], [ 629137.38619546382688, 5220859.054466135799885 ], [ 629137.470127224107273, 5220859.071080184541643 ], [ 629137.525096261990257, 5220859.149884836748242 ], [ 629137.624882929259911, 5220859.124942678958178 ], [ 629137.650552020175382, 5220858.455487178638577 ], [ 629137.774882085854188, 5220857.999959900975227 ], [ 629137.775000000023283, 5220857.777447512373328 ], [ 629137.574949503876269, 5220857.650117403827608 ], [ 629137.50005732208956, 5220857.650117069482803 ], [ 629137.400117405108176, 5220857.77505049481988 ], [ 629137.372798015014268, 5220858.079889792017639 ], [ 629137.300117404898629, 5220858.225050495006144 ], [ 629137.295068321283907, 5220858.465036354959011 ], [ 629137.100117070483975, 5220858.67505732178688 ], [ 629137.097798013943247, 5220858.879889798350632 ], [ 629137.025114280870184, 5220859.099885719828308 ] ] ] } },
{ "type": "Feature", "properties": { "label": "vineyard", "area_m2": 0.29895214991639507 }, "geometry": { "type": "Polygon", "coordinates": [ [ [ 629115.275000000023283, 5220858.047063056379557 ], [ 629115.550607584649697, 5220858.175068314187229 ], [ 629115.699924581218511, 5220858.199842097237706 ], [ 629115.826454807887785, 5220858.006330573000014 ], [ 629115.999853284331039, 5220857.999838382005692 ], [ 629116.099508260842413, 5220857.775776824913919 ], [ 629116.099841622519307, 5220857.700158376246691 ], [ 629115.975075419642963, 5220857.7001579022035 ], [ 629115.812845742097124, 5220857.873266438953578 ], [ 629115.756968717789277, 5220857.866416393779218 ], [ 629115.650721495854668, 5220857.695954689756036 ], [ 629115.649841622915119, 5220857.200158377178013 ], [ 629115.550158377038315, 5220857.200158377178013 ], [ 629115.550729772425257, 5220857.596095970831811 ], [ 629115.275169710628688, 5220858.000077244825661 ], [ 629115.275000000023283, 5220858.047063056379557 ] ] ] } },
{ "type": "Feature", "properties": { "label": "vineyard", "area_m2": 0.17319580153994182 }, "geometry": { "type": "Polygon", "coordinates": [ [ [ 629109.800117513979785, 5220857.550062811002135 ], [ 629109.825117514003068, 5220857.69993718713522 ], [ 629110.000114952446893, 5220857.999885046854615 ], [ 629110.124885047553107, 5220857.999885046854615 ], [ 629110.13042516738642, 5220857.882753022015095 ], [ 629110.212713523651473, 5220857.697906892746687 ], [ 629110.274883639882319, 5220857.649913701228797 ], [ 629110.274884074111469, 5220857.575095138512552 ], [ 629110.124951041652821, 5220857.450118195265532 ], [ 629109.900062811793759, 5220857.450117515400052 ], [ 629109.800117513979785, 5220857.550062811002135 ] ] ] } },
{ "type": "Feature", "properties": { "label": "vineyard", "area_m2": 0.32104642184902249 }, "geometry": { "type": "Polygon", "coordinates": [ [ [ 629118.300117404898629, 5220857.624949505552649 ], [ 629118.325096262386069, 5220857.674884838052094 ], [ 629118.574926441418938, 5220857.649883724749088 ], [ 629118.716419690288603, 5220857.462551167234778 ], [ 629118.899912942200899, 5220857.424884386360645 ], [ 629118.966592172160745, 5220857.354640057310462 ], [ 629119.074942678329535, 5220857.349882930517197 ], [ 629119.199882929446176, 5220857.149942679330707 ], [ 629119.229640057776123, 5220856.9665921702981 ], [ 629119.29988571931608, 5220856.875114280730486 ], [ 629119.050114280660637, 5220856.925114280544221 ], [ 629119.020826213411056, 5220857.153589103370905 ], [ 629118.955925200833008, 5220857.220098012126982 ], [ 629118.850180446985178, 5220857.19134782999754 ], [ 629118.79988571931608, 5220857.050114280544221 ], [ 629118.60009906894993, 5220857.075100302696228 ], [ 629118.556993465754203, 5220857.166746272705495 ], [ 629118.400115163414739, 5220857.30009626224637 ], [ 629118.384594755829312, 5220857.366846609860659 ], [ 629118.325117070460692, 5220857.42505732178688 ], [ 629118.300117404898629, 5220857.624949505552649 ] ] ] } },
{ "type": "Feature", "properties": { "label": "vineyard", "area_m2": 0.31933624657484089 }, "geometry": { "type": "Polygon", "coordinates": [ [ [ 629143.375065926345997, 5220857.173887097276747 ], [ 629143.475152815226465, 5220857.449846155941486 ], [ 629143.624913614592515, 5220857.474829303100705 ], [ 629144.124471414019354, 5220856.275977021083236 ], [ 629144.099911903846078, 5220856.175166642293334 ], [ 629143.875159026472829, 5220856.150159027427435 ], [ 629143.921814674162306, 5220856.383670792914927 ], [ 629143.826183891156688, 5220856.646767814643681 ], [ 629143.698326495941728, 5220856.801054307259619 ], [ 629143.474473555688746, 5220856.950916699133813 ], [ 629143.375167563441209, 5220857.075134872458875 ], [ 629143.375065926345997, 5220857.173887097276747 ] ] ] } },
{ "type": "Feature", "properties": { "label": "vineyard", "area_m2": 0.31408030249125585 }, "geometry": { "type": "Polygon", "coordinates": [ [ [ 629134.650115209049545, 5220858.049904669634998 ], [ 629135.04988571931608, 5220858.224885719828308 ], [ 629135.053928475594148, 5220858.058726401999593 ], [ 629135.199882595101371, 5220857.799949505366385 ], [ 629135.204931681160815, 5220857.634963637217879 ], [ 629135.299882085877471, 5220857.474959902465343 ], [ 629135.299883408355527, 5220857.325067099183798 ], [ 629135.249896917957813, 5220857.250114829279482 ], [ 629135.125064698746428, 5220857.275108931586146 ], [ 629135.035132932825945, 5220857.442020597867668 ], [ 629134.92505732155405, 5220857.475117069669068 ], [ 629134.825117070460692, 5220857.55005732178688 ], [ 629134.845068318536505, 5220857.740036363713443 ], [ 629134.801735757966526, 5220857.819795182906091 ], [ 629134.675117070553824, 5220857.925057320855558 ], [ 629134.650115209049545, 5220858.049904669634998 ] ] ] } },
{ "type": "Feature", "properties": { "label": "vineyard", "area_m2": 0.61589758061658106 }, "geometry": { "type": "Polygon", "coordinates": [ [ [ 629140.30011592595838, 5220858.000095137394965 ], [ 629140.300118194660172, 5220858.099951041862369 ], [ 629140.400000000023283, 5220858.261477712541819 ], [ 629140.32511819456704, 5220858.400048958137631 ], [ 629140.300117513979785, 5220858.624937187880278 ], [ 629140.325062811840326, 5220858.649882485158741 ], [ 629140.474937188206241, 5220858.649882485158741 ], [ 629140.699881805572659, 5220858.424951042048633 ], [ 629140.733721673255786, 5220858.12513371463865 ], [ 629140.799882486113347, 5220858.049937187694013 ], [ 629140.818132952786982, 5220857.964276754297316 ], [ 629140.924882486113347, 5220857.874937187880278 ], [ 629141.074881805572659, 5220857.499951042234898 ], [ 629141.099885047529824, 5220857.200114953331649 ], [ 629141.000062811770476, 5220857.200117515400052 ], [ 629140.902325847768225, 5220857.273310549557209 ], [ 629140.652454879018478, 5220857.25 ], [ 629140.625106372055598, 5220857.275071076117456 ], [ 629140.541278326767497, 5220857.574866284616292 ], [ 629140.400117513956502, 5220857.775062812492251 ], [ 629140.39305628684815, 5220857.925135501660407 ], [ 629140.30011592595838, 5220858.000095137394965 ] ] ] } },
{ "type": "Feature", "properties": { "label": "vineyard", "area_m2": 0.6350105257764429 }, "geometry": { "type": "Polygon", "coordinates": [ [ [ 629126.325115614105016, 5220858.399912943132222 ], [ 629126.381870371638797, 5220858.439278381876647 ], [ 629126.425057321670465, 5220858.549882930703461 ], [ 629126.549959900788963, 5220858.549882086925209 ], [ 629126.624942678026855, 5220858.524882930330932 ], [ 629126.706244981149212, 5220858.424398144707084 ], [ 629126.849895640276372, 5220858.324920788407326 ], [ 629126.924882595078088, 5220858.199949505738914 ], [ 629126.999882085830905, 5220857.949959902092814 ], [ 629127.000552019802853, 5220857.680487181991339 ], [ 629127.074884791043587, 5220857.300095329061151 ], [ 629126.750057321973145, 5220857.175117069855332 ], [ 629126.688439328456298, 5220857.327301044948399 ], [ 629126.525057321996428, 5220857.350117069669068 ], [ 629126.450107725802809, 5220857.425065792165697 ], [ 629126.400117070646957, 5220857.500057321041822 ], [ 629126.400114280870184, 5220857.674885720014572 ], [ 629126.522518286597915, 5220857.677867974154651 ], [ 629126.570055491756648, 5220857.778347596526146 ], [ 629126.491289030644111, 5220858.049840495921671 ], [ 629126.400115163414739, 5220858.125096262432635 ], [ 629126.325115614105016, 5220858.399912943132222 ] ] ] } },
{ "type": "Feature", "properties": { "label": "vineyard", "area_m2": 0.24221039729001642 }, "geometry": { "type": "Polygon", "coordinates": [ [ [ 629118.725046894163825, 5220856.347689642570913 ], [ 629118.79963001399301, 5220856.474210248328745 ], [ 629118.900116798700765, 5220856.59984169434756 ], [ 629119.100968158920296, 5220856.626115595921874 ], [ 629119.245093436446041, 5220856.795338406227529 ], [ 629119.250159026472829, 5220856.874840972945094 ], [ 629119.32484097359702, 5220856.874840972945094 ], [ 629119.373279511928558, 5220856.607182345353067 ], [ 629119.424829318304546, 5220856.549913625232875 ], [ 629119.400173724396154, 5220856.006277273409069 ], [ 629119.474829235114157, 5220855.824937261641026 ], [ 629119.474840395967476, 5220855.7001236313954 ], [ 629119.249942059977911, 5220855.600157081149518 ], [ 629119.150119266938418, 5220855.600161368958652 ], [ 629118.952870776178315, 5220855.822306671179831 ], [ 629118.800142130698077, 5220855.925132074393332 ], [ 629118.725073896697722, 5220856.075950659811497 ], [ 629118.885155646479689, 5220855.886580468155444 ], [ 629118.963939942303114, 5220855.828005535528064 ], [ 629119.004899604711682, 5220855.832021557725966 ], [ 629119.373891753144562, 5220856.170073506422341 ], [ 629119.375718023511581, 5220856.320560243912041 ], [ 629119.407768204109743, 5220856.395484026521444 ], [ 629119.394212270504795, 5220856.569437760859728 ], [ 629119.194015624467283, 5220856.625286976806819 ], [ 629119.043513243785128, 5220856.599590969271958 ], [ 629118.797114784829319, 5220856.447655847296119 ], [ 629118.725046894163825, 5220856.347689642570913 ] ] ] } },
{ "type": "Feature", "properties": { "label": "vineyard", "area_m2": 0.25987425126087604 }, "geometry": { "type": "Polygon", "coordinates": [ [ [ 629123.825117404921912, 5220857.649949505925179 ], [ 629123.875065792701207, 5220857.724892274476588 ], [ 629123.999896917957813, 5220857.749885170720518 ], [ 629124.149882929516025, 5220857.57494267821312 ], [ 629124.285784999490716, 5220857.24130607303232 ], [ 629124.39988292939961, 5220857.099942678585649 ], [ 629124.399885719176382, 5220856.850114280357957 ], [ 629124.175114280660637, 5220856.775114280171692 ], [ 629124.141289030667394, 5220857.024840496480465 ], [ 629124.000117070623673, 5220857.20005732215941 ], [ 629123.984594755806029, 5220857.291846609674394 ], [ 629123.900107726454735, 5220857.375065791420639 ], [ 629123.825117404921912, 5220857.649949505925179 ] ] ] } },
{ "type": "Feature", "properties": { "label": "vineyard", "area_m2": 0.30503725919403818 }, "geometry": { "type": "Polygon", "coordinates": [ [ [ 629137.600117513909936, 5220857.199937188066542 ], [ 629137.648437223047949, 5220857.290519969537854 ], [ 629137.600117513909936, 5220857.375062812119722 ], [ 629137.60011495242361, 5220857.599885046482086 ], [ 629137.67493718827609, 5220857.599882484413683 ], [ 629138.074893628014252, 5220857.249928924255073 ], [ 629138.124884074088186, 5220856.775095137767494 ], [ 629137.875062811770476, 5220856.675117515027523 ], [ 629137.782957236282527, 5220856.887206413783133 ], [ 629137.650106372078881, 5220857.000071075744927 ], [ 629137.600118194473907, 5220857.100048957392573 ], [ 629137.600117513909936, 5220857.199937188066542 ] ] ] } },
{ "type": "Feature", "properties": { "label": "vineyard", "area_m2": 0.27012946273350336 }, "geometry": { "type": "Polygon", "coordinates": [ [ [ 629126.750117513933219, 5220857.150062812492251 ], [ 629126.825048958417028, 5220857.224881804548204 ], [ 629127.074885047622956, 5220857.299885046668351 ], [ 629127.199881805456243, 5220856.974951041862369 ], [ 629127.193052818765864, 5220856.614337844774127 ], [ 629127.256778911338188, 5220856.55451187863946 ], [ 629127.374904862605035, 5220856.549884072504938 ], [ 629127.399881805526093, 5220856.499951042234898 ], [ 629127.399881805526093, 5220856.375048957765102 ], [ 629127.349885047529824, 5220856.250114953145385 ], [ 629127.250062811770476, 5220856.250117515213788 ], [ 629127.200117514003068, 5220856.30006281286478 ], [ 629127.163297255639918, 5220856.618290164507926 ], [ 629126.975071076187305, 5220856.675106370821595 ], [ 629126.850117513909936, 5220856.825062812305987 ], [ 629126.800118194543757, 5220856.950048957951367 ], [ 629126.795062218792737, 5220857.090056913904846 ], [ 629126.750117513933219, 5220857.150062812492251 ] ] ] } },
{ "type": "Feature", "properties": { "label": "vineyard", "area_m2": 0.073384562762382324 }, "geometry": { "type": "Polygon", "coordinates": [ [ [ 629110.325114952516742, 5220856.82488504704088 ], [ 629110.440265771700069, 5220856.832084437832236 ], [ 629110.500086297979578, 5220856.899883639067411 ], [ 629110.599904862581752, 5220856.899884073063731 ], [ 629110.649881805526093, 5220856.799951042048633 ], [ 629110.624882486066781, 5220856.625062812119722 ], [ 629110.527454879018478, 5220856.599999999627471 ], [ 629110.400062811793759, 5220856.625117515213788 ], [ 629110.325118194683455, 5220856.725048957392573 ], [ 629110.325114952516742, 5220856.82488504704088 ] ] ] } },
{ "type": "Feature", "properties": { "label": "vineyard", "area_m2": 0.23070051456762708 }, "geometry": { "type": "Polygon", "coordinates": [ [ [ 629112.850114280707203, 5220857.125114280730486 ], [ 629112.850114280707203, 5220857.424885720014572 ], [ 629113.049926441395655, 5220857.424883725121617 ], [ 629113.099883724586107, 5220857.374926441349089 ], [ 629113.10450727341231, 5220857.256796011701226 ], [ 629113.155092465109192, 5220857.197130611166358 ], [ 629113.349885719129816, 5220857.199885719455779 ], [ 629113.349885719246231, 5220857.100114280357957 ], [ 629113.259413941181265, 5220857.082463816739619 ], [ 629113.216209151898511, 5220857.006765935570002 ], [ 629113.299882929422893, 5220856.874942678026855 ], [ 629113.324885719339363, 5220856.525114280171692 ], [ 629113.200115163228475, 5220856.550096261315048 ], [ 629113.186501882504672, 5220856.609193940646946 ], [ 629113.025117070646957, 5220856.82505732215941 ], [ 629113.022798015037552, 5220856.954889792017639 ], [ 629112.98744882887695, 5220857.033580316230655 ], [ 629112.917993478127755, 5220857.1057596988976 ], [ 629112.850114280707203, 5220857.125114280730486 ] ] ] } },
{ "type": "Feature", "properties": { "label": "vineyard", "area_m2": 0.042094402821751663 }, "geometry": { "type": "Polygon", "coordinates": [ [ [ 629135.475117150112055, 5220856.324929783120751 ], [ 629135.525104645523243, 5220856.399884540587664 ], [ 629135.724885047529824, 5220856.399885047227144 ], [ 629135.69988248613663, 5220856.250062812119722 ], [ 629135.649937188252807, 5220856.200117515400052 ], [ 629135.500095137394965, 5220856.200115927495062 ], [ 629135.475117150112055, 5220856.324929783120751 ] ] ] } },
{ "type": "Feature", "properties": { "label": "vineyard", "area_m2": 0.40698338809492246 }, "geometry": { "type": "Polygon", "coordinates": [ [ [ 629110.675000000046566, 5220856.272054241038859 ], [ 629110.725086375023238, 5220856.324829317629337 ], [ 629110.924871159717441, 5220856.299839941784739 ], [ 629110.949934099568054, 5220856.151113428175449 ], [ 629110.875706753344275, 5220856.06634958088398 ], [ 629110.879907901166007, 5220855.855309807695448 ], [ 629111.053664526902139, 5220855.7029645210132 ], [ 629111.249913625302725, 5220855.699829317629337 ], [ 629111.424829247756861, 5220855.424937265925109 ], [ 629111.424840232357383, 5220855.325151744298637 ], [ 629111.221800612518564, 5220855.293258785270154 ], [ 629111.081741216592491, 5220855.153199404478073 ], [ 629111.050687597249635, 5220855.025865131989121 ], [ 629110.824942060047761, 5220854.925157081335783 ], [ 629110.774664786877111, 5220854.925976134836674 ], [ 629110.675170809729025, 5220855.199937245808542 ], [ 629110.70012498437427, 5220855.249842802993953 ], [ 629110.923248239676468, 5220855.348912118002772 ], [ 629111.06934293534141, 5220855.544467537663877 ], [ 629111.046736577060074, 5220855.603023710660636 ], [ 629110.927897714427672, 5220855.710265473462641 ], [ 629110.77486844744999, 5220855.600157054141164 ], [ 629110.675170704256743, 5220855.625086390413344 ], [ 629110.675171409500763, 5220855.699866428971291 ], [ 629110.774626922793686, 5220855.852095723152161 ], [ 629110.796756566967815, 5220856.047120419330895 ], [ 629110.675170681555755, 5220856.150086375884712 ], [ 629110.675000000046566, 5220856.272054241038859 ] ] ] } },
{ "type": "Feature", "properties": { "label": "vineyard", "area_m2": 0.26065822799264848 }, "geometry": { "type": "Polygon", "coordinates": [ [ [ 629129.625117070623673, 5220857.349942677654326 ], [ 629129.724942678003572, 5220857.374882929958403 ], [ 629129.799882929422893, 5220857.299942678771913 ], [ 629129.833528573275544, 5220857.211770231835544 ], [ 629130.033153394819237, 5220857.065405242145061 ], [ 629130.099942677887157, 5220857.049882930703461 ], [ 629130.149882595054805, 5220856.974949506111443 ], [ 629130.125, 5220856.640979999676347 ], [ 629130.174882595078088, 5220856.524949505925179 ], [ 629130.175000000046566, 5220856.402447512373328 ], [ 629130.149883104721084, 5220856.22506090067327 ], [ 629130.102539152954705, 5220856.154175886884332 ], [ 629130.124882929376327, 5220856.050057320855558 ], [ 629129.999949504854158, 5220855.975117404013872 ], [ 629129.975095329456963, 5220855.975115208886564 ], [ 629129.925117914099246, 5220856.100040098652244 ], [ 629129.925115288584493, 5220856.174906298518181 ], [ 629129.984246802399866, 5220856.213172210380435 ], [ 629130.003756989142857, 5220856.277638532221317 ], [ 629129.99956093612127, 5220856.54788055550307 ], [ 629129.950116562191397, 5220856.625067698769271 ], [ 629129.92035994224716, 5220856.93340783007443 ], [ 629129.72511707060039, 5220857.100057321600616 ], [ 629129.711501874960959, 5220857.184193953871727 ], [ 629129.625117070623673, 5220857.275057322345674 ], [ 629129.625117070623673, 5220857.349942677654326 ] ] ] } },
{ "type": "Feature", "properties": { "label": "vineyard", "area_m2": 0.063351798949073251 }, "geometry": { "type": "Polygon", "coordinates": [ [ [ 629121.60011495242361, 5220856.17511495295912 ], [ 629121.60011495242361, 5220856.249885046854615 ], [ 629121.67409511259757, 5220856.282844103872776 ], [ 629121.700114952516742, 5220856.349885046482086 ], [ 629121.824884074158035, 5220856.3249048627913 ], [ 629121.899881805409677, 5220856.099951041862369 ], [ 629121.899882486090064, 5220856.025062812492251 ], [ 629121.849904862581752, 5220855.950115927495062 ], [ 629121.775114952470176, 5220855.950114953331649 ], [ 629121.773078528116457, 5220856.094509032554924 ], [ 629121.738439328502864, 5220856.152301045134664 ], [ 629121.60011495242361, 5220856.17511495295912 ] ] ] } },
{ "type": "Feature", "properties": { "label": "vineyard", "area_m2": 0.19939864828661163 }, "geometry": { "type": "Polygon", "coordinates": [ [ [ 629140.800116275204346, 5220856.72492644097656 ], [ 629140.87505732208956, 5220856.799882930703461 ], [ 629141.024942677933723, 5220856.799882930703461 ], [ 629141.124892273801379, 5220856.699934208765626 ], [ 629141.149882085854188, 5220856.575040097348392 ], [ 629141.10180396027863, 5220856.356091330759227 ], [ 629141.134456955711357, 5220856.299474446102977 ], [ 629141.199885719339363, 5220856.274885719642043 ], [ 629141.216853038873523, 5220856.044442975893617 ], [ 629141.324885719339363, 5220855.999885719269514 ], [ 629141.299899697303772, 5220855.900099067948759 ], [ 629141.200057321926579, 5220855.875117070041597 ], [ 629141.10011707060039, 5220855.950057321228087 ], [ 629141.066800970467739, 5220856.217955791391432 ], [ 629140.875117070623673, 5220856.425057320855558 ], [ 629140.800117070437409, 5220856.57505732215941 ], [ 629140.800116275204346, 5220856.72492644097656 ] ] ] } },
{ "type": "Feature", "properties": { "label": "vineyard", "area_m2": 0.2266042276237919 }, "geometry": { "type": "Polygon", "coordinates": [ [ [ 629144.050170792965218, 5220855.125062748789787 ], [ 629144.075155045953579, 5220855.274915164336562 ], [ 629144.175086374743842, 5220855.374829317443073 ], [ 629144.26591064047534, 5220855.404019229114056 ], [ 629144.224999999976717, 5220855.847054241225123 ], [ 629144.274913614615798, 5220855.849829303100705 ], [ 629144.325000000069849, 5220855.772054240107536 ], [ 629144.280188265722245, 5220855.391894675791264 ], [ 629144.375373473507352, 5220855.3239692049101 ], [ 629144.450000000069849, 5220855.072054240852594 ], [ 629144.424843966146, 5220854.875060090795159 ], [ 629144.347971639130265, 5220854.782753207720816 ], [ 629144.29984963091556, 5220854.425161644816399 ], [ 629144.25006677058991, 5220854.426095715723932 ], [ 629144.269649764755741, 5220854.793196245096624 ], [ 629144.150151803973131, 5220854.875145653262734 ], [ 629144.050170792965218, 5220855.125062748789787 ] ] ] } },
{ "type": "Feature", "properties": { "label": "vineyard", "area_m2": 0.29610848329710848 }, "geometry": { "type": "Polygon", "coordinates": [ [ [ 629124.17511592595838, 5220856.774904862977564 ], [ 629124.325048958417028, 5220856.849881804548204 ], [ 629124.39988504757639, 5220856.849885046482086 ], [ 629124.40820056013763, 5220856.707043777219951 ], [ 629124.499882486066781, 5220856.624937187880278 ], [ 629124.524881483521312, 5220856.549957594834268 ], [ 629124.607612046645954, 5220855.911731655709445 ], [ 629124.670971532235853, 5220855.854305965825915 ], [ 629124.799885047599673, 5220855.849885046482086 ], [ 629124.799884074134752, 5220855.775095137767494 ], [ 629124.625114952446893, 5220855.725114952772856 ], [ 629124.561480828444473, 5220855.835135519504547 ], [ 629124.400114952470176, 5220855.875114953145385 ], [ 629124.391799439908937, 5220856.042956222780049 ], [ 629124.300106372102164, 5220856.125071075744927 ], [ 629124.20011851657182, 5220856.350042404606938 ], [ 629124.17511592595838, 5220856.774904862977564 ] ] ] } },
{ "type": "Feature", "properties": { "label": "vineyard", "area_m2": 0.52324873309826558 }, "geometry": { "type": "Polygon", "coordinates": [ [ [ 629113.000115209026262, 5220856.124904670752585 ], [ 629113.125057321973145, 5220856.249882929958403 ], [ 629113.243755018920638, 5220856.274398144334555 ], [ 629113.350073558627628, 5220856.399883724749088 ], [ 629113.599885719129816, 5220856.349885719828308 ], [ 629113.599882929353043, 5220856.250057321041822 ], [ 629113.477201986010186, 5220856.029889797791839 ], [ 629113.485785002238117, 5220855.891306066885591 ], [ 629113.560540348989889, 5220855.813432759605348 ], [ 629113.638585369917564, 5220855.797627109102905 ], [ 629113.713783677085303, 5220855.850684148259461 ], [ 629113.725114280707203, 5220855.949885719455779 ], [ 629113.82494267844595, 5220855.949882930144668 ], [ 629113.874882929376327, 5220855.899942679330707 ], [ 629113.888498125015758, 5220855.790806045755744 ], [ 629113.949882929562591, 5220855.724942677654326 ], [ 629113.949885719339363, 5220855.650114280171692 ], [ 629113.875057603348978, 5220855.650117056444287 ], [ 629113.803398179472424, 5220855.695047968067229 ], [ 629113.737235195119865, 5220855.681904150173068 ], [ 629113.688787777209654, 5220855.591086376458406 ], [ 629113.749883800279349, 5220855.499924898147583 ], [ 629113.749885719153099, 5220855.425114280544221 ], [ 629113.635540348477662, 5220855.386567240580916 ], [ 629113.524949504993856, 5220855.300117404200137 ], [ 629113.42505732155405, 5220855.300117069855332 ], [ 629113.300099068437703, 5220855.400100302882493 ], [ 629113.000115209026262, 5220856.124904670752585 ] ] ] } },
{ "type": "Feature", "properties": { "label": "vineyard", "area_m2": 0.16309689913212766 }, "geometry": { "type": "Polygon", "coordinates": [ [ [ 629127.400118516525254, 5220855.200042405165732 ], [ 629127.400118516525254, 5220855.449957595206797 ], [ 629127.450114952516742, 5220855.69988504704088 ], [ 629127.474937188206241, 5220855.699882484972477 ], [ 629127.624882849864662, 5220855.524929783307016 ], [ 629127.687555906595662, 5220855.291411786340177 ], [ 629127.849885047529824, 5220855.125114953145385 ], [ 629127.778357550385408, 5220855.120103445835412 ], [ 629127.599951041629538, 5220855.025118195451796 ], [ 629127.525048958370462, 5220855.025118195451796 ], [ 629127.450106372241862, 5220855.075071074999869 ], [ 629127.400118516525254, 5220855.200042405165732 ] ] ] } },
{ "type": "Feature", "properties": { "label": "vineyard", "area_m2": 0.43026756051053944 }, "geometry": { "type": "Polygon", "coordinates": [ [ [ 629137.875117070623673, 5220856.67494267784059 ], [ 629138.174904670100659, 5220856.799884791485965 ], [ 629138.299882929422893, 5220856.649942678399384 ], [ 629138.333199029555544, 5220856.457044208422303 ], [ 629138.425207941094413, 5220856.343953846953809 ], [ 629138.48457727022469, 5220856.31217420194298 ], [ 629138.574949504807591, 5220856.324882595799863 ], [ 629138.674883724772371, 5220856.249926441349089 ], [ 629138.674882085877471, 5220856.150040097534657 ], [ 629138.578928475617431, 5220855.941273598000407 ], [ 629138.574882595101371, 5220855.825050494633615 ], [ 629138.474884790950455, 5220855.600095328874886 ], [ 629138.40244751307182, 5220855.574999999254942 ], [ 629138.275095329619944, 5220855.600115208886564 ], [ 629138.225107725826092, 5220855.675065792165697 ], [ 629138.200117404921912, 5220855.725050494074821 ], [ 629138.224447979824618, 5220855.894512820988894 ], [ 629138.175117914099246, 5220856.100040098652244 ], [ 629138.170068318839185, 5220856.290036362595856 ], [ 629138.050097735365853, 5220856.400105617009103 ], [ 629137.984594759414904, 5220856.566846603527665 ], [ 629137.875117070623673, 5220856.67494267784059 ] ] ] } },
{ "type": "Feature", "properties": { "label": "vineyard", "area_m2": 0.42712832274635626 }, "geometry": { "type": "Polygon", "coordinates": [ [ [ 629119.200116275227629, 5220855.40007355902344 ], [ 629119.200117070460692, 5220855.57494267821312 ], [ 629119.350050496286713, 5220855.674882596358657 ], [ 629119.474885719129816, 5220855.699885719455779 ], [ 629119.4925361830974, 5220855.609413942322135 ], [ 629119.558287119725719, 5220855.567386493086815 ], [ 629119.724885719129816, 5220855.599885719828308 ], [ 629119.724884711205959, 5220855.525093701668084 ], [ 629119.671970527968369, 5220855.494415869936347 ], [ 629119.646237747976556, 5220855.432171362452209 ], [ 629119.707925970316865, 5220855.251962400972843 ], [ 629119.783287120517343, 5220855.192386493086815 ], [ 629119.877447513048537, 5220855.225000000558794 ], [ 629119.999884836608544, 5220855.19990373775363 ], [ 629119.999885719153099, 5220855.025114280171692 ], [ 629119.864278384018689, 5220855.006870373152196 ], [ 629119.799884791020304, 5220854.875095329247415 ], [ 629119.724942677887157, 5220854.825117069296539 ], [ 629119.582554926746525, 5220854.846877656877041 ], [ 629119.499942678026855, 5220854.800117069855332 ], [ 629119.425095329410397, 5220854.800115209072828 ], [ 629119.250117070623673, 5220855.025057322345674 ], [ 629119.295910634915344, 5220855.277220268733799 ], [ 629119.200116275227629, 5220855.40007355902344 ] ] ] } },
{ "type": "Feature", "properties": { "label": "vineyard", "area_m2": 0.64811395184215692 }, "geometry": { "type": "Polygon", "coordinates": [ [ [ 629135.450000000069849, 5220855.597054241225123 ], [ 629135.524932741303928, 5220855.599848881363869 ], [ 629135.850576229859143, 5220855.500776330009103 ], [ 629136.275668296031654, 5220855.449151461943984 ], [ 629136.624829916865565, 5220854.724923407658935 ], [ 629136.624840395990759, 5220854.475123630836606 ], [ 629136.274937959387898, 5220854.325178164988756 ], [ 629136.150148601504043, 5220854.32516336068511 ], [ 629136.075154073769227, 5220854.500074820592999 ], [ 629136.048162986524403, 5220854.679735845886171 ], [ 629135.875173982814886, 5220855.050081433728337 ], [ 629135.824966991203837, 5220855.36702561751008 ], [ 629135.554054016014561, 5220855.497971307486296 ], [ 629135.475086390040815, 5220855.500170705839992 ], [ 629135.450000000069849, 5220855.597054241225123 ] ] ] } },
{ "type": "Feature", "properties": { "label": "vineyard", "area_m2": 0.22856988620726737 }, "geometry": { "type": "Polygon", "coordinates": [ [ [ 629115.825114952516742, 5220856.399885047227144 ], [ 629115.999929783982225, 5220856.399882849305868 ], [ 629116.049864499596879, 5220856.356943712569773 ], [ 629116.124937188229524, 5220856.349882484413683 ], [ 629116.203003419796005, 5220856.227333967573941 ], [ 629116.27488504757639, 5220856.19988504704088 ], [ 629116.337713523651473, 5220856.022906892001629 ], [ 629116.424881805549376, 5220855.924951042048633 ], [ 629116.438514570589177, 5220855.790775844827294 ], [ 629116.549904862651601, 5220855.724884072318673 ], [ 629116.574881805572659, 5220855.674951042048633 ], [ 629116.583721672766842, 5220855.57513371668756 ], [ 629116.649882486090064, 5220855.499937187880278 ], [ 629116.624937188229524, 5220855.450117515400052 ], [ 629116.547545121051371, 5220855.424999999813735 ], [ 629116.375114952446893, 5220855.450114953331649 ], [ 629116.345062219072133, 5220855.665056912228465 ], [ 629116.225117513909936, 5220855.925062811002135 ], [ 629116.213192126480862, 5220856.022139674052596 ], [ 629116.16326834319625, 5220856.067387953400612 ], [ 629116.000071076443419, 5220856.100106370635331 ], [ 629115.942155895521864, 5220856.199095112271607 ], [ 629115.825115925981663, 5220856.250095137394965 ], [ 629115.825114952516742, 5220856.399885047227144 ] ] ] } },
{ "type": "Feature", "properties": { "label": "vineyard", "area_m2": 0.21780901287319113 }, "geometry": { "type": "Polygon", "coordinates": [ [ [ 629130.003134648664854, 5220856.000661013647914 ], [ 629130.149937188252807, 5220856.049882484599948 ], [ 629130.209450714872219, 5220855.924479861743748 ], [ 629130.349908277159557, 5220855.849898800253868 ], [ 629130.392907453468069, 5220855.790702745318413 ], [ 629130.499882486066781, 5220855.749937187880278 ], [ 629130.557612046715803, 5220855.461731656454504 ], [ 629130.60286032629665, 5220855.411807873286307 ], [ 629130.724882486043498, 5220855.374937187880278 ], [ 629130.724884074064903, 5220855.250095137394965 ], [ 629130.575114952516742, 5220855.200114953331649 ], [ 629130.50314649392385, 5220855.295957151800394 ], [ 629130.300114952493459, 5220855.275114953517914 ], [ 629130.292387953377329, 5220855.51326834410429 ], [ 629130.247139673796482, 5220855.563192127272487 ], [ 629130.175114952493459, 5220855.575114953331649 ], [ 629130.191156708402559, 5220855.771188983693719 ], [ 629130.127301045344211, 5220855.91343932878226 ], [ 629130.000114952446893, 5220855.950114953331649 ], [ 629130.003134648664854, 5220856.000661013647914 ] ] ] } },
{ "type": "Feature", "properties": { "label": "vineyard", "area_m2": 0.71696619967775432 }, "geometry": { "type": "Polygon", "coordinates": [ [ [ 629107.600115163368173, 5220856.100096262060106 ], [ 629107.625108930864371, 5220856.27493530139327 ], [ 629107.750057321973145, 5220856.399882930330932 ], [ 629108.024885719176382, 5220856.399885719642043 ], [ 629108.033710969379172, 5220856.325159504078329 ], [ 629108.107979399850592, 5220856.214867068454623 ], [ 629108.175159508944489, 5220856.158710966818035 ], [ 629108.249942678026855, 5220856.149882930330932 ], [ 629108.325904230121523, 5220856.032844829373062 ], [ 629108.399885719292797, 5220855.999885719269514 ], [ 629108.367061455151998, 5220855.785332978703082 ], [ 629108.450000000069849, 5220855.622552487999201 ], [ 629108.425000000046566, 5220855.484020000323653 ], [ 629108.449882929562591, 5220855.32505732215941 ], [ 629108.400519149261527, 5220855.21152353938669 ], [ 629108.474884790950455, 5220855.100095328874886 ], [ 629108.29994950373657, 5220855.025117403827608 ], [ 629108.000095330062322, 5220855.075115208514035 ], [ 629107.925117404898629, 5220855.250050494447351 ], [ 629107.920068318839185, 5220855.39003636315465 ], [ 629107.800117070553824, 5220855.600057320669293 ], [ 629107.867671815678477, 5220855.8731977827847 ], [ 629107.793755018850788, 5220855.975601855665445 ], [ 629107.600115163368173, 5220856.100096262060106 ] ] ] } },
{ "type": "Feature", "properties": { "label": "vineyard", "area_m2": 0.29747085827005032 }, "geometry": { "type": "Polygon", "coordinates": [ [ [ 629124.650116591714323, 5220855.600067099556327 ], [ 629124.67509626201354, 5220855.749884836375713 ], [ 629124.797552486998029, 5220855.775000000372529 ], [ 629124.949883724795654, 5220855.59992644097656 ], [ 629125.007612046669237, 5220855.261731656268239 ], [ 629125.061731656780466, 5220855.207612046971917 ], [ 629125.199882929562591, 5220855.17494267784059 ], [ 629125.203928475617431, 5220854.983726401813328 ], [ 629125.299882929422893, 5220854.874942678026855 ], [ 629125.349884790950455, 5220854.650095328688622 ], [ 629125.22255248692818, 5220854.599999999627471 ], [ 629125.150057321996428, 5220854.600117069669068 ], [ 629125.10011707060039, 5220854.650057321414351 ], [ 629125.070068318862468, 5220854.815036362968385 ], [ 629125.01341532706283, 5220854.929046159610152 ], [ 629124.950115001644008, 5220854.97509956266731 ], [ 629124.922419643029571, 5220855.068959373980761 ], [ 629124.825117070577107, 5220855.125057321973145 ], [ 629124.803641551290639, 5220855.236769785173237 ], [ 629124.725114280707203, 5220855.275114280171692 ], [ 629124.743989228270948, 5220855.461853430606425 ], [ 629124.650116591714323, 5220855.600067099556327 ] ] ] } },
{ "type": "Feature", "properties": { "label": "vineyard", "area_m2": 0.28276881798639908 }, "geometry": { "type": "Polygon", "coordinates": [ [ [ 629130.575000000069849, 5220855.197054241783917 ], [ 629130.724876368883997, 5220855.249840393662453 ], [ 629130.749932691105641, 5220855.198915241286159 ], [ 629130.750218503992073, 5220854.893004537560046 ], [ 629130.799839004524983, 5220854.799916891381145 ], [ 629130.802830732194707, 5220854.696745806373656 ], [ 629130.923552487278357, 5220854.50946219265461 ], [ 629131.024913625326008, 5220854.499829317443073 ], [ 629131.074846306466497, 5220854.449916707351804 ], [ 629131.09964379912708, 5220854.35090817604214 ], [ 629131.099833940621465, 5220854.225140435621142 ], [ 629130.951512680621818, 5220854.101221802644432 ], [ 629130.849861499737017, 5220853.950156471692026 ], [ 629130.750159026472829, 5220853.95015902724117 ], [ 629130.799887648550794, 5220854.177146677859128 ], [ 629130.796856087516062, 5220854.466294360347092 ], [ 629130.599318851600401, 5220854.600861474871635 ], [ 629130.550158778438345, 5220854.700051870197058 ], [ 629130.575000000069849, 5220855.197054241783917 ] ] ] } },
{ "type": "Feature", "properties": { "label": "vineyard", "area_m2": 0.26051519440246546 }, "geometry": { "type": "Polygon", "coordinates": [ [ [ 629121.850807542097755, 5220855.499838990159333 ], [ 629121.850115925888531, 5220855.649904862977564 ], [ 629121.900048958370462, 5220855.674881804734468 ], [ 629121.999904862372205, 5220855.674884072504938 ], [ 629122.074884074158035, 5220855.599904861301184 ], [ 629122.108721673255786, 5220855.400133715011179 ], [ 629122.349881483474746, 5220854.999957595020533 ], [ 629122.399881483521312, 5220854.799957594834268 ], [ 629122.374885047553107, 5220854.575114953331649 ], [ 629122.22511495242361, 5220854.575114953331649 ], [ 629122.18728647637181, 5220854.727093107998371 ], [ 629122.125116360140964, 5220854.775086299516261 ], [ 629122.116799439885654, 5220854.942956223152578 ], [ 629122.025106372078881, 5220855.025071076117456 ], [ 629121.950117150205187, 5220855.200070217251778 ], [ 629121.916799439815804, 5220855.442956223152578 ], [ 629121.850807542097755, 5220855.499838990159333 ] ] ] } },
{ "type": "Feature", "properties": { "label": "vineyard", "area_m2": 0.33416418423907424 }, "geometry": { "type": "Polygon", "coordinates": [ [ [ 629108.199999999953434, 5220854.997063057497144 ], [ 629108.477936943992972, 5220855.125 ], [ 629108.524864742066711, 5220855.12483122292906 ], [ 629108.676450612139888, 5220855.003033905290067 ], [ 629108.749857223010622, 5220854.999842027202249 ], [ 629108.799830265925266, 5220854.899928871542215 ], [ 629108.781342134694569, 5220854.697781671769917 ], [ 629108.974842102616094, 5220854.499924587085843 ], [ 629108.974044087575749, 5220854.424609201028943 ], [ 629108.601628837292083, 5220854.258384378626943 ], [ 629108.624842098215595, 5220854.100075416266918 ], [ 629108.549935718532652, 5220854.050170007161796 ], [ 629108.47507541347295, 5220854.050157897174358 ], [ 629108.42515462404117, 5220854.100099588744342 ], [ 629108.350158377434127, 5220854.27484162338078 ], [ 629108.576695709605701, 5220854.251631557010114 ], [ 629108.745431507122703, 5220854.339021329768002 ], [ 629108.75764112721663, 5220854.385055478662252 ], [ 629108.400811034021899, 5220854.699403161183 ], [ 629108.303470994811505, 5220854.844605809077621 ], [ 629108.200157897081226, 5220854.925075413659215 ], [ 629108.199999999953434, 5220854.997063057497144 ] ] ] } },
{ "type": "Feature", "properties": { "label": "vineyard", "area_m2": 0.2893972088829127 }, "geometry": { "type": "Polygon", "coordinates": [ [ [ 629116.475117150112055, 5220855.175070216879249 ], [ 629116.500115925911814, 5220855.424904862418771 ], [ 629116.64988504757639, 5220855.474885046482086 ], [ 629116.707929836935364, 5220855.250066553242505 ], [ 629116.849882486043498, 5220855.07493718713522 ], [ 629116.887713523698039, 5220854.947906892746687 ], [ 629116.974882486043498, 5220854.874937187880278 ], [ 629116.98577811208088, 5220854.791317390277982 ], [ 629117.074881805572659, 5220854.674951042048633 ], [ 629117.074882849934511, 5220854.600070216692984 ], [ 629117.026751262950711, 5220854.532155205495656 ], [ 629117.024884074111469, 5220854.375095137394965 ], [ 629116.900114952470176, 5220854.350114952772856 ], [ 629116.860111815505661, 5220854.467051026411355 ], [ 629116.725115925888531, 5220854.525095137767494 ], [ 629116.650000000023283, 5220854.677454861812294 ], [ 629116.650115925935097, 5220854.749904861673713 ], [ 629116.723033720161766, 5220854.813985847868025 ], [ 629116.720825639786199, 5220854.890866924077272 ], [ 629116.664820046862587, 5220854.978834643028677 ], [ 629116.575095137464814, 5220855.000115927308798 ], [ 629116.475117150112055, 5220855.175070216879249 ] ] ] } },
{ "type": "Feature", "properties": { "label": "vineyard", "area_m2": 0.40847185702968575 }, "geometry": { "type": "Polygon", "coordinates": [ [ [ 629110.800117070437409, 5220854.92494267784059 ], [ 629110.925050494959578, 5220854.999882595613599 ], [ 629111.099885719129816, 5220855.049885720014572 ], [ 629111.119240296189673, 5220854.982006529346108 ], [ 629111.207006521872245, 5220854.8942403011024 ], [ 629111.374942678026855, 5220854.874882929958403 ], [ 629111.474884836585261, 5220854.799903737381101 ], [ 629111.511560671497136, 5220854.69769895542413 ], [ 629111.62494267791044, 5220854.674882930703461 ], [ 629111.674892273847945, 5220854.624934207648039 ], [ 629111.824882595101371, 5220854.399949504993856 ], [ 629111.824882929562591, 5220854.275057322345674 ], [ 629111.70009532966651, 5220854.250115209259093 ], [ 629111.629021783126518, 5220854.384152521379292 ], [ 629111.475095329456963, 5220854.400115208700299 ], [ 629111.375144568039104, 5220854.518051818944514 ], [ 629111.245110204676166, 5220854.522798013873398 ], [ 629111.167997145559639, 5220854.472107528708875 ], [ 629111.149373934953474, 5220854.397816265001893 ], [ 629111.223891196539626, 5220854.281451635994017 ], [ 629111.29988571931608, 5220854.249885719269514 ], [ 629111.299882929422893, 5220854.200057321228087 ], [ 629111.19994267844595, 5220854.100117069669068 ], [ 629111.150095329619944, 5220854.100115208886564 ], [ 629111.125117070623673, 5220854.199942679144442 ], [ 629111.172420595656149, 5220854.267131884582341 ], [ 629111.165399175486527, 5220854.342754988931119 ], [ 629110.925117070553824, 5220854.550057320855558 ], [ 629110.800117404898629, 5220854.850050495006144 ], [ 629110.800117070437409, 5220854.92494267784059 ] ] ] } },
{ "type": "Feature", "properties": { "label": "vineyard", "area_m2": 0.21576821355727499 }, "geometry": { "type": "Polygon", "coordinates": [ [ [ 629119.725067330989987, 5220854.423915691673756 ], [ 629119.775086384732276, 5220854.499829302541912 ], [ 629119.849856555345468, 5220854.499841370619833 ], [ 629119.899829865549691, 5220854.399923390708864 ], [ 629119.879544617491774, 5220854.235380819998682 ], [ 629119.924419937771745, 5220854.068755531683564 ], [ 629120.074902033549733, 5220853.999850424937904 ], [ 629120.128767718095332, 5220853.895737323909998 ], [ 629120.242251130170189, 5220853.804308042861521 ], [ 629120.392821971559897, 5220853.821144130080938 ], [ 629120.396776532172225, 5220853.96780361328274 ], [ 629120.325159026542678, 5220854.000159027054906 ], [ 629120.325024087214842, 5220854.09803544357419 ], [ 629120.399840973550454, 5220854.099840972572565 ], [ 629120.424840400926769, 5220853.500123626552522 ], [ 629120.324937267461792, 5220853.450170753523707 ], [ 629120.250086385407485, 5220853.45017069671303 ], [ 629120.025449913926423, 5220853.761644945479929 ], [ 629119.925165638327599, 5220853.800117352046072 ], [ 629119.850164603674784, 5220853.925077105872333 ], [ 629119.850159589899704, 5220853.999876382760704 ], [ 629119.92024514649529, 5220854.05705726519227 ], [ 629119.879155679605901, 5220854.224006149917841 ], [ 629119.775086374720559, 5220854.250170682556927 ], [ 629119.725170681835152, 5220854.30008637253195 ], [ 629119.725067330989987, 5220854.423915691673756 ] ] ] } },
{ "type": "Feature", "properties": { "label": "vineyard", "area_m2": 0.2515915220900713 }, "geometry": { "type": "Polygon", "coordinates": [ [ [ 629105.575114829232916, 5220854.39989691786468 ], [ 629105.743051817989908, 5220854.549855429679155 ], [ 629105.725117070483975, 5220854.82494267821312 ], [ 629105.80005732155405, 5220854.899882930330932 ], [ 629105.899942678050138, 5220854.899882930330932 ], [ 629105.949882929562591, 5220854.849942677654326 ], [ 629105.963498124154285, 5220854.690806047990918 ], [ 629106.099882595008239, 5220854.524949504993856 ], [ 629106.125, 5220854.372552487067878 ], [ 629106.099942677887157, 5220854.275117069482803 ], [ 629106.000095329596661, 5220854.275115208700299 ], [ 629105.96695495408494, 5220854.333296739496291 ], [ 629105.903225789428689, 5220854.358967958018184 ], [ 629105.837973917252384, 5220854.337459563277662 ], [ 629105.804483321262524, 5220854.288626824505627 ], [ 629105.779466136707924, 5220854.161195458844304 ], [ 629105.849398145801388, 5220854.03124497924 ], [ 629105.924882929422893, 5220853.974942678585649 ], [ 629105.92488571931608, 5220853.825114279985428 ], [ 629105.825057322042994, 5220853.825117069296539 ], [ 629105.750117070623673, 5220853.900057322345674 ], [ 629105.725117404945195, 5220854.049949506297708 ], [ 629105.767671822104603, 5220854.198197764344513 ], [ 629105.717993464088067, 5220854.255759708583355 ], [ 629105.575117070577107, 5220854.325057321228087 ], [ 629105.575114829232916, 5220854.39989691786468 ] ] ] } },
{ "type": "Feature", "properties": { "label": "vineyard", "area_m2": 0.21375347214903065 }, "geometry": { "type": "Polygon", "coordinates": [ [ [ 629133.35011495242361, 5220854.799885046668351 ], [ 629133.674885047599673, 5220854.799885046668351 ], [ 629133.724999999976717, 5220854.502454861998558 ], [ 629133.672200902248733, 5220854.457071795128286 ], [ 629133.659123417921364, 5220854.390895267017186 ], [ 629133.775000000023283, 5220854.197545138187706 ], [ 629133.774882486090064, 5220854.075062812305987 ], [ 629133.69995104172267, 5220854.025118195451796 ], [ 629133.575114952516742, 5220854.025114953517914 ], [ 629133.558146961266175, 5220854.180557023733854 ], [ 629133.450062811840326, 5220854.225117514841259 ], [ 629133.375117513933219, 5220854.300062811002135 ], [ 629133.375114952446893, 5220854.399885047227144 ], [ 629133.449095112388022, 5220854.432844104245305 ], [ 629133.474879545625299, 5220854.504906767047942 ], [ 629133.442155895405449, 5220854.574095112271607 ], [ 629133.375114952446893, 5220854.600114952772856 ], [ 629133.35011495242361, 5220854.799885046668351 ] ] ] } },
{ "type": "Feature", "properties": { "label": "vineyard", "area_m2": 0.53647122218197718 }, "geometry": { "type": "Polygon", "coordinates": [ [ [ 629127.525114280753769, 5220855.024885719642043 ], [ 629127.750144570600241, 5220855.08194818161428 ], [ 629127.800067698815838, 5220855.124883437529206 ], [ 629127.924959902535193, 5220855.124882086180151 ], [ 629128.099885719129816, 5220855.074885719455779 ], [ 629128.083710968843661, 5220854.675159505568445 ], [ 629128.132979399641044, 5220854.589867069385946 ], [ 629128.232006535981782, 5220854.494240291416645 ], [ 629128.299942677957006, 5220854.474882930517197 ], [ 629128.399882595054805, 5220854.349949506111443 ], [ 629128.424882085877471, 5220854.150040097534657 ], [ 629128.39988292939961, 5220854.075057321228087 ], [ 629128.32494267844595, 5220854.000117070041597 ], [ 629128.225114280707203, 5220854.000114280730486 ], [ 629128.186769785126671, 5220854.078641551546752 ], [ 629128.000103523256257, 5220854.150099185295403 ], [ 629127.96220761956647, 5220854.207962466403842 ], [ 629127.750107726198621, 5220854.35006579104811 ], [ 629127.692076907027513, 5220854.574918637983501 ], [ 629127.550117070437409, 5220854.775057322345674 ], [ 629127.525114280753769, 5220855.024885719642043 ] ] ] } },
{ "type": "Feature", "properties": { "label": "vineyard", "area_m2": 0.61598254131117458 }, "geometry": { "type": "Polygon", "coordinates": [ [ [ 629111.47511495242361, 5220853.899885047227144 ], [ 629111.65980171400588, 5220853.900481527671218 ], [ 629111.720710678142495, 5220853.929289322346449 ], [ 629111.75, 5220854.0 ], [ 629111.72511495242361, 5220854.249885046854615 ], [ 629111.849904862581752, 5220854.274884073063731 ], [ 629111.942042763810605, 5220854.112793586216867 ], [ 629111.999884074088186, 5220854.074904861859977 ], [ 629111.999885047553107, 5220854.000114953145385 ], [ 629111.840557782677934, 5220853.893357026390731 ], [ 629111.820498489541933, 5220853.792512144893408 ], [ 629111.976116717909463, 5220853.61099505238235 ], [ 629112.057155204820447, 5220853.601751262322068 ], [ 629112.125070216017775, 5220853.649882849305868 ], [ 629112.199904862674884, 5220853.649884073063731 ], [ 629112.274893627967685, 5220853.549928924068809 ], [ 629112.325000000069849, 5220853.447545138187706 ], [ 629112.303118153125979, 5220853.217406768351793 ], [ 629112.32488248613663, 5220853.025062812492251 ], [ 629112.299928923603147, 5220853.00010637100786 ], [ 629112.07495104172267, 5220852.900118195451796 ], [ 629111.85011495242361, 5220852.875114953145385 ], [ 629111.750117513933219, 5220853.075062812305987 ], [ 629111.741278326720931, 5220853.174866285175085 ], [ 629111.650117513956502, 5220853.300062811002135 ], [ 629111.652216577786021, 5220853.465463224798441 ], [ 629111.525115925818682, 5220853.600095137953758 ], [ 629111.475118194473907, 5220853.725048957392573 ], [ 629111.47511495242361, 5220853.899885047227144 ] ] ] } },
{ "type": "Feature", "properties": { "label": "vineyard", "area_m2": 0.18333892730244578 }, "geometry": { "type": "Polygon", "coordinates": [ [ [ 629136.275115925935097, 5220854.349904862232506 ], [ 629136.624885047553107, 5220854.474885046482086 ], [ 629136.600552707910538, 5220854.155478801578283 ], [ 629136.674881805549376, 5220853.999951042234898 ], [ 629136.682612046715803, 5220853.836731656454504 ], [ 629136.736731656827033, 5220853.782612047158182 ], [ 629136.924900698126294, 5220853.749900698661804 ], [ 629136.949881805572659, 5220853.699951042421162 ], [ 629136.899904862628318, 5220853.425115927122533 ], [ 629136.825095137464814, 5220853.425115927122533 ], [ 629136.789221887942404, 5220853.558682609349489 ], [ 629136.675116360187531, 5220853.700086299329996 ], [ 629136.660932860337198, 5220853.829667080193758 ], [ 629136.525106372078881, 5220853.950071075931191 ], [ 629136.445710678119212, 5220854.170710678212345 ], [ 629136.325114952516742, 5220854.200114953331649 ], [ 629136.275115925935097, 5220854.349904862232506 ] ] ] } },
{ "type": "Feature", "properties": { "label": "vineyard", "area_m2": 0.44417152670062365 }, "geometry": { "type": "Polygon", "coordinates": [ [ [ 629108.503134648664854, 5220854.050661013461649 ], [ 629108.624929783283733, 5220854.09988284856081 ], [ 629108.774864498875104, 5220854.006943712942302 ], [ 629108.874885047553107, 5220853.999885046854615 ], [ 629108.887294552056119, 5220853.91793904826045 ], [ 629108.93901049438864, 5220853.872678861953318 ], [ 629109.124885047553107, 5220853.899885047227144 ], [ 629109.124883639859036, 5220853.825086299329996 ], [ 629109.072780253482051, 5220853.782335189171135 ], [ 629109.061549985315651, 5220853.706626898609102 ], [ 629109.122698954655789, 5220853.561560671776533 ], [ 629109.224885047529824, 5220853.524885047227144 ], [ 629109.224999999976717, 5220853.452454862184823 ], [ 629109.116853038780391, 5220853.405557024292648 ], [ 629109.111095164436847, 5220853.279218669049442 ], [ 629109.324892658973113, 5220853.14990271255374 ], [ 629109.388514570542611, 5220852.990775844082236 ], [ 629109.459754458977841, 5220852.90265329554677 ], [ 629109.674885047599673, 5220852.899885047227144 ], [ 629109.674885047599673, 5220852.825114953331649 ], [ 629109.481573967495933, 5220852.829323112033308 ], [ 629109.374937188229524, 5220852.700117515400052 ], [ 629109.275062811793759, 5220852.700117515400052 ], [ 629109.175114952493459, 5220852.750114953145385 ], [ 629109.164221887942404, 5220852.883682609535754 ], [ 629109.05011676682625, 5220853.025078020989895 ], [ 629109.028645521379076, 5220853.111764731816947 ], [ 629108.950114952516742, 5220853.150114953517914 ], [ 629108.939221887965687, 5220853.258682609535754 ], [ 629108.825118194683455, 5220853.425048957578838 ], [ 629108.767070162110031, 5220853.674933448433876 ], [ 629108.650117513956502, 5220853.775062812492251 ], [ 629108.63922188791912, 5220853.908682609908283 ], [ 629108.503134648664854, 5220854.050661013461649 ] ] ] } },
{ "type": "Feature", "properties": { "label": "vineyard", "area_m2": 0.23205138740676107 }, "geometry": { "type": "Polygon", "coordinates": [ [ [ 629106.175114952493459, 5220853.67511495295912 ], [ 629106.175114952493459, 5220853.749885046854615 ], [ 629106.249885047553107, 5220853.749885046854615 ], [ 629106.288235269021243, 5220853.671354479156435 ], [ 629106.424882486113347, 5220853.624937187880278 ], [ 629106.458721672766842, 5220853.32513371668756 ], [ 629106.513519172789529, 5220853.264864480122924 ], [ 629106.624882486066781, 5220853.224937187507749 ], [ 629106.658721673302352, 5220853.025133715011179 ], [ 629106.799882486113347, 5220852.874937187880278 ], [ 629106.810778112034313, 5220852.716317390091717 ], [ 629106.949893628014252, 5220852.624928924255073 ], [ 629106.999884074088186, 5220852.500095137394965 ], [ 629106.800095137441531, 5220852.450115927495062 ], [ 629106.625117513933219, 5220852.625062812119722 ], [ 629106.624447292066179, 5220852.844521198421717 ], [ 629106.591278327279724, 5220852.949866282753646 ], [ 629106.491747867781669, 5220853.05699198693037 ], [ 629106.400115925935097, 5220853.100095137022436 ], [ 629106.391278326744214, 5220853.224866284988821 ], [ 629106.300117513979785, 5220853.350062810815871 ], [ 629106.292387953377329, 5220853.613268343731761 ], [ 629106.247139673796482, 5220853.663192126899958 ], [ 629106.175114952493459, 5220853.67511495295912 ] ] ] } },
{ "type": "Feature", "properties": { "label": "vineyard", "area_m2": 0.11433996305640917 }, "geometry": { "type": "Polygon", "coordinates": [ [ [ 629130.9751167667564, 5220853.575078021734953 ], [ 629130.975117513909936, 5220853.674937187694013 ], [ 629131.025062811793759, 5220853.724882484413683 ], [ 629131.199957596487366, 5220853.724881482310593 ], [ 629131.349937188206241, 5220853.699882484972477 ], [ 629131.449883233290166, 5220853.599921979010105 ], [ 629131.44988248613663, 5220853.500062812119722 ], [ 629131.399937188252807, 5220853.450117515400052 ], [ 629131.175070216762833, 5220853.425117150880396 ], [ 629131.125135501148179, 5220853.468056286685169 ], [ 629131.050095137441531, 5220853.475115926936269 ], [ 629130.9751167667564, 5220853.575078021734953 ] ] ] } },
{ "type": "Feature", "properties": { "label": "vineyard", "area_m2": 0.35849893942952005 }, "geometry": { "type": "Polygon", "coordinates": [ [ [ 629116.875116766779684, 5220854.225078021176159 ], [ 629116.900095137418248, 5220854.349884072318673 ], [ 629117.024904862628318, 5220854.374884072691202 ], [ 629117.199883233290166, 5220854.124921978451312 ], [ 629117.202204722212628, 5220853.895095524378121 ], [ 629117.299882486113347, 5220853.699937188997865 ], [ 629117.336807873565704, 5220853.502860326319933 ], [ 629117.395971532328986, 5220853.454305966384709 ], [ 629117.499885047553107, 5220853.44988504704088 ], [ 629117.539888188359328, 5220853.357948969118297 ], [ 629117.649882486090064, 5220853.299937187694013 ], [ 629117.674884074134752, 5220853.075095137581229 ], [ 629117.475048958323896, 5220853.025118195451796 ], [ 629117.425099301966839, 5220853.050099301151931 ], [ 629117.264820046839304, 5220853.278834642842412 ], [ 629117.150114952470176, 5220853.30011495295912 ], [ 629117.12006221874617, 5220853.515056913718581 ], [ 629117.075117514003068, 5220853.575062812305987 ], [ 629117.068056286894716, 5220853.725135502405465 ], [ 629116.950117514003068, 5220853.850062812678516 ], [ 629116.970062219072133, 5220854.11505691241473 ], [ 629116.875116766779684, 5220854.225078021176159 ] ] ] } },
{ "type": "Feature", "properties": { "label": "vineyard", "area_m2": 0.60575753400641263 }, "geometry": { "type": "Polygon", "coordinates": [ [ [ 629125.17511592595838, 5220854.599904862232506 ], [ 629125.30004240362905, 5220854.649881483055651 ], [ 629125.449885047622956, 5220854.649885047227144 ], [ 629125.533721673302352, 5220854.325133714824915 ], [ 629125.619263491476886, 5220854.156972918659449 ], [ 629125.69988248613663, 5220854.074937188997865 ], [ 629125.784083201549947, 5220853.658357043750584 ], [ 629125.837868280475959, 5220853.607149391435087 ], [ 629125.924885047599673, 5220853.599885046482086 ], [ 629126.008721673279069, 5220853.37513371463865 ], [ 629126.07488248613663, 5220853.299937187694013 ], [ 629126.099884074064903, 5220853.1750951372087 ], [ 629125.60011495242361, 5220852.975114952772856 ], [ 629125.584604516276158, 5220853.041833410039544 ], [ 629125.525117513956502, 5220853.100062810815871 ], [ 629125.425118516548537, 5220853.475042404606938 ], [ 629125.422795277787372, 5220853.954904476180673 ], [ 629125.32511819456704, 5220854.150048958137631 ], [ 629125.266799439908937, 5220854.492956222966313 ], [ 629125.17511592595838, 5220854.599904862232506 ] ] ] } },
{ "type": "Feature", "properties": { "label": "vineyard", "area_m2": 0.20140232629409954 }, "geometry": { "type": "Polygon", "coordinates": [ [ [ 629139.575067308964208, 5220853.548915241844952 ], [ 629139.600123631069437, 5220853.599840393289924 ], [ 629139.749857699964195, 5220853.599839385598898 ], [ 629139.824835357954726, 5220853.474922874011099 ], [ 629139.824594020843506, 5220853.274180017411709 ], [ 629139.750373307033442, 5220853.076030463911593 ], [ 629139.675672919722274, 5220852.991313464008272 ], [ 629139.67512528388761, 5220852.690766361542046 ], [ 629139.774839603458531, 5220852.599860915914178 ], [ 629139.785154507961124, 5220852.518509674817324 ], [ 629139.9998396220617, 5220852.32485469430685 ], [ 629139.999840973527171, 5220852.250159027054906 ], [ 629139.925148415146396, 5220852.250160071998835 ], [ 629139.754533492727205, 5220852.489018886350095 ], [ 629139.600156965432689, 5220852.550128183327615 ], [ 629139.575067308964208, 5220853.548915241844952 ] ] ] } },
{ "type": "Feature", "properties": { "label": "vineyard", "area_m2": 0.30255004621205966 }, "geometry": { "type": "Polygon", "coordinates": [ [ [ 629125.628122025518678, 5220853.000658947043121 ], [ 629126.099885719129816, 5220853.174885720014572 ], [ 629126.099884790950455, 5220853.125095329247415 ], [ 629125.98166347364895, 5220853.060402582399547 ], [ 629125.964052054216154, 5220852.977465684525669 ], [ 629126.007030562032014, 5220852.916123551316559 ], [ 629126.074896918027662, 5220852.899885171093047 ], [ 629126.23297940089833, 5220852.689867068082094 ], [ 629126.349882929353043, 5220852.599942677654326 ], [ 629126.374882929376327, 5220852.32505732215941 ], [ 629126.327201985986903, 5220852.25488979741931 ], [ 629126.324885719339363, 5220852.125114280730486 ], [ 629126.125095329596661, 5220852.175115209072828 ], [ 629126.000117070623673, 5220852.350057320669293 ], [ 629125.991200809949078, 5220852.530791533179581 ], [ 629125.85011707060039, 5220852.650057321414351 ], [ 629125.844531310838647, 5220852.935685692355037 ], [ 629125.778920682263561, 5220852.975040572695434 ], [ 629125.625114280730486, 5220852.975114280357957 ], [ 629125.628122025518678, 5220853.000658947043121 ] ] ] } },
{ "type": "Feature", "properties": { "label": "vineyard", "area_m2": 0.36967326134720385 }, "geometry": { "type": "Polygon", "coordinates": [ [ [ 629120.125116562354378, 5220853.174932301044464 ], [ 629120.24180097039789, 5220853.332044208422303 ], [ 629120.250114280846901, 5220853.449885719455779 ], [ 629120.399885719292797, 5220853.499885719269514 ], [ 629120.39988259493839, 5220853.350050494074821 ], [ 629120.328120557707734, 5220853.142408871091902 ], [ 629120.362574040307663, 5220853.041381537914276 ], [ 629120.426944696577266, 5220852.993674024008214 ], [ 629120.503869209089316, 5220853.006729727610946 ], [ 629120.545516678597778, 5220853.061373174190521 ], [ 629120.550114280660637, 5220853.174885720014572 ], [ 629120.79988571931608, 5220853.124885719269514 ], [ 629120.858199029578827, 5220852.907044208608568 ], [ 629120.924884385894984, 5220852.849912943318486 ], [ 629120.931948181940243, 5220852.774855429306626 ], [ 629120.974883437622339, 5220852.7249323008582 ], [ 629120.974885719129816, 5220852.575114279985428 ], [ 629120.825414936407469, 5220852.565140781924129 ], [ 629120.779087548027746, 5220852.506598437204957 ], [ 629120.774884790997021, 5220852.400095329619944 ], [ 629120.57511428068392, 5220852.325114279985428 ], [ 629120.538439328433014, 5220852.42730104457587 ], [ 629120.425114280660637, 5220852.450114279985428 ], [ 629120.393051818013191, 5220852.725144570693374 ], [ 629120.250117070740089, 5220852.875057321041822 ], [ 629120.212448831065558, 5220852.983580311760306 ], [ 629120.125117070623673, 5220853.07505732215941 ], [ 629120.125116562354378, 5220853.174932301044464 ] ], [ [ 629120.588749542599544, 5220852.935937598347664 ], [ 629120.601921471883543, 5220852.655490967445076 ], [ 629120.644442976685241, 5220852.591853038407862 ], [ 629120.759801713982597, 5220852.575481527484953 ], [ 629120.833146961173043, 5220852.619442976079881 ], [ 629120.845359942293726, 5220852.858407829888165 ], [ 629120.725925607024692, 5220852.970321650616825 ], [ 629120.650216521462426, 5220852.981539251282811 ], [ 629120.588749542599544, 5220852.935937598347664 ] ] ] } },
{ "type": "Feature", "properties": { "label": "vineyard", "area_m2": 0.39044088841060376 }, "geometry": { "type": "Polygon", "coordinates": [ [ [ 629133.825114952516742, 5220852.80011495295912 ], [ 629133.825114952516742, 5220852.874885046854615 ], [ 629133.899937188252807, 5220852.874882484786212 ], [ 629133.999884541262873, 5220852.799895353615284 ], [ 629134.016116745304316, 5220852.732038759626448 ], [ 629134.068208419019356, 5220852.691665817983449 ], [ 629134.250048957881518, 5220852.74988180398941 ], [ 629134.399884074111469, 5220852.724904862232506 ], [ 629134.549881805549376, 5220852.449951042421162 ], [ 629134.525438778335229, 5220852.077120194211602 ], [ 629134.574882849934511, 5220851.999929782934487 ], [ 629134.574885047622956, 5220851.92511495295912 ], [ 629134.400086298002861, 5220851.875116361305118 ], [ 629134.340265771723352, 5220851.942915562540293 ], [ 629134.200048958417028, 5220851.950118195265532 ], [ 629134.100099301896989, 5220852.000099301338196 ], [ 629134.050118194543757, 5220852.100048957392573 ], [ 629134.050000000046566, 5220852.172545137815177 ], [ 629134.116156707168557, 5220852.303811012767255 ], [ 629134.116156707168557, 5220852.371188987977803 ], [ 629134.074095112620853, 5220852.467155896127224 ], [ 629134.000114952446893, 5220852.500114953145385 ], [ 629133.933146961266175, 5220852.755557023920119 ], [ 629133.825114952516742, 5220852.80011495295912 ] ] ] } },
{ "type": "Feature", "properties": { "label": "vineyard", "area_m2": 0.66733602185878793 }, "geometry": { "type": "Polygon", "coordinates": [ [ [ 629113.975118516478688, 5220853.775042405351996 ], [ 629114.025117150158621, 5220853.999929782934487 ], [ 629114.10011495242361, 5220854.149885047227144 ], [ 629114.174885047599673, 5220854.149885047227144 ], [ 629114.201810549246147, 5220854.018335917033255 ], [ 629114.399884074111469, 5220853.899904862977564 ], [ 629114.40820056013763, 5220853.807043776847422 ], [ 629114.474898799788207, 5220853.749908276833594 ], [ 629114.566631202003919, 5220853.534332142211497 ], [ 629114.659890117472969, 5220853.520498489029706 ], [ 629114.775078020291403, 5220853.649883233010769 ], [ 629114.849937188206241, 5220853.649882485158741 ], [ 629114.899882486090064, 5220853.599937187507749 ], [ 629114.899884074111469, 5220853.525095137767494 ], [ 629114.77135447866749, 5220853.461764731444418 ], [ 629114.752204722259194, 5220853.345095523633063 ], [ 629114.815395483747125, 5220853.208166589960456 ], [ 629114.899893627967685, 5220853.124928924255073 ], [ 629114.933721673325635, 5220852.975133715197444 ], [ 629114.999885047553107, 5220852.875114953145385 ], [ 629114.699951042188331, 5220852.75011819601059 ], [ 629114.650078020524234, 5220852.75011676736176 ], [ 629114.525071076466702, 5220852.850106370635331 ], [ 629114.474095112644136, 5220852.942155895754695 ], [ 629114.400114952470176, 5220852.975114952772856 ], [ 629114.375597432954237, 5220853.043757013976574 ], [ 629114.200117514003068, 5220853.225062812678516 ], [ 629113.975118516478688, 5220853.775042405351996 ] ] ] } },
{ "type": "Feature", "properties": { "label": "vineyard", "area_m2": 0.091447664409939636 }, "geometry": { "type": "Polygon", "coordinates": [ [ [ 629142.551114677684382, 5220852.676300762221217 ], [ 629142.600117513909936, 5220852.974937187507749 ], [ 629142.650062811793759, 5220853.024882485158741 ], [ 629142.749937188229524, 5220853.024882485158741 ], [ 629142.799882486113347, 5220852.974937187507749 ], [ 629142.80220472230576, 5220852.845095523633063 ], [ 629142.849882486043498, 5220852.700062812305987 ], [ 629142.649951042141765, 5220852.600118195638061 ], [ 629142.575062811840326, 5220852.600117514841259 ], [ 629142.551114677684382, 5220852.676300762221217 ] ] ] } },
{ "type": "Feature", "properties": { "label": "vineyard", "area_m2": 0.52427807039265539 }, "geometry": { "type": "Polygon", "coordinates": [ [ [ 629114.699999999953434, 5220852.772063058800995 ], [ 629114.925059477216564, 5220852.874843675643206 ], [ 629114.999881129479036, 5220852.874843270517886 ], [ 629115.128849511733279, 5220852.698019144125283 ], [ 629115.347067360184155, 5220852.578183739446104 ], [ 629115.449852061923593, 5220852.574837292544544 ], [ 629115.574835016159341, 5220852.199942462146282 ], [ 629115.574842102709226, 5220852.100075412541628 ], [ 629115.474924586014822, 5220852.000157897360623 ], [ 629115.031223084894009, 5220851.991423941217363 ], [ 629114.950974805629812, 5220851.777316607534885 ], [ 629114.949841097113676, 5220851.675123829394579 ], [ 629114.899935703026131, 5220851.650170058012009 ], [ 629114.849627961171791, 5220851.67602526023984 ], [ 629114.775158377364278, 5220851.874841623008251 ], [ 629115.007965827011503, 5220851.993004208430648 ], [ 629115.02471670252271, 5220852.047518590465188 ], [ 629114.972142400685698, 5220852.229503172449768 ], [ 629114.750160702853464, 5220852.475080671720207 ], [ 629114.699999999953434, 5220852.772063058800995 ] ] ] } },
{ "type": "Feature", "properties": { "label": "vineyard", "area_m2": 0.25362216844526508 }, "geometry": { "type": "Polygon", "coordinates": [ [ [ 629103.400117513956502, 5220853.025062812492251 ], [ 629103.425114952493459, 5220853.19988504704088 ], [ 629103.550062811817043, 5220853.249882484786212 ], [ 629103.67493718827609, 5220853.249882484786212 ], [ 629103.724893628037535, 5220853.199928923510015 ], [ 629103.874881483498029, 5220852.874957595020533 ], [ 629103.850552707910538, 5220852.705478802323341 ], [ 629103.899882486090064, 5220852.624937187880278 ], [ 629103.899881805526093, 5220852.550048957578838 ], [ 629103.849885047529824, 5220852.42511495295912 ], [ 629103.775062811793759, 5220852.425117515027523 ], [ 629103.700099301990122, 5220852.475099300965667 ], [ 629103.600117513909936, 5220852.600062810815871 ], [ 629103.525118194520473, 5220852.750048957765102 ], [ 629103.519736859598197, 5220852.897042301483452 ], [ 629103.400117513956502, 5220853.025062812492251 ] ] ] } },
{ "type": "Feature", "properties": { "label": "vineyard", "area_m2": 0.34360287749870477 }, "geometry": { "type": "Polygon", "coordinates": [ [ [ 629136.800114280660637, 5220852.674885720014572 ], [ 629136.899949503713287, 5220852.674882596358657 ], [ 629137.020095263258554, 5220852.616100354120135 ], [ 629137.12505732208956, 5220852.674882930703461 ], [ 629137.199896917911246, 5220852.674885171465576 ], [ 629137.284963639220223, 5220852.579931680113077 ], [ 629137.382591129629873, 5220852.55312055721879 ], [ 629137.524904670543037, 5220852.574884790927172 ], [ 629137.549882085877471, 5220852.500040099024773 ], [ 629137.464064372587018, 5220852.213254109025002 ], [ 629137.563498117495328, 5220852.015806059353054 ], [ 629137.674882929422893, 5220851.874942678026855 ], [ 629137.675000000046566, 5220851.702447512187064 ], [ 629137.64988292939961, 5220851.625057321973145 ], [ 629137.540847478318028, 5220851.554021783173084 ], [ 629137.524885719176382, 5220851.475114280357957 ], [ 629137.425117070553824, 5220851.500057321041822 ], [ 629137.449999999953434, 5220851.70902 ], [ 629137.403416724759154, 5220851.965354953892529 ], [ 629137.319503317470662, 5220852.003148818388581 ], [ 629137.125114280846901, 5220851.950114279985428 ], [ 629137.125116275274195, 5220852.024926442652941 ], [ 629137.297928793122992, 5220852.201452741399407 ], [ 629137.211501874960959, 5220852.459193954244256 ], [ 629137.133580309688114, 5220852.537448832765222 ], [ 629137.058065429446287, 5220852.552806307561696 ], [ 629136.998641745769419, 5220852.521098575554788 ], [ 629136.94990373798646, 5220852.425115163438022 ], [ 629136.875057321973145, 5220852.425117069855332 ], [ 629136.800117404898629, 5220852.550050494261086 ], [ 629136.800114280660637, 5220852.674885720014572 ] ] ] } },
{ "type": "Feature", "properties": { "label": "vineyard", "area_m2": 0.070863319128892974 }, "geometry": { "type": "Polygon", "coordinates": [ [ [ 629128.80011676682625, 5220852.29992197919637 ], [ 629128.875095137394965, 5220852.399884073063731 ], [ 629128.999937188229524, 5220852.399882485158741 ], [ 629129.074884074158035, 5220852.349904862232506 ], [ 629129.074883639928885, 5220852.225086298771203 ], [ 629129.008200560230762, 5220852.167956222780049 ], [ 629128.999885047553107, 5220852.05011495295912 ], [ 629128.925070216530003, 5220852.050117150880396 ], [ 629128.850115458713844, 5220852.100104645825922 ], [ 629128.80011676682625, 5220852.29992197919637 ] ] ] } },
{ "type": "Feature", "properties": { "label": "vineyard", "area_m2": 0.45752453230624851 }, "geometry": { "type": "Polygon", "coordinates": [ [ [ 629117.400072896503843, 5220852.799028978683054 ], [ 629117.500152492080815, 5220853.0248699253425 ], [ 629117.674848285852931, 5220853.074840253219008 ], [ 629117.807355830911547, 5220852.812268667854369 ], [ 629117.974913614685647, 5220852.79982930328697 ], [ 629118.099846292636357, 5220852.674916696734726 ], [ 629118.128642410039902, 5220852.568344362080097 ], [ 629118.293083179625683, 5220852.362071852199733 ], [ 629118.374840973527171, 5220852.349840972572565 ], [ 629118.324845782481134, 5220852.025161514058709 ], [ 629118.246809983742423, 5220852.021382202394307 ], [ 629117.973969414480962, 5220851.849626556038857 ], [ 629117.873605141765438, 5220851.799669529311359 ], [ 629117.775159026496112, 5220851.775159027427435 ], [ 629117.941683824756183, 5220851.837589502334595 ], [ 629118.233998594223522, 5220852.018101423978806 ], [ 629118.247125715017319, 5220852.141774361021817 ], [ 629117.998252292862162, 5220852.315065539442003 ], [ 629117.825804908876307, 5220852.189171118661761 ], [ 629117.775034708203748, 5220852.097672818228602 ], [ 629117.724992104107514, 5220852.389942842535675 ], [ 629117.550143768661655, 5220852.47515473421663 ], [ 629117.400581765570678, 5220852.724121786653996 ], [ 629117.400072896503843, 5220852.799028978683054 ] ] ] } },
{ "type": "Feature", "properties": { "label": "vineyard", "area_m2": 0.47086961693100832 }, "geometry": { "type": "Polygon", "coordinates": [ [ [ 629112.00312202621717, 5220852.600658946670592 ], [ 629112.150065792608075, 5220852.749892273917794 ], [ 629112.399942677933723, 5220852.799882930703461 ], [ 629112.499882929376327, 5220852.699942679144442 ], [ 629112.564278385136276, 5220852.568129626102746 ], [ 629112.724885719129816, 5220852.549885720014572 ], [ 629112.727201984962448, 5220852.420110207982361 ], [ 629112.77488292939961, 5220852.349942678585649 ], [ 629112.775000000023283, 5220852.202447512187064 ], [ 629112.724884790950455, 5220852.100095328874886 ], [ 629112.274949503713287, 5220851.900117403827608 ], [ 629112.20011428068392, 5220851.900114280171692 ], [ 629112.141289030667394, 5220852.1998404962942 ], [ 629112.057962465798482, 5220852.362207621335983 ], [ 629112.000115001690574, 5220852.400099563412368 ], [ 629112.00312202621717, 5220852.600658946670592 ] ] ] } },
{ "type": "Feature", "properties": { "label": "vineyard", "area_m2": 0.67592320358342406 }, "geometry": { "type": "Polygon", "coordinates": [ [ [ 629117.775117070646957, 5220851.774942679330707 ], [ 629117.975050495238975, 5220851.874882595613599 ], [ 629118.07495945726987, 5220851.789095069281757 ], [ 629118.224901551613584, 5220851.799884944222867 ], [ 629118.251067159115337, 5220851.746132183820009 ], [ 629118.199257588945329, 5220851.691569288261235 ], [ 629118.195495228050277, 5220851.615112035535276 ], [ 629118.238249420886859, 5220851.563021328300238 ], [ 629118.31358536996413, 5220851.547627109102905 ], [ 629118.392771987942979, 5220851.609372286126018 ], [ 629118.37267895322293, 5220851.727524540387094 ], [ 629118.439214997924864, 5220851.791306068189442 ], [ 629118.450117070577107, 5220851.874942678026855 ], [ 629118.475057321949862, 5220851.899882930330932 ], [ 629118.599885719246231, 5220851.899885719642043 ], [ 629118.599884790950455, 5220851.600095328874886 ], [ 629118.336690437863581, 5220851.543269949965179 ], [ 629118.310920704854652, 5220851.481041864491999 ], [ 629118.329305966501124, 5220851.320971531793475 ], [ 629118.386731656850316, 5220851.257612046785653 ], [ 629118.499885719153099, 5220851.249885719269514 ], [ 629118.503137540770695, 5220851.097109684720635 ], [ 629118.549883512896486, 5220851.049930766224861 ], [ 629118.569240294978954, 5220850.957006530836225 ], [ 629118.667301481240429, 5220850.871477053500712 ], [ 629118.736005621030927, 5220850.872686938382685 ], [ 629118.782463816576637, 5220850.909413941204548 ], [ 629118.800115208956413, 5220851.074904670938849 ], [ 629118.92488571931608, 5220851.099885719828308 ], [ 629118.927201984799467, 5220850.920110207982361 ], [ 629119.049882929422893, 5220850.625057321973145 ], [ 629118.849949503899552, 5220850.525117403827608 ], [ 629118.747109693475068, 5220850.521862463094294 ], [ 629118.599949504830875, 5220850.425117404200137 ], [ 629118.550114280660637, 5220850.425114280544221 ], [ 629118.483693932532333, 5220850.539214997552335 ], [ 629118.32511428068392, 5220850.550114280544221 ], [ 629118.320068318862468, 5220850.64003636315465 ], [ 629118.275000000023283, 5220850.702447513118386 ], [ 629118.312390824779868, 5220850.980272640474141 ], [ 629118.10011707060039, 5220851.200057321228087 ], [ 629118.073172817123123, 5220851.356679656542838 ], [ 629117.942993478151038, 5220851.4807596988976 ], [ 629117.850107725709677, 5220851.52506579272449 ], [ 629117.775117070646957, 5220851.774942679330707 ] ] ] } },
{ "type": "Feature", "properties": { "label": "vineyard", "area_m2": 0.28649873807403919 }, "geometry": { "type": "Polygon", "coordinates": [ [ [ 629109.400117513956502, 5220852.400062812492251 ], [ 629109.425062811817043, 5220852.499882484786212 ], [ 629109.624937188229524, 5220852.499882484786212 ], [ 629109.649882486090064, 5220852.474937187507749 ], [ 629109.660778112127446, 5220852.341317390091717 ], [ 629109.824893628014252, 5220852.174928924068809 ], [ 629109.94185303885024, 5220851.919442975893617 ], [ 629109.995971532305703, 5220851.879305966198444 ], [ 629110.074885047622956, 5220851.874885046854615 ], [ 629110.049882486113347, 5220851.550062811002135 ], [ 629110.02492892369628, 5220851.525106371380389 ], [ 629109.950086297816597, 5220851.500116361305118 ], [ 629109.879915605764836, 5220851.564015425741673 ], [ 629109.725062811630778, 5220851.550117515027523 ], [ 629109.600117513909936, 5220851.700062812305987 ], [ 629109.60011495242361, 5220851.774885047227144 ], [ 629109.684155497699976, 5220851.820982852950692 ], [ 629109.69506221881602, 5220851.91505691409111 ], [ 629109.586485430365428, 5220852.209224153310061 ], [ 629109.475095137371682, 5220852.275115927681327 ], [ 629109.400117513956502, 5220852.400062812492251 ] ] ] } },
{ "type": "Feature", "properties": { "label": "vineyard", "area_m2": 0.28537999263315827 }, "geometry": { "type": "Polygon", "coordinates": [ [ [ 629106.825115208979696, 5220852.449904670938849 ], [ 629106.999885719153099, 5220852.499885719269514 ], [ 629107.018129628384486, 5220852.439278381876647 ], [ 629107.074898909893818, 5220852.399907755665481 ], [ 629107.113498118356802, 5220852.265806058421731 ], [ 629107.199883724795654, 5220852.174926441162825 ], [ 629107.212711169500835, 5220852.047907991334796 ], [ 629107.349882929353043, 5220851.874942678958178 ], [ 629107.354931681416929, 5220851.734963635914028 ], [ 629107.474882929353043, 5220851.524942679330707 ], [ 629107.474885719129816, 5220851.450114279985428 ], [ 629107.325057322042994, 5220851.400117069482803 ], [ 629107.225115163368173, 5220851.475096262060106 ], [ 629107.188439328456298, 5220851.577301044948399 ], [ 629107.100095329456963, 5220851.600115208886564 ], [ 629107.025117405108176, 5220851.750050494447351 ], [ 629107.020956375985406, 5220851.978149137459695 ], [ 629106.925114280660637, 5220852.050114280544221 ], [ 629106.897798013989814, 5220852.304889798164368 ], [ 629106.825115208979696, 5220852.449904670938849 ] ] ] } },
{ "type": "Feature", "properties": { "label": "vineyard", "area_m2": 0.50292930563773652 }, "geometry": { "type": "Polygon", "coordinates": [ [ [ 629100.474999999976717, 5220851.022054241038859 ], [ 629100.600086384569295, 5220851.149829302914441 ], [ 629100.748035427881405, 5220851.149975913576782 ], [ 629100.991006436757743, 5220850.98318753298372 ], [ 629101.146435832022689, 5220851.002804317511618 ], [ 629101.57484097359702, 5220851.399840973317623 ], [ 629101.165605158545077, 5220851.00284465495497 ], [ 629101.324829295859672, 5220850.799913609400392 ], [ 629101.424841671483591, 5220850.30008090287447 ], [ 629101.399913610541262, 5220850.275170707143843 ], [ 629101.200076186447404, 5220850.275169002823532 ], [ 629100.952563056140207, 5220850.39733025804162 ], [ 629100.875086389482021, 5220850.400170707143843 ], [ 629100.62516442371998, 5220850.675096619874239 ], [ 629100.474999999976717, 5220851.022054241038859 ] ] ] } },
{ "type": "Feature", "properties": { "label": "vineyard", "area_m2": 0.37553308587419243 }, "geometry": { "type": "Polygon", "coordinates": [ [ [ 629120.500117150135338, 5220852.174929782748222 ], [ 629120.546074064215645, 5220852.233732908032835 ], [ 629120.55011592595838, 5220852.3249048627913 ], [ 629120.725048957858235, 5220852.399881804361939 ], [ 629120.799885047599673, 5220852.399885047227144 ], [ 629120.793052818742581, 5220852.239337844774127 ], [ 629120.838310539023951, 5220852.187364826910198 ], [ 629120.924904862651601, 5220852.174884072504938 ], [ 629120.949881805572659, 5220852.124951042234898 ], [ 629120.956943713128567, 5220852.049864497967064 ], [ 629120.999882849864662, 5220851.999929782934487 ], [ 629121.029937781277113, 5220851.734943086281419 ], [ 629121.07590488740243, 5220851.632844103500247 ], [ 629121.14988504757639, 5220851.599885046482086 ], [ 629121.199881805456243, 5220851.474951041862369 ], [ 629121.199885047622956, 5220851.375114953145385 ], [ 629120.925062811817043, 5220851.275117515586317 ], [ 629120.725117513909936, 5220851.475062810815871 ], [ 629120.725117513909936, 5220851.574937188997865 ], [ 629120.774447292089462, 5220851.655478801578283 ], [ 629120.771074064192362, 5220851.816267091780901 ], [ 629120.691833409480751, 5220851.909604516811669 ], [ 629120.550117513979785, 5220851.950062812305987 ], [ 629120.500117513933219, 5220852.050062811002135 ], [ 629120.500117150135338, 5220852.174929782748222 ] ] ] } },
{ "type": "Feature", "properties": { "label": "vineyard", "area_m2": 0.24256548577722342 }, "geometry": { "type": "Polygon", "coordinates": [ [ [ 629115.025000000023283, 5220851.322063057683408 ], [ 629115.125064282678068, 5220851.399829993024468 ], [ 629115.29995413555298, 5220851.399841107428074 ], [ 629115.449920637649484, 5220851.349845370277762 ], [ 629115.603223737911321, 5220851.203452864661813 ], [ 629115.818218571133912, 5220851.224143639206886 ], [ 629115.849810342886485, 5220851.259399646893144 ], [ 629115.850158377084881, 5220851.549841622821987 ], [ 629115.949857205734588, 5220851.549842012114823 ], [ 629116.049976056790911, 5220851.348041329532862 ], [ 629116.000333258067258, 5220851.12645654194057 ], [ 629115.905084724654444, 5220850.931090289726853 ], [ 629115.974953120341524, 5220850.797660342417657 ], [ 629115.733668577624485, 5220851.014177891425788 ], [ 629115.493480573757552, 5220851.304365895688534 ], [ 629115.406908760545775, 5220851.356109271757305 ], [ 629115.29483423975762, 5220851.377659696154296 ], [ 629115.126956867403351, 5220851.157088094390929 ], [ 629115.357147400267422, 5220850.866902122274041 ], [ 629115.52753780677449, 5220850.72173741646111 ], [ 629115.646780203445815, 5220850.398657164536417 ], [ 629115.850011029164307, 5220850.392155631445348 ], [ 629115.975023470702581, 5220850.477392684668303 ], [ 629116.226498167845421, 5220850.524953502230346 ], [ 629116.299841622821987, 5220850.524841622449458 ], [ 629116.299841622938402, 5220850.450158377178013 ], [ 629115.99030004045926, 5220850.471699377521873 ], [ 629115.924918152857572, 5220850.40016006026417 ], [ 629115.823041322524659, 5220850.375023942440748 ], [ 629115.675063587725163, 5220850.375177434645593 ], [ 629115.55008583329618, 5220850.425160312093794 ], [ 629115.500157897244208, 5220850.47507541347295 ], [ 629115.499083225382492, 5220850.577317223884165 ], [ 629115.427099078544416, 5220850.79155585821718 ], [ 629115.375126177445054, 5220850.825134339742362 ], [ 629115.151099835173227, 5220851.123435200192034 ], [ 629115.050130488350987, 5220851.20013424847275 ], [ 629115.025000000023283, 5220851.322063057683408 ] ] ] } },
{ "type": "Feature", "properties": { "label": "vineyard", "area_m2": 0.14337019334680171 }, "geometry": { "type": "Polygon", "coordinates": [ [ [ 629126.325117514003068, 5220851.674937187694013 ], [ 629126.400048958370462, 5220851.724881804548204 ], [ 629126.474904862581752, 5220851.724884072318673 ], [ 629126.57488248613663, 5220851.574937188997865 ], [ 629126.579937780974433, 5220851.409943087957799 ], [ 629126.67488180543296, 5220851.224951041862369 ], [ 629126.649904862628318, 5220851.075115927495062 ], [ 629126.550062811817043, 5220851.075117515400052 ], [ 629126.350117513909936, 5220851.300062811002135 ], [ 629126.325117514003068, 5220851.674937187694013 ] ] ] } },
{ "type": "Feature", "properties": { "label": "vineyard", "area_m2": 0.22058776819941919 }, "geometry": { "type": "Polygon", "coordinates": [ [ [ 629129.25, 5220851.197063056752086 ], [ 629129.324876171071082, 5220851.199841096997261 ], [ 629129.359076283755712, 5220851.016193315386772 ], [ 629129.566125399549492, 5220850.809082881547511 ], [ 629129.624924585805275, 5220850.799842103384435 ], [ 629129.699845361406915, 5220850.724900394678116 ], [ 629129.874822580139153, 5220850.199936416000128 ], [ 629129.874841096927412, 5220850.125123829580843 ], [ 629129.698845324572176, 5220850.050063322298229 ], [ 629129.650091654970311, 5220850.050157108344138 ], [ 629129.600154112442397, 5220850.100099174305797 ], [ 629129.475170002551749, 5220850.375064277090132 ], [ 629129.518515235045925, 5220850.781475315801799 ], [ 629129.354531152872369, 5220851.01391829829663 ], [ 629129.250157903530635, 5220851.050075418315828 ], [ 629129.25, 5220851.197063056752086 ] ] ] } },
{ "type": "Feature", "properties": { "label": "vineyard", "area_m2": 0.52448481732624364 }, "geometry": { "type": "Polygon", "coordinates": [ [ [ 629123.051114677684382, 5220852.351300762034953 ], [ 629123.075114952516742, 5220852.474885046482086 ], [ 629123.199913702090271, 5220852.474883638322353 ], [ 629123.242907453561202, 5220852.415702745318413 ], [ 629123.32489535456989, 5220852.399884540587664 ], [ 629123.364628681214526, 5220852.331637293100357 ], [ 629123.474937188206241, 5220852.299882484599948 ], [ 629123.562793586403131, 5220852.192042763344944 ], [ 629123.69988248613663, 5220852.124937187880278 ], [ 629123.702204722212628, 5220851.970095524564385 ], [ 629123.778925935854204, 5220851.65873290784657 ], [ 629123.874881483498029, 5220851.449957595206797 ], [ 629123.850552707910538, 5220851.205478802323341 ], [ 629123.900000000023283, 5220851.072545138187706 ], [ 629123.874900698079728, 5220850.900099301710725 ], [ 629123.750048957881518, 5220850.87511819601059 ], [ 629123.675117513979785, 5220850.925062811002135 ], [ 629123.56627832679078, 5220851.274866284802556 ], [ 629123.375117150135338, 5220851.600070216692984 ], [ 629123.447795277810656, 5220851.820095524191856 ], [ 629123.443056286894716, 5220851.950135502032936 ], [ 629123.368504768470302, 5220852.039255597628653 ], [ 629123.200095137697645, 5220852.100115926936269 ], [ 629123.075106372009031, 5220852.22507107630372 ], [ 629123.051114677684382, 5220852.351300762034953 ] ] ] } },
{ "type": "Feature", "properties": { "label": "vineyard", "area_m2": 0.7094690334885948 }, "geometry": { "type": "Polygon", "coordinates": [ [ [ 629112.125117070623673, 5220851.79994267784059 ], [ 629112.200096262153238, 5220851.899884836748242 ], [ 629112.724885719129816, 5220852.099885719828308 ], [ 629112.737711165449582, 5220851.972907999530435 ], [ 629112.899892273708247, 5220851.799934208393097 ], [ 629113.024882595054805, 5220851.599949506111443 ], [ 629112.999885719153099, 5220851.275114280171692 ], [ 629112.822368547669612, 5220851.26703420188278 ], [ 629112.761684013181366, 5220851.181384436786175 ], [ 629112.808199029532261, 5220851.007044208236039 ], [ 629112.899892273708247, 5220850.924934208393097 ], [ 629112.949885719339363, 5220850.775114280171692 ], [ 629112.774949503713287, 5220850.700117403641343 ], [ 629112.675110765150748, 5220850.725063036195934 ], [ 629112.550117404898629, 5220850.925050494261086 ], [ 629112.462288834620267, 5220851.152092000469565 ], [ 629112.400115614174865, 5220851.200087057426572 ], [ 629112.386501875007525, 5220851.309193953871727 ], [ 629112.225107725826092, 5220851.475065791979432 ], [ 629112.125117914169095, 5220851.725040098652244 ], [ 629112.125117070623673, 5220851.79994267784059 ] ] ] } },
{ "type": "Feature", "properties": { "label": "vineyard", "area_m2": 0.37543023640080642 }, "geometry": { "type": "Polygon", "coordinates": [ [ [ 629109.950117514003068, 5220851.499937187880278 ], [ 629110.04993718827609, 5220851.549882484599948 ], [ 629110.114628681214526, 5220851.456637293100357 ], [ 629110.224885047529824, 5220851.424885046668351 ], [ 629110.285179952974431, 5220851.296165357343853 ], [ 629110.399895354523323, 5220851.274884540587664 ], [ 629110.699881805572659, 5220850.749951042234898 ], [ 629110.67493718827609, 5220850.650117515586317 ], [ 629110.485386101761833, 5220850.685601293109357 ], [ 629110.424913702066988, 5220850.625116361305118 ], [ 629110.313235269044526, 5220850.603645521216094 ], [ 629110.272545121028088, 5220850.525000000372529 ], [ 629110.200114952516742, 5220850.525114953517914 ], [ 629110.167155895149335, 5220850.599095113575459 ], [ 629110.075117514003068, 5220850.650062812492251 ], [ 629110.075114952516742, 5220850.799885046668351 ], [ 629110.178217902430333, 5220850.823747278191149 ], [ 629110.212572805816308, 5220850.913747539743781 ], [ 629110.16705102880951, 5220851.010111814364791 ], [ 629110.000117513933219, 5220851.150062812492251 ], [ 629109.950117514003068, 5220851.499937187880278 ] ] ] } },
{ "type": "Feature", "properties": { "label": "vineyard", "area_m2": 0.24395831948074337 }, "geometry": { "type": "Polygon", "coordinates": [ [ [ 629107.325117514003068, 5220851.399937187321484 ], [ 629107.400048957904801, 5220851.449881804175675 ], [ 629107.524900698103011, 5220851.42490069847554 ], [ 629107.674882849911228, 5220851.124929782934487 ], [ 629107.682612046715803, 5220850.911731655709445 ], [ 629107.72786032629665, 5220850.861807872541249 ], [ 629107.799885047599673, 5220850.849885046482086 ], [ 629107.803925935761072, 5220850.708732908591628 ], [ 629107.899884074111469, 5220850.5500951372087 ], [ 629107.799951042165048, 5220850.50011819601059 ], [ 629107.725086297956295, 5220850.500116361305118 ], [ 629107.689820046769455, 5220850.553834643214941 ], [ 629107.625095137394965, 5220850.575115927495062 ], [ 629107.581867047236301, 5220850.68572324514389 ], [ 629107.475117513909936, 5220850.775062812492251 ], [ 629107.442070162156597, 5220850.899933448061347 ], [ 629107.375117513933219, 5220850.975062810815871 ], [ 629107.374447292066179, 5220851.244521197862923 ], [ 629107.325117514003068, 5220851.399937187321484 ] ] ] } },
{ "type": "Feature", "properties": { "label": "vineyard", "area_m2": 0.710586858378918 }, "geometry": { "type": "Polygon", "coordinates": [ [ [ 629103.900117150158621, 5220851.599929782561958 ], [ 629104.025062811793759, 5220851.724882484413683 ], [ 629104.174957596464083, 5220851.724881482310593 ], [ 629104.324937188299373, 5220851.674882484599948 ], [ 629104.474884074064903, 5220851.549904862418771 ], [ 629104.513514570542611, 5220851.415775844827294 ], [ 629104.640554819605313, 5220851.241562386974692 ], [ 629104.749904862605035, 5220851.199884072877467 ], [ 629104.799893627990969, 5220851.124928924255073 ], [ 629104.924882486113347, 5220850.849937187507749 ], [ 629104.924882486113347, 5220850.725062810815871 ], [ 629104.424957596464083, 5220850.500118517316878 ], [ 629104.325071076513268, 5220850.550106370821595 ], [ 629104.225118516478688, 5220850.750042404979467 ], [ 629104.219454218633473, 5220850.966113758273423 ], [ 629104.050106372334994, 5220851.100071074441075 ], [ 629103.925118194543757, 5220851.350048957392573 ], [ 629103.900117150158621, 5220851.599929782561958 ] ] ] } },
{ "type": "Feature", "properties": { "label": "vineyard", "area_m2": 0.46463375576091198 }, "geometry": { "type": "Polygon", "coordinates": [ [ [ 629134.400115209049545, 5220851.874904670752585 ], [ 629134.500050496077165, 5220851.924882596358657 ], [ 629134.574942678329535, 5220851.924882930703461 ], [ 629134.744675877620466, 5220851.737633554264903 ], [ 629134.924949504784308, 5220851.749882595613599 ], [ 629134.974884836701676, 5220851.724903737194836 ], [ 629134.979931681416929, 5220851.309963636100292 ], [ 629135.025115621392615, 5220851.219792263582349 ], [ 629135.174882595078088, 5220851.074949505738914 ], [ 629135.200000000069849, 5220850.897552486509085 ], [ 629135.199882929562591, 5220850.57505732215941 ], [ 629135.174942678073421, 5220850.550117069855332 ], [ 629135.047552486998029, 5220850.5 ], [ 629134.975107725826092, 5220850.550065792165697 ], [ 629134.825117404921912, 5220850.925050494261086 ], [ 629134.791800973122008, 5220851.142955785617232 ], [ 629134.675107725546695, 5220851.27506579272449 ], [ 629134.516289030667394, 5220851.674840495921671 ], [ 629134.400117070646957, 5220851.82505732215941 ], [ 629134.400115209049545, 5220851.874904670752585 ] ] ] } },
{ "type": "Feature", "properties": { "label": "vineyard", "area_m2": 0.69089922069923682 }, "geometry": { "type": "Polygon", "coordinates": [ [ [ 629120.950116360210814, 5220850.874913700856268 ], [ 629121.016799439908937, 5220850.932043776847422 ], [ 629121.031356916762888, 5220851.090003912337124 ], [ 629120.975117150228471, 5220851.175070215947926 ], [ 629120.950115925981663, 5220851.299904862418771 ], [ 629121.125048957881518, 5220851.37488180398941 ], [ 629121.197545121074654, 5220851.375 ], [ 629121.449904862674884, 5220851.299884072504938 ], [ 629121.524882849887945, 5220851.174929782748222 ], [ 629121.549881483544596, 5220851.049957594834268 ], [ 629121.549881483544596, 5220850.900042405351996 ], [ 629121.5, 5220850.734021859243512 ], [ 629121.537555905641057, 5220850.616411787457764 ], [ 629121.676903116283938, 5220850.492649770341814 ], [ 629121.752611407428049, 5220850.50388003513217 ], [ 629121.802454879041761, 5220850.575000000186265 ], [ 629121.89988504757639, 5220850.57488504704088 ], [ 629121.924881483544596, 5220850.499957595020533 ], [ 629121.924885047599673, 5220850.400114953517914 ], [ 629121.707593232276849, 5220850.421881847083569 ], [ 629121.633508069906384, 5220850.388213807716966 ], [ 629121.600438778288662, 5220850.322879806160927 ], [ 629121.608721673255786, 5220850.200133714824915 ], [ 629121.699884074158035, 5220850.124904862605035 ], [ 629121.706700720242225, 5220850.029988636262715 ], [ 629121.767512147082016, 5220849.97049848921597 ], [ 629121.852611406589858, 5220849.978880034759641 ], [ 629121.90009977761656, 5220850.049884300678968 ], [ 629121.999885047553107, 5220850.049885046668351 ], [ 629121.999884074088186, 5220849.9250951372087 ], [ 629121.925062811817043, 5220849.900117515586317 ], [ 629121.867014509043656, 5220849.949767553247511 ], [ 629121.798525899532251, 5220849.955453814938664 ], [ 629121.737294552032836, 5220849.907060951925814 ], [ 629121.724882486043498, 5220849.825062812305987 ], [ 629121.649951041676104, 5220849.775118195451796 ], [ 629121.522545121028088, 5220849.724999999627471 ], [ 629121.425067028147168, 5220849.775111829861999 ], [ 629121.364605764392763, 5220850.050505225546658 ], [ 629121.250114952446893, 5220850.100114952772856 ], [ 629121.250117150251754, 5220850.174929783679545 ], [ 629121.306356916786171, 5220850.259996087290347 ], [ 629121.275114952470176, 5220850.44988504704088 ], [ 629121.348561379360035, 5220850.47361511643976 ], [ 629121.382618733332492, 5220850.533306991681457 ], [ 629121.34207178291399, 5220850.673044760711491 ], [ 629121.266693009412847, 5220850.732618733309209 ], [ 629121.172545121051371, 5220850.700000000186265 ], [ 629121.025099302176386, 5220850.725099300965667 ], [ 629120.950115925981663, 5220850.800095138140023 ], [ 629120.950116360210814, 5220850.874913700856268 ] ] ] } },
{ "type": "Feature", "properties": { "label": "vineyard", "area_m2": 0.47538196715559361 }, "geometry": { "type": "Polygon", "coordinates": [ [ [ 629140.000115925911814, 5220851.774904862977564 ], [ 629140.174951041699387, 5220851.799881804734468 ], [ 629140.249882486066781, 5220851.749937187880278 ], [ 629140.310179953230545, 5220851.621165356598794 ], [ 629140.449885047622956, 5220851.599885046482086 ], [ 629140.583721672766842, 5220851.250133716501296 ], [ 629140.674882486113347, 5220851.124937187880278 ], [ 629140.683200560160913, 5220850.932043776847422 ], [ 629140.74989879981149, 5220850.874908276833594 ], [ 629140.813514570589177, 5220850.71577584464103 ], [ 629140.874882486066781, 5220850.649937189184129 ], [ 629140.874882486066781, 5220850.450062812305987 ], [ 629140.849937188206241, 5220850.425117515027523 ], [ 629140.672545121051371, 5220850.349999999627471 ], [ 629140.600117513909936, 5220850.425062811002135 ], [ 629140.561485429527238, 5220850.609224155545235 ], [ 629140.400117150158621, 5220850.800070216879249 ], [ 629140.391278326744214, 5220851.12486628536135 ], [ 629140.320011362549849, 5220851.19329928047955 ], [ 629140.150117513956502, 5220851.225062810815871 ], [ 629140.116278326720931, 5220851.424866285175085 ], [ 629140.000117513933219, 5220851.575062812305987 ], [ 629140.000115925911814, 5220851.774904862977564 ] ] ] } },
{ "type": "Feature", "properties": { "label": "vineyard", "area_m2": 0.23135103161697099 }, "geometry": { "type": "Polygon", "coordinates": [ [ [ 629127.0, 5220850.397054241038859 ], [ 629127.027945764479227, 5220850.424999999813735 ], [ 629127.149913610541262, 5220850.424829293042421 ], [ 629127.174841671483591, 5220850.399919097311795 ], [ 629127.154544617515057, 5220850.285380819812417 ], [ 629127.195844320463948, 5220850.12599384970963 ], [ 629127.299849630566314, 5220850.099838354624808 ], [ 629127.324841170804575, 5220850.024948109872639 ], [ 629127.311508741346188, 5220849.79003968089819 ], [ 629127.393521409016103, 5220849.682407555170357 ], [ 629127.474840973503888, 5220849.67484097275883 ], [ 629127.500647733337246, 5220849.341096146963537 ], [ 629127.549975912901573, 5220849.198035444132984 ], [ 629127.499937245855108, 5220849.150170810520649 ], [ 629127.425081435241736, 5220849.150173984467983 ], [ 629127.350140562979504, 5220849.200135728344321 ], [ 629127.321443527005613, 5220849.328154671005905 ], [ 629127.200170681579039, 5220849.500086375512183 ], [ 629127.197200990631245, 5220849.60432809125632 ], [ 629127.099999999976717, 5220849.752945760264993 ], [ 629127.125170471495949, 5220849.999899036251009 ], [ 629127.196266815182753, 5220850.114462721161544 ], [ 629127.150582443340681, 5220850.281248458661139 ], [ 629127.025086390436627, 5220850.300170705653727 ], [ 629127.0, 5220850.397054241038859 ] ] ] } },
{ "type": "Feature", "properties": { "label": "vineyard", "area_m2": 0.35372865430190725 }, "geometry": { "type": "Polygon", "coordinates": [ [ [ 629116.0, 5220849.672054241411388 ], [ 629116.348969153594226, 5220849.736242291517556 ], [ 629116.472944716224447, 5220850.093608727678657 ], [ 629116.475159026449546, 5220850.17484097275883 ], [ 629116.549840973573737, 5220850.17484097275883 ], [ 629116.549840973573737, 5220850.100159026682377 ], [ 629116.472115043434314, 5220850.071439075283706 ], [ 629116.402407736633904, 5220849.698361601680517 ], [ 629116.476826961967163, 5220849.523981316946447 ], [ 629116.649835569784045, 5220849.349903374910355 ], [ 629116.699840396060608, 5220849.2001236313954 ], [ 629116.22597702848725, 5220849.000528590753675 ], [ 629116.150154216797091, 5220849.00016151368618 ], [ 629116.100367788458243, 5220849.223013055510819 ], [ 629116.000160686322488, 5220849.400075419805944 ], [ 629116.0, 5220849.672054241411388 ] ] ] } },
{ "type": "Feature", "properties": { "label": "vineyard", "area_m2": 0.20369274029582862 }, "geometry": { "type": "Polygon", "coordinates": [ [ [ 629101.250155741930939, 5220849.6998754395172 ], [ 629101.348090882413089, 5220849.923636855557561 ], [ 629101.350159026449546, 5220850.024840973317623 ], [ 629101.449078287929296, 5220850.026509072631598 ], [ 629101.750062754028477, 5220850.174829189665616 ], [ 629101.82484097359702, 5220850.17484097275883 ], [ 629101.800681149587035, 5220850.025861476548016 ], [ 629101.719809859408997, 5220850.022283657453954 ], [ 629101.480178251978941, 5220849.902561563067138 ], [ 629101.335772252175957, 5220849.711768422275782 ], [ 629101.39873307722155, 5220849.510882580652833 ], [ 629102.209967848728411, 5220849.426833475008607 ], [ 629102.473904285347089, 5220849.499933228828013 ], [ 629102.474837463931181, 5220849.425144149921834 ], [ 629102.298965622205287, 5220849.325069785118103 ], [ 629102.225159026449546, 5220849.32515902724117 ], [ 629102.221928021754138, 5220849.39344959706068 ], [ 629102.188656306010671, 5220849.417909397743642 ], [ 629101.820834807353094, 5220849.376634231768548 ], [ 629101.799840973573737, 5220849.025159027427435 ], [ 629101.725159026449546, 5220849.025159027427435 ], [ 629101.718067315057851, 5220849.458010617643595 ], [ 629101.435328299878165, 5220849.494076299481094 ], [ 629101.399840973550454, 5220849.425159026868641 ], [ 629101.325147090479732, 5220849.425158980302513 ], [ 629101.250155741930939, 5220849.6998754395172 ] ] ] } },
{ "type": "Feature", "properties": { "label": "vineyard", "area_m2": 0.39917019310536783 }, "geometry": { "type": "Polygon", "coordinates": [ [ [ 629140.675115208956413, 5220850.374904670752585 ], [ 629140.874904670403339, 5220850.449884790927172 ], [ 629140.919240286806598, 5220850.257006542757154 ], [ 629141.074884836794809, 5220850.174903738312423 ], [ 629141.374882085830905, 5220849.399959901347756 ], [ 629141.374882929376327, 5220849.20005732215941 ], [ 629141.349934207391925, 5220849.175107725895941 ], [ 629141.124949503922835, 5220849.075117403641343 ], [ 629141.075057322042994, 5220849.075117069296539 ], [ 629141.025117070646957, 5220849.125057321041822 ], [ 629140.900117914192379, 5220849.475040098652244 ], [ 629140.900117405108176, 5220849.59994950518012 ], [ 629140.92509626201354, 5220849.649884836748242 ], [ 629141.102301045320928, 5220849.711560672149062 ], [ 629141.120694033568725, 5220849.85402846802026 ], [ 629141.072139673749916, 5220849.913192126899958 ], [ 629140.99098, 5220849.924999999813735 ], [ 629140.800114280660637, 5220849.850114280357957 ], [ 629140.798247600323521, 5220850.15715891122818 ], [ 629140.675117070553824, 5220850.300057320855558 ], [ 629140.675115208956413, 5220850.374904670752585 ] ] ] } },
{ "type": "Feature", "properties": { "label": "vineyard", "area_m2": 0.24966232663954455 }, "geometry": { "type": "Polygon", "coordinates": [ [ [ 629121.5, 5220849.722054241225123 ], [ 629121.575820914003998, 5220849.775190587155521 ], [ 629121.999840973527171, 5220849.92484097275883 ], [ 629121.7847382822074, 5220849.754288857802749 ], [ 629121.84858134330716, 5220849.607630559243262 ], [ 629121.949879904044792, 5220849.574844487942755 ], [ 629122.199840396060608, 5220849.2998763686046 ], [ 629122.124840973527171, 5220848.850159026682377 ], [ 629122.05006204394158, 5220848.850178176537156 ], [ 629121.900158328586258, 5220848.92508090287447 ], [ 629121.900160071672872, 5220849.09985158406198 ], [ 629122.021706800092943, 5220849.181800195015967 ], [ 629122.02528531185817, 5220849.233501193113625 ], [ 629121.896198984584771, 5220849.402234555222094 ], [ 629121.806747982162051, 5220849.449198719114065 ], [ 629121.675143444677815, 5220849.450158629566431 ], [ 629121.623395428061485, 5220849.551461263559759 ], [ 629121.500168115249835, 5220849.675138511694968 ], [ 629121.5, 5220849.722054241225123 ] ] ] } },
{ "type": "Feature", "properties": { "label": "vineyard", "area_m2": 0.36075361799257027 }, "geometry": { "type": "Polygon", "coordinates": [ [ [ 629132.175114952493459, 5220850.725114952772856 ], [ 629132.175118194543757, 5220850.799951042048633 ], [ 629132.250071076327004, 5220850.924893628805876 ], [ 629132.422545121051371, 5220850.950000000186265 ], [ 629132.460179953253828, 5220850.896165356971323 ], [ 629132.624900698079728, 5220850.79990069847554 ], [ 629132.680916492012329, 5220850.720046273432672 ], [ 629132.749885047553107, 5220850.69988504704088 ], [ 629132.756943713175133, 5220850.624864498153329 ], [ 629132.799882849911228, 5220850.574929783120751 ], [ 629132.801751262857579, 5220850.067844794131815 ], [ 629132.924884074134752, 5220849.775095137767494 ], [ 629132.747545121004805, 5220849.700000000186265 ], [ 629132.700070216553286, 5220849.700117151252925 ], [ 629132.600117513909936, 5220849.775062812492251 ], [ 629132.550117513979785, 5220849.900062812492251 ], [ 629132.550114952493459, 5220849.999885046854615 ], [ 629132.64595715131145, 5220850.071853505447507 ], [ 629132.64305628684815, 5220850.375135501846671 ], [ 629132.55343407462351, 5220850.464596624486148 ], [ 629132.425062811817043, 5220850.475117514841259 ], [ 629132.350115925888531, 5220850.525095137767494 ], [ 629132.292051029508002, 5220850.660111812874675 ], [ 629132.175114952493459, 5220850.725114952772856 ] ] ] } },
{ "type": "Feature", "properties": { "label": "vineyard", "area_m2": 0.43438281590898681 }, "geometry": { "type": "Polygon", "coordinates": [ [ [ 629104.400116591714323, 5220850.475067099556327 ], [ 629104.42505732155405, 5220850.524882930330932 ], [ 629104.92488571931608, 5220850.724885719828308 ], [ 629104.92720198596362, 5220850.445110202766955 ], [ 629105.019792259554379, 5220850.325115624815226 ], [ 629105.074885170790367, 5220850.299896917305887 ], [ 629105.099883724586107, 5220850.050073557533324 ], [ 629104.999891069484875, 5220849.900064701214433 ], [ 629104.74994267791044, 5220849.650117069482803 ], [ 629104.625050496077165, 5220849.650117403827608 ], [ 629104.525117405108176, 5220849.750050494447351 ], [ 629104.525117070646957, 5220849.79994267784059 ], [ 629104.645068318583071, 5220849.959963636472821 ], [ 629104.647798013989814, 5220850.104889797978103 ], [ 629104.525107726454735, 5220850.250065791420639 ], [ 629104.400116591714323, 5220850.475067099556327 ] ] ] } },
{ "type": "Feature", "properties": { "label": "vineyard", "area_m2": 0.28684071336448047 }, "geometry": { "type": "Polygon", "coordinates": [ [ [ 629135.053122003911994, 5220850.525658941827714 ], [ 629135.197552486904897, 5220850.575000000186265 ], [ 629135.262864989112131, 5220850.539121560752392 ], [ 629135.399949503713287, 5220850.549882596358657 ], [ 629135.449900931213051, 5220850.524899697862566 ], [ 629135.524882595054805, 5220850.374949505552649 ], [ 629135.527201986056753, 5220850.145110202021897 ], [ 629135.599882595008239, 5220849.949949505738914 ], [ 629135.599885719246231, 5220849.600114280357957 ], [ 629135.475057321949862, 5220849.600117069669068 ], [ 629135.350107725826092, 5220849.725065791979432 ], [ 629135.250117404968478, 5220849.925050495192409 ], [ 629135.192387953284197, 5220850.438268343918025 ], [ 629135.138268343172967, 5220850.492387953214347 ], [ 629135.050114280660637, 5220850.500114280730486 ], [ 629135.053122003911994, 5220850.525658941827714 ] ] ] } },
{ "type": "Feature", "properties": { "label": "vineyard", "area_m2": 0.58567402021781656 }, "geometry": { "type": "Polygon", "coordinates": [ [ [ 629112.700116275227629, 5220850.65007355902344 ], [ 629112.70011428068392, 5220850.699885719455779 ], [ 629112.875050495145842, 5220850.774882595986128 ], [ 629112.949904670589603, 5220850.774884791113436 ], [ 629113.035353154176846, 5220850.692058466374874 ], [ 629113.22504009748809, 5220850.749882086180151 ], [ 629113.349892274243757, 5220850.72493420727551 ], [ 629113.424882929422893, 5220850.624942678026855 ], [ 629113.449882085900754, 5220850.524959901347756 ], [ 629113.479931681416929, 5220850.109963635914028 ], [ 629113.623891197727062, 5220849.906451635062695 ], [ 629113.749882929376327, 5220849.824942679144442 ], [ 629113.774885719292797, 5220849.550114280544221 ], [ 629113.656517336261459, 5220849.554291875101626 ], [ 629113.599896596395411, 5220849.47511481307447 ], [ 629113.325057321926579, 5220849.500117070041597 ], [ 629113.300107725546695, 5220849.52506579272449 ], [ 629113.261501875007525, 5220849.659193954430521 ], [ 629113.150000000023283, 5220849.802447512745857 ], [ 629113.200116275227629, 5220850.09992644097656 ], [ 629113.272798013989814, 5220850.195110201835632 ], [ 629113.262708905385807, 5220850.332052779383957 ], [ 629113.161768886377104, 5220850.383140823803842 ], [ 629113.024949504993856, 5220850.300117404200137 ], [ 629112.950057321926579, 5220850.300117069855332 ], [ 629112.900107726338319, 5220850.35006579104811 ], [ 629112.856870371615514, 5220850.485721617937088 ], [ 629112.700116275227629, 5220850.65007355902344 ] ] ] } },
{ "type": "Feature", "properties": { "label": "vineyard", "area_m2": 0.78351365542536378 }, "geometry": { "type": "Polygon", "coordinates": [ [ [ 629118.550115208839998, 5220850.424904668703675 ], [ 629118.650050496100448, 5220850.474882596172392 ], [ 629118.768823931110092, 5220850.474378104321659 ], [ 629118.95005049626343, 5220850.599882596172392 ], [ 629119.074904670240358, 5220850.624884790740907 ], [ 629119.099999999976717, 5220850.572552487254143 ], [ 629119.075481527368538, 5220850.290198286063969 ], [ 629119.104289321927354, 5220850.229289322160184 ], [ 629119.280662995646708, 5220850.186204727739096 ], [ 629119.342859904747456, 5220850.212015725672245 ], [ 629119.375103403581306, 5220850.27488518692553 ], [ 629119.449882929446176, 5220850.249942678958178 ], [ 629119.525000000023283, 5220850.072552488185465 ], [ 629119.524885719292797, 5220850.025114280171692 ], [ 629119.444442976731807, 5220850.008146961219609 ], [ 629119.400481527321972, 5220849.934801713563502 ], [ 629119.413498125039041, 5220849.865806045942008 ], [ 629119.474882929353043, 5220849.79994267784059 ], [ 629119.474883724702522, 5220849.725073557347059 ], [ 629119.337711169500835, 5220849.552092008292675 ], [ 629119.324885719339363, 5220849.475114280357957 ], [ 629119.238230214919895, 5220849.453641551546752 ], [ 629119.199884791043587, 5220849.375095329247415 ], [ 629119.004987823311239, 5220849.344308855943382 ], [ 629118.899949504761025, 5220849.250117404386401 ], [ 629118.80005732155405, 5220849.250117070041597 ], [ 629118.750117070623673, 5220849.300057320855558 ], [ 629118.799447980127297, 5220849.430487181991339 ], [ 629118.797798014013097, 5220849.654889796860516 ], [ 629118.710132933105342, 5220849.767020598053932 ], [ 629118.550115163205191, 5220849.875096261501312 ], [ 629118.550117070553824, 5220850.024942679330707 ], [ 629118.616325572831556, 5220850.1261474955827 ], [ 629118.550115730846301, 5220850.225084672681987 ], [ 629118.550115208839998, 5220850.424904668703675 ] ], [ [ 629118.974901028093882, 5220850.100101644173265 ], [ 629118.903878398938105, 5220850.052612376399338 ], [ 629118.89264972077217, 5220849.976890622638166 ], [ 629118.949143014033325, 5220849.904877927154303 ], [ 629119.026492145261727, 5220849.89455300103873 ], [ 629119.087708905222826, 5220849.942947220057249 ], [ 629119.097135068732314, 5220850.027749753557146 ], [ 629119.051486929296516, 5220850.089162761345506 ], [ 629118.974901028093882, 5220850.100101644173265 ] ] ] } },
{ "type": "Feature", "properties": { "label": "vineyard", "area_m2": 0.89829450854114645 }, "geometry": { "type": "Polygon", "coordinates": [ [ [ 629118.900114952470176, 5220849.250114953145385 ], [ 629118.900114952470176, 5220849.274885047227144 ], [ 629119.020080677350052, 5220849.280721756629646 ], [ 629119.075095137464814, 5220849.349884072318673 ], [ 629119.150042403605767, 5220849.374881482683122 ], [ 629119.199913702323101, 5220849.374883638694882 ], [ 629119.279723394545726, 5220849.309079761616886 ], [ 629119.445011363714002, 5220849.331700719892979 ], [ 629119.500062811770476, 5220849.374882484786212 ], [ 629119.61176473100204, 5220849.396354478783906 ], [ 629119.675099301966839, 5220849.524900699034333 ], [ 629119.749904862605035, 5220849.549884072504938 ], [ 629119.899881805526093, 5220849.199951042421162 ], [ 629119.899882486090064, 5220849.125062812119722 ], [ 629119.839152647880837, 5220849.007498392835259 ], [ 629119.899881483521312, 5220848.849957594648004 ], [ 629119.908721673302352, 5220848.700133714824915 ], [ 629119.999884541262873, 5220848.624895353801548 ], [ 629119.999885047553107, 5220848.275114953517914 ], [ 629119.874951042118482, 5220848.225118195638061 ], [ 629119.661731656757183, 5220848.242387953214347 ], [ 629119.607612046645954, 5220848.188268343918025 ], [ 629119.599885047529824, 5220848.100114952772856 ], [ 629119.525070216041058, 5220848.100117150694132 ], [ 629119.45715520484373, 5220848.148248737677932 ], [ 629119.300062811817043, 5220848.150117515586317 ], [ 629119.225117513909936, 5220848.225062810815871 ], [ 629119.22511495242361, 5220848.299885046668351 ], [ 629119.328217902337201, 5220848.323747278191149 ], [ 629119.362572805723175, 5220848.413747539743781 ], [ 629119.271996580529958, 5220848.572666032239795 ], [ 629119.175114952493459, 5220848.600114952772856 ], [ 629119.12006221874617, 5220849.16505691409111 ], [ 629119.039321149000898, 5220849.261173880659044 ], [ 629118.900114952470176, 5220849.250114953145385 ] ] ] } },
{ "type": "Feature", "properties": { "label": "vineyard", "area_m2": 0.35850843838412383 }, "geometry": { "type": "Polygon", "coordinates": [ [ [ 629138.025117070646957, 5220850.29994267784059 ], [ 629138.200040097464807, 5220850.374882086180151 ], [ 629138.324885719339363, 5220850.374885719269514 ], [ 629138.327201985986903, 5220850.24511020258069 ], [ 629138.39988292939961, 5220850.124942678026855 ], [ 629138.408710969379172, 5220849.975159503519535 ], [ 629138.456244981149212, 5220849.899398144334555 ], [ 629138.574882929446176, 5220849.824942679144442 ], [ 629138.599882085807621, 5220849.74995990190655 ], [ 629138.624882594915107, 5220849.500050494447351 ], [ 629138.515405244193971, 5220849.366846609860659 ], [ 629138.499884790973738, 5220849.300095329061151 ], [ 629138.349949504830875, 5220849.225117404013872 ], [ 629138.32511428068392, 5220849.225114280357957 ], [ 629138.291289031156339, 5220849.449840494431555 ], [ 629138.150117404991761, 5220849.725050495006144 ], [ 629138.178187436191365, 5220849.858652547933161 ], [ 629138.075117070577107, 5220849.950057321228087 ], [ 629138.099447979824618, 5220850.119512821547687 ], [ 629138.025117070646957, 5220850.29994267784059 ] ] ] } },
{ "type": "Feature", "properties": { "label": "vineyard", "area_m2": 0.44278288824686929 }, "geometry": { "type": "Polygon", "coordinates": [ [ [ 629110.275117070646957, 5220850.274942679330707 ], [ 629110.425057321670465, 5220850.424882930703461 ], [ 629110.49741964309942, 5220850.456040626391768 ], [ 629110.600114280823618, 5220850.649885719642043 ], [ 629110.699885719339363, 5220850.674885720014572 ], [ 629110.708710968843661, 5220850.550159505568445 ], [ 629110.949882595101371, 5220850.149949504993856 ], [ 629110.977201986010186, 5220849.895110202021897 ], [ 629111.032150755752809, 5220849.712864870205522 ], [ 629111.124904670403339, 5220849.649884791113436 ], [ 629111.199882595101371, 5220849.47494950518012 ], [ 629111.199885719339363, 5220849.400114280171692 ], [ 629111.013164234347641, 5220849.392109681852162 ], [ 629110.949942678329535, 5220849.200117069296539 ], [ 629110.850050496286713, 5220849.200117403641343 ], [ 629110.749840490985662, 5220849.266289032995701 ], [ 629110.675114280660637, 5220849.275114280171692 ], [ 629110.675117070437409, 5220849.349942677654326 ], [ 629110.795956375892274, 5220849.44685086235404 ], [ 629110.800117070553824, 5220849.574942679144442 ], [ 629110.841313461656682, 5220849.660959081724286 ], [ 629110.775115731055848, 5220849.750084673054516 ], [ 629110.775117070646957, 5220849.849942677654326 ], [ 629110.864215000299737, 5220849.941306073218584 ], [ 629110.866289030644111, 5220850.049840495921671 ], [ 629110.785132929915562, 5220850.167020601220429 ], [ 629110.69460701814387, 5220850.209418747574091 ], [ 629110.609124814975075, 5220850.152282279916108 ], [ 629110.599885719129816, 5220850.025114280171692 ], [ 629110.50005732208956, 5220850.025117069482803 ], [ 629110.275117070646957, 5220850.20005732215941 ], [ 629110.275117070646957, 5220850.274942679330707 ] ] ] } },
{ "type": "Feature", "properties": { "label": "vineyard", "area_m2": 0.15842641499259888 }, "geometry": { "type": "Polygon", "coordinates": [ [ [ 629113.550114280660637, 5220849.049885720014572 ], [ 629113.690158956451342, 5220849.016544709913433 ], [ 629113.765875184326433, 5220849.072717717848718 ], [ 629113.775000000023283, 5220849.409020000137389 ], [ 629113.75, 5220849.547552486881614 ], [ 629113.775057321996428, 5220849.574882930144668 ], [ 629113.874935300787911, 5220849.549891068600118 ], [ 629113.999884836608544, 5220849.44990373775363 ], [ 629113.999882594915107, 5220849.250050494447351 ], [ 629113.949885719339363, 5220849.100114280357957 ], [ 629113.822368550347164, 5220849.092034203000367 ], [ 629113.764965750393458, 5220849.026172497309744 ], [ 629113.779640056192875, 5220848.866592175327241 ], [ 629113.849884790950455, 5220848.775095328688622 ], [ 629113.725057321949862, 5220848.725117069669068 ], [ 629113.625063038431108, 5220848.80011076387018 ], [ 629113.550117404898629, 5220848.925050494261086 ], [ 629113.550114280660637, 5220849.049885720014572 ] ] ] } },
{ "type": "Feature", "properties": { "label": "vineyard", "area_m2": 0.30384736237906323 }, "geometry": { "type": "Polygon", "coordinates": [ [ [ 629132.725117513909936, 5220849.699937188997865 ], [ 629132.949921979918145, 5220849.799883232451975 ], [ 629133.049882486113347, 5220849.674937187694013 ], [ 629133.079937780974433, 5220849.334943087771535 ], [ 629133.143132952973247, 5220849.189276753924787 ], [ 629133.249882486066781, 5220849.099937187507749 ], [ 629133.249882486066781, 5220849.000062812119722 ], [ 629133.175232446868904, 5220848.917014511302114 ], [ 629133.1726788606029, 5220848.839010495692492 ], [ 629133.217939047259279, 5220848.787294552661479 ], [ 629133.324937188415788, 5220848.774882485158741 ], [ 629133.374882486066781, 5220848.724937187507749 ], [ 629133.374882486066781, 5220848.625062812119722 ], [ 629133.324904862674884, 5220848.550115927122533 ], [ 629133.200095137464814, 5220848.550115927122533 ], [ 629133.152301045367494, 5220848.713439328595996 ], [ 629133.050114952493459, 5220848.750114953145385 ], [ 629133.069794717826881, 5220848.951410279609263 ], [ 629132.974516374641098, 5220849.054244693368673 ], [ 629132.900095137418248, 5220849.075115927495062 ], [ 629132.800117513979785, 5220849.200062812305987 ], [ 629132.82091995223891, 5220849.352173049002886 ], [ 629132.725117513909936, 5220849.699937188997865 ] ] ] } },
{ "type": "Feature", "properties": { "label": "vineyard", "area_m2": 0.45223599272117132 }, "geometry": { "type": "Polygon", "coordinates": [ [ [ 629107.701101145124994, 5220850.401284323073924 ], [ 629107.725114280707203, 5220850.499885719269514 ], [ 629107.899904670077376, 5220850.549884791485965 ], [ 629107.931948181940243, 5220850.399855429306626 ], [ 629107.999882929376327, 5220850.324942679144442 ], [ 629108.006948182010092, 5220850.174855429679155 ], [ 629108.074882929562591, 5220850.099942677654326 ], [ 629108.190405243891291, 5220849.758153390139341 ], [ 629108.314278385136276, 5220849.618129625916481 ], [ 629108.499885719153099, 5220849.549885720014572 ], [ 629108.527071206830442, 5220849.176452741958201 ], [ 629108.599884385708719, 5220849.099912942387164 ], [ 629108.599884790950455, 5220849.000095329247415 ], [ 629108.424959901138209, 5220848.925117913633585 ], [ 629108.350073558161967, 5220848.925116275437176 ], [ 629108.30010435951408, 5220848.97507921140641 ], [ 629108.266289030667394, 5220849.124840496107936 ], [ 629108.175117404898629, 5220849.250050494447351 ], [ 629108.163902733591385, 5220849.395785411819816 ], [ 629108.07511428068392, 5220849.450114279985428 ], [ 629108.087366448598914, 5220849.65532411634922 ], [ 629107.900107726454735, 5220849.875065791420639 ], [ 629107.850601854035631, 5220849.993755020201206 ], [ 629107.775117070763372, 5220850.050057320855558 ], [ 629107.701101145124994, 5220850.401284323073924 ] ] ] } },
{ "type": "Feature", "properties": { "label": "vineyard", "area_m2": 0.4500411186091669 }, "geometry": { "type": "Polygon", "coordinates": [ [ [ 629129.675117070437409, 5220850.04994267784059 ], [ 629129.899885719176382, 5220850.149885719642043 ], [ 629129.915405243868008, 5220850.03315339051187 ], [ 629130.024884836748242, 5220849.94990373775363 ], [ 629130.029931681463495, 5220849.609963635914028 ], [ 629130.199882929562591, 5220849.42494267784059 ], [ 629130.299883437692188, 5220849.199932301416993 ], [ 629130.374884790973738, 5220848.925095329061151 ], [ 629130.100114280707203, 5220848.825114279985428 ], [ 629130.073172823293135, 5220848.906679649837315 ], [ 629129.925064700422809, 5220848.975108929909766 ], [ 629129.725116591667756, 5220849.200067099183798 ], [ 629129.725117070483975, 5220849.32494267821312 ], [ 629129.816289031179622, 5220849.450159505940974 ], [ 629129.82444797991775, 5220849.544512821361423 ], [ 629129.675117070437409, 5220850.04994267784059 ] ] ] } },
{ "type": "Feature", "properties": { "label": "vineyard", "area_m2": 1.2464128596287392 }, "geometry": { "type": "Polygon", "coordinates": [ [ [ 629116.125170035520568, 5220848.725064288824797 ], [ 629116.175153771066107, 5220848.999873742461205 ], [ 629116.575839000637643, 5220849.175145462155342 ], [ 629116.699864044669084, 5220849.199843313544989 ], [ 629116.813472856534645, 5220849.079945488832891 ], [ 629117.099876175168902, 5220849.149841101840138 ], [ 629117.199594401754439, 5220848.925822852179408 ], [ 629117.19984120153822, 5220848.800154092721641 ], [ 629117.075328037375584, 5220848.746658274903893 ], [ 629117.00550555146765, 5220848.600185316987336 ], [ 629117.116326403105631, 5220848.347376684658229 ], [ 629117.307226974284276, 5220848.331735985353589 ], [ 629117.325170062133111, 5220848.474935702979565 ], [ 629117.374924582312815, 5220848.524842100217938 ], [ 629117.57484162284527, 5220848.100158377550542 ], [ 629117.354962939629331, 5220848.000992392189801 ], [ 629117.299843505723402, 5220847.825125184841454 ], [ 629116.925123112974688, 5220847.675168162211776 ], [ 629116.849200779222883, 5220847.748556413687766 ], [ 629116.62509850144852, 5220847.825155824422836 ], [ 629116.550154638593085, 5220847.900099605321884 ], [ 629116.520397871267051, 5220848.181787743233144 ], [ 629116.225151493330486, 5220848.525078590027988 ], [ 629116.125170035520568, 5220848.725064288824797 ] ] ] } },
{ "type": "Feature", "properties": { "label": "vineyard", "area_m2": 0.076170521331538163 }, "geometry": { "type": "Polygon", "coordinates": [ [ [ 629101.950114952516742, 5220848.700114953331649 ], [ 629101.950116766849533, 5220848.774921979755163 ], [ 629102.000078020151705, 5220848.824883232824504 ], [ 629102.074937188415788, 5220848.824882484972477 ], [ 629102.1498832332436, 5220848.749921978451312 ], [ 629102.162713523604907, 5220848.597906892187893 ], [ 629102.274884074111469, 5220848.524904862977564 ], [ 629102.278123703319579, 5220848.372147343121469 ], [ 629102.350483625428751, 5220848.29575530719012 ], [ 629102.44988248613663, 5220848.249937187880278 ], [ 629102.449885047622956, 5220848.17511495295912 ], [ 629102.375048957881518, 5220848.175118195824325 ], [ 629102.250115458737127, 5220848.250104646198452 ], [ 629102.247962184133939, 5220848.382225482724607 ], [ 629102.125117513933219, 5220848.475062810815871 ], [ 629102.109604516299441, 5220848.616833410225809 ], [ 629102.028434073436074, 5220848.689596625044942 ], [ 629101.950114952516742, 5220848.700114953331649 ] ] ] } },
{ "type": "Feature", "properties": { "label": "vineyard", "area_m2": 0.18622793044250346 }, "geometry": { "type": "Polygon", "coordinates": [ [ [ 629135.600116360117681, 5220849.125086299143732 ], [ 629135.625114952446893, 5220849.349885046482086 ], [ 629135.749928923556581, 5220849.324893629178405 ], [ 629135.822698954725638, 5220849.08656067121774 ], [ 629135.924885047599673, 5220849.049885046668351 ], [ 629135.963235269067809, 5220848.97135447897017 ], [ 629136.074893628014252, 5220848.924928924068809 ], [ 629136.143877857830375, 5220848.77738811634481 ], [ 629136.249882486066781, 5220848.674937187694013 ], [ 629136.224885047529824, 5220848.42511495295912 ], [ 629136.125114952446893, 5220848.42511495295912 ], [ 629136.102301045320928, 5220848.588439328595996 ], [ 629136.000095137394965, 5220848.625115927308798 ], [ 629135.946996580227278, 5220848.722666032612324 ], [ 629135.875114952446893, 5220848.750114953145385 ], [ 629135.845710678142495, 5220848.945710677653551 ], [ 629135.675114952493459, 5220848.975114952772856 ], [ 629135.662286476348527, 5220849.077093107625842 ], [ 629135.600116360117681, 5220849.125086299143732 ] ] ] } },
{ "type": "Feature", "properties": { "label": "vineyard", "area_m2": 0.23815509700763815 }, "geometry": { "type": "Polygon", "coordinates": [ [ [ 629127.425114952493459, 5220849.149885047227144 ], [ 629127.549904862651601, 5220849.174884072504938 ], [ 629127.616317391046323, 5220849.085778111591935 ], [ 629127.749885047553107, 5220849.07488504704088 ], [ 629127.77075530809816, 5220848.975483624264598 ], [ 629127.924882486113347, 5220848.849937187507749 ], [ 629127.924884074134752, 5220848.575095137581229 ], [ 629127.835778112057596, 5220848.508682609535754 ], [ 629127.825000000069849, 5220848.375 ], [ 629127.846354478737339, 5220848.313235268928111 ], [ 629127.924904862651601, 5220848.274884073063731 ], [ 629127.949881805456243, 5220848.224951041862369 ], [ 629127.949885047622956, 5220848.075114953331649 ], [ 629127.850095137371682, 5220848.075115927495062 ], [ 629127.815113920602016, 5220848.299626634456217 ], [ 629127.700095137464814, 5220848.350115926936269 ], [ 629127.675118194660172, 5220848.400048958137631 ], [ 629127.671074064215645, 5220848.59126709215343 ], [ 629127.550117513979785, 5220848.775062812492251 ], [ 629127.520062218769453, 5220848.965056913904846 ], [ 629127.425114952493459, 5220849.149885047227144 ] ] ] } },
{ "type": "Feature", "properties": { "label": "vineyard", "area_m2": 0.23292732331353497 }, "geometry": { "type": "Polygon", "coordinates": [ [ [ 629108.375115925911814, 5220848.924904862418771 ], [ 629108.599885047529824, 5220848.999885046854615 ], [ 629108.603925935807638, 5220848.858732908032835 ], [ 629108.649882849887945, 5220848.799929782748222 ], [ 629108.683721673325635, 5220848.600133715197444 ], [ 629108.749883233220316, 5220848.524921979755163 ], [ 629108.758721673279069, 5220848.425133715383708 ], [ 629108.868335918523371, 5220848.25181054789573 ], [ 629108.974885047529824, 5220848.224885046482086 ], [ 629109.02488504757639, 5220848.025114953517914 ], [ 629108.926116717862897, 5220848.01400494761765 ], [ 629108.874913702020422, 5220847.950116361491382 ], [ 629108.725062811747193, 5220847.950117515400052 ], [ 629108.700117514003068, 5220847.975062812678516 ], [ 629108.69506221881602, 5220848.215056913904846 ], [ 629108.57511819456704, 5220848.400048958137631 ], [ 629108.559604516252875, 5220848.541833410970867 ], [ 629108.425117513979785, 5220848.675062811002135 ], [ 629108.375115925911814, 5220848.924904862418771 ] ] ] } },
{ "type": "Feature", "properties": { "label": "vineyard", "area_m2": 0.30205843077421179 }, "geometry": { "type": "Polygon", "coordinates": [ [ [ 629141.075117404921912, 5220849.024949505925179 ], [ 629141.125065792701207, 5220849.099892274476588 ], [ 629141.300040100351907, 5220849.174882086925209 ], [ 629141.349885719129816, 5220849.174885720014572 ], [ 629141.404214588110335, 5220849.08609726652503 ], [ 629141.499904670403339, 5220849.074884790927172 ], [ 629141.599882085691206, 5220848.824959902092814 ], [ 629141.606948180356994, 5220848.699855433776975 ], [ 629141.674882929422893, 5220848.624942678026855 ], [ 629141.649885719292797, 5220847.950114279985428 ], [ 629141.475114280823618, 5220847.975114280357957 ], [ 629141.47511707060039, 5220848.049942678771913 ], [ 629141.566861488856375, 5220848.164392949081957 ], [ 629141.492387953330763, 5220848.513268343172967 ], [ 629141.438268343219534, 5220848.567387952469289 ], [ 629141.32511428068392, 5220848.575114279985428 ], [ 629141.32786939048674, 5220848.744907531887293 ], [ 629141.225057321949862, 5220848.800117069855332 ], [ 629141.075117070577107, 5220848.950057321228087 ], [ 629141.075117404921912, 5220849.024949505925179 ] ] ] } },
{ "type": "Feature", "properties": { "label": "vineyard", "area_m2": 0.50776978685882246 }, "geometry": { "type": "Polygon", "coordinates": [ [ [ 629138.325756545527838, 5220849.199858154170215 ], [ 629138.350065792212263, 5220849.249892273917794 ], [ 629138.45005049626343, 5220849.299882596358657 ], [ 629138.524949503713287, 5220849.299882596358657 ], [ 629138.692027111770585, 5220849.183964679017663 ], [ 629138.757626908598468, 5220849.197534628212452 ], [ 629138.800091702025384, 5220849.249884613789618 ], [ 629138.874885719153099, 5220849.249885719269514 ], [ 629138.974882594891824, 5220848.999949505552649 ], [ 629138.936599970911629, 5220848.704896916635334 ], [ 629138.952201985986903, 5220848.595110203139484 ], [ 629139.012711169547401, 5220848.447907991707325 ], [ 629139.099882594891824, 5220848.34994950518012 ], [ 629139.079083276097663, 5220848.247820703312755 ], [ 629139.125, 5220848.147552486509085 ], [ 629139.124882929376327, 5220847.975057320669293 ], [ 629139.09993420925457, 5220847.950107727199793 ], [ 629139.000057321973145, 5220847.925117069855332 ], [ 629138.900097736041062, 5220848.000105616636574 ], [ 629138.800116275204346, 5220848.125073558650911 ], [ 629138.779231669032015, 5220848.199531003832817 ], [ 629138.675117070553824, 5220848.300057320855558 ], [ 629138.645068318583071, 5220848.515036364085972 ], [ 629138.550117070553824, 5220848.625057321041822 ], [ 629138.603179200552404, 5220848.833675583824515 ], [ 629138.462147545069456, 5220849.042942175641656 ], [ 629138.400114829419181, 5220849.075103081762791 ], [ 629138.381870377459563, 5220849.16072160936892 ], [ 629138.325756545527838, 5220849.199858154170215 ] ] ] } },
{ "type": "Feature", "properties": { "label": "vineyard", "area_m2": 0.26193385601867025 }, "geometry": { "type": "Polygon", "coordinates": [ [ [ 629105.200116562307812, 5220848.800067698583007 ], [ 629105.20011428068392, 5220848.874885719269514 ], [ 629105.274939098977484, 5220848.874883105047047 ], [ 629105.355595343396999, 5220848.826565812341869 ], [ 629105.499885719153099, 5220848.849885719828308 ], [ 629105.549882085877471, 5220848.699959902092814 ], [ 629105.554931681137532, 5220848.509963637217879 ], [ 629105.749882929376327, 5220848.199942679144442 ], [ 629105.728120557731017, 5220848.067408870905638 ], [ 629105.749882929376327, 5220847.975057320669293 ], [ 629105.724942677887157, 5220847.950117069296539 ], [ 629105.600050495006144, 5220847.925117404200137 ], [ 629105.450115001527593, 5220848.050099562853575 ], [ 629105.437288830522448, 5220848.12709200847894 ], [ 629105.375115614151582, 5220848.175087057985365 ], [ 629105.381155032198876, 5220848.381003269925714 ], [ 629105.300116275320761, 5220848.475073557347059 ], [ 629105.295068321283907, 5220848.590036354959011 ], [ 629105.200116562307812, 5220848.800067698583007 ] ] ] } },
{ "type": "Feature", "properties": { "label": "vineyard", "area_m2": 0.32998323436934562 }, "geometry": { "type": "Polygon", "coordinates": [ [ [ 629130.1001167667564, 5220848.800078021362424 ], [ 629130.125062811770476, 5220848.849882484413683 ], [ 629130.372545121004805, 5220848.924999999813735 ], [ 629130.427860326250084, 5220848.811807872727513 ], [ 629130.599885047529824, 5220848.799885046668351 ], [ 629130.633721673279069, 5220848.50013371463865 ], [ 629130.709734228090383, 5220848.407084438018501 ], [ 629130.874885047553107, 5220848.399885047227144 ], [ 629130.924881483544596, 5220848.224957594648004 ], [ 629130.924885047599673, 5220848.100114952772856 ], [ 629130.674951042165048, 5220847.925118195824325 ], [ 629130.525071076350287, 5220847.950106371194124 ], [ 629130.50011819449719, 5220848.049951042048633 ], [ 629130.547795277787372, 5220848.145095523446798 ], [ 629130.54473685962148, 5220848.272042301483452 ], [ 629130.37855787796434, 5220848.540846666321158 ], [ 629130.250071076443419, 5220848.600106370635331 ], [ 629130.1001167667564, 5220848.800078021362424 ] ] ] } },
{ "type": "Feature", "properties": { "label": "vineyard", "area_m2": 0.40624604254035146 }, "geometry": { "type": "Polygon", "coordinates": [ [ [ 629110.875116360140964, 5220849.049913700670004 ], [ 629110.941799439839087, 5220849.107043776661158 ], [ 629110.950114952516742, 5220849.224885046482086 ], [ 629111.024913702043705, 5220849.224883638322353 ], [ 629111.112250393489376, 5220849.150447771884501 ], [ 629111.324885047622956, 5220849.19988504704088 ], [ 629111.313166834996082, 5220849.07248904183507 ], [ 629111.349883850547485, 5220848.999909412115812 ], [ 629111.351751262904145, 5220848.842844794504344 ], [ 629111.424881483544596, 5220848.699957595206797 ], [ 629111.424882486113347, 5220848.525062812492251 ], [ 629111.379080047714524, 5220848.422826952300966 ], [ 629111.424882486113347, 5220848.349937187507749 ], [ 629111.428925935761072, 5220848.183732908219099 ], [ 629111.524881805526093, 5220848.049951042048633 ], [ 629111.524884074111469, 5220847.975095137022436 ], [ 629111.300114952493459, 5220847.900114953517914 ], [ 629111.262444093474187, 5220848.033588213846087 ], [ 629111.150115925935097, 5220848.125095137394965 ], [ 629111.147795277764089, 5220848.304904475808144 ], [ 629111.099999999976717, 5220848.377454861998558 ], [ 629111.100117513909936, 5220848.499937187880278 ], [ 629111.148437222465873, 5220848.590519990772009 ], [ 629111.100117513909936, 5220848.675062811002135 ], [ 629111.095359070692211, 5220848.783407477661967 ], [ 629110.875117513933219, 5220848.975062810815871 ], [ 629110.875116360140964, 5220849.049913700670004 ] ] ] } },
{ "type": "Feature", "properties": { "label": "vineyard", "area_m2": 0.22960312434680569 }, "geometry": { "type": "Polygon", "coordinates": [ [ [ 629102.875159026472829, 5220847.04984097275883 ], [ 629102.991832467028871, 5220847.028365815989673 ], [ 629103.24825833493378, 5220847.09886671230197 ], [ 629103.27255465532653, 5220847.276629497297108 ], [ 629103.201219260925427, 5220847.422845583409071 ], [ 629103.146633143303916, 5220847.502152212895453 ], [ 629102.975170704186894, 5220847.625086390413344 ], [ 629102.975170704186894, 5220847.749913609586656 ], [ 629103.074851584620774, 5220847.774839928373694 ], [ 629103.170481604873203, 5220847.611017443239689 ], [ 629103.299846710870042, 5220847.574895108118653 ], [ 629103.374841234995984, 5220847.399948135018349 ], [ 629103.377800038550049, 5220847.245672041550279 ], [ 629103.600438873632811, 5220846.948824254795909 ], [ 629103.674831080832519, 5220846.799899923615158 ], [ 629103.674840973573737, 5220846.725159026682377 ], [ 629103.600138522568159, 5220846.725168133154511 ], [ 629103.243803882971406, 5220847.066776466555893 ], [ 629103.003665301715955, 5220847.027817341499031 ], [ 629102.975777281797491, 5220846.997304074466228 ], [ 629102.935570259927772, 5220846.710485747084022 ], [ 629103.074830883531831, 5220846.599881283938885 ], [ 629103.075000000069849, 5220846.527945758774877 ], [ 629103.000062735518441, 5220846.525170766748488 ], [ 629102.925170696456917, 5220846.57508638408035 ], [ 629102.875159026472829, 5220847.04984097275883 ] ] ] } },
{ "type": "Feature", "properties": { "label": "vineyard", "area_m2": 0.76446234492006493 }, "geometry": { "type": "Polygon", "coordinates": [ [ [ 629116.900117513956502, 5220847.649937189184129 ], [ 629117.000048958347179, 5220847.724881804548204 ], [ 629117.324937188299373, 5220847.849882484413683 ], [ 629117.382929837913252, 5220847.575066551566124 ], [ 629117.429514638381079, 5220847.52278024982661 ], [ 629117.495597959612496, 5220847.509635461494327 ], [ 629117.566697771428153, 5220847.557142838835716 ], [ 629117.625106372055598, 5220847.724928923882544 ], [ 629117.724937188206241, 5220847.749882484786212 ], [ 629117.799881805549376, 5220847.624951042234898 ], [ 629117.799885047599673, 5220847.55011495295912 ], [ 629117.735179953277111, 5220847.528834642842412 ], [ 629117.699913702090271, 5220847.475116360932589 ], [ 629117.550706581911072, 5220847.463793689385056 ], [ 629117.496788536314853, 5220847.379132497124374 ], [ 629117.537713523604907, 5220847.247906892560422 ], [ 629117.599883639835753, 5220847.199913701042533 ], [ 629117.609441072097979, 5220847.053987683728337 ], [ 629117.69988248613663, 5220846.974937187507749 ], [ 629117.724999999976717, 5220846.872545138001442 ], [ 629117.706943713128567, 5220846.624864498153329 ], [ 629117.798589728190564, 5220846.530205277726054 ], [ 629117.883688984671608, 5220846.521823734045029 ], [ 629117.981867047259584, 5220846.589276754297316 ], [ 629118.000116360140964, 5220846.674913700670004 ], [ 629118.056867047096603, 5220846.714276753365993 ], [ 629118.075114952516742, 5220846.774885047227144 ], [ 629118.172545121051371, 5220846.775000000372529 ], [ 629118.224882486043498, 5220846.600062812678516 ], [ 629118.044202542747371, 5220846.541200321167707 ], [ 629117.8999575964408, 5220846.450118517503142 ], [ 629117.762868280522525, 5220846.467850607819855 ], [ 629117.67493718827609, 5220846.350117514841259 ], [ 629117.500086297746748, 5220846.400116361677647 ], [ 629117.429915605694987, 5220846.464015426114202 ], [ 629117.325062811840326, 5220846.450117515400052 ], [ 629117.275118194636889, 5220846.525048958137631 ], [ 629117.275115925935097, 5220846.624904862605035 ], [ 629117.420710678212345, 5220846.679289322346449 ], [ 629117.445694033638574, 5220846.804028468206525 ], [ 629117.397139673819765, 5220846.863192127086222 ], [ 629117.275071076350287, 5220846.900106371380389 ], [ 629117.075106372241862, 5220847.025071075186133 ], [ 629116.900118194520473, 5220847.425048957578838 ], [ 629116.900117513956502, 5220847.649937189184129 ] ] ] } },
{ "type": "Feature", "properties": { "label": "vineyard", "area_m2": 0.73652312329081726 }, "geometry": { "type": "Polygon", "coordinates": [ [ [ 629113.725117513909936, 5220848.724937187507749 ], [ 629113.849937188206241, 5220848.774882485158741 ], [ 629114.042907453491352, 5220848.540702745318413 ], [ 629114.27488504757639, 5220848.474885046482086 ], [ 629114.28320056013763, 5220848.357043776661158 ], [ 629114.349883639835753, 5220848.299913700670004 ], [ 629114.34651950513944, 5220848.090604835189879 ], [ 629114.399882849771529, 5220848.024929784238338 ], [ 629114.402002096176147, 5220847.921068071387708 ], [ 629114.437994277570397, 5220847.862522481940687 ], [ 629114.523105807835236, 5220847.843684144318104 ], [ 629114.602454878971912, 5220847.900000000372529 ], [ 629114.699893628014252, 5220847.874928924255073 ], [ 629114.724885047529824, 5220847.725114952772856 ], [ 629114.611731656827033, 5220847.717387952841818 ], [ 629114.551921471953392, 5220847.64450903236866 ], [ 629114.575000000069849, 5220847.302454861812294 ], [ 629114.549928923719563, 5220847.275106371380389 ], [ 629114.324951042188331, 5220847.175118195824325 ], [ 629114.225095137371682, 5220847.175115927122533 ], [ 629114.125117513933219, 5220847.325062812305987 ], [ 629114.122543419129215, 5220847.474131345748901 ], [ 629113.950099301990122, 5220847.600099300965667 ], [ 629113.900118194520473, 5220847.700048957951367 ], [ 629113.919005427043885, 5220848.136798015795648 ], [ 629113.850117513909936, 5220848.225062810815871 ], [ 629113.846074064262211, 5220848.34126709215343 ], [ 629113.750118516501971, 5220848.550042404793203 ], [ 629113.725117513909936, 5220848.724937187507749 ] ] ] } },
{ "type": "Feature", "properties": { "label": "vineyard", "area_m2": 0.31209077246961597 }, "geometry": { "type": "Polygon", "coordinates": [ [ [ 629105.600115925888531, 5220847.924904862418771 ], [ 629105.749937188229524, 5220847.974882484413683 ], [ 629105.821565925492905, 5220847.910403375513852 ], [ 629105.89988504757639, 5220847.899885047227144 ], [ 629105.928925935761072, 5220847.683732908219099 ], [ 629105.974882849841379, 5220847.624929782934487 ], [ 629105.974117561476305, 5220847.398376815021038 ], [ 629106.049884074134752, 5220847.3249048627913 ], [ 629106.029439196339808, 5220847.111315204761922 ], [ 629106.224881483474746, 5220846.799957594834268 ], [ 629106.224882849841379, 5220846.700070217251778 ], [ 629106.181943713105284, 5220846.6501355022192 ], [ 629106.174885047599673, 5220846.575114953331649 ], [ 629106.025062811793759, 5220846.625117515213788 ], [ 629105.945781330461614, 5220846.738904835656285 ], [ 629105.800117513979785, 5220846.775062812492251 ], [ 629105.800114952493459, 5220846.849885046482086 ], [ 629105.9064036331838, 5220846.891918603330851 ], [ 629105.977360888267867, 5220847.088650048710406 ], [ 629105.924293418065645, 5220847.163793689571321 ], [ 629105.750114952446893, 5220847.200114953331649 ], [ 629105.798248737119138, 5220847.407155205495656 ], [ 629105.725117513909936, 5220847.500062812119722 ], [ 629105.720062219072133, 5220847.715056912042201 ], [ 629105.600115925888531, 5220847.924904862418771 ] ] ] } },
{ "type": "Feature", "properties": { "label": "vineyard", "area_m2": 0.37925057534740003 }, "geometry": { "type": "Polygon", "coordinates": [ [ [ 629136.525114952470176, 5220847.32488504704088 ], [ 629136.749937188229524, 5220847.324882484972477 ], [ 629136.874882486066781, 5220847.174937187694013 ], [ 629136.958721672766842, 5220846.875133716501296 ], [ 629137.074881805572659, 5220846.674951042048633 ], [ 629137.049882486113347, 5220846.300062811002135 ], [ 629137.024937188252807, 5220846.275117515586317 ], [ 629136.825062811840326, 5220846.275117515586317 ], [ 629136.70640363311395, 5220846.558081395924091 ], [ 629136.550099301966839, 5220846.625099301338196 ], [ 629136.525118194520473, 5220846.675048957578838 ], [ 629136.525116766802967, 5220846.799921978265047 ], [ 629136.591278327279724, 5220846.875133716501296 ], [ 629136.599999999976717, 5220846.984021859243512 ], [ 629136.525118516525254, 5220847.200042405165732 ], [ 629136.525114952470176, 5220847.32488504704088 ] ] ] } },
{ "type": "Feature", "properties": { "label": "vineyard", "area_m2": 0.19883637031973186 }, "geometry": { "type": "Polygon", "coordinates": [ [ [ 629122.175114952493459, 5220848.150114953517914 ], [ 629122.175114952493459, 5220848.224885046482086 ], [ 629122.299904862418771, 5220848.224884072318673 ], [ 629122.399882486090064, 5220848.124937187880278 ], [ 629122.404640929307789, 5220847.941592521965504 ], [ 629122.474898799788207, 5220847.874908276833594 ], [ 629122.540554819395766, 5220847.691562387160957 ], [ 629122.749884541262873, 5220847.599895353429019 ], [ 629122.749884541262873, 5220847.300104646012187 ], [ 629122.663514570565894, 5220847.234224155545235 ], [ 629122.599937188206241, 5220847.025117515586317 ], [ 629122.525114952470176, 5220847.025114953517914 ], [ 629122.525000000023283, 5220847.222545137628913 ], [ 629122.618056286941282, 5220847.399864497594535 ], [ 629122.62006221874617, 5220847.490056914277375 ], [ 629122.561764730955474, 5220847.603645521216094 ], [ 629122.400062811793759, 5220847.625117515213788 ], [ 629122.310111811733805, 5220847.742051030509174 ], [ 629122.22511495242361, 5220847.775114953517914 ], [ 629122.274548075627536, 5220848.059496350586414 ], [ 629122.240549285197631, 5220848.12552013900131 ], [ 629122.175114952493459, 5220848.150114953517914 ] ] ] } },
{ "type": "Feature", "properties": { "label": "vineyard", "area_m2": 0.038810737908248835 }, "geometry": { "type": "Polygon", "coordinates": [ [ [ 629141.900000000023283, 5220847.047552486881614 ], [ 629142.089867067174055, 5220846.857979401946068 ], [ 629142.249882929259911, 5220846.749942678958178 ], [ 629142.249885719153099, 5220846.625114280730486 ], [ 629142.175114280660637, 5220846.625114280730486 ], [ 629142.145710678072646, 5220846.72071067802608 ], [ 629142.025117070646957, 5220846.775057322345674 ], [ 629141.900000000023283, 5220847.047552486881614 ] ] ] } },
{ "type": "Feature", "properties": { "label": "vineyard", "area_m2": 0.403439398395531 }, "geometry": { "type": "Polygon", "coordinates": [ [ [ 629119.800159026519395, 5220846.974840972572565 ], [ 629119.949937262572348, 5220846.974829226732254 ], [ 629120.118436835822649, 5220846.908689587377012 ], [ 629120.241935337195173, 5220847.043322585523129 ], [ 629120.200900526251644, 5220847.172969884239137 ], [ 629120.050065900548361, 5220847.326113427989185 ], [ 629120.073584235622548, 5220847.494777879677713 ], [ 629120.025170681881718, 5220847.82491362746805 ], [ 629120.100086375023238, 5220847.899829317815602 ], [ 629120.174876368837431, 5220847.899840394034982 ], [ 629120.374850281747058, 5220847.649852513335645 ], [ 629120.474610746372491, 5220847.452392463572323 ], [ 629120.624843531637453, 5220847.349861500784755 ], [ 629120.574839937733486, 5220847.025128843262792 ], [ 629119.973847360815853, 5220846.775063974782825 ], [ 629119.850131552782841, 5220846.825157174840569 ], [ 629119.800173995783553, 5220846.900081442669034 ], [ 629119.800159026519395, 5220846.974840972572565 ] ] ] } },
{ "type": "Feature", "properties": { "label": "vineyard", "area_m2": 0.23010360384068101 }, "geometry": { "type": "Polygon", "coordinates": [ [ [ 629111.325115925981663, 5220847.875095137394965 ], [ 629111.400048957904801, 5220847.949881804175675 ], [ 629111.524904862395488, 5220847.974884072318673 ], [ 629111.699881805572659, 5220847.799951042048633 ], [ 629111.729937781230547, 5220847.534943086095154 ], [ 629111.82488248613663, 5220847.424937187694013 ], [ 629111.826751262880862, 5220847.26784479431808 ], [ 629111.874882849864662, 5220847.199929783120751 ], [ 629111.87488180550281, 5220847.050048957578838 ], [ 629111.799885047599673, 5220846.900114953517914 ], [ 629111.72511495242361, 5220846.900114953517914 ], [ 629111.681867047096603, 5220847.210723246447742 ], [ 629111.525117513956502, 5220847.325062812305987 ], [ 629111.545919952564873, 5220847.55217304546386 ], [ 629111.475117513909936, 5220847.650062812492251 ], [ 629111.466278327279724, 5220847.774866282939911 ], [ 629111.325115925981663, 5220847.875095137394965 ] ] ] } },
{ "type": "Feature", "properties": { "label": "vineyard", "area_m2": 0.10195088650056215 }, "geometry": { "type": "Polygon", "coordinates": [ [ [ 629114.200170681579039, 5220846.950086375698447 ], [ 629114.250149701023474, 5220847.174853069707751 ], [ 629114.54902297956869, 5220847.299471412785351 ], [ 629114.57484097359702, 5220847.29984097275883 ], [ 629114.376840129960328, 5220847.221737681888044 ], [ 629114.36286940483842, 5220847.170023718848825 ], [ 629114.517802159185521, 5220846.928094361908734 ], [ 629114.575002984376624, 5220846.927388503216207 ], [ 629114.899063973221928, 5220846.675585557706654 ], [ 629114.924840400926769, 5220846.625123626552522 ], [ 629114.725159026449546, 5220846.550159026868641 ], [ 629114.743090376723558, 5220846.774319166317582 ], [ 629114.599861552822404, 5220846.903394238092005 ], [ 629114.52388658199925, 5220846.875065902248025 ], [ 629114.300062738824636, 5220846.875170765444636 ], [ 629114.200170681579039, 5220846.950086375698447 ] ] ] } },
{ "type": "Feature", "properties": { "label": "vineyard", "area_m2": 0.45567572250013089 }, "geometry": { "type": "Polygon", "coordinates": [ [ [ 629122.625170005136169, 5220846.799935724586248 ], [ 629122.700075417989865, 5220846.924842099659145 ], [ 629122.799861601321027, 5220846.924840277992189 ], [ 629122.899846423766576, 5220846.799918942153454 ], [ 629122.977857062127441, 5220846.570497303269804 ], [ 629123.120966630405746, 5220846.416655129753053 ], [ 629123.340920418035239, 5220846.61619281116873 ], [ 629123.350158377084881, 5220846.724841622635722 ], [ 629123.424841622938402, 5220846.724841622635722 ], [ 629123.424841622821987, 5220846.625158376991749 ], [ 629123.343640324077569, 5220846.615920417942107 ], [ 629123.129407036933117, 5220846.386675156652927 ], [ 629123.176833688165061, 5220846.223975914530456 ], [ 629123.374842102755792, 5220846.02492458652705 ], [ 629123.3748400346376, 5220845.875141642056406 ], [ 629123.249898631009273, 5220845.800162756815553 ], [ 629123.050064281793311, 5220845.800170010887086 ], [ 629122.800157902063802, 5220845.975075415335596 ], [ 629122.774487627437338, 5220846.197511767968535 ], [ 629122.700168252689764, 5220846.300084139220417 ], [ 629122.650158199714497, 5220846.450049566105008 ], [ 629122.625170005136169, 5220846.799935724586248 ] ] ] } },
{ "type": "Feature", "properties": { "label": "vineyard", "area_m2": 0.40925524042033806 }, "geometry": { "type": "Polygon", "coordinates": [ [ [ 629117.400067308917642, 5220846.123915241099894 ], [ 629117.425123631139286, 5220846.174840393476188 ], [ 629117.503199387690984, 5220846.181741214357316 ], [ 629117.613284269347787, 5220846.290739133022726 ], [ 629117.625159604009241, 5220846.349876368418336 ], [ 629118.224840973503888, 5220846.599840972572565 ], [ 629118.224840973503888, 5220846.57515902724117 ], [ 629118.034318394376896, 5220846.510019149631262 ], [ 629118.016417048638687, 5220846.469223924912512 ], [ 629118.074841214576736, 5220846.324948126450181 ], [ 629118.079447536845692, 5220846.191243866458535 ], [ 629118.227390449494123, 5220846.099967475049198 ], [ 629118.193397543858737, 5220845.951943885535002 ], [ 629118.282888629008085, 5220845.877197894267738 ], [ 629118.347015897277743, 5220845.870245418511331 ], [ 629118.48868824087549, 5220845.977920034900308 ], [ 629118.449876373284496, 5220846.099840399809182 ], [ 629118.54947141406592, 5220845.875977020710707 ], [ 629118.549840400926769, 5220845.825123626738787 ], [ 629118.395684194285423, 5220845.760668561793864 ], [ 629118.329812919604592, 5220845.610923462547362 ], [ 629118.399841671460308, 5220845.350080902688205 ], [ 629118.300159026519395, 5220845.32515902724117 ], [ 629118.298047761898488, 5220845.440163965336978 ], [ 629118.225406159530394, 5220845.599179748445749 ], [ 629118.185333182686009, 5220845.833247477188706 ], [ 629118.154493305832148, 5220845.859274123795331 ], [ 629117.927567925304174, 5220845.795170092023909 ], [ 629117.833879321929999, 5220845.680923662148416 ], [ 629117.873554821358994, 5220845.553783907555044 ], [ 629117.974829247687012, 5220845.399937266483903 ], [ 629117.97483004280366, 5220845.325101599097252 ], [ 629117.924903887789696, 5220845.275157582014799 ], [ 629117.800086385454051, 5220845.275170696899295 ], [ 629117.675173965515569, 5220845.450081429444253 ], [ 629117.675169116584584, 5220845.599881283938885 ], [ 629117.750118716503493, 5220845.674830881878734 ], [ 629117.828996569034643, 5220845.684280630201101 ], [ 629117.924253850243986, 5220845.808848842047155 ], [ 629117.931661844835617, 5220846.023824381642044 ], [ 629117.747599125257693, 5220846.000048578716815 ], [ 629117.773358383914456, 5220846.073188755661249 ], [ 629117.871753667714074, 5220846.138762887567282 ], [ 629117.830139910802245, 5220846.336712469346821 ], [ 629117.757147006457672, 5220846.337655691429973 ], [ 629117.631809922866523, 5220846.249408232979476 ], [ 629117.502424860023893, 5220846.000046237371862 ], [ 629117.400067308917642, 5220846.123915241099894 ] ] ] } },
{ "type": "Feature", "properties": { "label": "vineyard", "area_m2": 0.43288003498914912 }, "geometry": { "type": "Polygon", "coordinates": [ [ [ 629111.775114952470176, 5220846.250114953145385 ], [ 629111.775114952470176, 5220846.32488504704088 ], [ 629111.849929783726111, 5220846.324882849119604 ], [ 629111.915604846784845, 5220846.271519501693547 ], [ 629112.007155205472372, 5220846.276751263067126 ], [ 629112.120108555071056, 5220846.374116986989975 ], [ 629112.123252144781873, 5220846.470143731683493 ], [ 629112.073044762131758, 5220846.517071783542633 ], [ 629112.000114952446893, 5220846.525114953517914 ], [ 629112.000114952446893, 5220846.599885046482086 ], [ 629112.224904862581752, 5220846.649884073063731 ], [ 629112.32488248613663, 5220846.524937189184129 ], [ 629112.361807873472571, 5220846.277860325761139 ], [ 629112.411731656757183, 5220846.232612046413124 ], [ 629112.499885047553107, 5220846.224885046482086 ], [ 629112.502204722259194, 5220846.020095523446798 ], [ 629112.574881483567879, 5220845.849957594648004 ], [ 629112.574881805572659, 5220845.600048957392573 ], [ 629112.42493718827609, 5220845.400117515586317 ], [ 629112.350070216460153, 5220845.40011715143919 ], [ 629112.275115458760411, 5220845.450104646384716 ], [ 629112.270062218769453, 5220845.615056914277375 ], [ 629112.100117513909936, 5220845.850062810815871 ], [ 629112.098248737165704, 5220846.007155206054449 ], [ 629112.03186704707332, 5220846.160723246634007 ], [ 629111.918786121183075, 5220846.250631779432297 ], [ 629111.775114952470176, 5220846.250114953145385 ] ] ] } },
{ "type": "Feature", "properties": { "label": "vineyard", "area_m2": 0.085086758944833071 }, "geometry": { "type": "Polygon", "coordinates": [ [ [ 629133.85011495242361, 5220846.400114953517914 ], [ 629133.875115925911814, 5220846.624904862605035 ], [ 629133.999885047553107, 5220846.649885047227144 ], [ 629134.02135447866749, 5220846.588235268369317 ], [ 629134.099895354476757, 5220846.54988454002887 ], [ 629134.149882849887945, 5220846.474929782561958 ], [ 629134.099885047529824, 5220846.225114952772856 ], [ 629134.00010464549996, 5220846.225115459412336 ], [ 629133.924095112248324, 5220846.367155896499753 ], [ 629133.85011495242361, 5220846.400114953517914 ] ] ] } },
{ "type": "Feature", "properties": { "label": "vineyard", "area_m2": 0.14350816996402774 }, "geometry": { "type": "Polygon", "coordinates": [ [ [ 629125.525115925818682, 5220846.649904862046242 ], [ 629125.600095137604512, 5220846.724884072318673 ], [ 629125.69995104172267, 5220846.724881804548204 ], [ 629125.774882486090064, 5220846.674937187694013 ], [ 629125.785778112127446, 5220846.541317390277982 ], [ 629125.899882849887945, 5220846.399929783307016 ], [ 629125.899881805526093, 5220846.225048957392573 ], [ 629125.849937188206241, 5220846.150117515586317 ], [ 629125.700114952516742, 5220846.150114953517914 ], [ 629125.68073650856968, 5220846.24302708171308 ], [ 629125.600115925888531, 5220846.3000951372087 ], [ 629125.525115925818682, 5220846.649904862046242 ] ] ] } },
{ "type": "Feature", "properties": { "label": "vineyard", "area_m2": 0.45976339795085525 }, "geometry": { "type": "Polygon", "coordinates": [ [ [ 629114.625115458853543, 5220846.074895354919136 ], [ 629114.68108007486444, 5220846.100234361365438 ], [ 629114.712841833359562, 5220846.159656426869333 ], [ 629114.675000000046566, 5220846.277454862371087 ], [ 629114.700114952516742, 5220846.549885046668351 ], [ 629114.92493718827609, 5220846.624882484786212 ], [ 629114.974893628037535, 5220846.574928923510015 ], [ 629115.02135447866749, 5220846.438235268928111 ], [ 629115.099904862581752, 5220846.399884073063731 ], [ 629115.174881805549376, 5220846.274951042607427 ], [ 629115.150000000023283, 5220845.965978140942752 ], [ 629115.174882486113347, 5220845.775062812492251 ], [ 629115.115669459453784, 5220845.715797051787376 ], [ 629115.102524672751315, 5220845.649713728576899 ], [ 629115.142042762017809, 5220845.562793589197099 ], [ 629115.199884074158035, 5220845.524904862046242 ], [ 629115.215844502323307, 5220845.420982852578163 ], [ 629115.299904862651601, 5220845.374884072691202 ], [ 629115.324881805572659, 5220845.324951042421162 ], [ 629115.299904862651601, 5220845.200115927495062 ], [ 629115.200114952516742, 5220845.200114953331649 ], [ 629115.175597432767972, 5220845.343757014721632 ], [ 629114.80011592595838, 5220845.650095138698816 ], [ 629114.791278326767497, 5220845.924866285175085 ], [ 629114.728434073389508, 5220845.989596624858677 ], [ 629114.650095137418248, 5220846.000115927308798 ], [ 629114.625115458853543, 5220846.074895354919136 ] ] ] } },
{ "type": "Feature", "properties": { "label": "vineyard", "area_m2": 0.37214909931409174 }, "geometry": { "type": "Polygon", "coordinates": [ [ [ 629109.075118194683455, 5220846.800048957578838 ], [ 629109.075117514003068, 5220846.924937187694013 ], [ 629109.150048958370462, 5220846.974881804548204 ], [ 629109.249951041652821, 5220846.974881804548204 ], [ 629109.399893627967685, 5220846.874928924255073 ], [ 629109.474882486043498, 5220846.774937187321484 ], [ 629109.649881483521312, 5220846.324957595206797 ], [ 629109.630721756606363, 5220846.154919323511422 ], [ 629109.749928923556581, 5220846.074893629178405 ], [ 629109.774884074111469, 5220846.025095137767494 ], [ 629109.450114952516742, 5220845.900114953517914 ], [ 629109.409980919910595, 5220846.0826863842085 ], [ 629109.300062811817043, 5220846.125117515213788 ], [ 629109.200117514003068, 5220846.250062812119722 ], [ 629109.198248737142421, 5220846.582155206240714 ], [ 629109.075118194683455, 5220846.800048957578838 ] ] ] } },
{ "type": "Feature", "properties": { "label": "vineyard", "area_m2": 0.49787243646219015 }, "geometry": { "type": "Polygon", "coordinates": [ [ [ 629103.224999999976717, 5220845.897063056007028 ], [ 629103.304060308611952, 5220845.902038455940783 ], [ 629103.50817786285188, 5220845.995578953064978 ], [ 629103.600155823864043, 5220846.224901497364044 ], [ 629103.676025278284214, 5220846.300371977500618 ], [ 629103.799925496568903, 5220846.324835303239524 ], [ 629103.949393727933057, 5220846.175927319563925 ], [ 629104.32484004565049, 5220845.250141631811857 ], [ 629104.149935719673522, 5220845.15017000772059 ], [ 629103.987060800427571, 5220845.196793324314058 ], [ 629103.753665425465442, 5220845.152824609540403 ], [ 629103.724841622635722, 5220845.050158376805484 ], [ 629103.650158377364278, 5220845.050158376805484 ], [ 629103.639297366491519, 5220845.154564579948783 ], [ 629103.382086588069797, 5220845.344534776173532 ], [ 629103.275158377247863, 5220845.350158377550542 ], [ 629103.275158377480693, 5220845.424841623753309 ], [ 629103.37484162254259, 5220845.424841623753309 ], [ 629103.388376608490944, 5220845.342816045507789 ], [ 629103.663096305332147, 5220845.150000000372529 ], [ 629103.941614872659557, 5220845.241890866309404 ], [ 629103.949345330242068, 5220845.320543088018894 ], [ 629103.901290707173757, 5220845.422638813965023 ], [ 629103.674612812348641, 5220845.675897934474051 ], [ 629103.600162722403184, 5220845.800101352855563 ], [ 629103.597201446304098, 5220845.9043312612921 ], [ 629103.536276272265241, 5220845.982986947521567 ], [ 629103.316824918729253, 5220845.904420129023492 ], [ 629103.299841622938402, 5220845.825158377178013 ], [ 629103.225158377084881, 5220845.825158377178013 ], [ 629103.224999999976717, 5220845.897063056007028 ] ] ] } },
{ "type": "Feature", "properties": { "label": "vineyard", "area_m2": 0.53280662085783037 }, "geometry": { "type": "Polygon", "coordinates": [ [ [ 629130.975117914145812, 5220846.824959902092814 ], [ 629131.000117070623673, 5220846.974942677654326 ], [ 629131.12505732208956, 5220847.049882930703461 ], [ 629131.249959899694659, 5220847.049882086925209 ], [ 629131.37489227426704, 5220846.97493420727551 ], [ 629131.40694818191696, 5220846.774855429306626 ], [ 629131.549882929422893, 5220846.549942678771913 ], [ 629131.591853038873523, 5220846.26944297645241 ], [ 629131.688519999966957, 5220846.225000000558794 ], [ 629131.775067698792554, 5220846.274883437901735 ], [ 629131.849904670380056, 5220846.274884791113436 ], [ 629131.874882594915107, 5220846.224949506111443 ], [ 629131.874884790973738, 5220846.150095328688622 ], [ 629131.768129628384486, 5220846.085721618495882 ], [ 629131.699942678329535, 5220845.900117069482803 ], [ 629131.449959900695831, 5220845.800117913633585 ], [ 629131.400107726338319, 5220845.825065791606903 ], [ 629131.365349631407298, 5220846.080290549434721 ], [ 629131.292020598775707, 5220846.185132931917906 ], [ 629131.125064700143412, 5220846.300108931027353 ], [ 629131.050117404898629, 5220846.40005049481988 ], [ 629130.975117914145812, 5220846.824959902092814 ] ] ] } },
{ "type": "Feature", "properties": { "label": "vineyard", "area_m2": 0.091292995024144008 }, "geometry": { "type": "Polygon", "coordinates": [ [ [ 629134.375159026472829, 5220845.600159026682377 ], [ 629134.400155744049698, 5220845.874840280972421 ], [ 629134.524913609609939, 5220845.874829294160008 ], [ 629134.549829295836389, 5220845.849913609214127 ], [ 629134.550214399467222, 5220845.599590323865414 ], [ 629134.596762510016561, 5220845.378004709258676 ], [ 629134.69984097359702, 5220845.349840972572565 ], [ 629134.702637580921873, 5220845.247461595572531 ], [ 629134.824830048135482, 5220845.049898402765393 ], [ 629134.799913610564545, 5220844.950170706957579 ], [ 629134.700170704280026, 5220844.975086390972137 ], [ 629134.697050255490467, 5220845.100691767409444 ], [ 629134.600169710698538, 5220845.250132758170366 ], [ 629134.550193752977066, 5220845.579155022278428 ], [ 629134.375159026472829, 5220845.600159026682377 ] ] ] } },
{ "type": "Feature", "properties": { "label": "vineyard", "area_m2": 0.3067459576735877 }, "geometry": { "type": "Polygon", "coordinates": [ [ [ 629106.125114952446893, 5220846.57488504704088 ], [ 629106.29993718827609, 5220846.549882484599948 ], [ 629106.435179952997714, 5220846.421165357343853 ], [ 629106.499904862605035, 5220846.399884073063731 ], [ 629106.613235269091092, 5220846.22135447897017 ], [ 629106.724937188206241, 5220846.199882484972477 ], [ 629106.774882486090064, 5220846.149937189184129 ], [ 629106.783721673302352, 5220846.075133714824915 ], [ 629106.900000000023283, 5220845.897545138373971 ], [ 629106.899884541286156, 5220845.750104646198452 ], [ 629106.795755308121443, 5220845.674516376107931 ], [ 629106.774884074111469, 5220845.575095137581229 ], [ 629106.675114952493459, 5220845.55011495295912 ], [ 629106.675117513979785, 5220845.624937187880278 ], [ 629106.722475328948349, 5220845.695940176025033 ], [ 629106.703878426458687, 5220845.770183153450489 ], [ 629106.300117513979785, 5220846.075062812305987 ], [ 629106.288904835586436, 5220846.220781330950558 ], [ 629106.200114952516742, 5220846.275114953517914 ], [ 629106.189221887965687, 5220846.358682610094547 ], [ 629106.125117513933219, 5220846.425062811002135 ], [ 629106.125114952446893, 5220846.57488504704088 ] ] ] } },
{ "type": "Feature", "properties": { "label": "vineyard", "area_m2": 0.41552142098383532 }, "geometry": { "type": "Polygon", "coordinates": [ [ [ 629123.150115925935097, 5220845.1999048627913 ], [ 629123.257423035334796, 5220845.276597565971315 ], [ 629123.225117513909936, 5220845.499937187880278 ], [ 629123.375062811770476, 5220845.699882484972477 ], [ 629123.599885047529824, 5220845.69988504704088 ], [ 629123.624402567278594, 5220845.631242984905839 ], [ 629123.724882486043498, 5220845.549937187694013 ], [ 629123.724881805363111, 5220845.300048957578838 ], [ 629123.641098594525829, 5220845.129906767047942 ], [ 629123.69988248613663, 5220845.024937189184129 ], [ 629123.699881483567879, 5220844.875042404979467 ], [ 629123.674883233266883, 5220844.800078021362424 ], [ 629123.524904862395488, 5220844.650115927681327 ], [ 629123.425095137441531, 5220844.650115927681327 ], [ 629123.392070162808523, 5220844.874933447688818 ], [ 629123.329046757309698, 5220844.963409344665706 ], [ 629123.200114952516742, 5220845.000114953145385 ], [ 629123.150117513956502, 5220845.100062810815871 ], [ 629123.150115925935097, 5220845.1999048627913 ] ] ] } },
{ "type": "Feature", "properties": { "label": "vineyard", "area_m2": 0.28542419416838855 }, "geometry": { "type": "Polygon", "coordinates": [ [ [ 629112.450117070577107, 5220845.000057321973145 ], [ 629112.475114280707203, 5220845.199885719455779 ], [ 629112.666632938198745, 5220845.234078614041209 ], [ 629112.713902733637951, 5220845.27921458799392 ], [ 629112.725114280707203, 5220845.349885719828308 ], [ 629112.79988571931608, 5220845.349885719828308 ], [ 629112.784221762791276, 5220845.178803340531886 ], [ 629112.874882594915107, 5220845.049949506297708 ], [ 629112.88319902960211, 5220844.832044208422303 ], [ 629113.099883724586107, 5220844.674926441162825 ], [ 629113.099884790950455, 5220844.550095329061151 ], [ 629113.013498118380085, 5220844.484193941578269 ], [ 629112.974942678003572, 5220844.350117069669068 ], [ 629112.800114280660637, 5220844.300114280544221 ], [ 629112.816289031179622, 5220844.574840494431555 ], [ 629112.675117070437409, 5220844.70005732215941 ], [ 629112.648172823246568, 5220844.831679649651051 ], [ 629112.450117070577107, 5220845.000057321973145 ] ] ] } },
{ "type": "Feature", "properties": { "label": "vineyard", "area_m2": 0.26106835478621498 }, "geometry": { "type": "Polygon", "coordinates": [ [ [ 629128.700114952516742, 5220846.224885046482086 ], [ 629128.788904835586436, 5220846.279218669049442 ], [ 629128.800114952493459, 5220846.399885047227144 ], [ 629128.874904862605035, 5220846.399884073063731 ], [ 629128.999882486066781, 5220846.249937187880278 ], [ 629129.024882486090064, 5220846.000062812119722 ], [ 629128.976803613128141, 5220845.881093133240938 ], [ 629129.016918604378588, 5220845.818596366792917 ], [ 629129.174882486113347, 5220845.749937187880278 ], [ 629129.199885047622956, 5220845.225114952772856 ], [ 629129.000114952446893, 5220845.225114952772856 ], [ 629129.010846236837097, 5220845.362308858893812 ], [ 629128.950117514003068, 5220845.450062812305987 ], [ 629128.950000000069849, 5220845.522545138373971 ], [ 629128.999767553177662, 5220845.582985488697886 ], [ 629129.005453815567307, 5220845.651474098674953 ], [ 629128.948044760967605, 5220845.717071782797575 ], [ 629128.85011495242361, 5220845.725114952772856 ], [ 629128.841278327279724, 5220845.899866282939911 ], [ 629128.700117514003068, 5220846.025062812492251 ], [ 629128.700114952516742, 5220846.224885046482086 ] ] ] } },
{ "type": "Feature", "properties": { "label": "vineyard", "area_m2": 0.27861839247843334 }, "geometry": { "type": "Polygon", "coordinates": [ [ [ 629120.5, 5220845.122054241597652 ], [ 629120.801152632571757, 5220845.249936024658382 ], [ 629121.12152985658031, 5220845.156306384131312 ], [ 629121.275086376117542, 5220845.299829317256808 ], [ 629121.349913610494696, 5220845.299829293042421 ], [ 629121.402358139515854, 5220845.046275230124593 ], [ 629121.599829904036596, 5220844.674923403188586 ], [ 629121.599840400740504, 5220844.425123626366258 ], [ 629121.475783267174847, 5220844.375082121230662 ], [ 629121.350086146616377, 5220844.400161121040583 ], [ 629121.300170681788586, 5220844.450086374767125 ], [ 629121.249844898236915, 5220844.824969076551497 ], [ 629121.106917927972972, 5220845.144249211996794 ], [ 629120.810692014871165, 5220845.173409137874842 ], [ 629120.598035425879061, 5220845.075024086982012 ], [ 629120.549121477291919, 5220845.075582129880786 ], [ 629120.5, 5220845.122054241597652 ] ] ] } },
{ "type": "Feature", "properties": { "label": "vineyard", "area_m2": 1.2814948808585847 }, "geometry": { "type": "Polygon", "coordinates": [ [ [ 629119.975115925888531, 5220846.799904862418771 ], [ 629120.1000424035592, 5220846.849881482310593 ], [ 629120.259359508519992, 5220846.841921410523355 ], [ 629120.350071076187305, 5220846.949893629178405 ], [ 629120.572545121074654, 5220847.025000000372529 ], [ 629120.681457257014699, 5220846.848889017477632 ], [ 629120.799885047599673, 5220846.799885046668351 ], [ 629120.825000000069849, 5220846.622545138001442 ], [ 629120.804439201252535, 5220846.461315187625587 ], [ 629120.865395483793691, 5220846.308166589587927 ], [ 629120.974882486043498, 5220846.19993718713522 ], [ 629120.943052819580771, 5220845.964337845332921 ], [ 629120.997347230324522, 5220845.907973887398839 ], [ 629121.099904862581752, 5220845.899884073063731 ], [ 629121.149881483521312, 5220845.749957595020533 ], [ 629121.149882486090064, 5220845.625062812119722 ], [ 629121.100552707910538, 5220845.544521197676659 ], [ 629121.099885047529824, 5220845.350114952772856 ], [ 629120.934037082944997, 5220845.351976450532675 ], [ 629120.874885047553107, 5220845.250114953145385 ], [ 629120.574951042188331, 5220845.12511819601059 ], [ 629120.475106372032315, 5220845.150071076117456 ], [ 629120.425117513979785, 5220845.225062810815871 ], [ 629120.427216577809304, 5220845.36546322517097 ], [ 629120.325097288005054, 5220845.450107341632247 ], [ 629120.150118194636889, 5220845.900048958137631 ], [ 629120.150118194520473, 5220846.049951042048633 ], [ 629120.222475327318534, 5220846.200286271050572 ], [ 629120.098276670905761, 5220846.402525847777724 ], [ 629120.000115925911814, 5220846.475095137022436 ], [ 629119.975115925888531, 5220846.799904862418771 ] ], [ [ 629120.574186111101881, 5220846.148560904897749 ], [ 629120.568052818765864, 5220846.064337844960392 ], [ 629120.631778911338188, 5220846.004511878825724 ], [ 629120.783852960681543, 5220846.002507627010345 ], [ 629120.84716710797511, 5220846.072364014573395 ], [ 629120.815398929058574, 5220846.217755510471761 ], [ 629120.749298017704859, 5220846.272003126330674 ], [ 629120.638104901183397, 5220846.259200068190694 ], [ 629120.574186111101881, 5220846.148560904897749 ] ] ] } },
{ "type": "Feature", "properties": { "label": "vineyard", "area_m2": 0.038000609547665341 }, "geometry": { "type": "Polygon", "coordinates": [ [ [ 629137.375114952446893, 5220845.100114952772856 ], [ 629137.400095137418248, 5220845.224884072318673 ], [ 629137.524937188252807, 5220845.224882484413683 ], [ 629137.599882486043498, 5220845.149937187321484 ], [ 629137.599885047529824, 5220845.000114953145385 ], [ 629137.500062811770476, 5220845.000117515213788 ], [ 629137.439820047002286, 5220845.078834642656147 ], [ 629137.375114952446893, 5220845.100114952772856 ] ] ] } },
{ "type": "Feature", "properties": { "label": "vineyard", "area_m2": 0.32867720728740996 }, "geometry": { "type": "Polygon", "coordinates": [ [ [ 629125.849999999976717, 5220845.797063060104847 ], [ 629125.949924583081156, 5220845.799842099659145 ], [ 629126.149515800410882, 5220845.600255754776299 ], [ 629126.649832562194206, 5220844.97491982486099 ], [ 629126.674976056790911, 5220844.476958670653403 ], [ 629126.624873375752941, 5220844.400156350806355 ], [ 629126.550158377038315, 5220844.400158377364278 ], [ 629126.547945571015589, 5220844.526488918811083 ], [ 629126.40188701741863, 5220844.846200119704008 ], [ 629125.999692467972636, 5220845.450835760682821 ], [ 629125.850156356580555, 5220845.725069320760667 ], [ 629125.849999999976717, 5220845.797063060104847 ] ] ] } },
{ "type": "Feature", "properties": { "label": "vineyard", "area_m2": 0.33306517663164742 }, "geometry": { "type": "Polygon", "coordinates": [ [ [ 629129.200115163228475, 5220844.525096262805164 ], [ 629129.20011428068392, 5220844.699885719455779 ], [ 629129.272419643006288, 5220844.731040625832975 ], [ 629129.299999999930151, 5220844.799999999813735 ], [ 629129.225114280707203, 5220845.174885720014572 ], [ 629129.37494267791044, 5220845.174882930703461 ], [ 629129.474892273661681, 5220845.074934208765626 ], [ 629129.499882594915107, 5220844.950050493702292 ], [ 629129.424891068832949, 5220844.825064699165523 ], [ 629129.325336693436839, 5220844.752129551023245 ], [ 629129.316888782661408, 5220844.667084071785212 ], [ 629129.372907991637476, 5220844.58771116938442 ], [ 629129.474912942387164, 5220844.574884385801852 ], [ 629129.54159217083361, 5220844.504640056751668 ], [ 629129.649904670310207, 5220844.499884790740907 ], [ 629129.676943244296126, 5220844.264053542166948 ], [ 629129.799882929422893, 5220844.149942678399384 ], [ 629129.829931678716093, 5220843.909963645040989 ], [ 629129.899882929516025, 5220843.82494267821312 ], [ 629129.902201986056753, 5220843.645110202021897 ], [ 629129.949882929446176, 5220843.574942679144442 ], [ 629129.924934207112528, 5220843.500107725150883 ], [ 629129.827447513001971, 5220843.474999999627471 ], [ 629129.70009532966651, 5220843.500115209259093 ], [ 629129.625117404968478, 5220843.675050495192409 ], [ 629129.600114280707203, 5220843.924885720014572 ], [ 629129.672559329308569, 5220843.952867168933153 ], [ 629129.70321742980741, 5220844.020937094464898 ], [ 629129.658146961126477, 5220844.23055702354759 ], [ 629129.604028467671014, 5220844.270694033242762 ], [ 629129.50005732208956, 5220844.275117069482803 ], [ 629129.391846609534696, 5220844.4595947554335 ], [ 629129.275057321996428, 5220844.475117069669068 ], [ 629129.200115163228475, 5220844.525096262805164 ] ] ] } },
{ "type": "Feature", "properties": { "label": "vineyard", "area_m2": 0.61577527356830963 }, "geometry": { "type": "Polygon", "coordinates": [ [ [ 629131.400117404991761, 5220845.550050494261086 ], [ 629131.452210357645527, 5220845.68527786899358 ], [ 629131.425117070437409, 5220845.79994267784059 ], [ 629131.700040099211037, 5220845.924882086925209 ], [ 629131.787864870391786, 5220845.83215075545013 ], [ 629131.94994267844595, 5220845.824882930144668 ], [ 629132.04990467056632, 5220845.774884791113436 ], [ 629132.079931681160815, 5220845.634963637217879 ], [ 629132.124882929376327, 5220845.574942679144442 ], [ 629132.154640057706274, 5220845.266592170111835 ], [ 629132.249882929376327, 5220845.17494267784059 ], [ 629132.249882929376327, 5220845.07505732215941 ], [ 629132.164770140894689, 5220844.893899618647993 ], [ 629132.249885719153099, 5220844.775114280171692 ], [ 629132.126147493254393, 5220844.841325572691858 ], [ 629132.056928952108137, 5220844.808699534274638 ], [ 629132.024885719176382, 5220844.725114280357957 ], [ 629131.800114280660637, 5220844.750114280730486 ], [ 629131.700117914122529, 5220845.050040097907186 ], [ 629131.727869394002482, 5220845.219907524995506 ], [ 629131.525099069229327, 5220845.325100302696228 ], [ 629131.400117404991761, 5220845.550050494261086 ] ] ] } },
{ "type": "Feature", "properties": { "label": "vineyard", "area_m2": 0.092137426841719688 }, "geometry": { "type": "Polygon", "coordinates": [ [ [ 629134.974999999976717, 5220844.747054241597652 ], [ 629135.049913615337573, 5220844.749829302541912 ], [ 629135.24048924469389, 5220844.488851734437048 ], [ 629135.300335184670985, 5220844.474023787304759 ], [ 629135.374821836012416, 5220844.299937958829105 ], [ 629135.399840973550454, 5220843.900159027427435 ], [ 629135.325123626855202, 5220843.900159600190818 ], [ 629135.275170752312988, 5220844.000062733888626 ], [ 629135.244869186193682, 5220844.453035186044872 ], [ 629135.126975497347303, 5220844.545777666382492 ], [ 629135.050101580098271, 5220844.5501699289307 ], [ 629134.9758612687001, 5220844.624318892136216 ], [ 629134.974999999976717, 5220844.747054241597652 ] ] ] } },
{ "type": "Feature", "properties": { "label": "vineyard", "area_m2": 0.1959665438614904 }, "geometry": { "type": "Polygon", "coordinates": [ [ [ 629118.350116360117681, 5220844.949913701042533 ], [ 629118.40686704707332, 5220844.989276753738523 ], [ 629118.425114952493459, 5220845.049885046668351 ], [ 629118.54993718827609, 5220845.049882484599948 ], [ 629118.6137160055805, 5220845.003787859342992 ], [ 629118.849884074064903, 5220844.974904862232506 ], [ 629118.849881805363111, 5220844.850048957392573 ], [ 629118.76706048916094, 5220844.714673046953976 ], [ 629118.800000000046566, 5220844.622545138001442 ], [ 629118.799882486113347, 5220844.450062812305987 ], [ 629118.774937188252807, 5220844.425117515027523 ], [ 629118.725062811630778, 5220844.425117515027523 ], [ 629118.549516374012455, 5220844.629244693554938 ], [ 629118.42511592595838, 5220844.6750951372087 ], [ 629118.416278326767497, 5220844.74986628536135 ], [ 629118.350117150112055, 5220844.850070216692984 ], [ 629118.350116360117681, 5220844.949913701042533 ] ] ] } },
{ "type": "Feature", "properties": { "label": "vineyard", "area_m2": 0.64465932615107335 }, "geometry": { "type": "Polygon", "coordinates": [ [ [ 629109.47511707060039, 5220845.899942678399384 ], [ 629109.600050496286713, 5220845.974882596172392 ], [ 629109.774904670543037, 5220846.024884791113436 ], [ 629109.868006534292363, 5220845.783253727480769 ], [ 629109.999884836608544, 5220845.69990373775363 ], [ 629110.012711169547401, 5220845.422907991334796 ], [ 629110.174936963478103, 5220845.299889234825969 ], [ 629110.249882595031522, 5220845.199949504807591 ], [ 629110.238129364210181, 5220844.873143210075796 ], [ 629110.299882085877471, 5220844.674959902651608 ], [ 629110.299882929422893, 5220844.500057321973145 ], [ 629110.149942677933723, 5220844.400117069482803 ], [ 629110.000095329596661, 5220844.400115208700299 ], [ 629109.900117404991761, 5220844.550050494261086 ], [ 629109.850117914145812, 5220844.800040097907186 ], [ 629109.865778211387806, 5220844.921196824871004 ], [ 629109.775117070646957, 5220845.025057322345674 ], [ 629109.756155032198876, 5220845.28100326936692 ], [ 629109.60011707060039, 5220845.475057321600616 ], [ 629109.589215000509284, 5220845.558693926781416 ], [ 629109.47511740506161, 5220845.725050494074821 ], [ 629109.47511707060039, 5220845.899942678399384 ] ] ] } },
{ "type": "Feature", "properties": { "label": "vineyard", "area_m2": 0.74519224732157696 }, "geometry": { "type": "Polygon", "coordinates": [ [ [ 629118.400114952470176, 5220843.850114952772856 ], [ 629118.400117513956502, 5220844.074937188997865 ], [ 629118.475062811747193, 5220844.174882484599948 ], [ 629118.54993718827609, 5220844.174882484599948 ], [ 629118.686744630220346, 5220844.09186055790633 ], [ 629118.782458930974826, 5220844.134404960088432 ], [ 629118.80279696395155, 5220844.266998214647174 ], [ 629118.725115925888531, 5220844.350095137022436 ], [ 629118.725115925888531, 5220844.424904862418771 ], [ 629118.799885047599673, 5220844.44988504704088 ], [ 629118.799117561429739, 5220844.298376814462245 ], [ 629118.899881805526093, 5220844.174951042048633 ], [ 629118.911095164483413, 5220844.054218669421971 ], [ 629119.049882486113347, 5220843.949937188997865 ], [ 629119.049885047599673, 5220843.80011495295912 ], [ 629118.963310539838858, 5220843.787635172717273 ], [ 629118.914945893455297, 5220843.726107620634139 ], [ 629118.944008723599836, 5220843.601505887694657 ], [ 629119.019422709825449, 5220843.561196272261441 ], [ 629119.202454879065044, 5220843.599999999627471 ], [ 629119.374937188229524, 5220843.599882484413683 ], [ 629119.399882486090064, 5220843.574937188997865 ], [ 629119.374882486066781, 5220843.400062812492251 ], [ 629119.237713523674756, 5220843.252093107439578 ], [ 629119.224885047529824, 5220843.150114953517914 ], [ 629118.849957596394233, 5220843.000118517316878 ], [ 629118.75211791577749, 5220843.03685250505805 ], [ 629118.575095137464814, 5220843.000115927308798 ], [ 629118.475118516478688, 5220843.300042404793203 ], [ 629118.498196386964992, 5220843.768906866200268 ], [ 629118.465549285174347, 5220843.825520138256252 ], [ 629118.400114952470176, 5220843.850114952772856 ] ] ] } },
{ "type": "Feature", "properties": { "label": "vineyard", "area_m2": 0.32389663727164542 }, "geometry": { "type": "Polygon", "coordinates": [ [ [ 629140.150114280753769, 5220845.399885719642043 ], [ 629140.299949505017139, 5220845.399882595986128 ], [ 629140.399884836748242, 5220845.349903737194836 ], [ 629140.415847478318028, 5220845.245978216640651 ], [ 629140.524892273708247, 5220845.174934208393097 ], [ 629140.624882595031522, 5220845.024949504993856 ], [ 629140.624882594915107, 5220844.700050493702292 ], [ 629140.552201984799467, 5220844.579889792017639 ], [ 629140.54988571931608, 5220844.400114280171692 ], [ 629140.374949503922835, 5220844.325117403641343 ], [ 629140.32511428068392, 5220844.325114279985428 ], [ 629140.300117914099246, 5220844.400040098465979 ], [ 629140.312441990361549, 5220844.66464376449585 ], [ 629140.266800973098725, 5220844.892955785617232 ], [ 629140.175117404898629, 5220845.000050494447351 ], [ 629140.196877656504512, 5220845.192445071414113 ], [ 629140.150117070646957, 5220845.275057322345674 ], [ 629140.150114280753769, 5220845.399885719642043 ] ] ] } },
{ "type": "Feature", "properties": { "label": "vineyard", "area_m2": 0.18222061691843611 }, "geometry": { "type": "Polygon", "coordinates": [ [ [ 629115.325117514003068, 5220844.57493718713522 ], [ 629115.455736509757116, 5220844.706972920335829 ], [ 629115.475117513909936, 5220844.799937187694013 ], [ 629115.550062811817043, 5220844.874882484786212 ], [ 629115.599904862348922, 5220844.874884072691202 ], [ 629115.82488248613663, 5220844.574937188997865 ], [ 629115.82488248613663, 5220844.475062810815871 ], [ 629115.774904862628318, 5220844.400115927681327 ], [ 629115.624951041652821, 5220844.325118195265532 ], [ 629115.500062811770476, 5220844.325117515400052 ], [ 629115.428434073459357, 5220844.389596625231206 ], [ 629115.35011495242361, 5220844.400114953517914 ], [ 629115.325117514003068, 5220844.57493718713522 ] ] ] } },
{ "type": "Feature", "properties": { "label": "vineyard", "area_m2": 0.28037324786693174 }, "geometry": { "type": "Polygon", "coordinates": [ [ [ 629121.125046856701374, 5220843.777303172275424 ], [ 629121.193353957030922, 5220843.674256978556514 ], [ 629121.22559763584286, 5220843.459157770499587 ], [ 629121.283762740320526, 5220843.320730539038777 ], [ 629121.436799090122804, 5220843.140354441478848 ], [ 629121.65549225488212, 5220843.04733026213944 ], [ 629121.755754085956141, 5220843.083592191338539 ], [ 629121.785523617407307, 5220843.328364135697484 ], [ 629121.773655943339691, 5220843.347139939665794 ], [ 629121.69062003470026, 5220843.407360536046326 ], [ 629121.643629919621162, 5220843.457494113594294 ], [ 629121.585920086596161, 5220843.597213692963123 ], [ 629121.740370161249302, 5220843.921836574561894 ], [ 629121.524337573675439, 5220844.030789234675467 ], [ 629121.437767742550932, 5220844.016776485368609 ], [ 629121.354779639048502, 5220844.058409074321389 ], [ 629121.12504747370258, 5220844.072595022618771 ], [ 629121.200097125954926, 5220844.149830535985529 ], [ 629121.308792575844564, 5220844.13100397773087 ], [ 629121.495059196837246, 5220844.241388904862106 ], [ 629121.511107554659247, 5220844.278323421254754 ], [ 629121.475157901761122, 5220844.374924583360553 ], [ 629121.59985329117626, 5220844.424838388338685 ], [ 629121.698536683572456, 5220844.203421205282211 ], [ 629121.774842101964168, 5220844.124924584291875 ], [ 629121.79997605655808, 5220843.823041334748268 ], [ 629121.799418466398492, 5220843.749122653156519 ], [ 629121.6383734238334, 5220843.480088266544044 ], [ 629121.750455352361314, 5220843.376608091406524 ], [ 629122.224841622519307, 5220843.349841623567045 ], [ 629122.224841622635722, 5220843.300158376805484 ], [ 629122.052195881144144, 5220843.27473472058773 ], [ 629121.824914154713042, 5220843.100160322152078 ], [ 629121.574936410645023, 5220843.000177428126335 ], [ 629121.500140134943649, 5220843.00015835557133 ], [ 629121.225514285964891, 5220843.399256667122245 ], [ 629121.125046856701374, 5220843.777303172275424 ] ] ] } },
{ "type": "Feature", "properties": { "label": "vineyard", "area_m2": 0.5923972841375944 }, "geometry": { "type": "Polygon", "coordinates": [ [ [ 629106.600115288631059, 5220845.374906297773123 ], [ 629106.669308855896816, 5220845.429987821727991 ], [ 629106.675115208839998, 5220845.549904668703675 ], [ 629106.79988571931608, 5220845.574885719455779 ], [ 629106.81685303885024, 5220845.444442976266146 ], [ 629106.924942678073421, 5220845.399882930330932 ], [ 629106.999883437645622, 5220845.274932301603258 ], [ 629107.000552020152099, 5220845.105487179011106 ], [ 629107.030876154196449, 5220845.040813683532178 ], [ 629107.083726401790045, 5220845.003928475081921 ], [ 629107.17488571931608, 5220844.999885719269514 ], [ 629107.218320346437395, 5220844.876827179454267 ], [ 629107.324885719339363, 5220844.849885719828308 ], [ 629107.327201985986903, 5220844.595110203139484 ], [ 629107.399882085737772, 5220844.399959902279079 ], [ 629107.403928475570865, 5220844.158726401627064 ], [ 629107.449883437715471, 5220844.0999323008582 ], [ 629107.449882929446176, 5220843.975057320669293 ], [ 629107.424934210255742, 5220843.950107728131115 ], [ 629107.250114280846901, 5220843.925114280544221 ], [ 629107.227301045320928, 5220844.038439327850938 ], [ 629107.169509032275528, 5220844.073078528046608 ], [ 629107.075095329899341, 5220844.075115208514035 ], [ 629107.037288830499165, 5220844.202092008665204 ], [ 629106.950117070577107, 5220844.275057321414351 ], [ 629107.00602256716229, 5220844.536572262644768 ], [ 629106.700117070577107, 5220844.900057321414351 ], [ 629106.719000566517934, 5220845.086808230727911 ], [ 629106.600117404945195, 5220845.300050494261086 ], [ 629106.600115288631059, 5220845.374906297773123 ] ] ] } },
{ "type": "Feature", "properties": { "label": "vineyard", "area_m2": 0.28546390820836531 }, "geometry": { "type": "Polygon", "coordinates": [ [ [ 629140.349999999976717, 5220844.322054240852594 ], [ 629140.574937245924957, 5220844.424829189665616 ], [ 629140.624845105805434, 5220844.399873722344637 ], [ 629140.698229788453318, 5220844.256802495568991 ], [ 629140.799879031488672, 5220844.224840675480664 ], [ 629140.874839621945284, 5220844.12491884175688 ], [ 629140.899840528378263, 5220843.950048175640404 ], [ 629140.828079244471155, 5220843.679672879166901 ], [ 629140.974831377156079, 5220843.499871793203056 ], [ 629140.97482929576654, 5220843.350086390972137 ], [ 629140.949913609889336, 5220843.325170706026256 ], [ 629140.800159604055807, 5220843.350123630836606 ], [ 629140.773838760447688, 5220843.602258777245879 ], [ 629140.725800450425595, 5220843.796625996939838 ], [ 629140.677348577766679, 5220843.87130369618535 ], [ 629140.478105929680169, 5220843.997377825900912 ], [ 629140.350159026449546, 5220844.000159027054906 ], [ 629140.349999999976717, 5220844.322054240852594 ] ] ] } },
{ "type": "Feature", "properties": { "label": "vineyard", "area_m2": 0.057062653054256125 }, "geometry": { "type": "Polygon", "coordinates": [ [ [ 629126.800114952493459, 5220843.974885046482086 ], [ 629126.874904862605035, 5220843.974884072318673 ], [ 629126.949893628014252, 5220843.874928924255073 ], [ 629127.024881805526093, 5220843.699951042421162 ], [ 629127.02488504757639, 5220843.575114953331649 ], [ 629126.900115925935097, 5220843.600095137022436 ], [ 629126.825103001669049, 5220843.725084531120956 ], [ 629126.800114952493459, 5220843.974885046482086 ] ] ] } },
{ "type": "Feature", "properties": { "label": "vineyard", "area_m2": 0.56119372175346138 }, "geometry": { "type": "Polygon", "coordinates": [ [ [ 629132.000114280846901, 5220844.175114280544221 ], [ 629132.000117070740089, 5220844.374942678958178 ], [ 629132.186501882504672, 5220844.640806059353054 ], [ 629132.200117070577107, 5220844.749942678026855 ], [ 629132.25005732208956, 5220844.799882930703461 ], [ 629132.299942677957006, 5220844.799882930703461 ], [ 629132.325000000069849, 5220844.772552486509085 ], [ 629132.306948180194013, 5220844.324855434708297 ], [ 629132.365806039655581, 5220844.263498128391802 ], [ 629132.599935300764628, 5220844.174891068600118 ], [ 629132.699892273987643, 5220844.074934208765626 ], [ 629132.749882594915107, 5220843.974949506111443 ], [ 629132.739064372610301, 5220843.888254108838737 ], [ 629132.774884772952646, 5220843.824905040673912 ], [ 629132.799884791020304, 5220843.600095328874886 ], [ 629132.452447513001971, 5220843.474999999627471 ], [ 629132.354046161053702, 5220843.563415326178074 ], [ 629132.200064700795338, 5220843.625108930282295 ], [ 629132.050117404898629, 5220843.825050494633615 ], [ 629132.050117404898629, 5220843.949949505738914 ], [ 629132.099547988385893, 5220844.084497263655066 ], [ 629132.065543044242077, 5220844.150525554083288 ], [ 629132.000114280846901, 5220844.175114280544221 ] ] ] } },
{ "type": "Feature", "properties": { "label": "vineyard", "area_m2": 0.23720732895650629 }, "geometry": { "type": "Polygon", "coordinates": [ [ [ 629143.325118194683455, 5220844.199951042421162 ], [ 629143.400095137418248, 5220844.324884072877467 ], [ 629143.477454878971912, 5220844.349999999627471 ], [ 629143.599882486043498, 5220844.32493718713522 ], [ 629143.604937781230547, 5220844.034943086095154 ], [ 629143.679289321880788, 5220843.879289321601391 ], [ 629143.799882486113347, 5220843.824937188997865 ], [ 629143.776751262950711, 5220843.667844793759286 ], [ 629143.849884074064903, 5220843.500095137394965 ], [ 629143.675095137441531, 5220843.450115927495062 ], [ 629143.580197847564705, 5220843.574896502308547 ], [ 629143.500106372055598, 5220843.625071075744927 ], [ 629143.425118194660172, 5220843.775048958137631 ], [ 629143.416278326767497, 5220843.899866284802556 ], [ 629143.350117150112055, 5220844.000070217065513 ], [ 629143.325118194683455, 5220844.199951042421162 ] ] ] } },
{ "type": "Feature", "properties": { "label": "vineyard", "area_m2": 0.1511129606032085 }, "geometry": { "type": "Polygon", "coordinates": [ [ [ 629104.224999999976717, 5220843.522054241970181 ], [ 629104.299860826227814, 5220843.524835605174303 ], [ 629104.499840395990759, 5220843.324876368977129 ], [ 629104.503066587727517, 5220842.933884342201054 ], [ 629104.674846692127176, 5220842.824895095080137 ], [ 629104.704705962212756, 5220842.697914605028927 ], [ 629104.824830583645962, 5220842.549864077009261 ], [ 629104.82484097359702, 5220842.475159026682377 ], [ 629104.650159026496112, 5220842.475159026682377 ], [ 629104.646512414910831, 5220842.555730843916535 ], [ 629104.541169543168508, 5220842.736250147223473 ], [ 629104.425156294601038, 5220842.750162934884429 ], [ 629104.373277050326578, 5220843.340228642337024 ], [ 629104.225156397558749, 5220843.450138435699046 ], [ 629104.224999999976717, 5220843.522054241970181 ] ] ] } },
{ "type": "Feature", "properties": { "label": "vineyard", "area_m2": 0.36219167102404626 }, "geometry": { "type": "Polygon", "coordinates": [ [ [ 629112.803134645917453, 5220844.300661012530327 ], [ 629112.9750424035592, 5220844.374881482683122 ], [ 629113.062308886903338, 5220844.364153767935932 ], [ 629113.127454878995195, 5220844.400000000372529 ], [ 629113.224913701997139, 5220844.399883639067411 ], [ 629113.2679074537009, 5220844.340702745132148 ], [ 629113.349885047529824, 5220844.32488504704088 ], [ 629113.354640929377638, 5220844.216592522338033 ], [ 629113.424883639905602, 5220844.149913701228797 ], [ 629113.424885047599673, 5220844.075114953331649 ], [ 629113.319119978696108, 5220844.044544264674187 ], [ 629113.296484141028486, 5220843.942275634966791 ], [ 629113.349882486043498, 5220843.874937187880278 ], [ 629113.379289321834221, 5220843.729289322160184 ], [ 629113.549884074134752, 5220843.674904862418771 ], [ 629113.549881483544596, 5220843.600042404606938 ], [ 629113.474884074064903, 5220843.4250951372087 ], [ 629113.325114952516742, 5220843.375114953145385 ], [ 629113.303645521285944, 5220843.486764731816947 ], [ 629113.225062811747193, 5220843.525117515586317 ], [ 629113.05011676682625, 5220843.725078020244837 ], [ 629113.045062218792737, 5220843.865056914277375 ], [ 629112.975118194473907, 5220843.975048957392573 ], [ 629112.916278326767497, 5220844.174866285175085 ], [ 629112.803134645917453, 5220844.300661012530327 ] ] ] } },
{ "type": "Feature", "properties": { "label": "vineyard", "area_m2": 0.22137433540874307 }, "geometry": { "type": "Polygon", "coordinates": [ [ [ 629107.250114952446893, 5220843.350114952772856 ], [ 629107.250114952446893, 5220843.424885046668351 ], [ 629107.315549285151064, 5220843.449479861184955 ], [ 629107.349548075580969, 5220843.51550364959985 ], [ 629107.300114952493459, 5220843.924885046668351 ], [ 629107.449885047622956, 5220843.974885046482086 ], [ 629107.460778112057596, 5220843.866317390464246 ], [ 629107.599881805363111, 5220843.674951042048633 ], [ 629107.599882849841379, 5220843.575070217251778 ], [ 629107.550000000046566, 5220843.465978140942752 ], [ 629107.599881805479527, 5220843.349951041862369 ], [ 629107.604937781230547, 5220843.184943086467683 ], [ 629107.728003419819288, 5220843.027333967387676 ], [ 629107.799885047599673, 5220842.999885046854615 ], [ 629107.799884074134752, 5220842.9250951372087 ], [ 629107.677454879041761, 5220842.900000000372529 ], [ 629107.60011495242361, 5220842.92511495295912 ], [ 629107.584604516276158, 5220843.016833409667015 ], [ 629107.42511676682625, 5220843.20007802080363 ], [ 629107.402301045367494, 5220843.313439328223467 ], [ 629107.344509032322094, 5220843.348078528419137 ], [ 629107.250114952446893, 5220843.350114952772856 ] ] ] } },
{ "type": "Feature", "properties": { "label": "vineyard", "area_m2": 0.16798379412221398 }, "geometry": { "type": "Polygon", "coordinates": [ [ [ 629124.000159599236213, 5220843.475123626179993 ], [ 629124.025130657129921, 5220843.624870261177421 ], [ 629124.150051865261048, 5220843.674841234460473 ], [ 629124.274951835162938, 5220843.674840540625155 ], [ 629124.39907860965468, 5220843.625311845913529 ], [ 629124.449841234949417, 5220843.499948135577142 ], [ 629124.455361512489617, 5220843.275433574803174 ], [ 629124.687270352733321, 5220843.087632863782346 ], [ 629124.775081442319788, 5220843.124826003797352 ], [ 629124.898886339389719, 5220843.124934109859169 ], [ 629124.924840396037325, 5220843.0751236313954 ], [ 629124.700159026542678, 5220843.000159027054906 ], [ 629124.688391990610398, 5220843.079463324509561 ], [ 629124.406869081081823, 5220843.270201625302434 ], [ 629124.225086375023238, 5220843.275170682929456 ], [ 629124.000159599236213, 5220843.475123626179993 ] ] ] } },
{ "type": "Feature", "properties": { "label": "vineyard", "area_m2": 0.27451872245264441 }, "geometry": { "type": "Polygon", "coordinates": [ [ [ 629132.5, 5220843.497054241597652 ], [ 629132.849840973503888, 5220843.624840972945094 ], [ 629132.849839004455134, 5220843.52508310880512 ], [ 629132.800218504038639, 5220843.431995462626219 ], [ 629132.800790386041626, 5220842.911312587559223 ], [ 629132.930030758259818, 5220842.81440794467926 ], [ 629133.015920418081805, 5220842.891192810609937 ], [ 629133.050086389528587, 5220842.974829292856157 ], [ 629133.124840973527171, 5220842.974840972572565 ], [ 629133.099023795919493, 5220842.424664818681777 ], [ 629132.900123631116003, 5220842.400159606710076 ], [ 629132.800375229213387, 5220842.597590253688395 ], [ 629132.674637991818599, 5220842.701021920889616 ], [ 629132.625169716775417, 5220842.80008399579674 ], [ 629132.625356413773261, 5220842.87590862903744 ], [ 629132.650151743437164, 5220842.974840231239796 ], [ 629132.79282197158318, 5220842.996144129894674 ], [ 629132.796776532195508, 5220843.192803612910211 ], [ 629132.72511867468711, 5220843.225157433189452 ], [ 629132.500159604009241, 5220843.4501236313954 ], [ 629132.5, 5220843.497054241597652 ] ] ] } },
{ "type": "Feature", "properties": { "label": "vineyard", "area_m2": 0.44359574147380681 }, "geometry": { "type": "Polygon", "coordinates": [ [ [ 629134.950000000069849, 5220842.797054240480065 ], [ 629135.00009611225687, 5220842.849842417985201 ], [ 629135.073894642177038, 5220842.849933701567352 ], [ 629135.24983835616149, 5220842.774849630892277 ], [ 629135.134438019129448, 5220842.278337826952338 ], [ 629135.317225668812171, 5220842.131077004596591 ], [ 629135.399876371957362, 5220842.12484039645642 ], [ 629135.456931651569903, 5220842.027216151356697 ], [ 629135.495926171191968, 5220842.013395955786109 ], [ 629135.740971043123864, 5220842.162160092033446 ], [ 629135.725060520344414, 5220842.373777057975531 ], [ 629135.772540805977769, 5220842.548905992880464 ], [ 629135.650167434243485, 5220842.800128699280322 ], [ 629135.65016293420922, 5220842.924843705259264 ], [ 629135.849840973503888, 5220842.949840973131359 ], [ 629135.874179795384407, 5220842.560374688357115 ], [ 629136.099842737428844, 5220842.024885405786335 ], [ 629136.099840973503888, 5220841.800159026868641 ], [ 629136.000088851666078, 5220841.800173641182482 ], [ 629135.925156965502538, 5220841.850128183141351 ], [ 629135.89881722163409, 5220842.001480598002672 ], [ 629135.825754474150017, 5220842.098041174001992 ], [ 629135.761669263592921, 5220842.119208304211497 ], [ 629135.491568714031018, 5220841.994909826666117 ], [ 629135.548990714363754, 5220841.80264098290354 ], [ 629135.625, 5220841.672054241411388 ], [ 629135.624840973527171, 5220841.600159026682377 ], [ 629135.500119267846458, 5220841.600161372683942 ], [ 629135.30017077177763, 5220841.950062738731503 ], [ 629135.293825284345075, 5220842.10092309396714 ], [ 629135.075165938120335, 5220842.300093994475901 ], [ 629134.950178164173849, 5220842.625062041915953 ], [ 629134.950000000069849, 5220842.797054240480065 ] ] ] } },
{ "type": "Feature", "properties": { "label": "vineyard", "area_m2": 0.33976915520391565 }, "geometry": { "type": "Polygon", "coordinates": [ [ [ 629098.37511819449719, 5220841.850048957392573 ], [ 629098.421881846967153, 5220842.182593232020736 ], [ 629098.400000000023283, 5220842.372545138001442 ], [ 629098.435906031518243, 5220842.438093266449869 ], [ 629098.425000000046566, 5220842.747545138001442 ], [ 629098.450095137464814, 5220842.799884072504938 ], [ 629098.524882486090064, 5220842.749937187880278 ], [ 629098.514945892733522, 5220842.573892380110919 ], [ 629098.59151037922129, 5220842.502013747580349 ], [ 629098.722531093051657, 5220842.527843053452671 ], [ 629098.75236088829115, 5220842.58634995110333 ], [ 629098.750114952446893, 5220842.724885046482086 ], [ 629098.824904862674884, 5220842.724884072318673 ], [ 629098.874882486066781, 5220842.649937189184129 ], [ 629098.874885047553107, 5220842.575114953331649 ], [ 629098.795971532235853, 5220842.57069403398782 ], [ 629098.741853038780391, 5220842.530557024292648 ], [ 629098.741853038780391, 5220842.369442976079881 ], [ 629098.795971532235853, 5220842.329305966384709 ], [ 629098.899937188252807, 5220842.324882484972477 ], [ 629098.967907453770749, 5220842.240702744573355 ], [ 629099.199900698149577, 5220842.149900699034333 ], [ 629099.24988180550281, 5220842.049951042048633 ], [ 629099.224937188206241, 5220842.000117515213788 ], [ 629099.125062811770476, 5220841.975117514841259 ], [ 629099.011283994535916, 5220842.071212140843272 ], [ 629098.801511517376639, 5220842.082382386550307 ], [ 629098.682844104478136, 5220841.999095113016665 ], [ 629098.597200901829638, 5220841.882071793079376 ], [ 629098.599885047529824, 5220841.750114953145385 ], [ 629098.474951041629538, 5220841.700118195265532 ], [ 629098.450095137464814, 5220841.700115927495062 ], [ 629098.37511819449719, 5220841.850048957392573 ] ], [ [ 629098.474880272755399, 5220842.250017760321498 ], [ 629098.495897915330715, 5220842.159780584275723 ], [ 629098.575000000069849, 5220842.125 ], [ 629098.6564036331838, 5220842.16691860370338 ], [ 629098.678758858353831, 5220842.257231933996081 ], [ 629098.646035214769654, 5220842.326420276425779 ], [ 629098.570867513306439, 5220842.353211463429034 ], [ 629098.502843057620339, 5220842.322531096637249 ], [ 629098.474880272755399, 5220842.250017760321498 ] ] ] } },
{ "type": "Feature", "properties": { "label": "vineyard", "area_m2": 0.23019232081275859 }, "geometry": { "type": "Polygon", "coordinates": [ [ [ 629115.900118194636889, 5220843.099951041862369 ], [ 629115.950095137464814, 5220843.199884072877467 ], [ 629115.997545121004805, 5220843.200000000186265 ], [ 629116.096590067376383, 5220843.148598978295922 ], [ 629116.249951042118482, 5220843.149881804361939 ], [ 629116.349884074064903, 5220843.099904862232506 ], [ 629116.37488180550281, 5220842.850048957392573 ], [ 629116.299893627758138, 5220842.67507107462734 ], [ 629116.224928923533298, 5220842.600106370635331 ], [ 629116.099957596394233, 5220842.550118517130613 ], [ 629116.000117513933219, 5220842.575062812305987 ], [ 629115.950118194683455, 5220842.725048957392573 ], [ 629115.960846236906946, 5220842.862308858893812 ], [ 629115.900118516525254, 5220843.000042404979467 ], [ 629115.900118194636889, 5220843.099951041862369 ] ] ] } },
{ "type": "Feature", "properties": { "label": "vineyard", "area_m2": 0.27613755083550506 }, "geometry": { "type": "Polygon", "coordinates": [ [ [ 629129.85011707060039, 5220843.474942678585649 ], [ 629129.925050495192409, 5220843.524882595986128 ], [ 629129.999885719269514, 5220843.524885719642043 ], [ 629130.083710968843661, 5220843.250159505754709 ], [ 629130.14988259493839, 5220843.149949505925179 ], [ 629130.183710968820378, 5220842.97515950538218 ], [ 629130.27488292939961, 5220842.874942678026855 ], [ 629130.300000000046566, 5220842.797552487812936 ], [ 629130.29988571931608, 5220842.300114280544221 ], [ 629130.225114280707203, 5220842.300114280544221 ], [ 629130.205759703763761, 5220842.392993470653892 ], [ 629130.043755018850788, 5220842.575601855292916 ], [ 629129.925114280660637, 5220842.600114280357957 ], [ 629129.925114829209633, 5220842.674896917305887 ], [ 629129.987147545092739, 5220842.707057824358344 ], [ 629130.036845447029918, 5220842.807589498348534 ], [ 629129.991289030644111, 5220842.9498404962942 ], [ 629129.900117070646957, 5220843.07505732215941 ], [ 629129.850117404945195, 5220843.250050494447351 ], [ 629129.85011707060039, 5220843.474942678585649 ] ] ] } },
{ "type": "Feature", "properties": { "label": "vineyard", "area_m2": 0.7223989512987179 }, "geometry": { "type": "Polygon", "coordinates": [ [ [ 629124.275117404991761, 5220842.649949504993856 ], [ 629124.350096262176521, 5220842.799884838052094 ], [ 629124.524944636155851, 5220842.799882834777236 ], [ 629124.594939272967167, 5220842.76610813755542 ], [ 629124.666901463642716, 5220842.791655077598989 ], [ 629124.699323488865048, 5220842.851671794429421 ], [ 629124.700115208979696, 5220842.999904670752585 ], [ 629124.925050496123731, 5220843.099882596172392 ], [ 629124.999892273684964, 5220843.049934207461774 ], [ 629125.049882085877471, 5220842.924959902651608 ], [ 629125.05220198596362, 5220842.74511020258069 ], [ 629125.124882595031522, 5220842.574949504807591 ], [ 629125.114464894286357, 5220842.475749860517681 ], [ 629125.200000000069849, 5220842.372552487999201 ], [ 629125.174882595078088, 5220842.125050494447351 ], [ 629125.003928475663997, 5220841.941273598000407 ], [ 629125.024885719292797, 5220841.700114279985428 ], [ 629124.900057322112843, 5220841.700117069296539 ], [ 629124.650099068880081, 5220841.850100302137434 ], [ 629124.575117070577107, 5220841.950057321228087 ], [ 629124.574999999953434, 5220841.997552487999201 ], [ 629124.640813257545233, 5220842.073672500438988 ], [ 629124.672798014013097, 5220842.195110202766955 ], [ 629124.663707720930688, 5220842.359682108275592 ], [ 629124.615705183590762, 5220842.404860505834222 ], [ 629124.550014895852655, 5220842.410348428413272 ], [ 629124.474894382292405, 5220842.325097735971212 ], [ 629124.400114280870184, 5220842.300114280544221 ], [ 629124.367155169835314, 5220842.374095770530403 ], [ 629124.300114280660637, 5220842.400114280171692 ], [ 629124.275117404991761, 5220842.649949504993856 ] ] ] } },
{ "type": "Feature", "properties": { "label": "vineyard", "area_m2": 0.41529554163988502 }, "geometry": { "type": "Polygon", "coordinates": [ [ [ 629113.325117514003068, 5220843.374937187880278 ], [ 629113.474937188206241, 5220843.424882484599948 ], [ 629113.571565926657058, 5220843.310403374955058 ], [ 629113.724885047529824, 5220843.299885046668351 ], [ 629113.733721673255786, 5220843.075133714824915 ], [ 629113.800483626080677, 5220842.995755306445062 ], [ 629113.874885047553107, 5220842.974885046482086 ], [ 629113.849882486043498, 5220842.650062813423574 ], [ 629113.811549984849989, 5220842.544777076691389 ], [ 629114.024884074111469, 5220842.3000951372087 ], [ 629113.8999575964408, 5220842.250118517316878 ], [ 629113.700062811840326, 5220842.275117515586317 ], [ 629113.645710678189062, 5220842.420710678212345 ], [ 629113.525114952470176, 5220842.450114953331649 ], [ 629113.475117513909936, 5220842.550062811002135 ], [ 629113.470062219072133, 5220842.765056911855936 ], [ 629113.400117513956502, 5220842.850062810815871 ], [ 629113.325117514003068, 5220843.374937187880278 ] ] ] } },
{ "type": "Feature", "properties": { "label": "vineyard", "area_m2": 0.7972283131993535 }, "geometry": { "type": "Polygon", "coordinates": [ [ [ 629098.474999999976717, 5220841.722054241225123 ], [ 629098.525062752654776, 5220841.749829188920557 ], [ 629098.71439502784051, 5220841.753173020668328 ], [ 629099.227945770602673, 5220842.025000000372529 ], [ 629099.274840973550454, 5220842.024840973317623 ], [ 629099.274839622084983, 5220841.925145304761827 ], [ 629099.135032707941718, 5220841.791709288023412 ], [ 629099.20143261749763, 5220841.65139941778034 ], [ 629099.316515296814032, 5220841.607147837989032 ], [ 629099.450145304901525, 5220841.749839621596038 ], [ 629099.549829295836389, 5220841.724913609214127 ], [ 629099.549840253312141, 5220841.650151715613902 ], [ 629099.354915807489306, 5220841.544627440162003 ], [ 629099.350180551642552, 5220841.369253655895591 ], [ 629099.524872477748431, 5220841.24984731990844 ], [ 629099.549417868140154, 5220841.200878529809415 ], [ 629099.599833337240852, 5220840.850137545727193 ], [ 629099.48156503320206, 5220840.728182069957256 ], [ 629099.47482859052252, 5220840.625133571214974 ], [ 629099.374861498596147, 5220840.4751564739272 ], [ 629099.300066770636477, 5220840.476095715537667 ], [ 629099.300166335888207, 5220840.574895243160427 ], [ 629099.360280463472009, 5220840.654022074304521 ], [ 629099.355904257157817, 5220840.696202356368303 ], [ 629099.267394115333445, 5220840.798178951255977 ], [ 629099.05014708568342, 5220840.775158978067338 ], [ 629098.861382666160353, 5220841.252272362820804 ], [ 629098.675123631139286, 5220841.250159606337547 ], [ 629098.646530906786211, 5220841.434934331104159 ], [ 629098.500127643463202, 5220841.600140341557562 ], [ 629098.474999999976717, 5220841.722054241225123 ] ] ] } },
{ "type": "Feature", "properties": { "label": "vineyard", "area_m2": 0.56080086855109312 }, "geometry": { "type": "Polygon", "coordinates": [ [ [ 629143.700117514003068, 5220843.225062812678516 ], [ 629143.700117514003068, 5220843.44993718713522 ], [ 629143.850048957858235, 5220843.524881804361939 ], [ 629143.999904862605035, 5220843.524884073063731 ], [ 629144.049881805549376, 5220843.424951042048633 ], [ 629144.054937781300396, 5220843.109943086281419 ], [ 629144.110636265831999, 5220843.038278101012111 ], [ 629144.224882486043498, 5220842.999937187880278 ], [ 629144.25493778125383, 5220842.759943085722625 ], [ 629144.362555906525813, 5220842.566411785781384 ], [ 629144.541317390976474, 5220842.4107781117782 ], [ 629144.674885047599673, 5220842.399885047227144 ], [ 629144.67488180543296, 5220842.275048958137631 ], [ 629144.604080047807656, 5220842.127173048444092 ], [ 629144.625, 5220842.002454861998558 ], [ 629144.599928923533298, 5220841.975106370635331 ], [ 629144.375095137394965, 5220841.900115927681327 ], [ 629144.142070162110031, 5220842.424933448433876 ], [ 629144.050106372102164, 5220842.525071076117456 ], [ 629143.700117514003068, 5220843.225062812678516 ] ] ] } },
{ "type": "Feature", "properties": { "label": "vineyard", "area_m2": 0.71102321096940069 }, "geometry": { "type": "Polygon", "coordinates": [ [ [ 629118.725169589859433, 5220842.775081062689424 ], [ 629118.850144824595191, 5220843.024852538481355 ], [ 629119.225051865214482, 5220843.174841234460473 ], [ 629119.599068331182934, 5220842.975395617075264 ], [ 629119.603036026703194, 5220842.701255518943071 ], [ 629119.824403618695214, 5220842.400703192688525 ], [ 629119.853540145908482, 5220842.270533408969641 ], [ 629120.049846692127176, 5220842.024895096197724 ], [ 629120.074829295859672, 5220841.900086390785873 ], [ 629120.025091805960983, 5220841.875169349834323 ], [ 629119.775141028687358, 5220842.000156690366566 ], [ 629119.628382242284715, 5220842.171810776926577 ], [ 629119.584790058084764, 5220842.180485396645963 ], [ 629119.240399947972037, 5220841.839392567053437 ], [ 629119.249840973527171, 5220841.57515902724117 ], [ 629119.175139076542109, 5220841.57516039069742 ], [ 629119.050170696456917, 5220841.79991361591965 ], [ 629119.125062735518441, 5220841.849829233251512 ], [ 629119.208955963375047, 5220841.859807034954429 ], [ 629119.563569861697033, 5220842.238845002837479 ], [ 629119.507726514828391, 5220842.502209802158177 ], [ 629119.206432410748675, 5220842.573212625458837 ], [ 629118.974937267368659, 5220842.450170753523707 ], [ 629118.900086376117542, 5220842.450170682743192 ], [ 629118.80017603514716, 5220842.575092785060406 ], [ 629118.725169589859433, 5220842.775081062689424 ] ] ] } },
{ "type": "Feature", "properties": { "label": "vineyard", "area_m2": 0.50890982794935924 }, "geometry": { "type": "Polygon", "coordinates": [ [ [ 629140.95011428068392, 5220843.199885719455779 ], [ 629141.010721618193202, 5220843.21812962833792 ], [ 629141.050087057636119, 5220843.274884385988116 ], [ 629141.274885719292797, 5220843.224885719828308 ], [ 629141.311584672192112, 5220843.095953840762377 ], [ 629141.424892273847945, 5220842.999934207648039 ], [ 629141.499882929259911, 5220842.874942678958178 ], [ 629141.512711165472865, 5220842.722907999530435 ], [ 629141.649882929516025, 5220842.57494267821312 ], [ 629141.675000000046566, 5220842.497552487999201 ], [ 629141.650573248625733, 5220842.282261032611132 ], [ 629141.849882929353043, 5220842.124942678958178 ], [ 629141.849884790950455, 5220842.025095328688622 ], [ 629141.475095329689793, 5220841.875115209259093 ], [ 629141.393755017779768, 5220842.05060185585171 ], [ 629141.200115163228475, 5220842.125096261501312 ], [ 629141.200117070460692, 5220842.19994267821312 ], [ 629141.298247599974275, 5220842.317841086536646 ], [ 629141.301659695454873, 5220842.577375940978527 ], [ 629141.175601854221895, 5220842.768755020573735 ], [ 629141.125115614151582, 5220842.800087057985365 ], [ 629141.116289030644111, 5220842.899840496480465 ], [ 629141.000107726198621, 5220843.050065791234374 ], [ 629140.95011428068392, 5220843.199885719455779 ] ] ] } },
{ "type": "Feature", "properties": { "label": "vineyard", "area_m2": 0.78211071522384867 }, "geometry": { "type": "Polygon", "coordinates": [ [ [ 629119.525170696433634, 5220841.449913616292179 ], [ 629119.725141878123395, 5220841.724836282432079 ], [ 629119.825837161159143, 5220841.72855490539223 ], [ 629120.05008639045991, 5220841.899829294532537 ], [ 629120.099840973503888, 5220841.899840973317623 ], [ 629120.003684432362206, 5220841.607448317110538 ], [ 629120.050000000046566, 5220841.472054241225123 ], [ 629120.007578181102872, 5220841.285499337129295 ], [ 629120.136785930371843, 5220841.037067538127303 ], [ 629120.249922883580439, 5220841.024835373274982 ], [ 629120.499043549643829, 5220840.875390042550862 ], [ 629120.499840973527171, 5220840.800159026868641 ], [ 629120.419471276458353, 5220840.796762501820922 ], [ 629120.170599536155351, 5220840.65896986797452 ], [ 629120.124895093264058, 5220840.550153305754066 ], [ 629119.950496404781006, 5220840.475336340256035 ], [ 629119.600143444607966, 5220840.450158629566431 ], [ 629119.475060908705927, 5220840.801215036772192 ], [ 629119.549359904835001, 5220841.266736368648708 ], [ 629119.525170696433634, 5220841.449913616292179 ] ] ] } },
{ "type": "Feature", "properties": { "label": "vineyard", "area_m2": 0.26241064081573967 }, "geometry": { "type": "Polygon", "coordinates": [ [ [ 629127.20011428068392, 5220842.849885719828308 ], [ 629127.284152521635406, 5220842.89597821701318 ], [ 629127.300115614081733, 5220842.999912942759693 ], [ 629127.356870371615514, 5220843.039278381504118 ], [ 629127.375114280846901, 5220843.099885719828308 ], [ 629127.449885719339363, 5220843.099885719828308 ], [ 629127.449882929446176, 5220842.800057320855558 ], [ 629127.388149959035218, 5220842.702296674251556 ], [ 629127.432150755776092, 5220842.462864870205522 ], [ 629127.524885719176382, 5220842.399885719642043 ], [ 629127.589867070084438, 5220842.282979398965836 ], [ 629127.674942678073421, 5220842.249882929958403 ], [ 629127.749882929376327, 5220842.17494267784059 ], [ 629127.81703753140755, 5220842.037792382761836 ], [ 629127.874884998309426, 5220841.999900436028838 ], [ 629127.899885719176382, 5220841.850114280357957 ], [ 629127.75005732208956, 5220841.825117069296539 ], [ 629127.525117070646957, 5220842.025057322345674 ], [ 629127.516800973098725, 5220842.142955785617232 ], [ 629127.375117070623673, 5220842.275057322345674 ], [ 629127.334594759740867, 5220842.441846602596343 ], [ 629127.225114280707203, 5220842.500114280730486 ], [ 629127.20011428068392, 5220842.849885719828308 ] ] ] } },
{ "type": "Feature", "properties": { "label": "vineyard", "area_m2": 0.55226073589127378 }, "geometry": { "type": "Polygon", "coordinates": [ [ [ 629121.500115209026262, 5220842.974904671311378 ], [ 629121.849885719129816, 5220843.124885719269514 ], [ 629121.888498125015758, 5220842.990806045942008 ], [ 629121.960271225776523, 5220842.914444948546588 ], [ 629122.027636330458336, 5220842.914361797273159 ], [ 629122.127447513048537, 5220842.975000000558794 ], [ 629122.349885719129816, 5220842.924885720014572 ], [ 629122.365405240561813, 5220842.85815339628607 ], [ 629122.424882929422893, 5220842.799942678771913 ], [ 629122.42488571931608, 5220842.725114280357957 ], [ 629122.324932301184162, 5220842.675116562284529 ], [ 629122.119442976778373, 5220842.658146961592138 ], [ 629122.079305966501124, 5220842.60402846802026 ], [ 629122.053120557917282, 5220842.467408874072134 ], [ 629122.06788596091792, 5220842.225948858074844 ], [ 629122.189867066917941, 5220842.057979402132332 ], [ 629122.299882929422893, 5220841.999942678026855 ], [ 629122.299882929422893, 5220841.850057321600616 ], [ 629122.274942677933723, 5220841.825117069296539 ], [ 629122.07511428068392, 5220841.775114280171692 ], [ 629122.029021783149801, 5220841.859152521938086 ], [ 629121.925114280660637, 5220841.875114280730486 ], [ 629121.942387953284197, 5220842.138268343172967 ], [ 629121.89713967370335, 5220842.188192126341164 ], [ 629121.800057321670465, 5220842.200117069296539 ], [ 629121.750117070740089, 5220842.250057321041822 ], [ 629121.770068318583071, 5220842.490036363713443 ], [ 629121.525117070646957, 5220842.725057320669293 ], [ 629121.500115209026262, 5220842.974904671311378 ] ] ] } },
{ "type": "Feature", "properties": { "label": "vineyard", "area_m2": 0.33265040972126103 }, "geometry": { "type": "Polygon", "coordinates": [ [ [ 629110.675117513979785, 5220842.875062812119722 ], [ 629110.675117513979785, 5220842.974937187507749 ], [ 629110.734604516299441, 5220843.03316659014672 ], [ 629110.750115925911814, 5220843.099904862232506 ], [ 629110.899937188252807, 5220843.124882484786212 ], [ 629110.999881483498029, 5220842.949957595206797 ], [ 629111.002204722259194, 5220842.795095523819327 ], [ 629111.049881805549376, 5220842.699951042421162 ], [ 629111.083721672766842, 5220842.45013371668756 ], [ 629111.200483625405468, 5220842.320755306631327 ], [ 629111.274904862628318, 5220842.299884072504938 ], [ 629111.32488248613663, 5220842.224937187507749 ], [ 629111.324885047622956, 5220842.100114952772856 ], [ 629111.244679247029126, 5220842.059569930657744 ], [ 629111.230845593614504, 5220841.966311014257371 ], [ 629111.399884541286156, 5220841.849895353429019 ], [ 629111.399884074111469, 5220841.775095137767494 ], [ 629111.347545120981522, 5220841.75 ], [ 629111.200062811840326, 5220841.750117515213788 ], [ 629111.175117513979785, 5220841.775062812492251 ], [ 629111.075118194683455, 5220841.975048957392573 ], [ 629111.06627832679078, 5220842.174866285175085 ], [ 629111.014820046839304, 5220842.253834643401206 ], [ 629110.850115925888531, 5220842.350095137022436 ], [ 629110.878176264115609, 5220842.55868899077177 ], [ 629110.825117514003068, 5220842.625062812119722 ], [ 629110.787444094428793, 5220842.758588212542236 ], [ 629110.675117513979785, 5220842.875062812119722 ] ] ] } },
{ "type": "Feature", "properties": { "label": "vineyard", "area_m2": 0.5095429100856852 }, "geometry": { "type": "Polygon", "coordinates": [ [ [ 629111.300000000046566, 5220841.747054241597652 ], [ 629111.399840973550454, 5220841.774840973317623 ], [ 629111.475754695478827, 5220841.503152585588396 ], [ 629111.599844160256907, 5220841.424837300553918 ], [ 629111.974829311249778, 5220840.999913620762527 ], [ 629111.999836642178707, 5220840.550148599781096 ], [ 629111.824062165338546, 5220840.475074527785182 ], [ 629111.550084871705621, 5220840.525157705880702 ], [ 629111.375796459731646, 5220840.749035944230855 ], [ 629111.350081144366413, 5220840.87419687025249 ], [ 629111.398551908205263, 5220841.127030794508755 ], [ 629111.325178158353083, 5220841.325062040239573 ], [ 629111.348634997964837, 5220841.503564700484276 ], [ 629111.300000000046566, 5220841.747054241597652 ] ] ] } },
{ "type": "Feature", "properties": { "label": "vineyard", "area_m2": 0.046146623041004184 }, "geometry": { "type": "Polygon", "coordinates": [ [ [ 629130.475115925888531, 5220841.600095137953758 ], [ 629130.500114952446893, 5220841.799885046668351 ], [ 629130.649937188252807, 5220841.799882484599948 ], [ 629130.674882486113347, 5220841.774937189184129 ], [ 629130.674882486113347, 5220841.650062812492251 ], [ 629130.624885047553107, 5220841.525114953517914 ], [ 629130.550095137325116, 5220841.525115927681327 ], [ 629130.475115925888531, 5220841.600095137953758 ] ] ] } },
{ "type": "Feature", "properties": { "label": "vineyard", "area_m2": 0.43932679793811263 }, "geometry": { "type": "Polygon", "coordinates": [ [ [ 629132.975117404945195, 5220842.199949505738914 ], [ 629133.020916723879054, 5220842.297820704057813 ], [ 629133.000115209026262, 5220842.399904671125114 ], [ 629133.12494267791044, 5220842.424882930703461 ], [ 629133.199884836794809, 5220842.374903738498688 ], [ 629133.334810283966362, 5220842.120869261212647 ], [ 629133.499885719153099, 5220842.099885719828308 ], [ 629133.502579404506832, 5220841.967131884768605 ], [ 629133.574882085900754, 5220841.799959901720285 ], [ 629133.553928475594148, 5220841.658726401627064 ], [ 629133.724882929353043, 5220841.474942677654326 ], [ 629133.699934207485057, 5220841.375107725150883 ], [ 629133.474949503899552, 5220841.275117403827608 ], [ 629133.375107726198621, 5220841.300065791234374 ], [ 629133.287448830436915, 5220841.483580313622952 ], [ 629133.10011707060039, 5220841.725057321600616 ], [ 629133.066289035486989, 5220841.849840484559536 ], [ 629132.975117404945195, 5220842.000050494447351 ], [ 629132.975117404945195, 5220842.199949505738914 ] ] ] } },
{ "type": "Feature", "properties": { "label": "vineyard", "area_m2": 0.2294792731610448 }, "geometry": { "type": "Polygon", "coordinates": [ [ [ 629141.500115925911814, 5220841.899904862977564 ], [ 629141.874904862605035, 5220842.049884072504938 ], [ 629141.929937781300396, 5220841.809943086467683 ], [ 629141.999882486066781, 5220841.674937187694013 ], [ 629142.008721673279069, 5220841.525133715011179 ], [ 629142.149882486090064, 5220841.350062810815871 ], [ 629141.87510464549996, 5220841.225115459412336 ], [ 629141.800117513979785, 5220841.325062812305987 ], [ 629141.770062218769453, 5220841.515056913718581 ], [ 629141.700116766849533, 5220841.600078020244837 ], [ 629141.639605764183216, 5220841.775505226105452 ], [ 629141.525062811793759, 5220841.825117515400052 ], [ 629141.500115925911814, 5220841.899904862977564 ] ] ] } },
{ "type": "Feature", "properties": { "label": "vineyard", "area_m2": 0.47175079599691433 }, "geometry": { "type": "Polygon", "coordinates": [ [ [ 629133.425000000046566, 5220841.272054241970181 ], [ 629133.724840973503888, 5220841.399840973317623 ], [ 629133.699846708448604, 5220841.300104891881347 ], [ 629133.60528327350039, 5220841.192722335457802 ], [ 629133.672038868069649, 5220840.959548407234251 ], [ 629133.752247427240945, 5220840.875020105391741 ], [ 629133.999856132781133, 5220840.799841736443341 ], [ 629134.07449765689671, 5220840.675588568672538 ], [ 629134.149841234902851, 5220840.499948135577142 ], [ 629134.124840482953005, 5220840.200125973671675 ], [ 629133.899937955779023, 5220840.100178164429963 ], [ 629133.825086384778842, 5220840.100170697085559 ], [ 629133.770424448652193, 5220840.178354769945145 ], [ 629133.58023424167186, 5220840.321224309504032 ], [ 629133.425156965502538, 5220840.400128183886409 ], [ 629133.47517359314952, 5220840.799911172129214 ], [ 629133.599907785770483, 5220840.966693405993283 ], [ 629133.59309286728967, 5220841.179101007059216 ], [ 629133.450123631162569, 5220841.200159606523812 ], [ 629133.425000000046566, 5220841.272054241970181 ] ] ] } },
{ "type": "Feature", "properties": { "label": "vineyard", "area_m2": 0.52315653236264581 }, "geometry": { "type": "Polygon", "coordinates": [ [ [ 629113.825116562307812, 5220842.074932301416993 ], [ 629113.871071525267325, 5220842.133726404979825 ], [ 629113.875117070740089, 5220842.249942678958178 ], [ 629114.025050495169125, 5220842.324882595799863 ], [ 629114.099882929353043, 5220842.29994267784059 ], [ 629114.136560671497136, 5220842.172698955051601 ], [ 629114.224942678003572, 5220842.149882930330932 ], [ 629114.27488292939961, 5220842.099942678585649 ], [ 629114.283710965071805, 5220841.900159514509141 ], [ 629114.340806052321568, 5220841.838498121127486 ], [ 629114.499882929376327, 5220841.774942679330707 ], [ 629114.529931681463495, 5220841.559963636100292 ], [ 629114.624883437645622, 5220841.399932301603258 ], [ 629114.624882929376327, 5220841.300057320855558 ], [ 629114.524942677933723, 5220841.150117069482803 ], [ 629114.250114280846901, 5220841.050114280544221 ], [ 629114.244478794396855, 5220841.191066135652363 ], [ 629114.100115163251758, 5220841.275096262805164 ], [ 629114.095068318536505, 5220841.440036363899708 ], [ 629114.000117070623673, 5220841.550057320855558 ], [ 629113.991289030644111, 5220841.774840496480465 ], [ 629113.825117070460692, 5220841.92505732178688 ], [ 629113.825116562307812, 5220842.074932301416993 ] ] ] } },
{ "type": "Feature", "properties": { "label": "vineyard", "area_m2": 0.21250330910842702 }, "geometry": { "type": "Polygon", "coordinates": [ [ [ 629144.400117513956502, 5220841.899937189184129 ], [ 629144.64988504757639, 5220841.999885046854615 ], [ 629144.682929837959819, 5220841.800066552124918 ], [ 629144.799882486113347, 5220841.699937188997865 ], [ 629144.849882849841379, 5220841.599929782561958 ], [ 629144.874885047553107, 5220840.975114952772856 ], [ 629144.775106372311711, 5220841.100071074441075 ], [ 629144.400118194520473, 5220841.850048957392573 ], [ 629144.400117513956502, 5220841.899937189184129 ] ] ] } },
{ "type": "Feature", "properties": { "label": "vineyard", "area_m2": 0.17564652540676406 }, "geometry": { "type": "Polygon", "coordinates": [ [ [ 629125.400164343067445, 5220841.000130273401737 ], [ 629125.4251588183688, 5220841.299838392063975 ], [ 629125.524866427876987, 5220841.299828589893878 ], [ 629125.67484352691099, 5220841.199861496686935 ], [ 629125.674829303752631, 5220841.050086384639144 ], [ 629125.600952842272818, 5220840.804752939380705 ], [ 629125.600033948896453, 5220840.699816418811679 ], [ 629125.625463224714622, 5220840.502348638139665 ], [ 629125.699835623265244, 5220840.399904797784984 ], [ 629125.69984097359702, 5220840.275159027427435 ], [ 629125.525942206731997, 5220840.29982431512326 ], [ 629125.475170681835152, 5220840.350086372345686 ], [ 629125.524830553680658, 5220840.789883828721941 ], [ 629125.400164343067445, 5220841.000130273401737 ] ] ] } },
{ "type": "Feature", "properties": { "label": "vineyard", "area_m2": 0.43088904358914598 }, "geometry": { "type": "Polygon", "coordinates": [ [ [ 629116.325756532023661, 5220841.999858158640563 ], [ 629116.350096262060106, 5220842.224884837865829 ], [ 629116.54990467056632, 5220842.224884791299701 ], [ 629116.649892274290323, 5220842.09993420727551 ], [ 629116.679166932823136, 5220841.934155229479074 ], [ 629116.799882595078088, 5220841.724949506111443 ], [ 629116.808199029532261, 5220841.582044208422303 ], [ 629116.974882595008239, 5220841.399949504993856 ], [ 629117.024882085854188, 5220841.224959902465343 ], [ 629117.024884791113436, 5220841.000095329247415 ], [ 629116.797552486998029, 5220840.899999999441206 ], [ 629116.75005732208956, 5220840.900117069482803 ], [ 629116.650107726454735, 5220841.000065791420639 ], [ 629116.625, 5220841.122552487067878 ], [ 629116.655392602435313, 5220841.249807042069733 ], [ 629116.575117404921912, 5220841.375050494447351 ], [ 629116.571071525337175, 5220841.541273593902588 ], [ 629116.400117070646957, 5220841.82505732215941 ], [ 629116.387288830475882, 5220841.952092008665204 ], [ 629116.325756532023661, 5220841.999858158640563 ] ] ] } },
{ "type": "Feature", "properties": { "label": "vineyard", "area_m2": 0.16487039572841844 }, "geometry": { "type": "Polygon", "coordinates": [ [ [ 629136.000159026472829, 5220840.399840973317623 ], [ 629136.124840973527171, 5220840.399840973317623 ], [ 629136.131741215474904, 5220840.269345734268427 ], [ 629136.454957154812291, 5220839.951722387224436 ], [ 629136.53380739397835, 5220839.959080915898085 ], [ 629136.749618244706653, 5220840.177208973094821 ], [ 629136.746635923744179, 5220840.219193740747869 ], [ 629136.675160396611318, 5220840.275139084085822 ], [ 629136.650024087168276, 5220840.40196455642581 ], [ 629136.665391994523816, 5220840.521264397539198 ], [ 629136.507288279943168, 5220840.876070349477232 ], [ 629136.275159604032524, 5220840.900123631581664 ], [ 629136.30056822032202, 5220841.075678265653551 ], [ 629136.400144153041765, 5220841.24983745906502 ], [ 629136.474848256562836, 5220841.249840231612325 ], [ 629136.524854182265699, 5220841.024954212829471 ], [ 629136.507999755558558, 5220840.885326867923141 ], [ 629136.693060240708292, 5220840.539645706303418 ], [ 629136.824835569830611, 5220840.499903375282884 ], [ 629136.899829912581481, 5220840.349923406727612 ], [ 629136.899841671460308, 5220840.225080902688205 ], [ 629136.768647690187208, 5220840.190920419059694 ], [ 629136.534079582663253, 5220839.956352327018976 ], [ 629136.524840973550454, 5220839.875159027054906 ], [ 629136.450159026542678, 5220839.875159027054906 ], [ 629136.440920417546295, 5220839.956352327018976 ], [ 629136.134260849445127, 5220840.263284272514284 ], [ 629136.025123631116003, 5220840.275159606710076 ], [ 629136.000159026472829, 5220840.399840973317623 ] ] ] } },
{ "type": "Feature", "properties": { "label": "vineyard", "area_m2": 0.38239644314268684 }, "geometry": { "type": "Polygon", "coordinates": [ [ [ 629122.075114952516742, 5220841.774885047227144 ], [ 629122.299885047599673, 5220841.849885046482086 ], [ 629122.308721673325635, 5220841.725133715197444 ], [ 629122.524893627967685, 5220841.424928924068809 ], [ 629122.599881805363111, 5220841.274951042607427 ], [ 629122.614067139104009, 5220841.145332919433713 ], [ 629122.799883233266883, 5220840.949921978637576 ], [ 629122.799885047599673, 5220840.850114952772856 ], [ 629122.549951042165048, 5220840.75011819601059 ], [ 629122.475062811630778, 5220840.750117515213788 ], [ 629122.400115925935097, 5220840.8000951372087 ], [ 629122.379244691925123, 5220840.999516376294196 ], [ 629122.239820046816021, 5220841.178834643214941 ], [ 629122.10011495242361, 5220841.200114953331649 ], [ 629122.113401832641102, 5220841.379906767047942 ], [ 629122.075114952516742, 5220841.774885047227144 ] ] ] } },
{ "type": "Feature", "properties": { "label": "vineyard", "area_m2": 0.36783473103439213 }, "geometry": { "type": "Polygon", "coordinates": [ [ [ 629116.80022655101493, 5220840.802177906036377 ], [ 629116.800114280660637, 5220840.924885720014572 ], [ 629116.975050495238975, 5220840.999882595613599 ], [ 629117.04988571931608, 5220840.999885719269514 ], [ 629117.021821267320774, 5220840.854923287406564 ], [ 629117.036807873519138, 5220840.752860326319933 ], [ 629117.08673165680375, 5220840.707612046971917 ], [ 629117.274892274173908, 5220840.649934208020568 ], [ 629117.387551172403619, 5220840.316419681534171 ], [ 629117.474900930770673, 5220840.249899697490036 ], [ 629117.599882594891824, 5220840.049949505366385 ], [ 629117.574934207485057, 5220839.925107724964619 ], [ 629117.349949503899552, 5220839.825117403641343 ], [ 629117.20011516334489, 5220839.850096261128783 ], [ 629117.187288830522448, 5220840.077092008665204 ], [ 629117.042020598775707, 5220840.26013293210417 ], [ 629116.925117070553824, 5220840.350057320669293 ], [ 629116.950116275344044, 5220840.524926441721618 ], [ 629117.033325616503134, 5220840.646772189065814 ], [ 629117.026756716892123, 5220840.713857880793512 ], [ 629116.960640559555031, 5220840.768142488785088 ], [ 629116.850050495238975, 5220840.750117404386401 ], [ 629116.80022655101493, 5220840.802177906036377 ] ] ] } },
{ "type": "Feature", "properties": { "label": "vineyard", "area_m2": 0.19872031316313474 }, "geometry": { "type": "Polygon", "coordinates": [ [ [ 629128.325000000069849, 5220840.472054241225123 ], [ 629128.399840973550454, 5220840.474840972572565 ], [ 629128.416801117826253, 5220840.351989324204624 ], [ 629128.548180883168243, 5220840.276956889778376 ], [ 629128.624852915294468, 5220840.274841023609042 ], [ 629128.79983027651906, 5220839.899916001595557 ], [ 629128.804707464179955, 5220839.822914307005703 ], [ 629128.949840396060608, 5220839.600123630836606 ], [ 629128.727945764432661, 5220839.525000000372529 ], [ 629128.575153520563617, 5220839.600145888514817 ], [ 629128.525069432565942, 5220839.801041530445218 ], [ 629128.523033070843667, 5220840.174479501321912 ], [ 629128.404548724531196, 5220840.339191258884966 ], [ 629128.325159026542678, 5220840.350159026682377 ], [ 629128.325000000069849, 5220840.472054241225123 ] ] ] } },
{ "type": "Feature", "properties": { "label": "vineyard", "area_m2": 0.89033197792787411 }, "geometry": { "type": "Polygon", "coordinates": [ [ [ 629114.200117404921912, 5220840.824949505738914 ], [ 629114.247798015014268, 5220840.920110207982361 ], [ 629114.250117070623673, 5220841.04994267784059 ], [ 629114.52744751307182, 5220841.175000000745058 ], [ 629114.54988571931608, 5220841.174885720014572 ], [ 629114.55220198596362, 5220841.070110202766955 ], [ 629114.610075108008459, 5220840.914271007291973 ], [ 629114.672703276155517, 5220840.888149960897863 ], [ 629114.799949505017139, 5220840.899882595986128 ], [ 629114.87489227426704, 5220840.84993420727551 ], [ 629114.913498125039041, 5220840.740806045942008 ], [ 629115.099882929353043, 5220840.474942677654326 ], [ 629115.129640057799406, 5220840.166592170484364 ], [ 629115.274883724749088, 5220839.999926441349089 ], [ 629115.324884791160002, 5220839.700095331296325 ], [ 629114.95009532943368, 5220839.550115209072828 ], [ 629114.881993465707637, 5220839.666746272705495 ], [ 629114.768755020108074, 5220839.775601854547858 ], [ 629114.575064700795338, 5220839.850108929909766 ], [ 629114.468755018897355, 5220839.975601855665445 ], [ 629114.400114280870184, 5220840.000114280730486 ], [ 629114.400114280870184, 5220840.049885720014572 ], [ 629114.496751113561913, 5220840.016032790765166 ], [ 629114.569552539032884, 5220840.044129848480225 ], [ 629114.597798014990985, 5220840.204889792017639 ], [ 629114.457962467800826, 5220840.437207617796957 ], [ 629114.225107726291753, 5220840.700065791606903 ], [ 629114.200117404921912, 5220840.824949505738914 ] ] ] } },
{ "type": "Feature", "properties": { "label": "vineyard", "area_m2": 0.21036278087986343 }, "geometry": { "type": "Polygon", "coordinates": [ [ [ 629133.875, 5220840.097054241225123 ], [ 629133.950820914003998, 5220840.150190587155521 ], [ 629134.124840973527171, 5220840.199840973131359 ], [ 629134.099999999976717, 5220840.026871862821281 ], [ 629134.121451757731847, 5220839.961749241687357 ], [ 629134.296519942698069, 5220839.974638010375202 ], [ 629134.400084009976126, 5220840.024830235168338 ], [ 629134.47482929576654, 5220839.999913609586656 ], [ 629134.474840600276366, 5220839.875155238434672 ], [ 629134.39723768888507, 5220839.829793117940426 ], [ 629134.375198018387891, 5220839.590226728469133 ], [ 629134.500387351377867, 5220839.473919497802854 ], [ 629134.524934099637903, 5220839.301113428547978 ], [ 629134.39986151480116, 5220839.125156455673277 ], [ 629134.300861478899606, 5220839.149318847805262 ], [ 629134.251395773375407, 5220839.294021565467119 ], [ 629134.150170793058351, 5220839.400062750093639 ], [ 629134.150160071672872, 5220839.499851584434509 ], [ 629134.298300507711247, 5220839.609675542451441 ], [ 629134.322635890566744, 5220839.834398571401834 ], [ 629134.295202006353065, 5220839.94680642336607 ], [ 629134.259493817342445, 5220839.967807991430163 ], [ 629133.999043951625936, 5220839.950527786277235 ], [ 629133.875157430185936, 5220840.000145254656672 ], [ 629133.875, 5220840.097054241225123 ] ] ] } },
{ "type": "Feature", "properties": { "label": "vineyard", "area_m2": 0.17043627615708845 }, "geometry": { "type": "Polygon", "coordinates": [ [ [ 629130.975118194473907, 5220840.424951042048633 ], [ 629131.025095137418248, 5220840.524884073063731 ], [ 629131.102454878971912, 5220840.549999999813735 ], [ 629131.249904862605035, 5220840.524884073063731 ], [ 629131.333721672766842, 5220840.275133716873825 ], [ 629131.449881805572659, 5220840.074951042421162 ], [ 629131.399904862628318, 5220839.900115927681327 ], [ 629131.275114952470176, 5220839.900114953517914 ], [ 629131.256867047282867, 5220839.960723245516419 ], [ 629131.075106372009031, 5220840.175071076489985 ], [ 629130.975118194473907, 5220840.424951042048633 ] ] ] } },
{ "type": "Feature", "properties": { "label": "vineyard", "area_m2": 0.34044388919956353 }, "geometry": { "type": "Polygon", "coordinates": [ [ [ 629142.575115208863281, 5220839.799904668703675 ], [ 629142.824885719339363, 5220839.899885719642043 ], [ 629142.800000000046566, 5220839.809019999578595 ], [ 629142.808199026854709, 5220839.482044214382768 ], [ 629142.982006535981782, 5220839.294240291230381 ], [ 629143.249900930793956, 5220839.174899697303772 ], [ 629143.299892274313606, 5220839.09993420727551 ], [ 629143.324882085900754, 5220838.925040097907186 ], [ 629143.274934207787737, 5220838.775107725523412 ], [ 629143.000114280846901, 5220838.675114280544221 ], [ 629142.972798013943247, 5220838.929889798164368 ], [ 629142.939219468971714, 5220838.993542089127004 ], [ 629142.825057321926579, 5220839.050117069855332 ], [ 629142.691846606205218, 5220839.184594757854939 ], [ 629142.625114280846901, 5220839.200114279985428 ], [ 629142.625117405084893, 5220839.374949505552649 ], [ 629142.724480850738473, 5220839.588476460427046 ], [ 629142.575117070577107, 5220839.750057321973145 ], [ 629142.575115208863281, 5220839.799904668703675 ] ] ] } },
{ "type": "Feature", "properties": { "label": "vineyard", "area_m2": 0.99036262046287926 }, "geometry": { "type": "Polygon", "coordinates": [ [ [ 629105.575158377178013, 5220839.800158376805484 ], [ 629105.575158377178013, 5220839.874841623008251 ], [ 629105.649841622798704, 5220839.874841623008251 ], [ 629105.671754718641751, 5220839.794125389307737 ], [ 629105.93354748073034, 5220839.691401314921677 ], [ 629105.975798595347442, 5220839.705055080354214 ], [ 629106.021716376999393, 5220839.941038019023836 ], [ 629105.900163490907289, 5220840.125077798031271 ], [ 629105.87515890377108, 5220840.349954131059349 ], [ 629105.950099614099599, 5220840.49984534829855 ], [ 629106.075049574486911, 5220840.549841791391373 ], [ 629106.19992458622437, 5220840.549842103384435 ], [ 629106.274845379637554, 5220840.474900404922664 ], [ 629106.649998736800626, 5220839.825009325519204 ], [ 629106.800433283671737, 5220839.648790965788066 ], [ 629106.875148331862874, 5220839.498881216160953 ], [ 629106.899841101490892, 5220839.275123824365437 ], [ 629106.449940518592484, 5220839.075156322680414 ], [ 629106.123041323153302, 5220839.025023942813277 ], [ 629105.850157673354261, 5220839.050152900628746 ], [ 629105.850158750079572, 5220839.174845416098833 ], [ 629105.953766671009362, 5220839.208290518261492 ], [ 629106.067254979512654, 5220839.437112672254443 ], [ 629105.959937331383117, 5220839.676553187891841 ], [ 629105.653681215364486, 5220839.798437492921948 ], [ 629105.575158377178013, 5220839.800158376805484 ] ] ] } },
{ "type": "Feature", "properties": { "label": "vineyard", "area_m2": 0.59258949069667488 }, "geometry": { "type": "Polygon", "coordinates": [ [ [ 629141.875117513933219, 5220841.224937187507749 ], [ 629142.125042403582484, 5220841.349881482310593 ], [ 629142.224882486043498, 5220841.32493718713522 ], [ 629142.243132952949964, 5220841.239276753738523 ], [ 629142.32488248613663, 5220841.174937187694013 ], [ 629142.329937780974433, 5220841.059943088330328 ], [ 629142.399881805526093, 5220840.924951042048633 ], [ 629142.386598167358898, 5220840.670093232765794 ], [ 629142.408799681346864, 5220840.594202538020909 ], [ 629142.505916493129916, 5220840.495046271942556 ], [ 629142.674884541309439, 5220840.399895354174078 ], [ 629142.679937781300396, 5220840.20994308590889 ], [ 629142.718877857783809, 5220840.127388115972281 ], [ 629142.849882849841379, 5220839.999929782934487 ], [ 629142.849884074064903, 5220839.900095137767494 ], [ 629142.550062811817043, 5220839.775117515586317 ], [ 629142.506867047282867, 5220839.985723245888948 ], [ 629142.200106372009031, 5220840.22507107630372 ], [ 629142.050118516548537, 5220840.650042405351996 ], [ 629142.045062218792737, 5220840.740056914277375 ], [ 629141.875118194613606, 5220841.150048958137631 ], [ 629141.875117513933219, 5220841.224937187507749 ] ] ] } },
{ "type": "Feature", "properties": { "label": "vineyard", "area_m2": 0.055952681837076149 }, "geometry": { "type": "Polygon", "coordinates": [ [ [ 629117.275000000023283, 5220839.822054241783917 ], [ 629117.599876368883997, 5220839.949840393848717 ], [ 629117.644904054235667, 5220839.515245402231812 ], [ 629117.699953101458959, 5220839.447653004899621 ], [ 629117.653584329760633, 5220839.480752314440906 ], [ 629117.535758316516876, 5220839.463928771205246 ], [ 629117.513339879456908, 5220839.336730911396444 ], [ 629117.561524735414423, 5220839.271646311506629 ], [ 629117.699964305735193, 5220839.277402413077652 ], [ 629117.724840395967476, 5220839.175123631022871 ], [ 629117.650101594394073, 5220839.150169952772558 ], [ 629117.500170764746144, 5220839.35006273817271 ], [ 629117.500170681858435, 5220839.44991362746805 ], [ 629117.554984857211821, 5220839.515430034138262 ], [ 629117.59131469076965, 5220839.813555447384715 ], [ 629117.485827682656236, 5220839.89643884357065 ], [ 629117.327437697094865, 5220839.775043950416148 ], [ 629117.275000000023283, 5220839.822054241783917 ] ] ] } },
{ "type": "Feature", "properties": { "label": "vineyard", "area_m2": 0.81417874019678804 }, "geometry": { "type": "Polygon", "coordinates": [ [ [ 629119.776114677661099, 5220840.251300762407482 ], [ 629119.87510464549996, 5220840.474884539842606 ], [ 629120.025135501171462, 5220840.506943712942302 ], [ 629120.125048957881518, 5220840.574881804175675 ], [ 629120.244293542695232, 5220840.52656277641654 ], [ 629120.325062811956741, 5220840.574882484972477 ], [ 629120.42493718827609, 5220840.574882484972477 ], [ 629120.474882486043498, 5220840.524937187321484 ], [ 629120.504289321834221, 5220840.379289321601391 ], [ 629120.599885047529824, 5220840.349885046482086 ], [ 629120.64598285255488, 5220840.265844501554966 ], [ 629120.724885047529824, 5220840.249885046854615 ], [ 629120.799881483544596, 5220839.899957595393062 ], [ 629120.799884074134752, 5220839.700095137581229 ], [ 629120.60011495242361, 5220839.625114953145385 ], [ 629120.534240868524648, 5220839.739585619419813 ], [ 629120.43901049438864, 5220839.752321138046682 ], [ 629120.379485882935114, 5220839.68863694742322 ], [ 629120.374884074088186, 5220839.525095137767494 ], [ 629120.274951042141765, 5220839.475118195638061 ], [ 629120.169291028752923, 5220839.466347967274487 ], [ 629120.099937188206241, 5220839.400117515586317 ], [ 629120.025062811793759, 5220839.400117515586317 ], [ 629119.925118194543757, 5220839.600048957392573 ], [ 629119.935846236883663, 5220839.687308859080076 ], [ 629119.900116149452515, 5220839.750090587884188 ], [ 629119.94556080608163, 5220839.88491121865809 ], [ 629119.894108070875518, 5220840.009210906922817 ], [ 629119.800095137441531, 5220840.050115927122533 ], [ 629119.775118194520473, 5220840.100048957392573 ], [ 629119.776114677661099, 5220840.251300762407482 ] ] ] } },
{ "type": "Feature", "properties": { "label": "vineyard", "area_m2": 1.022129831473811 }, "geometry": { "type": "Polygon", "coordinates": [ [ [ 629120.025000000023283, 5220839.397063057869673 ], [ 629120.750063588027842, 5220839.699822566471994 ], [ 629120.999873735825531, 5220839.649846220389009 ], [ 629121.024846667656675, 5220839.55012424942106 ], [ 629120.876601982861757, 5220839.259830886498094 ], [ 629120.90016752621159, 5220839.075031633488834 ], [ 629121.024828387773596, 5220838.749914760701358 ], [ 629121.02834476006683, 5220838.601508262567222 ], [ 629121.22484121110756, 5220838.374867691658437 ], [ 629121.174843174288981, 5220838.175133617594838 ], [ 629121.100134602515027, 5220838.150167627260089 ], [ 629120.855324382777326, 5220838.343659366481006 ], [ 629120.600077257608064, 5220838.300169727765024 ], [ 629120.475153789157048, 5220838.400123198516667 ], [ 629120.274687808007002, 5220838.726164307445288 ], [ 629120.025000000023283, 5220839.397063057869673 ] ] ] } },
{ "type": "Feature", "properties": { "label": "vineyard", "area_m2": 0.59768703750468199 }, "geometry": { "type": "Polygon", "coordinates": [ [ [ 629122.35011707060039, 5220840.424942678771913 ], [ 629122.492076906492002, 5220840.575081361457705 ], [ 629122.500115209026262, 5220840.749904670752585 ], [ 629122.725050496286713, 5220840.849882596172392 ], [ 629122.79988571931608, 5220840.849885719828308 ], [ 629122.818129628198221, 5220840.739278381690383 ], [ 629122.949885170790367, 5220840.64989691786468 ], [ 629122.977201986010186, 5220840.370110201649368 ], [ 629123.174882595078088, 5220839.874949505552649 ], [ 629123.175000000046566, 5220839.727447513490915 ], [ 629123.117037532152608, 5220839.687207617796957 ], [ 629123.07490373798646, 5220839.600115163251758 ], [ 629122.990847478271462, 5220839.554021783173084 ], [ 629122.974882929353043, 5220839.400057322345674 ], [ 629122.924942678073421, 5220839.350117069669068 ], [ 629122.775057321996428, 5220839.350117069669068 ], [ 629122.750107726547867, 5220839.375065790489316 ], [ 629122.691289031179622, 5220839.574840494431555 ], [ 629122.575117914122529, 5220839.800040097907186 ], [ 629122.600057321949862, 5220839.874882929958403 ], [ 629122.779889795347117, 5220839.902201985940337 ], [ 629122.842020599287935, 5220839.939867068082094 ], [ 629122.874447979847901, 5220840.005487178452313 ], [ 629122.863192126504146, 5220840.097139673307538 ], [ 629122.75005732208956, 5220840.150117069482803 ], [ 629122.538269751006737, 5220840.323400920256972 ], [ 629122.468553748563863, 5220840.323681076988578 ], [ 629122.375095329596661, 5220840.275115208700299 ], [ 629122.35011707060039, 5220840.424942678771913 ] ] ] } },
{ "type": "Feature", "properties": { "label": "vineyard", "area_m2": 0.44414795320716216 }, "geometry": { "type": "Polygon", "coordinates": [ [ [ 629111.775000000023283, 5220840.472054241225123 ], [ 629111.925062732654624, 5220840.549829246476293 ], [ 629112.074881291715428, 5220840.549830893985927 ], [ 629112.224847597070038, 5220840.399881144054234 ], [ 629112.249841189826839, 5220840.3249481189996 ], [ 629112.225871446426027, 5220839.924960697069764 ], [ 629112.321928601362742, 5220839.708811831660569 ], [ 629112.399850600981154, 5220839.674848519265652 ], [ 629112.449926087632775, 5220839.475950341671705 ], [ 629112.399849630892277, 5220839.325161645188928 ], [ 629112.248279401334003, 5220839.31849872879684 ], [ 629112.149848285829648, 5220839.150159747339785 ], [ 629112.125159026472829, 5220839.150159027427435 ], [ 629112.125, 5220839.197054241783917 ], [ 629112.173458728822879, 5220839.35047644097358 ], [ 629112.152333959471434, 5220839.463243782520294 ], [ 629111.950170704280026, 5220839.625086390413344 ], [ 629111.949420516379178, 5220839.948004203848541 ], [ 629111.850170752382837, 5220840.150062734261155 ], [ 629111.775000000023283, 5220840.472054241225123 ] ] ] } },
{ "type": "Feature", "properties": { "label": "vineyard", "area_m2": 0.21378290518241599 }, "geometry": { "type": "Polygon", "coordinates": [ [ [ 629136.825159026542678, 5220838.849840972572565 ], [ 629136.966537480126135, 5220838.842818328179419 ], [ 629137.046873457613401, 5220839.017405229620636 ], [ 629137.099706273409538, 5220839.321848534047604 ], [ 629137.100159026449546, 5220839.54984097275883 ], [ 629137.274895105394535, 5220839.524846711196005 ], [ 629137.324829235323705, 5220839.449937261641026 ], [ 629137.324833920691162, 5220839.37504945229739 ], [ 629137.299827740993351, 5220839.2751400237903 ], [ 629137.202949744649231, 5220839.125691767781973 ], [ 629137.200197641388513, 5220839.04022871889174 ], [ 629137.324839577078819, 5220838.924854817800224 ], [ 629137.374840973527171, 5220838.675159026868641 ], [ 629137.250159026472829, 5220838.675159026868641 ], [ 629137.216077361023054, 5220838.740055965259671 ], [ 629136.900062738801353, 5220838.725170765072107 ], [ 629136.8251706964802, 5220838.775086384266615 ], [ 629136.825159026542678, 5220838.849840972572565 ] ] ] } },
{ "type": "Feature", "properties": { "label": "vineyard", "area_m2": 0.5407427032511295 }, "geometry": { "type": "Polygon", "coordinates": [ [ [ 629099.325807538931258, 5220839.924838990904391 ], [ 629099.375114952446893, 5220840.149885047227144 ], [ 629099.453645521309227, 5220840.188235268928111 ], [ 629099.47511495242361, 5220840.274885047227144 ], [ 629099.649895354523323, 5220840.274884540587664 ], [ 629099.738519171602093, 5220840.164864480495453 ], [ 629099.824951042188331, 5220840.149881804361939 ], [ 629099.966411792323925, 5220840.037555902265012 ], [ 629100.074885047622956, 5220839.999885046854615 ], [ 629100.074883639928885, 5220839.925086298026145 ], [ 629100.008144669933245, 5220839.825671803206205 ], [ 629100.042042763787322, 5220839.737793586216867 ], [ 629100.099884074064903, 5220839.699904861859977 ], [ 629100.099885047529824, 5220839.625114953145385 ], [ 629099.950638632872142, 5220839.616502590477467 ], [ 629099.89100996137131, 5220839.522477454505861 ], [ 629099.928395853727125, 5220839.44700347725302 ], [ 629100.099884074064903, 5220839.349904862232506 ], [ 629100.099882486043498, 5220839.30006281286478 ], [ 629100.072545121074654, 5220839.275000000372529 ], [ 629099.906787244370207, 5220839.29957674164325 ], [ 629099.824937188415788, 5220839.250117515213788 ], [ 629099.500114952446893, 5220839.225114952772856 ], [ 629099.500117513933219, 5220839.324937188066542 ], [ 629099.548437221557833, 5220839.405706435441971 ], [ 629099.52095715131145, 5220839.578146494925022 ], [ 629099.425114952493459, 5220839.650114953517914 ], [ 629099.395359070738778, 5220839.858407477848232 ], [ 629099.325807538931258, 5220839.924838990904391 ] ] ] } },
{ "type": "Feature", "properties": { "label": "vineyard", "area_m2": 0.069265809694433411 }, "geometry": { "type": "Polygon", "coordinates": [ [ [ 629112.150000000023283, 5220839.172054241411388 ], [ 629112.174840973573737, 5220839.17484097275883 ], [ 629112.25869236770086, 5220839.023461188189685 ], [ 629112.402013599174097, 5220838.975574404001236 ], [ 629112.574917266378179, 5220838.974829863756895 ], [ 629112.699870690121315, 5220838.874874470755458 ], [ 629112.774821131373756, 5220838.749913467094302 ], [ 629112.799952040892094, 5220838.622701362706721 ], [ 629112.729747556848451, 5220838.807287051342428 ], [ 629112.636125027318485, 5220838.908956907689571 ], [ 629112.282039928948507, 5220839.003456902690232 ], [ 629112.165854130755179, 5220838.866666739806533 ], [ 629112.270173779455945, 5220838.746287700720131 ], [ 629112.454196831327863, 5220838.635989533737302 ], [ 629112.558750876341946, 5220838.319434273988008 ], [ 629112.664728499716148, 5220838.303126920945942 ], [ 629112.799972096923739, 5220838.402377138845623 ], [ 629112.82484097359702, 5220838.225159026682377 ], [ 629112.750095589784905, 5220838.225156201049685 ], [ 629112.525129736983217, 5220838.325130659155548 ], [ 629112.468607798335142, 5220838.558179564774036 ], [ 629112.377096477895975, 5220838.671382298693061 ], [ 629112.175153561402112, 5220838.800141877494752 ], [ 629112.15007387183141, 5220838.875951167196035 ], [ 629112.150000000023283, 5220839.172054241411388 ] ] ] } },
{ "type": "Feature", "properties": { "label": "vineyard", "area_m2": 0.44926134954028374 }, "geometry": { "type": "Polygon", "coordinates": [ [ [ 629099.650061532156542, 5220838.848797652870417 ], [ 629099.675165333319455, 5220838.99987587146461 ], [ 629099.800115053425543, 5220839.099831463769078 ], [ 629099.879238581983373, 5220839.10200949665159 ], [ 629100.008407219313085, 5220839.176951049827039 ], [ 629100.025159604032524, 5220839.274876369163394 ], [ 629100.099856555345468, 5220839.299841370433569 ], [ 629100.149829865549691, 5220839.199923390522599 ], [ 629100.149840973550454, 5220839.100159026682377 ], [ 629100.017130139982328, 5220839.093786959536374 ], [ 629099.907165509648621, 5220839.006527437828481 ], [ 629099.903558292775415, 5220838.941565160639584 ], [ 629099.981926559237763, 5220838.810897727496922 ], [ 629100.124840395990759, 5220838.774876369163394 ], [ 629100.131741215591319, 5220838.719345732592046 ], [ 629100.214266967959702, 5220838.645270859822631 ], [ 629100.320282081956975, 5220838.742404321208596 ], [ 629100.325159026542678, 5220838.849840972572565 ], [ 629100.400681149563752, 5220838.849138523451984 ], [ 629100.424840973573737, 5220838.750159027054906 ], [ 629100.349747930886224, 5220838.725307337008417 ], [ 629100.34747170121409, 5220838.582196386530995 ], [ 629100.375091725261882, 5220838.551722386851907 ], [ 629100.449856547056697, 5220838.549841362982988 ], [ 629100.52483063749969, 5220838.399908189661801 ], [ 629100.524840973550454, 5220838.32515902724117 ], [ 629100.424864154541865, 5220838.324278282932937 ], [ 629100.310253767645918, 5220838.278980539180338 ], [ 629100.249842573539354, 5220838.100145250558853 ], [ 629100.000159026472829, 5220838.025159027427435 ], [ 629099.990865346859209, 5220838.08145585283637 ], [ 629099.850154021638446, 5220838.200086550787091 ], [ 629099.750024087144993, 5220838.501964556053281 ], [ 629099.750159026472829, 5220838.54984097275883 ], [ 629099.854238581610844, 5220838.552009496837854 ], [ 629099.989755520713516, 5220838.63409797847271 ], [ 629099.97195518121589, 5220838.798738795332611 ], [ 629099.866235070396215, 5220838.899231411516666 ], [ 629099.81854414823465, 5220838.890865345485508 ], [ 629099.724854695028625, 5220838.775160378776491 ], [ 629099.674318850506097, 5220838.775861476548016 ], [ 629099.650061532156542, 5220838.848797652870417 ] ] ] } },
{ "type": "Feature", "properties": { "label": "vineyard", "area_m2": 0.54839575795474538 }, "geometry": { "type": "Polygon", "coordinates": [ [ [ 629125.425115163205191, 5220839.775096262805164 ], [ 629125.425117070553824, 5220839.874942678958178 ], [ 629125.47255248692818, 5220839.900000000372529 ], [ 629125.645110204699449, 5220839.827201985754073 ], [ 629125.799942678073421, 5220839.824882930144668 ], [ 629125.895110198995098, 5220839.752201986499131 ], [ 629126.124912942410447, 5220839.749884385615587 ], [ 629126.39990093105007, 5220839.499899697490036 ], [ 629126.449885719339363, 5220839.300114280544221 ], [ 629126.180594114703126, 5220839.260511826723814 ], [ 629126.150000000023283, 5220839.188520000316203 ], [ 629126.174882929422893, 5220838.950057321228087 ], [ 629126.000050494913012, 5220838.875117404386401 ], [ 629125.750057321973145, 5220839.000117070041597 ], [ 629125.675117070437409, 5220839.07505732215941 ], [ 629125.650000000023283, 5220839.197552487254143 ], [ 629125.684024153510109, 5220839.321493386290967 ], [ 629125.600117070483975, 5220839.42505732178688 ], [ 629125.628179200575687, 5220839.633675583638251 ], [ 629125.572620740858838, 5220839.706112734042108 ], [ 629125.425115163205191, 5220839.775096262805164 ] ] ] } },
{ "type": "Feature", "properties": { "label": "vineyard", "area_m2": 0.79627346743831207 }, "geometry": { "type": "Polygon", "coordinates": [ [ [ 629126.000117513933219, 5220838.625062812119722 ], [ 629126.000117513933219, 5220838.874937187880278 ], [ 629126.025062811793759, 5220838.899882485158741 ], [ 629126.150048957904801, 5220838.949881804175675 ], [ 629126.243786121252924, 5220838.949368220753968 ], [ 629126.324885047622956, 5220838.999885046854615 ], [ 629126.341001859167591, 5220838.817441594786942 ], [ 629126.392774522653781, 5220838.777037814259529 ], [ 629126.484496349701658, 5220838.775451924651861 ], [ 629126.550520137883723, 5220838.809450714848936 ], [ 629126.650095137418248, 5220838.974884072318673 ], [ 629126.774893627734855, 5220838.94992892537266 ], [ 629126.87488180550281, 5220838.624951042234898 ], [ 629126.875, 5220838.477454861626029 ], [ 629126.761560671497136, 5220838.427301045507193 ], [ 629126.725481527275406, 5220838.35980171430856 ], [ 629126.761590655893087, 5220838.24595324229449 ], [ 629126.849881805363111, 5220838.149951042607427 ], [ 629126.849885047529824, 5220838.025114953517914 ], [ 629126.784450714825653, 5220838.00052013900131 ], [ 629126.751803613035008, 5220837.943906866945326 ], [ 629126.77488504757639, 5220837.775114953517914 ], [ 629126.687030691071413, 5220837.773503038100898 ], [ 629126.599937188206241, 5220837.700117515400052 ], [ 629126.500048957881518, 5220837.675118195824325 ], [ 629126.425117513979785, 5220837.725062810815871 ], [ 629126.36979237862397, 5220837.876731595955789 ], [ 629126.16674786771182, 5220838.05699198693037 ], [ 629126.025117513956502, 5220838.125062812119722 ], [ 629126.128176433499902, 5220838.329906765371561 ], [ 629126.000117513933219, 5220838.625062812119722 ] ] ] } },
{ "type": "Feature", "properties": { "label": "vineyard", "area_m2": 0.42842483390528602 }, "geometry": { "type": "Polygon", "coordinates": [ [ [ 629114.875117070623673, 5220839.29994267784059 ], [ 629114.96767181600444, 5220839.401802218519151 ], [ 629114.949999999953434, 5220839.547552487812936 ], [ 629114.975065792212263, 5220839.574892274104059 ], [ 629115.324885719339363, 5220839.699885719455779 ], [ 629115.357923094648868, 5220839.575081358663738 ], [ 629115.449882595101371, 5220839.449949505738914 ], [ 629115.452201985986903, 5220839.24511020258069 ], [ 629115.524882595054805, 5220839.099949506111443 ], [ 629115.474884790950455, 5220838.850095328874886 ], [ 629115.324949503876269, 5220838.775117403827608 ], [ 629115.07511428068392, 5220838.800114280544221 ], [ 629115.055759705021046, 5220838.917993469163775 ], [ 629114.875117070623673, 5220839.07505732215941 ], [ 629114.875117070623673, 5220839.29994267784059 ] ] ] } },
{ "type": "Feature", "properties": { "label": "vineyard", "area_m2": 1.2001973350381729 }, "geometry": { "type": "Polygon", "coordinates": [ [ [ 629106.100157903740183, 5220838.374924581497908 ], [ 629106.245786765823141, 5220838.599039523862302 ], [ 629106.200073419488035, 5220838.775948530994356 ], [ 629106.225160223664716, 5220838.974854505620897 ], [ 629106.550590075901709, 5220839.15011384524405 ], [ 629106.89984436891973, 5220839.274837721139193 ], [ 629106.926978441304527, 5220839.146902581676841 ], [ 629107.04983458283823, 5220838.949881061911583 ], [ 629107.078036078135483, 5220838.651255552656949 ], [ 629107.29983098921366, 5220838.374920171685517 ], [ 629107.324841107125394, 5220838.100045868195593 ], [ 629107.274845378939062, 5220837.950079356320202 ], [ 629107.19990039546974, 5220837.875154638662934 ], [ 629107.074950426933356, 5220837.825158208608627 ], [ 629106.878665705909953, 5220837.82202208135277 ], [ 629106.723952064989135, 5220837.674628773704171 ], [ 629106.575075419037603, 5220837.650157902389765 ], [ 629106.540688427980058, 5220837.783690609037876 ], [ 629106.42901238007471, 5220837.916099088266492 ], [ 629106.325157903716899, 5220837.950075417757034 ], [ 629106.325158377178013, 5220838.024841622449458 ], [ 629106.40468800580129, 5220838.029960226267576 ], [ 629106.539124824455939, 5220838.149176880717278 ], [ 629106.484182502608746, 5220838.306459633633494 ], [ 629106.262548498460092, 5220838.324888035655022 ], [ 629106.199908352107741, 5220838.27515709772706 ], [ 629106.125123829464428, 5220838.27515890263021 ], [ 629106.100157903740183, 5220838.374924581497908 ] ] ] } },
{ "type": "Feature", "properties": { "label": "vineyard", "area_m2": 0.056121026053594342 }, "geometry": { "type": "Polygon", "coordinates": [ [ [ 629134.400046898634173, 5220838.852346994914114 ], [ 629134.489772192784585, 5220838.768417173996568 ], [ 629134.655358375515789, 5220838.775556771084666 ], [ 629134.664695573737845, 5220838.946041188202798 ], [ 629134.632182481698692, 5220838.999423307366669 ], [ 629134.53036607184913, 5220839.074624708853662 ], [ 629134.400159026496112, 5220839.099840972572565 ], [ 629134.599871459417045, 5220839.074836673215032 ], [ 629134.674835379002616, 5220838.949922885745764 ], [ 629134.686073788092472, 5220838.778352393768728 ], [ 629134.974840973503888, 5220838.699840973131359 ], [ 629134.974840973503888, 5220838.625159027054906 ], [ 629134.89553142443765, 5220838.613432819023728 ], [ 629134.750196936074644, 5220838.391741241328418 ], [ 629134.754723149468191, 5220838.297712672501802 ], [ 629134.844345733174123, 5220838.206741215661168 ], [ 629134.899840973550454, 5220838.199840973131359 ], [ 629134.899840973550454, 5220838.125159027054906 ], [ 629134.825159026542678, 5220838.125159027054906 ], [ 629134.81825878447853, 5220838.180654267780483 ], [ 629134.727287327055819, 5220838.270276851020753 ], [ 629134.575000000069849, 5220838.302945758216083 ], [ 629134.575159026542678, 5220838.399840973317623 ], [ 629134.757103185052983, 5220838.414441540837288 ], [ 629134.895172891207039, 5220838.618174025788903 ], [ 629134.893634434556589, 5220838.690663888119161 ], [ 629134.690619608387351, 5220838.768774344585836 ], [ 629134.500086374697275, 5220838.750170682556927 ], [ 629134.400046898634173, 5220838.852346994914114 ] ] ] } },
{ "type": "Feature", "properties": { "label": "vineyard", "area_m2": 0.46872346344560323 }, "geometry": { "type": "Polygon", "coordinates": [ [ [ 629117.625, 5220839.122063057497144 ], [ 629117.749924586503766, 5220839.199842102825642 ], [ 629118.156831313739531, 5220838.637480289675295 ], [ 629118.392912076320499, 5220838.720030758529902 ], [ 629118.500104251201265, 5220838.799836738966405 ], [ 629118.574841622961685, 5220838.799841622821987 ], [ 629118.574842025642283, 5220838.67514278087765 ], [ 629118.40055807121098, 5220838.613934427499771 ], [ 629118.30022832157556, 5220838.395772013813257 ], [ 629118.304828743101098, 5220838.268112543970346 ], [ 629118.445523762376979, 5220838.061564864590764 ], [ 629118.524841622915119, 5220838.049841622821987 ], [ 629118.524841622565873, 5220837.97515837661922 ], [ 629118.450158377178013, 5220837.975158377550542 ], [ 629118.421850475715473, 5220838.056284110061824 ], [ 629118.20222586824093, 5220838.124198543839157 ], [ 629118.100075417314656, 5220838.125157901085913 ], [ 629117.949695148156025, 5220838.299526822753251 ], [ 629117.725161611568183, 5220838.40014670882374 ], [ 629117.748014188720845, 5220838.504062856547534 ], [ 629117.650167005020194, 5220838.775082974694669 ], [ 629117.625, 5220839.122063057497144 ] ] ] } },
{ "type": "Feature", "properties": { "label": "vineyard", "area_m2": 0.29420652387107543 }, "geometry": { "type": "Polygon", "coordinates": [ [ [ 629123.050115056103095, 5220838.674901551567018 ], [ 629123.134268329595216, 5220838.759131527505815 ], [ 629123.074999999953434, 5220838.877447512000799 ], [ 629123.075117914122529, 5220839.099959902465343 ], [ 629123.125117070623673, 5220839.324942679144442 ], [ 629123.200050495215692, 5220839.374882595613599 ], [ 629123.299942678073421, 5220839.374882929958403 ], [ 629123.374882595031522, 5220839.274949504993856 ], [ 629123.514224621583708, 5220838.898593925870955 ], [ 629123.649883724749088, 5220838.799926441162825 ], [ 629123.65694818191696, 5220838.724855429492891 ], [ 629123.699883437715471, 5220838.674932301044464 ], [ 629123.699885719339363, 5220838.525114280171692 ], [ 629123.650057322112843, 5220838.525117069482803 ], [ 629123.60011707060039, 5220838.575057321228087 ], [ 629123.579231664189138, 5220838.674531010910869 ], [ 629123.4298897953704, 5220838.797798014245927 ], [ 629123.326962401974015, 5220838.792074030265212 ], [ 629123.269553001620807, 5220838.726492149755359 ], [ 629123.275222211144865, 5220838.65801162365824 ], [ 629123.349885719129816, 5220838.550114280544221 ], [ 629123.213994378922507, 5220838.577313061803579 ], [ 629123.149885719176382, 5220838.475114280357957 ], [ 629123.075117404921912, 5220838.575050493702292 ], [ 629123.050115056103095, 5220838.674901551567018 ] ] ] } },
{ "type": "Feature", "properties": { "label": "vineyard", "area_m2": 0.35662535524659988 }, "geometry": { "type": "Polygon", "coordinates": [ [ [ 629109.075117514003068, 5220839.374937187880278 ], [ 629109.125062811770476, 5220839.424882484599948 ], [ 629109.297545121051371, 5220839.424999999813735 ], [ 629109.474885047529824, 5220839.374885046854615 ], [ 629109.587555905920453, 5220839.141411786898971 ], [ 629109.6498832332436, 5220839.074921978637576 ], [ 629109.652204722282477, 5220838.970095523633063 ], [ 629109.774884074111469, 5220838.600095137022436 ], [ 629109.499951042118482, 5220838.475118195638061 ], [ 629109.400106372311711, 5220838.55007107462734 ], [ 629109.372795277740806, 5220838.754904475994408 ], [ 629109.317070162156597, 5220838.899933448061347 ], [ 629109.100118194590323, 5220839.150048958137631 ], [ 629109.075117514003068, 5220839.374937187880278 ] ] ] } },
{ "type": "Feature", "properties": { "label": "vineyard", "area_m2": 0.42619279199734406 }, "geometry": { "type": "Polygon", "coordinates": [ [ [ 629128.725165112293325, 5220839.200079986825585 ], [ 629128.750799138448201, 5220839.525618892163038 ], [ 629128.899179962580092, 5220839.599593980237842 ], [ 629128.99984825658612, 5220839.599840231239796 ], [ 629129.199430593056604, 5220838.876453779637814 ], [ 629129.44983775052242, 5220838.19987565279007 ], [ 629129.424913609633222, 5220838.100170705467463 ], [ 629129.350159026449546, 5220838.100159026682377 ], [ 629129.340459072496742, 5220838.203985187225044 ], [ 629128.975169957149774, 5220838.500101598910987 ], [ 629128.900699426536448, 5220838.946125662885606 ], [ 629128.725165112293325, 5220839.200079986825585 ] ] ] } },
{ "type": "Feature", "properties": { "label": "vineyard", "area_m2": 0.23265919639620219 }, "geometry": { "type": "Polygon", "coordinates": [ [ [ 629137.325067534926347, 5220838.098919840529561 ], [ 629137.525140321464278, 5220838.374838112853467 ], [ 629137.599840973503888, 5220838.374840972945094 ], [ 629137.505626437836327, 5220838.018519668839872 ], [ 629137.649846502463333, 5220837.749873369932175 ], [ 629137.658076682593673, 5220837.518495384603739 ], [ 629137.919297871761955, 5220837.282639987766743 ], [ 629138.024871817673557, 5220837.274843033403158 ], [ 629138.074826359399594, 5220837.199911148287356 ], [ 629138.074829318211414, 5220836.92508637253195 ], [ 629138.024913625326008, 5220836.875170682556927 ], [ 629137.950156294624321, 5220836.875162934884429 ], [ 629137.915561547735706, 5220837.276453597471118 ], [ 629137.654111825511791, 5220837.445586699992418 ], [ 629137.549627554952167, 5220837.451019988395274 ], [ 629137.375149119528942, 5220837.775076585821807 ], [ 629137.325067534926347, 5220838.098919840529561 ] ] ] } },
{ "type": "Feature", "properties": { "label": "vineyard", "area_m2": 0.21003950003617436 }, "geometry": { "type": "Polygon", "coordinates": [ [ [ 629143.000115925911814, 5220838.674904862418771 ], [ 629143.275048958370462, 5220838.799881804734468 ], [ 629143.324881805572659, 5220838.749951042234898 ], [ 629143.399881483521312, 5220838.524957595393062 ], [ 629143.424883639905602, 5220838.125086299143732 ], [ 629143.369519246625714, 5220838.087826736271381 ], [ 629143.349960457533598, 5220838.023350043222308 ], [ 629143.362713523674756, 5220837.947906892746687 ], [ 629143.424883639905602, 5220837.899913701228797 ], [ 629143.399937188252807, 5220837.850117514841259 ], [ 629143.35011495242361, 5220837.850114952772856 ], [ 629143.331867047236301, 5220837.910723245702684 ], [ 629143.275116360164247, 5220837.950086299329996 ], [ 629143.283078588196076, 5220838.109359511174262 ], [ 629143.200115458923392, 5220838.175104645080864 ], [ 629143.138409344130196, 5220838.354046758264303 ], [ 629143.075115925981663, 5220838.400095138698816 ], [ 629143.000115925911814, 5220838.674904862418771 ] ] ] } },
{ "type": "Feature", "properties": { "label": "vineyard", "area_m2": 0.16725903112436682 }, "geometry": { "type": "Polygon", "coordinates": [ [ [ 629121.100159026449546, 5220838.125159027054906 ], [ 629121.174840973573737, 5220838.17484097275883 ], [ 629121.183944664546289, 5220838.118670304305851 ], [ 629121.371690537547693, 5220837.934914479963481 ], [ 629121.525100628961809, 5220837.999829615466297 ], [ 629121.649876368930563, 5220837.999840393662453 ], [ 629121.674829295836389, 5220837.775086390785873 ], [ 629121.539407241507433, 5220837.735894189216197 ], [ 629121.484021186130121, 5220837.555167688988149 ], [ 629121.587700511096045, 5220837.451754977926612 ], [ 629121.849840973503888, 5220837.449840973131359 ], [ 629121.849840973503888, 5220837.350159026682377 ], [ 629121.50108431733679, 5220837.325067331083119 ], [ 629121.425864956225269, 5220837.374312491156161 ], [ 629121.398221512674354, 5220837.551250412128866 ], [ 629121.325152595178224, 5220837.725123532116413 ], [ 629121.364996692864224, 5220837.92842823266983 ], [ 629121.183827346074395, 5220838.115784620866179 ], [ 629121.100159026449546, 5220838.125159027054906 ] ] ] } },
{ "type": "Feature", "properties": { "label": "vineyard", "area_m2": 0.35610122733624505 }, "geometry": { "type": "Polygon", "coordinates": [ [ [ 629131.7251167667564, 5220838.799921978265047 ], [ 629131.825048957951367, 5220838.87488180398941 ], [ 629131.999885047553107, 5220838.899885047227144 ], [ 629132.113514570519328, 5220838.490775844082236 ], [ 629132.399882849887945, 5220838.149929783307016 ], [ 629132.374928923672996, 5220838.025106371380389 ], [ 629131.974951042095199, 5220837.850118195638061 ], [ 629131.925117513979785, 5220837.875062812119722 ], [ 629131.958900394849479, 5220838.046962274238467 ], [ 629131.850118516478688, 5220838.250042404979467 ], [ 629131.7251167667564, 5220838.799921978265047 ] ] ] } },
{ "type": "Feature", "properties": { "label": "vineyard", "area_m2": 0.29809988276620975 }, "geometry": { "type": "Polygon", "coordinates": [ [ [ 629106.625, 5220837.647054241970181 ], [ 629107.051435456494801, 5220837.794633964076638 ], [ 629107.075161643908359, 5220837.849849629215896 ], [ 629107.174840973573737, 5220837.874840972945094 ], [ 629107.274015889503062, 5220837.604331462644041 ], [ 629107.424867629539222, 5220837.474906899034977 ], [ 629107.674840396037325, 5220837.100123630836606 ], [ 629107.400136610725895, 5220837.000157329253852 ], [ 629107.193690264830366, 5220837.241428038105369 ], [ 629106.978011468192562, 5220837.203233302570879 ], [ 629106.950756787206046, 5220837.172816175967455 ], [ 629106.949829190387391, 5220837.075062754563987 ], [ 629106.824855854385532, 5220836.85016253311187 ], [ 629106.725159026449546, 5220836.850159026682377 ], [ 629106.725157243548892, 5220836.949863454326987 ], [ 629106.84823292773217, 5220837.057442458346486 ], [ 629106.850160393398255, 5220837.199860919266939 ], [ 629107.054338982678019, 5220837.35838167835027 ], [ 629107.123547526192851, 5220837.512584254145622 ], [ 629107.124770496040583, 5220837.64811306539923 ], [ 629107.084625010262243, 5220837.769087081775069 ], [ 629107.04860356496647, 5220837.789238279685378 ], [ 629106.723566887201741, 5220837.680364984087646 ], [ 629106.69984097359702, 5220837.625159027054906 ], [ 629106.625159026472829, 5220837.625159027054906 ], [ 629106.625, 5220837.647054241970181 ] ] ] } },
{ "type": "Feature", "properties": { "label": "vineyard", "area_m2": 0.71689068832770697 }, "geometry": { "type": "Polygon", "coordinates": [ [ [ 629123.400807538884692, 5220838.274838991463184 ], [ 629123.450114952516742, 5220838.424885046668351 ], [ 629123.615728008328006, 5220838.395147382281721 ], [ 629123.667725812760182, 5220838.449035442434251 ], [ 629123.675114952493459, 5220838.524885047227144 ], [ 629123.949937188299373, 5220838.474882484413683 ], [ 629123.999882486066781, 5220838.424937187694013 ], [ 629123.999881483498029, 5220838.200042405165732 ], [ 629123.950000000069849, 5220837.890978140756488 ], [ 629124.024882486090064, 5220837.724937187507749 ], [ 629124.024882486090064, 5220837.650062812492251 ], [ 629123.835414381115697, 5220837.434240870177746 ], [ 629123.819546184386127, 5220837.348525901325047 ], [ 629123.905972900800407, 5220837.275501783005893 ], [ 629124.05631718900986, 5220837.279005923308432 ], [ 629124.125086297979578, 5220837.349883638322353 ], [ 629124.199929783586413, 5220837.34988284856081 ], [ 629124.274884541286156, 5220837.299895353615284 ], [ 629124.349884074064903, 5220836.900095137767494 ], [ 629124.124951042118482, 5220836.800118195824325 ], [ 629123.96564049157314, 5220836.808078588917851 ], [ 629123.899895354406908, 5220836.725115459412336 ], [ 629123.85011495242361, 5220836.725114952772856 ], [ 629123.850116360117681, 5220836.799913700670004 ], [ 629123.920359070645645, 5220836.866592521779239 ], [ 629123.917778484639712, 5220836.965608452446759 ], [ 629123.857225477462634, 5220837.022962186485529 ], [ 629123.72511495242361, 5220837.025114953517914 ], [ 629123.650118194520473, 5220837.200048957951367 ], [ 629123.650114952470176, 5220837.274885047227144 ], [ 629123.757060952833854, 5220837.287294552661479 ], [ 629123.807618733379059, 5220837.358306991867721 ], [ 629123.799767553224228, 5220837.417014511302114 ], [ 629123.744083506870084, 5220837.479953727684915 ], [ 629123.625114952446893, 5220837.500114953145385 ], [ 629123.625114952446893, 5220837.599885046482086 ], [ 629123.709464304498397, 5220837.64158895239234 ], [ 629123.724951208918355, 5220837.725650384090841 ], [ 629123.685194341116585, 5220837.782235514372587 ], [ 629123.559911250835285, 5220837.845560799352825 ], [ 629123.400114952470176, 5220837.80011495295912 ], [ 629123.400114952470176, 5220837.874885046854615 ], [ 629123.472531093051657, 5220837.902843053452671 ], [ 629123.503211463685147, 5220837.970867502503097 ], [ 629123.49506221874617, 5220838.140056913718581 ], [ 629123.456867047236301, 5220838.235723245888948 ], [ 629123.400807538884692, 5220838.274838991463184 ] ] ] } },
{ "type": "Feature", "properties": { "label": "vineyard", "area_m2": 0.28477296410824876 }, "geometry": { "type": "Polygon", "coordinates": [ [ [ 629143.350116487010382, 5220837.800069234333932 ], [ 629143.350115209002979, 5220837.849904670380056 ], [ 629143.42488571931608, 5220837.874885719269514 ], [ 629143.437711169477552, 5220837.772907991893589 ], [ 629143.532006535911933, 5220837.69424029160291 ], [ 629143.749942678026855, 5220837.649882930330932 ], [ 629143.824884836794809, 5220837.599903737194836 ], [ 629143.879931681440212, 5220837.384963636286557 ], [ 629143.949882595101371, 5220837.249949505552649 ], [ 629143.944607396377251, 5220836.950192965567112 ], [ 629143.999885719269514, 5220836.850114280357957 ], [ 629143.775095329619944, 5220836.775115208700299 ], [ 629143.700117404921912, 5220836.925050494261086 ], [ 629143.716289030620828, 5220837.174840495921671 ], [ 629143.668542092083953, 5220837.239219467155635 ], [ 629143.525114829419181, 5220837.325103081762791 ], [ 629143.516800970421173, 5220837.417955791577697 ], [ 629143.450115614105016, 5220837.475087056867778 ], [ 629143.443051819805987, 5220837.550144565291703 ], [ 629143.400116562377661, 5220837.600067698396742 ], [ 629143.400621895911172, 5220837.743823929689825 ], [ 629143.350116487010382, 5220837.800069234333932 ] ] ] } },
{ "type": "Feature", "properties": { "label": "vineyard", "area_m2": 0.74149398135075861 }, "geometry": { "type": "Polygon", "coordinates": [ [ [ 629126.525114952470176, 5220837.69988504704088 ], [ 629126.624885047553107, 5220837.724885046482086 ], [ 629126.639067139127292, 5220837.645332919433713 ], [ 629126.724882486043498, 5220837.57493718713522 ], [ 629126.747698954655789, 5220837.502538812346756 ], [ 629126.824999999953434, 5220837.465978140942752 ], [ 629126.917387953377329, 5220837.527709797024727 ], [ 629126.950114952516742, 5220837.774885047227144 ], [ 629127.04993718827609, 5220837.774882485158741 ], [ 629127.099893627804704, 5220837.724928924813867 ], [ 629127.189227138995193, 5220837.448589725419879 ], [ 629127.27488504757639, 5220837.399885047227144 ], [ 629127.288514570565894, 5220837.21577584464103 ], [ 629127.364888188312761, 5220837.107948969118297 ], [ 629127.449885047622956, 5220837.07488504704088 ], [ 629127.47151950513944, 5220836.865604834631085 ], [ 629127.524882849771529, 5220836.799929783679545 ], [ 629127.52488504757639, 5220836.625114953145385 ], [ 629127.410178219550289, 5220836.613821156322956 ], [ 629127.392070161295123, 5220836.699933449737728 ], [ 629127.341763574397191, 5220836.749868798069656 ], [ 629127.308146961266175, 5220836.955557024106383 ], [ 629127.254028467810713, 5220836.995694033801556 ], [ 629127.171124806278385, 5220837.00005191937089 ], [ 629127.105477103963494, 5220836.960704199038446 ], [ 629127.086880206596106, 5220836.886461223475635 ], [ 629127.208706030040048, 5220836.699650892056525 ], [ 629127.201751262880862, 5220836.617844793945551 ], [ 629127.249882486066781, 5220836.525062812492251 ], [ 629126.974951041629538, 5220836.400118195451796 ], [ 629126.900062811793759, 5220836.400117515586317 ], [ 629126.800117513979785, 5220836.500062812119722 ], [ 629126.750117513933219, 5220836.600062810815871 ], [ 629126.74506221874617, 5220836.79005691409111 ], [ 629126.650118194520473, 5220836.950048957951367 ], [ 629126.648503025760874, 5220837.162969342432916 ], [ 629126.525118516525254, 5220837.400042405351996 ], [ 629126.561851622886024, 5220837.592663306742907 ], [ 629126.525114952470176, 5220837.69988504704088 ] ] ] } },
{ "type": "Feature", "properties": { "label": "vineyard", "area_m2": 0.43007498980435788 }, "geometry": { "type": "Polygon", "coordinates": [ [ [ 629109.50011819449719, 5220838.100048957392573 ], [ 629109.52924993308261, 5220838.334161005914211 ], [ 629109.500115925911814, 5220838.499904862605035 ], [ 629109.725048958323896, 5220838.599881804548204 ], [ 629109.79993718827609, 5220838.599882484413683 ], [ 629109.924882849911228, 5220838.399929783307016 ], [ 629110.011590655893087, 5220838.145953241735697 ], [ 629110.149882849887945, 5220837.999929782934487 ], [ 629110.149881483521312, 5220837.675042404793203 ], [ 629110.124885047553107, 5220837.600114952772856 ], [ 629109.900086298002861, 5220837.600116360932589 ], [ 629109.725117513909936, 5220837.750062812119722 ], [ 629109.68657425022684, 5220837.864452227950096 ], [ 629109.600107341073453, 5220837.925097287632525 ], [ 629109.50011819449719, 5220838.100048957392573 ] ] ] } },
{ "type": "Feature", "properties": { "label": "vineyard", "area_m2": 0.59607918248456859 }, "geometry": { "type": "Polygon", "coordinates": [ [ [ 629115.200116562191397, 5220838.4000676991418 ], [ 629115.274336332571693, 5220838.576758067123592 ], [ 629115.250114280730486, 5220838.774885719642043 ], [ 629115.474932900862768, 5220838.849883409217 ], [ 629115.724882929353043, 5220838.67494267784059 ], [ 629115.824882085900754, 5220838.449959902092814 ], [ 629115.827201985986903, 5220838.320110202766955 ], [ 629115.924882085877471, 5220838.074959902092814 ], [ 629115.949884791043587, 5220837.425095329061151 ], [ 629115.799949505017139, 5220837.350117404013872 ], [ 629115.725057321949862, 5220837.350117069669068 ], [ 629115.600115001667291, 5220837.475099563598633 ], [ 629115.59305181808304, 5220838.025144570507109 ], [ 629115.466746267862618, 5220838.206993469037116 ], [ 629115.275064700166695, 5220838.250108931213617 ], [ 629115.200116562191397, 5220838.4000676991418 ] ] ] } },
{ "type": "Feature", "properties": { "label": "vineyard", "area_m2": 0.30560253180345365 }, "geometry": { "type": "Polygon", "coordinates": [ [ [ 629134.800117070437409, 5220837.45005732215941 ], [ 629134.800114829209633, 5220837.674896917305887 ], [ 629134.875067099463195, 5220837.724883409217 ], [ 629134.999949503922835, 5220837.724882596172392 ], [ 629135.274884836748242, 5220837.474903737194836 ], [ 629135.30220198596362, 5220837.270110202953219 ], [ 629135.374882085714489, 5220837.099959902465343 ], [ 629135.374884790973738, 5220836.900095328688622 ], [ 629135.250040098908357, 5220836.875117913819849 ], [ 629135.100107725826092, 5220836.925065792165697 ], [ 629134.97511707060039, 5220837.075057321228087 ], [ 629134.940813257708214, 5220837.251327498815954 ], [ 629134.800117070437409, 5220837.45005732215941 ] ] ] } },
{ "type": "Feature", "properties": { "label": "vineyard", "area_m2": 0.73133954592153794 }, "geometry": { "type": "Polygon", "coordinates": [ [ [ 629131.900115925935097, 5220837.8249048627913 ], [ 629132.375048958347179, 5220838.049881804734468 ], [ 629132.496565925423056, 5220837.960403375327587 ], [ 629132.574904862674884, 5220837.949884072877467 ], [ 629132.624881805386394, 5220837.849951041862369 ], [ 629132.641853038803674, 5220837.644442975521088 ], [ 629132.695971532259136, 5220837.604305965825915 ], [ 629132.799885047599673, 5220837.599885046482086 ], [ 629132.774884074111469, 5220837.400095137767494 ], [ 629132.683721673325635, 5220837.324866284616292 ], [ 629132.679937781300396, 5220837.20994308590889 ], [ 629132.867042761994526, 5220836.937793589197099 ], [ 629132.924884074134752, 5220836.899904862046242 ], [ 629132.924881805549376, 5220836.800048957578838 ], [ 629132.804640929331072, 5220836.658407477661967 ], [ 629132.799885047599673, 5220836.525114953517914 ], [ 629132.625115925911814, 5220836.5500951372087 ], [ 629132.625117513933219, 5220836.624937187880278 ], [ 629132.753480494953692, 5220836.740604835562408 ], [ 629132.713439328479581, 5220836.877301045693457 ], [ 629132.543212755583227, 5220836.92457674164325 ], [ 629132.325062811840326, 5220836.925117515027523 ], [ 629132.239820046816021, 5220837.053834643214941 ], [ 629132.125048958347179, 5220837.075118195265532 ], [ 629132.050117513979785, 5220837.125062812119722 ], [ 629132.050118194543757, 5220837.199951042421162 ], [ 629132.13743993814569, 5220837.410326953046024 ], [ 629132.122795277740806, 5220837.529904476366937 ], [ 629132.067957284161821, 5220837.637137066572905 ], [ 629131.925097287981771, 5220837.725107341073453 ], [ 629131.900115925935097, 5220837.8249048627913 ] ] ] } },
{ "type": "Feature", "properties": { "label": "vineyard", "area_m2": 0.57912287271697449 }, "geometry": { "type": "Polygon", "coordinates": [ [ [ 629099.975118516478688, 5220837.750042404979467 ], [ 629100.000115925911814, 5220838.024904862977564 ], [ 629100.175048958393745, 5220838.099881804548204 ], [ 629100.249885047553107, 5220838.099885046482086 ], [ 629100.251821976853535, 5220837.92770111747086 ], [ 629100.284780587186106, 5220837.870897912420332 ], [ 629100.449885047622956, 5220837.849885046482086 ], [ 629100.457612046739087, 5220837.761731656268239 ], [ 629100.511731656850316, 5220837.707612046971917 ], [ 629100.699885047622956, 5220837.69988504704088 ], [ 629100.760778112104163, 5220837.491317390464246 ], [ 629100.833166590542533, 5220837.415395483374596 ], [ 629101.02488504757639, 5220837.399885047227144 ], [ 629101.024882486090064, 5220837.325062812305987 ], [ 629100.900438778335229, 5220837.122879805974662 ], [ 629100.903925935854204, 5220837.03373290784657 ], [ 629100.949882849934511, 5220836.974929782561958 ], [ 629100.949885047622956, 5220836.850114952772856 ], [ 629100.824951042188331, 5220836.800118195824325 ], [ 629100.659271991695277, 5220836.804852617904544 ], [ 629100.599885047529824, 5220836.700114953331649 ], [ 629100.52509977761656, 5220836.700115699321032 ], [ 629100.440874181222171, 5220836.784264755435288 ], [ 629100.275114952470176, 5220836.750114953145385 ], [ 629100.253645521355793, 5220836.861764731816947 ], [ 629100.150117513956502, 5220836.925062811002135 ], [ 629100.150114952470176, 5220837.099885046482086 ], [ 629100.224904862581752, 5220837.099884072318673 ], [ 629100.302860326250084, 5220836.936807872727513 ], [ 629100.457155205425806, 5220836.926751262508333 ], [ 629100.722424708190374, 5220837.056045945733786 ], [ 629100.747962184133939, 5220837.207225482910872 ], [ 629100.699293418088928, 5220837.263793690130115 ], [ 629100.550117513979785, 5220837.300062811002135 ], [ 629100.547997903893702, 5220837.478931928984821 ], [ 629100.485989505657926, 5220837.55232113879174 ], [ 629100.283732909127139, 5220837.521074065007269 ], [ 629100.1499575964408, 5220837.450118517503142 ], [ 629100.050114952493459, 5220837.450114953331649 ], [ 629099.975118516478688, 5220837.750042404979467 ] ] ] } },
{ "type": "Feature", "properties": { "label": "vineyard", "area_m2": 0.19060730208759633 }, "geometry": { "type": "Polygon", "coordinates": [ [ [ 629116.050118516548537, 5220836.950042405165732 ], [ 629116.075114952516742, 5220837.124885046854615 ], [ 629116.174885047599673, 5220837.124885046854615 ], [ 629116.178925935761072, 5220837.008732908405364 ], [ 629116.224882849841379, 5220836.949929783120751 ], [ 629116.200000000069849, 5220836.734021859243512 ], [ 629116.222698954748921, 5220836.661560671404004 ], [ 629116.31274960632436, 5220836.625447771511972 ], [ 629116.400086298002861, 5220836.699883638881147 ], [ 629116.499904862372205, 5220836.699884072877467 ], [ 629116.574884074158035, 5220836.624904861673713 ], [ 629116.599884074064903, 5220836.225095137022436 ], [ 629116.525086298002861, 5220836.200116361491382 ], [ 629116.465265771723352, 5220836.267915562726557 ], [ 629116.325114952516742, 5220836.275114953517914 ], [ 629116.238192126504146, 5220836.622139673680067 ], [ 629116.075116766849533, 5220836.725078020244837 ], [ 629116.050118516548537, 5220836.950042405165732 ] ] ] } },
{ "type": "Feature", "properties": { "label": "vineyard", "area_m2": 0.30850237881537834 }, "geometry": { "type": "Polygon", "coordinates": [ [ [ 629112.925117513979785, 5220837.474937187507749 ], [ 629112.950062811840326, 5220837.499882484786212 ], [ 629113.124937188229524, 5220837.499882484786212 ], [ 629113.299913894035853, 5220837.374913893640041 ], [ 629113.449893627781421, 5220837.149928925558925 ], [ 629113.64988504757639, 5220836.750114953145385 ], [ 629113.474957596394233, 5220836.675118517130613 ], [ 629113.275106372544542, 5220836.725071074441075 ], [ 629113.200115925981663, 5220836.800095138140023 ], [ 629113.189221887965687, 5220836.908682609908283 ], [ 629113.100106372032315, 5220837.000071075744927 ], [ 629112.925118194543757, 5220837.350048957392573 ], [ 629112.925117513979785, 5220837.474937187507749 ] ] ] } },
{ "type": "Feature", "properties": { "label": "vineyard", "area_m2": 0.16100147556584016 }, "geometry": { "type": "Polygon", "coordinates": [ [ [ 629123.875, 5220836.722054241225123 ], [ 629124.399863378610462, 5220836.924842657521367 ], [ 629124.499832436558791, 5220836.799865127541125 ], [ 629124.5, 5220836.727945759892464 ], [ 629124.474873721948825, 5220836.675154894590378 ], [ 629124.357609615428373, 5220836.612087582238019 ], [ 629124.398113318253309, 5220836.399356129579246 ], [ 629124.500681149424054, 5220836.374138523824513 ], [ 629124.699840396060608, 5220836.125123631209135 ], [ 629124.475150369107723, 5220836.050161644816399 ], [ 629124.400157378404401, 5220836.275079670362175 ], [ 629124.345821645692922, 5220836.610590142197907 ], [ 629124.225086375023238, 5220836.625170682556927 ], [ 629124.079924832098186, 5220836.742877685464919 ], [ 629123.899876088136807, 5220836.675153765827417 ], [ 629123.875159026472829, 5220836.675159026868641 ], [ 629123.875, 5220836.722054241225123 ] ] ] } },
{ "type": "Feature", "properties": { "label": "vineyard", "area_m2": 0.48663399660670736 }, "geometry": { "type": "Polygon", "coordinates": [ [ [ 629135.299999999930151, 5220836.347063059918582 ], [ 629135.431359675829299, 5220836.359079582616687 ], [ 629135.715920418035239, 5220836.643640323542058 ], [ 629135.725158377084881, 5220836.724841622635722 ], [ 629135.799841622938402, 5220836.724841622635722 ], [ 629135.799841622938402, 5220836.650158377364278 ], [ 629135.716192473773845, 5220836.640918208286166 ], [ 629135.442278239410371, 5220836.342083458788693 ], [ 629135.599838207941502, 5220836.149893652647734 ], [ 629135.62680829281453, 5220836.046110730618238 ], [ 629135.704581095604226, 5220835.930320941843092 ], [ 629135.929148701136, 5220835.95317146461457 ], [ 629135.950158377178013, 5220836.124841623008251 ], [ 629136.049845343688503, 5220836.099900382570922 ], [ 629136.199976056581363, 5220835.748041334562004 ], [ 629136.074846223578788, 5220835.375126262195408 ], [ 629135.899936411180533, 5220835.300177427940071 ], [ 629135.800075418781489, 5220835.300157902762294 ], [ 629135.60014624404721, 5220835.525078754872084 ], [ 629135.424891101196408, 5220835.949959035031497 ], [ 629135.30017355340533, 5220836.150075943209231 ], [ 629135.299999999930151, 5220836.347063059918582 ] ] ] } },
{ "type": "Feature", "properties": { "label": "vineyard", "area_m2": 0.44629685449750861 }, "geometry": { "type": "Polygon", "coordinates": [ [ [ 629121.150114952470176, 5220836.69988504704088 ], [ 629121.224882486043498, 5220836.674937187694013 ], [ 629121.291918604285456, 5220836.493596366606653 ], [ 629121.449289815151133, 5220836.474469010718167 ], [ 629121.495886196848005, 5220836.533090439625084 ], [ 629121.50011819449719, 5220836.674951042048633 ], [ 629121.550106372334994, 5220836.774928925558925 ], [ 629121.702301045297645, 5220836.83656067121774 ], [ 629121.725117513909936, 5220836.974937187507749 ], [ 629121.800597432767972, 5220837.031242985278368 ], [ 629121.850062811630778, 5220837.124882484786212 ], [ 629121.94989535456989, 5220837.124884540215135 ], [ 629122.075000000069849, 5220836.922545137815177 ], [ 629122.074881805572659, 5220836.825048957951367 ], [ 629121.978880034410395, 5220836.727611407637596 ], [ 629121.970498488168232, 5220836.642512146383524 ], [ 629122.06401049438864, 5220836.497678861953318 ], [ 629122.249885047553107, 5220836.524885047227144 ], [ 629122.249884074088186, 5220836.350095137022436 ], [ 629121.675114952493459, 5220836.125114953145385 ], [ 629121.772962184157223, 5220836.217774517834187 ], [ 629121.746961526805535, 5220836.35795958712697 ], [ 629121.688126347842626, 5220836.387657038867474 ], [ 629121.48936021886766, 5220836.39186302665621 ], [ 629121.399913702276535, 5220836.325116361491382 ], [ 629121.300062811817043, 5220836.325117515400052 ], [ 629121.175118194543757, 5220836.575048957951367 ], [ 629121.150114952470176, 5220836.69988504704088 ] ] ] } },
{ "type": "Feature", "properties": { "label": "vineyard", "area_m2": 0.37025604205487767 }, "geometry": { "type": "Polygon", "coordinates": [ [ [ 629100.474999999976717, 5220836.447063060477376 ], [ 629100.574255185783841, 5220836.383121522143483 ], [ 629100.699924581800587, 5220836.449842097237706 ], [ 629100.818076578550972, 5220836.286567443050444 ], [ 629100.874863117001951, 5220836.274833980947733 ], [ 629101.003656962770037, 5220836.152964209206402 ], [ 629101.360529520083219, 5220836.132111789658666 ], [ 629101.347574895829894, 5220836.35505202319473 ], [ 629101.275141628226265, 5220836.375159951858222 ], [ 629101.000163383199833, 5220836.750078631564975 ], [ 629101.000158377340995, 5220836.824841623194516 ], [ 629101.074935703189112, 5220836.824829937890172 ], [ 629101.449842096422799, 5220836.549924581311643 ], [ 629101.449826418538578, 5220836.475075954571366 ], [ 629101.363053289009258, 5220836.347414501942694 ], [ 629101.448184213717468, 5220836.161239500157535 ], [ 629101.549844369874336, 5220836.149837722070515 ], [ 629101.574841096997261, 5220836.000123828649521 ], [ 629101.149936410947703, 5220835.825177427381277 ], [ 629101.042381902807392, 5220835.847206591628492 ], [ 629100.750158377340995, 5220835.800158376805484 ], [ 629100.750158377340995, 5220835.874841623008251 ], [ 629100.880654266802594, 5220835.881741215474904 ], [ 629100.970276850508526, 5220835.972712672315538 ], [ 629100.971946289530024, 5220836.038551233708858 ], [ 629100.814844498061575, 5220836.115163382142782 ], [ 629100.600158377434127, 5220836.10015837661922 ], [ 629100.617455166182481, 5220836.338313318789005 ], [ 629100.562362228869461, 5220836.373597100377083 ], [ 629100.475158377201296, 5220836.375158376991749 ], [ 629100.474999999976717, 5220836.447063060477376 ] ] ] } },
{ "type": "Feature", "properties": { "label": "vineyard", "area_m2": 0.21038793886496648 }, "geometry": { "type": "Polygon", "coordinates": [ [ [ 629129.650115925935097, 5220837.274904862977564 ], [ 629129.79993718827609, 5220837.299882484599948 ], [ 629129.849882486043498, 5220837.249937187880278 ], [ 629129.883200560230762, 5220836.932043776847422 ], [ 629129.999884074088186, 5220836.849904862232506 ], [ 629130.008721673279069, 5220836.775133715011179 ], [ 629130.12488180550281, 5220836.574951042421162 ], [ 629130.14988504757639, 5220836.200114953331649 ], [ 629130.067406767746434, 5220836.221881846897304 ], [ 629129.900114952470176, 5220836.200114953331649 ], [ 629129.91398662282154, 5220836.605030884966254 ], [ 629129.850116360117681, 5220836.675086298026145 ], [ 629129.834604516276158, 5220836.891833409667015 ], [ 629129.675117513979785, 5220837.025062812492251 ], [ 629129.650115925935097, 5220837.274904862977564 ] ] ] } },
{ "type": "Feature", "properties": { "label": "vineyard", "area_m2": 0.42000447067023272 }, "geometry": { "type": "Polygon", "coordinates": [ [ [ 629110.10011707060039, 5220837.049942678771913 ], [ 629110.25007355818525, 5220837.249883724376559 ], [ 629110.324904670240358, 5220837.249884790740907 ], [ 629110.432979399687611, 5220837.089867069385946 ], [ 629110.674882929422893, 5220836.849942678585649 ], [ 629110.724999999976717, 5220836.672552486881614 ], [ 629110.724882610025816, 5220836.400050803087652 ], [ 629110.69574293482583, 5220836.334167000837624 ], [ 629110.724999999976717, 5220836.127447512932122 ], [ 629110.69994267844595, 5220836.100117069669068 ], [ 629110.500050495145842, 5220836.100117404013872 ], [ 629110.400115163298324, 5220836.150096262805164 ], [ 629110.395068318583071, 5220836.440036363899708 ], [ 629110.325117070577107, 5220836.525057321414351 ], [ 629110.309594759717584, 5220836.641846602782607 ], [ 629110.10011707060039, 5220836.900057321414351 ], [ 629110.10011707060039, 5220837.049942678771913 ] ] ] } },
{ "type": "Feature", "properties": { "label": "vineyard", "area_m2": 0.7354573455668254 }, "geometry": { "type": "Polygon", "coordinates": [ [ [ 629100.675166905974038, 5220835.050137707963586 ], [ 629100.700086390483193, 5220835.149829294532537 ], [ 629100.799840973573737, 5220835.149840973317623 ], [ 629100.807006982853636, 5220835.069464382715523 ], [ 629100.955910083721392, 5220834.91096559446305 ], [ 629101.171792737906799, 5220835.025174498558044 ], [ 629101.199837737600319, 5220835.094666204415262 ], [ 629101.193669645348564, 5220835.248545344918966 ], [ 629100.913622110616416, 5220835.444958001375198 ], [ 629100.825159026542678, 5220835.45015902724117 ], [ 629100.825170704280026, 5220835.574913608841598 ], [ 629101.021850723074749, 5220835.675433014519513 ], [ 629101.100147268734872, 5220835.824874442070723 ], [ 629101.57484097359702, 5220835.999840972945094 ], [ 629101.55130570649635, 5220835.681307249702513 ], [ 629101.599826377001591, 5220835.599911157041788 ], [ 629101.601723146624863, 5220835.459772163070738 ], [ 629101.749863736331463, 5220835.349847787991166 ], [ 629101.849840973503888, 5220835.07515902724117 ], [ 629101.724229341722094, 5220835.067808487452567 ], [ 629101.549908667919226, 5220834.850160764530301 ], [ 629101.424937954638153, 5220834.800178176723421 ], [ 629100.947054228628986, 5220834.775000000372529 ], [ 629100.825159026542678, 5220834.775159027427435 ], [ 629100.820380914374255, 5220834.899844075553119 ], [ 629100.675166905974038, 5220835.050137707963586 ] ] ] } },
{ "type": "Feature", "properties": { "label": "vineyard", "area_m2": 0.62035689100927871 }, "geometry": { "type": "Polygon", "coordinates": [ [ [ 629121.525000000023283, 5220835.972054241225123 ], [ 629121.676075043040328, 5220836.125384621322155 ], [ 629122.250681149540469, 5220836.349138523451984 ], [ 629122.399975912761874, 5220836.023035444319248 ], [ 629122.399827635963447, 5220835.900113746523857 ], [ 629122.300368826137856, 5220835.747854345478117 ], [ 629122.278575665899552, 5220835.542595130391419 ], [ 629122.449848534190096, 5220835.449842478148639 ], [ 629122.524532247334719, 5220835.275747670792043 ], [ 629122.474848505458795, 5220835.025149407796562 ], [ 629122.274948134785518, 5220834.950158765539527 ], [ 629121.87512363109272, 5220834.950159606523812 ], [ 629121.850159026449546, 5220835.024840973317623 ], [ 629121.899840973550454, 5220835.024840973317623 ], [ 629121.936079314444214, 5220834.952647472731769 ], [ 629122.202485278015956, 5220834.952767349779606 ], [ 629122.381911516422406, 5220834.995673875324428 ], [ 629122.486967549426481, 5220835.132701138965786 ], [ 629122.487536964705214, 5220835.31253292132169 ], [ 629122.357650249497965, 5220835.447080789133906 ], [ 629122.272958260960877, 5220835.475863481871784 ], [ 629122.123687820392661, 5220835.351292597129941 ], [ 629122.199951692018658, 5220835.188687241636217 ], [ 629122.063929581199773, 5220835.435908935032785 ], [ 629121.897827168460935, 5220835.51470401789993 ], [ 629121.700086385477334, 5220835.400170696899295 ], [ 629121.575157080427743, 5220835.650057938881218 ], [ 629121.525000000023283, 5220835.972054241225123 ] ] ] } },
{ "type": "Feature", "properties": { "label": "vineyard", "area_m2": 0.47203165724138652 }, "geometry": { "type": "Polygon", "coordinates": [ [ [ 629118.400114952470176, 5220836.900114953517914 ], [ 629118.400114952470176, 5220836.999885046854615 ], [ 629118.616267091478221, 5220837.028925935737789 ], [ 629118.669108070898801, 5220837.065789093263447 ], [ 629118.699447292136028, 5220837.130478802137077 ], [ 629118.72511495242361, 5220837.424885046668351 ], [ 629118.799921979894862, 5220837.424883232451975 ], [ 629118.924881805549376, 5220837.274951042607427 ], [ 629118.92720472230576, 5220836.795095523819327 ], [ 629118.974882486043498, 5220836.724937187507749 ], [ 629118.98577811208088, 5220836.616317390464246 ], [ 629119.049881805549376, 5220836.524951042607427 ], [ 629119.049882486113347, 5220836.425062811002135 ], [ 629118.999700027285144, 5220836.311535242013633 ], [ 629119.07488248613663, 5220836.199937188997865 ], [ 629119.074881483567879, 5220836.100042404606938 ], [ 629118.974928923533298, 5220835.87510637100786 ], [ 629118.875095137394965, 5220835.850115926936269 ], [ 629118.800117150181904, 5220836.025070217438042 ], [ 629118.816799439839087, 5220836.342956223525107 ], [ 629118.55011676682625, 5220836.57507802080363 ], [ 629118.540558927925304, 5220836.821012316271663 ], [ 629118.400114952470176, 5220836.900114953517914 ] ] ] } },
{ "type": "Feature", "properties": { "label": "vineyard", "area_m2": 1.0221036763242142 }, "geometry": { "type": "Polygon", "coordinates": [ [ [ 629107.275158852455206, 5220835.700124757364392 ], [ 629107.300124760833569, 5220835.82484114356339 ], [ 629107.407036224380136, 5220835.830179583281279 ], [ 629107.648375222226605, 5220836.011818001046777 ], [ 629107.642774337669834, 5220836.105604196898639 ], [ 629107.400164721300825, 5220836.400074514560401 ], [ 629107.375023943255655, 5220836.898041328415275 ], [ 629107.400153763010167, 5220836.99987374804914 ], [ 629107.551396307186224, 5220837.075331252999604 ], [ 629107.699876175378449, 5220837.099841102026403 ], [ 629107.873175469925627, 5220836.604226225987077 ], [ 629108.049827494076453, 5220836.349854238331318 ], [ 629108.099471671390347, 5220836.225976353511214 ], [ 629108.100166711607017, 5220836.029313754290342 ], [ 629108.14817898767069, 5220835.856029964052141 ], [ 629108.249838520539925, 5220835.699921787716448 ], [ 629108.324841101537459, 5220835.425123824737966 ], [ 629108.098845324246213, 5220835.325063321739435 ], [ 629107.706144825089723, 5220835.397890406660736 ], [ 629107.525151058915071, 5220835.350159097462893 ], [ 629107.37714785465505, 5220835.644468969665468 ], [ 629107.275158852455206, 5220835.700124757364392 ] ] ] } },
{ "type": "Feature", "properties": { "label": "vineyard", "area_m2": 0.3424079837140121 }, "geometry": { "type": "Polygon", "coordinates": [ [ [ 629143.800117513979785, 5220836.774937189184129 ], [ 629143.925048958393745, 5220836.849881804548204 ], [ 629143.999885047553107, 5220836.849885046482086 ], [ 629144.029289321857505, 5220836.754289321601391 ], [ 629144.17493718827609, 5220836.724882484413683 ], [ 629144.299882486113347, 5220836.574937188997865 ], [ 629144.399881483521312, 5220836.249957595020533 ], [ 629144.403925935854204, 5220836.058732908219099 ], [ 629144.474881483474746, 5220835.924957594834268 ], [ 629144.474881483474746, 5220835.825042405165732 ], [ 629144.399937188252807, 5220835.600117514841259 ], [ 629144.375095137394965, 5220835.600115926936269 ], [ 629143.936485429527238, 5220836.509224155917764 ], [ 629143.850106372032315, 5220836.625071075744927 ], [ 629143.800117513979785, 5220836.774937189184129 ] ] ] } },
{ "type": "Feature", "properties": { "label": "vineyard", "area_m2": 0.23564753517358705 }, "geometry": { "type": "Polygon", "coordinates": [ [ [ 629130.125117070623673, 5220836.199942679144442 ], [ 629130.150057322112843, 5220836.224882930517197 ], [ 629130.274949503713287, 5220836.224882596172392 ], [ 629130.374900930793956, 5220836.174899697303772 ], [ 629130.481948181986809, 5220835.849855429492891 ], [ 629130.574882929562591, 5220835.724942677654326 ], [ 629130.586807873565704, 5220835.552860326133668 ], [ 629130.636731656850316, 5220835.507612046785653 ], [ 629130.724900436587632, 5220835.499884998425841 ], [ 629130.799884998472407, 5220835.424900436773896 ], [ 629130.799884791020304, 5220835.300095329061151 ], [ 629130.675114280660637, 5220835.275114280171692 ], [ 629130.661501882481389, 5220835.359193940646946 ], [ 629130.568755018874072, 5220835.475601855665445 ], [ 629130.450144569855183, 5220835.54305181838572 ], [ 629130.350114280707203, 5220835.550114280544221 ], [ 629130.330759703763761, 5220835.642993470653892 ], [ 629130.175116275204346, 5220835.800073557533324 ], [ 629130.125117914169095, 5220835.975040098652244 ], [ 629130.125117070623673, 5220836.199942679144442 ] ] ] } },
{ "type": "Feature", "properties": { "label": "vineyard", "area_m2": 0.45461586984312169 }, "geometry": { "type": "Polygon", "coordinates": [ [ [ 629113.200117514003068, 5220836.42506281286478 ], [ 629113.225095137371682, 5220836.549884072504938 ], [ 629113.353434073389508, 5220836.560403374955058 ], [ 629113.475062811630778, 5220836.699882484972477 ], [ 629113.649937188252807, 5220836.749882484786212 ], [ 629113.708721672766842, 5220836.525133716873825 ], [ 629113.824882849934511, 5220836.374929782934487 ], [ 629113.827204722212628, 5220836.245095524936914 ], [ 629113.899881805409677, 5220836.099951041862369 ], [ 629113.933200560160913, 5220835.832043777219951 ], [ 629113.999883639859036, 5220835.774913701228797 ], [ 629114.018132952973247, 5220835.639276753179729 ], [ 629114.174885047599673, 5220835.500114953145385 ], [ 629114.07507021643687, 5220835.475117150694132 ], [ 629113.937691113096662, 5220835.535846232436597 ], [ 629113.800095137441531, 5220835.450115927495062 ], [ 629113.759604516206309, 5220835.616833411157131 ], [ 629113.600115925888531, 5220835.750095137394965 ], [ 629113.600117513909936, 5220835.924937187694013 ], [ 629113.667712081572972, 5220836.005697790533304 ], [ 629113.659330540569499, 5220836.090797051787376 ], [ 629113.478434074553661, 5220836.214596624486148 ], [ 629113.275099301943555, 5220836.275099301710725 ], [ 629113.200117514003068, 5220836.42506281286478 ] ] ] } },
{ "type": "Feature", "properties": { "label": "vineyard", "area_m2": 0.63471900865573128 }, "geometry": { "type": "Polygon", "coordinates": [ [ [ 629126.975116591667756, 5220836.400067099370062 ], [ 629127.025050495169125, 5220836.449882595799863 ], [ 629127.225040098885074, 5220836.52488208655268 ], [ 629127.360946456785314, 5220836.526943244040012 ], [ 629127.450057321926579, 5220836.624882929958403 ], [ 629127.524942678050138, 5220836.624882929958403 ], [ 629127.579289321904071, 5220836.504289322532713 ], [ 629127.67488571931608, 5220836.474885719828308 ], [ 629127.707979400176555, 5220836.339867068454623 ], [ 629127.89988292939961, 5220836.174942678771913 ], [ 629127.908199029508978, 5220836.057044208049774 ], [ 629127.974884385825135, 5220835.99991294182837 ], [ 629127.974882929236628, 5220835.925057320855558 ], [ 629127.874903738033026, 5220835.750115163624287 ], [ 629127.725114280823618, 5220835.725114280357957 ], [ 629127.687288834596984, 5220836.027092000469565 ], [ 629127.582698518759571, 5220836.103522946126759 ], [ 629127.504842139547691, 5220836.098243134096265 ], [ 629127.401565813226625, 5220835.905595340766013 ], [ 629127.427445996669121, 5220835.843342715874314 ], [ 629127.499884836608544, 5220835.799903737381101 ], [ 629127.502201986033469, 5220835.620110201649368 ], [ 629127.54988571931608, 5220835.500114280730486 ], [ 629127.374949504854158, 5220835.425117404200137 ], [ 629127.30005732155405, 5220835.425117069855332 ], [ 629127.200114829232916, 5220835.500103082507849 ], [ 629127.150116562377661, 5220835.600067698396742 ], [ 629127.145052592037246, 5220835.721382040530443 ], [ 629127.050117070437409, 5220835.82505732215941 ], [ 629127.050117404898629, 5220835.949949505738914 ], [ 629127.137441990314983, 5220836.16464376449585 ], [ 629126.975116591667756, 5220836.400067099370062 ] ] ] } },
{ "type": "Feature", "properties": { "label": "vineyard", "area_m2": 0.56303252571259621 }, "geometry": { "type": "Polygon", "coordinates": [ [ [ 629127.299999999930151, 5220835.422063060104847 ], [ 629127.550049574580044, 5220835.524841791018844 ], [ 629127.661488143028691, 5220835.477414007298648 ], [ 629127.924876170465723, 5220835.499841096810997 ], [ 629127.949593983008526, 5220835.349176519550383 ], [ 629127.924849812057801, 5220835.27513512596488 ], [ 629127.809951694915071, 5220835.144286485388875 ], [ 629127.909610106493346, 5220834.985602308064699 ], [ 629128.139740450074896, 5220835.071609634906054 ], [ 629128.225077707553282, 5220835.199836498126388 ], [ 629128.299848922062665, 5220835.199840888381004 ], [ 629128.324951489223167, 5220835.097592523321509 ], [ 629128.154452098417096, 5220835.056200427934527 ], [ 629128.127640645252541, 5220834.823522521182895 ], [ 629128.071589893079363, 5220834.788880868814886 ], [ 629127.961776475422084, 5220834.792439321987331 ], [ 629127.677510221721604, 5220834.48419547919184 ], [ 629127.844621748081408, 5220834.264171201735735 ], [ 629128.042870267410763, 5220834.241837797686458 ], [ 629128.146353057469241, 5220834.394338523037732 ], [ 629128.216398886172101, 5220834.604797020554543 ], [ 629128.324951124377549, 5220834.677364395931363 ], [ 629128.222449293825775, 5220834.554704741574824 ], [ 629128.220258608460426, 5220834.514124852605164 ], [ 629128.349011353217065, 5220834.403196459636092 ], [ 629128.499841622775421, 5220834.399841622449458 ], [ 629128.499841096927412, 5220834.325123830698431 ], [ 629128.447063055937178, 5220834.299999999813735 ], [ 629128.151142111048102, 5220834.322010668925941 ], [ 629127.999853673158213, 5220834.125128936953843 ], [ 629127.900147920008749, 5220834.100162689574063 ], [ 629127.824447799706832, 5220834.274707543663681 ], [ 629127.600157896988094, 5220834.55007541552186 ], [ 629127.596963921911083, 5220834.698744447901845 ], [ 629127.500166070414707, 5220834.800143568776548 ], [ 629127.475355996750295, 5220834.899088335223496 ], [ 629127.473329997737892, 5220835.097054176032543 ], [ 629127.37847973476164, 5220835.244482309557498 ], [ 629127.32468796626199, 5220835.275922290980816 ], [ 629127.299999999930151, 5220835.422063060104847 ] ] ] } },
{ "type": "Feature", "properties": { "label": "vineyard", "area_m2": 0.16784945297501952 }, "geometry": { "type": "Polygon", "coordinates": [ [ [ 629107.650000000023283, 5220835.097054241225123 ], [ 629107.729360884637572, 5220835.104923339560628 ], [ 629108.048979555955157, 5220835.324124649167061 ], [ 629108.149305731058121, 5220835.374510249122977 ], [ 629108.349843699717894, 5220835.424837061204016 ], [ 629108.3998421295546, 5220835.100132034160197 ], [ 629108.224913610494696, 5220834.900170707143843 ], [ 629108.130499697756022, 5220834.875307337380946 ], [ 629108.132178028463386, 5220834.496144129894674 ], [ 629108.167454879032448, 5220834.474999999627471 ], [ 629108.849840973503888, 5220834.474840972572565 ], [ 629108.849840973503888, 5220834.400159027427435 ], [ 629108.775159026496112, 5220834.400159027427435 ], [ 629108.738920685602352, 5220834.472352527081966 ], [ 629108.261079314397648, 5220834.472352527081966 ], [ 629108.226722386549227, 5220834.444156524725258 ], [ 629108.224840973503888, 5220834.350159026682377 ], [ 629108.150086390436627, 5220834.350170705467463 ], [ 629108.099577678483911, 5220834.476191783323884 ], [ 629107.750159026472829, 5220834.525159027427435 ], [ 629107.750159026472829, 5220834.599840972572565 ], [ 629107.823035427951254, 5220834.599975912831724 ], [ 629107.854206667863764, 5220834.522540979087353 ], [ 629108.082057689200155, 5220834.482617700472474 ], [ 629108.122147697373293, 5220834.507381970062852 ], [ 629108.124805336003192, 5220835.025440539233387 ], [ 629108.07516755477991, 5220835.270719503052533 ], [ 629108.016256703296676, 5220835.298488340340555 ], [ 629107.742397917201743, 5220835.111879010684788 ], [ 629107.724840973503888, 5220835.025159027427435 ], [ 629107.650159026496112, 5220835.025159027427435 ], [ 629107.650000000023283, 5220835.097054241225123 ] ] ] } },
{ "type": "Feature", "properties": { "label": "vineyard", "area_m2": 0.30121421587506936 }, "geometry": { "type": "Polygon", "coordinates": [ [ [ 629110.650000000023283, 5220835.797063056379557 ], [ 629110.852936943992972, 5220835.900000000372529 ], [ 629111.099842020194046, 5220835.799857215024531 ], [ 629111.149829988367856, 5220835.350064279511571 ], [ 629111.034602090250701, 5220835.188839880749583 ], [ 629111.133363816305064, 5220835.014428988099098 ], [ 629111.32484162284527, 5220835.024841622449458 ], [ 629111.324835335020907, 5220834.850064367055893 ], [ 629111.274848914006725, 5220834.65015911590308 ], [ 629111.200146417017095, 5220834.65015831682831 ], [ 629111.028834071941674, 5220835.181583025492728 ], [ 629110.92507541377563, 5220835.200157896615565 ], [ 629110.850157897453755, 5220835.275075413286686 ], [ 629110.846618459443562, 5220835.409951544366777 ], [ 629110.700153587269597, 5220835.575081062503159 ], [ 629110.650000000023283, 5220835.797063056379557 ] ] ] } },
{ "type": "Feature", "properties": { "label": "vineyard", "area_m2": 0.26414546110605175 }, "geometry": { "type": "Polygon", "coordinates": [ [ [ 629138.525159026496112, 5220834.824840973131359 ], [ 629138.725800873828121, 5220834.857029983773828 ], [ 629138.897121799294837, 5220835.073927622288465 ], [ 629138.876650501042604, 5220835.268893836997449 ], [ 629138.675084852380678, 5220835.375155073590577 ], [ 629138.650065900525078, 5220835.473886571824551 ], [ 629138.774950582999736, 5220835.636328138411045 ], [ 629138.810239079059102, 5220835.590908110141754 ], [ 629138.975710779777728, 5220835.609084980562329 ], [ 629139.027596764499322, 5220835.829639620147645 ], [ 629138.972587225958705, 5220835.946927539072931 ], [ 629138.775046889437363, 5220835.972640131600201 ], [ 629138.80008639045991, 5220835.999829294160008 ], [ 629138.949876373284496, 5220835.999840400181711 ], [ 629139.074932663002983, 5220835.7489158147946 ], [ 629139.023448738385923, 5220835.668674567714334 ], [ 629138.981448022415861, 5220835.475674932822585 ], [ 629139.117241948260926, 5220835.329345642589033 ], [ 629139.250681149424054, 5220835.324138524010777 ], [ 629139.274842893588357, 5220835.200057948939502 ], [ 629139.199851400917396, 5220835.025163359940052 ], [ 629138.949614685610868, 5220835.04577970225364 ], [ 629138.738418961991556, 5220834.861920448951423 ], [ 629138.724829235114157, 5220834.700062738731503 ], [ 629138.674913615337573, 5220834.625170697458088 ], [ 629138.550154021708295, 5220834.650086550973356 ], [ 629138.525159026496112, 5220834.824840973131359 ] ] ] } },
{ "type": "Feature", "properties": { "label": "vineyard", "area_m2": 0.97011274661931723 }, "geometry": { "type": "Polygon", "coordinates": [ [ [ 629124.474999999976717, 5220836.047063060104847 ], [ 629124.69986217841506, 5220836.12484419811517 ], [ 629124.878481876803562, 5220835.871942974627018 ], [ 629125.025303352857009, 5220835.750498640350997 ], [ 629125.199852614896372, 5220835.699845368973911 ], [ 629125.424844165449031, 5220835.449882340617478 ], [ 629125.451014840742573, 5220835.271562060341239 ], [ 629125.546390054514632, 5220835.057364507578313 ], [ 629125.724841622635722, 5220834.925158376805484 ], [ 629125.5323123348644, 5220834.804994910024107 ], [ 629125.499850295716897, 5220834.725160986185074 ], [ 629125.393672822858207, 5220834.716111967340112 ], [ 629125.224914156133309, 5220834.550160324200988 ], [ 629125.099936412298121, 5220834.500177434645593 ], [ 629125.000124529819004, 5220834.500162809155881 ], [ 629124.72516469634138, 5220834.925074501894414 ], [ 629124.79155669210013, 5220835.385209167376161 ], [ 629124.701288209296763, 5220835.498663798905909 ], [ 629124.475157897453755, 5220835.650075413286686 ], [ 629124.499335915315896, 5220835.872565276920795 ], [ 629124.474999999976717, 5220836.047063060104847 ] ] ] } },
{ "type": "Feature", "properties": { "label": "vineyard", "area_m2": 0.56008724354383643 }, "geometry": { "type": "Polygon", "coordinates": [ [ [ 629116.300117513979785, 5220835.725062810815871 ], [ 629116.300117513979785, 5220835.849937187507749 ], [ 629116.375048957881518, 5220835.899881804361939 ], [ 629116.467919485527091, 5220835.906263103708625 ], [ 629116.515562910935842, 5220835.953906523063779 ], [ 629116.525117513956502, 5220836.199937188997865 ], [ 629116.64988504757639, 5220836.249885046854615 ], [ 629116.70714939199388, 5220835.987868280149996 ], [ 629116.799885047599673, 5220835.924885046668351 ], [ 629116.815019080182537, 5220835.767313615418971 ], [ 629116.924893627758138, 5220835.69992892537266 ], [ 629117.049881483544596, 5220835.349957594648004 ], [ 629117.050552707980387, 5220835.130478802137077 ], [ 629117.099881805363111, 5220835.024951042607427 ], [ 629117.124881483498029, 5220834.849957594648004 ], [ 629117.099900698056445, 5220834.775099301710725 ], [ 629117.025062811793759, 5220834.750117515213788 ], [ 629116.961283995537087, 5220834.796212140470743 ], [ 629116.825062811840326, 5220834.800117515027523 ], [ 629116.700117514003068, 5220834.92506281286478 ], [ 629116.698248737142421, 5220835.132155206054449 ], [ 629116.617070162086748, 5220835.324933447875082 ], [ 629116.46836270717904, 5220835.560371317900717 ], [ 629116.300117513979785, 5220835.725062810815871 ] ] ] } },
{ "type": "Feature", "properties": { "label": "vineyard", "area_m2": 0.64123117906491311 }, "geometry": { "type": "Polygon", "coordinates": [ [ [ 629113.85011707060039, 5220834.725057321600616 ], [ 629113.875117914285511, 5220835.049959902651608 ], [ 629113.925114280660637, 5220835.199885719455779 ], [ 629114.08551182190422, 5220835.230594109743834 ], [ 629114.113453129655682, 5220835.303656447678804 ], [ 629114.075117070577107, 5220835.474942678585649 ], [ 629114.199904670240358, 5220835.499884790740907 ], [ 629114.313432760187425, 5220835.285540347918868 ], [ 629114.399883724749088, 5220835.199926441535354 ], [ 629114.428928475594148, 5220834.983726401813328 ], [ 629114.474883437622339, 5220834.924932301044464 ], [ 629114.479931678972207, 5220834.784963644109666 ], [ 629114.599882085807621, 5220834.49995990190655 ], [ 629114.604931681416929, 5220834.309963636100292 ], [ 629114.724882929353043, 5220834.125057321041822 ], [ 629114.599949504830875, 5220834.050117404200137 ], [ 629114.500087057589553, 5220834.050115614198148 ], [ 629114.352092005428858, 5220834.187288831919432 ], [ 629114.25005732208956, 5220834.200117069296539 ], [ 629114.075116591644473, 5220834.400067099370062 ], [ 629114.059152521658689, 5220834.60402178298682 ], [ 629113.900057321996428, 5220834.675117069855332 ], [ 629113.85011707060039, 5220834.725057321600616 ] ] ] } },
{ "type": "Feature", "properties": { "label": "vineyard", "area_m2": 0.30010781287353572 }, "geometry": { "type": "Polygon", "coordinates": [ [ [ 629138.674999999930151, 5220834.647063057869673 ], [ 629139.01625323027838, 5220834.625794677063823 ], [ 629139.187749817618169, 5220834.756607844494283 ], [ 629139.200158377061598, 5220834.799841622821987 ], [ 629139.324841622961685, 5220834.799841622821987 ], [ 629139.301452555577271, 5220834.562586029991508 ], [ 629139.330251475912519, 5220834.495954677462578 ], [ 629139.449843346956186, 5220834.399864071980119 ], [ 629139.449826445779763, 5220834.275075943209231 ], [ 629139.299924585269764, 5220834.100157896988094 ], [ 629139.201261205133051, 5220834.096955181099474 ], [ 629139.1117157288827, 5220834.011715728789568 ], [ 629139.099842102616094, 5220833.925075412727892 ], [ 629139.049924585269764, 5220833.875157897360623 ], [ 629138.974123021238483, 5220833.87558111641556 ], [ 629138.900153578957543, 5220833.925081057474017 ], [ 629138.875081597245298, 5220834.074218432419002 ], [ 629138.925158377271146, 5220834.324841623194516 ], [ 629138.981408227002248, 5220834.335010895505548 ], [ 629139.066222433699295, 5220834.452046629041433 ], [ 629139.021985263098031, 5220834.59810094255954 ], [ 629138.989214634639211, 5220834.622643773443997 ], [ 629138.67515837715473, 5220834.625158376991749 ], [ 629138.674999999930151, 5220834.647063057869673 ] ] ] } },
{ "type": "Feature", "properties": { "label": "vineyard", "area_m2": 0.66085864629839453 }, "geometry": { "type": "Polygon", "coordinates": [ [ [ 629101.275159026496112, 5220833.874840972945094 ], [ 629101.403502089204267, 5220833.876364576630294 ], [ 629101.649792940123007, 5220833.989915550686419 ], [ 629101.40017540124245, 5220834.72511772159487 ], [ 629101.400170696433634, 5220834.79991361591965 ], [ 629101.550051865284331, 5220834.874841234646738 ], [ 629101.924876368953846, 5220834.924840393476188 ], [ 629102.074975912808441, 5220834.573035445995629 ], [ 629101.951800067094155, 5220834.299155343323946 ], [ 629101.951582340174355, 5220834.136652095243335 ], [ 629102.17484629957471, 5220833.949916704557836 ], [ 629102.224838356138207, 5220833.725150369107723 ], [ 629102.100159026449546, 5220833.70015902724117 ], [ 629102.047043237718754, 5220833.998554210178554 ], [ 629101.96314059314318, 5220834.104317176155746 ], [ 629101.921605017618276, 5220834.110211731866002 ], [ 629101.734214643132873, 5220834.005051634274423 ], [ 629101.702569955145009, 5220833.940840980038047 ], [ 629101.724840395967476, 5220833.525123631581664 ], [ 629101.40008401311934, 5220833.40016976557672 ], [ 629101.300158630823717, 5220833.450143448077142 ], [ 629101.275159026496112, 5220833.874840972945094 ] ] ] } },
{ "type": "Feature", "properties": { "label": "vineyard", "area_m2": 0.74649833421629308 }, "geometry": { "type": "Polygon", "coordinates": [ [ [ 629122.050170809729025, 5220834.574937245808542 ], [ 629122.075123631162569, 5220834.624840393662453 ], [ 629122.153655328787863, 5220834.626457361504436 ], [ 629122.320024918182753, 5220834.699311721138656 ], [ 629122.324128371546976, 5220834.861125079914927 ], [ 629122.27515742671676, 5220834.974854748696089 ], [ 629122.400062057306059, 5220835.024821777828038 ], [ 629122.548878159257583, 5220835.02493451256305 ], [ 629122.699841361609288, 5220834.949856545776129 ], [ 629122.727856344543397, 5220834.383205756545067 ], [ 629123.074839337961748, 5220834.149851283989847 ], [ 629123.124840400880203, 5220833.950123626738787 ], [ 629122.425159026519395, 5220833.675159026868641 ], [ 629122.398966651177034, 5220833.897433241829276 ], [ 629122.249547420651652, 5220834.076192229054868 ], [ 629122.050170809729025, 5220834.574937245808542 ] ] ] } },
{ "type": "Feature", "properties": { "label": "vineyard", "area_m2": 0.41825111065734694 }, "geometry": { "type": "Polygon", "coordinates": [ [ [ 629119.475067330989987, 5220834.673915691673756 ], [ 629119.525086156208999, 5220834.749838863499463 ], [ 629119.774840973550454, 5220834.774840973317623 ], [ 629119.774643768440001, 5220834.674091757275164 ], [ 629119.65838046069257, 5220834.288366764783859 ], [ 629119.824250798672438, 5220834.031926665455103 ], [ 629120.124848249834031, 5220833.999840226955712 ], [ 629120.24982924759388, 5220833.599937265738845 ], [ 629120.224869348341599, 5220833.450129731558263 ], [ 629119.949937959434465, 5220833.325178164988756 ], [ 629119.875154021428898, 5220833.350086549296975 ], [ 629119.697280894499272, 5220834.005227578803897 ], [ 629119.47517359314952, 5220834.400088828057051 ], [ 629119.475067330989987, 5220834.673915691673756 ] ] ] } },
{ "type": "Feature", "properties": { "label": "vineyard", "area_m2": 0.056518646636585464 }, "geometry": { "type": "Polygon", "coordinates": [ [ [ 629136.325159026542678, 5220834.07515902724117 ], [ 629136.474844762939028, 5220834.149840600788593 ], [ 629136.502066568238661, 5220834.118825148791075 ], [ 629136.900681130471639, 5220833.999138628132641 ], [ 629137.149471414042637, 5220833.425977020524442 ], [ 629137.149138521170244, 5220833.324318847618997 ], [ 629137.025159026496112, 5220833.300159026868641 ], [ 629137.045077611575834, 5220833.605095600709319 ], [ 629136.875170704210177, 5220833.875086390413344 ], [ 629136.863526888890192, 5220833.996350430883467 ], [ 629136.494249494164251, 5220834.11868304759264 ], [ 629136.424913625582121, 5220834.075170682743192 ], [ 629136.325159026542678, 5220834.07515902724117 ] ] ] } },
{ "type": "Feature", "properties": { "label": "vineyard", "area_m2": 0.16993376758538856 }, "geometry": { "type": "Polygon", "coordinates": [ [ [ 629117.175114952493459, 5220834.100114952772856 ], [ 629117.175114952493459, 5220834.524885047227144 ], [ 629117.274904862628318, 5220834.524884073063731 ], [ 629117.324881483567879, 5220834.399957595393062 ], [ 629117.322102795587853, 5220834.10514329187572 ], [ 629117.381778911338188, 5220834.05451187863946 ], [ 629117.499937188229524, 5220834.049882484599948 ], [ 629117.599882486043498, 5220833.924937187694013 ], [ 629117.599882486043498, 5220833.80006281286478 ], [ 629117.549884074134752, 5220833.700095137581229 ], [ 629117.44995104172267, 5220833.650118195451796 ], [ 629117.375048958347179, 5220833.650118195451796 ], [ 629117.250116766779684, 5220833.750078021548688 ], [ 629117.250115458853543, 5220833.824895354919136 ], [ 629117.335927307372913, 5220833.900031456723809 ], [ 629117.323078528163023, 5220834.01950903236866 ], [ 629117.272139673819765, 5220834.088192126713693 ], [ 629117.175114952493459, 5220834.100114952772856 ] ] ] } },
{ "type": "Feature", "properties": { "label": "vineyard", "area_m2": 0.27502197420045021 }, "geometry": { "type": "Polygon", "coordinates": [ [ [ 629127.925117513979785, 5220834.025062812492251 ], [ 629127.952454879065044, 5220834.125 ], [ 629127.999929783516563, 5220834.124882848933339 ], [ 629128.140604846877977, 5220834.021519501693547 ], [ 629128.349626630893908, 5220834.034886077977717 ], [ 629128.398178023169748, 5220834.102701118215919 ], [ 629128.400115925935097, 5220834.299904862418771 ], [ 629128.499885047553107, 5220834.32488504704088 ], [ 629128.476921471883543, 5220834.055490966886282 ], [ 629128.519442976685241, 5220833.991853037849069 ], [ 629128.599885047529824, 5220833.974885046482086 ], [ 629128.599885047529824, 5220833.900114953517914 ], [ 629128.453906525159255, 5220833.890562912449241 ], [ 629128.396782490774058, 5220833.795257215388119 ], [ 629128.429289321880788, 5220833.679289322346449 ], [ 629128.549885047599673, 5220833.649885047227144 ], [ 629128.549884074134752, 5220833.575095138512552 ], [ 629128.474904862348922, 5220833.500115927308798 ], [ 629128.175114952493459, 5220833.400114953517914 ], [ 629128.196876296773553, 5220833.552852656692266 ], [ 629128.099095112644136, 5220833.692155895754695 ], [ 629128.025114952470176, 5220833.725114952772856 ], [ 629128.044454218703322, 5220833.941113757900894 ], [ 629127.925117513979785, 5220834.025062812492251 ] ] ] } },
{ "type": "Feature", "properties": { "label": "vineyard", "area_m2": 0.6558697332582254 }, "geometry": { "type": "Polygon", "coordinates": [ [ [ 629135.82511428068392, 5220835.299885720014572 ], [ 629136.074885719339363, 5220835.374885719269514 ], [ 629136.088498124154285, 5220835.315806047990918 ], [ 629136.149855429423042, 5220835.256948181428015 ], [ 629136.372552486951463, 5220835.275000000372529 ], [ 629136.399892273824662, 5220835.249934207648039 ], [ 629136.499882595031522, 5220835.024949504993856 ], [ 629136.532150755752809, 5220834.737864870578051 ], [ 629136.649892274173908, 5220834.649934208020568 ], [ 629136.774885719292797, 5220834.325114279985428 ], [ 629136.700057322042994, 5220834.325117069296539 ], [ 629136.632436943240464, 5220834.4021548461169 ], [ 629136.556756453355774, 5220834.413474218919873 ], [ 629136.479931678972207, 5220834.340036355890334 ], [ 629136.474882929353043, 5220834.150057322345674 ], [ 629136.449934207485057, 5220834.125107725150883 ], [ 629136.324959899648093, 5220834.075117913074791 ], [ 629136.20005049626343, 5220834.075117403641343 ], [ 629136.10011707060039, 5220834.150057321414351 ], [ 629136.088902733637951, 5220834.295785412192345 ], [ 629136.000095329596661, 5220834.350115208886564 ], [ 629135.949999999953434, 5220834.427447511814535 ], [ 629136.000114821945317, 5220834.574896766804159 ], [ 629136.08305113541428, 5220834.64057604689151 ], [ 629136.07279801403638, 5220834.75488979741931 ], [ 629136.036501882481389, 5220834.859193940646946 ], [ 629135.925117070553824, 5220835.000057321041822 ], [ 629135.82511428068392, 5220835.299885720014572 ] ] ] } },
{ "type": "Feature", "properties": { "label": "vineyard", "area_m2": 0.28336757557671144 }, "geometry": { "type": "Polygon", "coordinates": [ [ [ 629119.900000000023283, 5220833.322063056752086 ], [ 629120.176958670606837, 5220833.449976056814194 ], [ 629120.381387447007, 5220833.335379139520228 ], [ 629120.524924582568929, 5220833.34984209947288 ], [ 629120.574829991208389, 5220833.274935720488429 ], [ 629120.574841622961685, 5220833.200158377178013 ], [ 629120.395746458671056, 5220833.246462110430002 ], [ 629120.25087049882859, 5220833.19378814753145 ], [ 629120.225810324656777, 5220833.164377378299832 ], [ 629120.229347186279483, 5220833.054658728651702 ], [ 629120.400547483819537, 5220832.926966299302876 ], [ 629120.799850295763463, 5220832.874839013442397 ], [ 629120.824841096997261, 5220832.775123828090727 ], [ 629120.400127212749794, 5220832.600160285830498 ], [ 629120.325164728681557, 5220832.70007451903075 ], [ 629120.318294073687866, 5220832.873410034924746 ], [ 629120.179294443689287, 5220832.970235127955675 ], [ 629120.125075413961895, 5220832.975157896988094 ], [ 629119.900857998989522, 5220833.199370234273374 ], [ 629119.900000000023283, 5220833.322063056752086 ] ] ] } },
{ "type": "Feature", "properties": { "label": "vineyard", "area_m2": 0.1574588048097797 }, "geometry": { "type": "Polygon", "coordinates": [ [ [ 629108.225163226015866, 5220833.400138303637505 ], [ 629108.275145253050141, 5220833.599842570722103 ], [ 629108.349881321773864, 5220833.599842561408877 ], [ 629108.574840823188424, 5220833.324867182411253 ], [ 629108.577684263233095, 5220833.224391882307827 ], [ 629108.696045650984161, 5220833.031517224386334 ], [ 629108.849846429540776, 5220832.949851550161839 ], [ 629108.874841875163838, 5220832.800127560272813 ], [ 629108.774855847004801, 5220832.62516254093498 ], [ 629108.700156301958486, 5220832.625162940472364 ], [ 629108.575583902187645, 5220833.206250905059278 ], [ 629108.425132826319896, 5220833.225159193389118 ], [ 629108.225163226015866, 5220833.400138303637505 ] ] ] } },
{ "type": "Feature", "properties": { "label": "vineyard", "area_m2": 0.077738826797210878 }, "geometry": { "type": "Polygon", "coordinates": [ [ [ 629142.200115925981663, 5220833.774904862977564 ], [ 629142.39988504757639, 5220833.799885046668351 ], [ 629142.399882486090064, 5220833.325062812305987 ], [ 629142.374937188229524, 5220833.300117515027523 ], [ 629142.325114952516742, 5220833.30011495295912 ], [ 629142.292070162133314, 5220833.424933448433876 ], [ 629142.200118194683455, 5220833.550048957578838 ], [ 629142.200115925981663, 5220833.774904862977564 ] ] ] } },
{ "type": "Feature", "properties": { "label": "vineyard", "area_m2": 0.10714687419408482 }, "geometry": { "type": "Polygon", "coordinates": [ [ [ 629131.200000000069849, 5220833.197054241783917 ], [ 629131.524840973550454, 5220833.324840973131359 ], [ 629131.53251190611627, 5220833.266804699786007 ], [ 629131.718505056574941, 5220833.058315292000771 ], [ 629131.874913623905741, 5220833.049829317256808 ], [ 629131.924846737645566, 5220832.999895132146776 ], [ 629131.974833981017582, 5220832.800049440935254 ], [ 629131.94982571573928, 5220832.700069704093039 ], [ 629131.899681032984518, 5220832.59633420035243 ], [ 629131.874829235253856, 5220832.35006273817271 ], [ 629131.849846736877225, 5220832.30010486766696 ], [ 629131.774913625326008, 5220832.225170682184398 ], [ 629131.861915941233747, 5220832.335199110209942 ], [ 629131.8774782178225, 5220832.555920423939824 ], [ 629131.9580458921846, 5220832.774992102757096 ], [ 629131.952170286211185, 5220832.874591622501612 ], [ 629131.915771745378152, 5220832.892546648159623 ], [ 629131.708508138777688, 5220832.852653530426323 ], [ 629131.655197754036635, 5220832.731286910362542 ], [ 629131.497516401228495, 5220832.562528700567782 ], [ 629131.463120610336773, 5220832.460751602426171 ], [ 629131.50006273877807, 5220832.225170765072107 ], [ 629131.425153290852904, 5220832.275104893371463 ], [ 629131.400158579344861, 5220832.399912028573453 ], [ 629131.500152571941726, 5220832.624913109466434 ], [ 629131.676454787957482, 5220832.804142638109624 ], [ 629131.698075738735497, 5220833.022117433138192 ], [ 629131.496736970148049, 5220833.24721799697727 ], [ 629131.422460993519053, 5220833.247361617162824 ], [ 629131.249913613428362, 5220833.15017070248723 ], [ 629131.200000000069849, 5220833.197054241783917 ] ] ] } },
{ "type": "Feature", "properties": { "label": "vineyard", "area_m2": 0.54174882589569162 }, "geometry": { "type": "Polygon", "coordinates": [ [ [ 629130.750117070740089, 5220834.499942678958178 ], [ 629130.800114280660637, 5220834.599885719828308 ], [ 629130.949942678329535, 5220834.599882930517197 ], [ 629130.999892273684964, 5220834.549934207461774 ], [ 629131.033710969379172, 5220834.4251595037058 ], [ 629131.149882595054805, 5220834.249949505552649 ], [ 629131.158710969379172, 5220834.125159503892064 ], [ 629131.24988340830896, 5220833.999932901002467 ], [ 629131.252201986033469, 5220833.845110202208161 ], [ 629131.333710964536294, 5220833.650159515440464 ], [ 629131.52488259493839, 5220833.399949505925179 ], [ 629131.499934207415208, 5220833.300107725895941 ], [ 629131.332044210634194, 5220833.266800971701741 ], [ 629131.274912942200899, 5220833.200115613639355 ], [ 629131.150114280870184, 5220833.200114279985428 ], [ 629131.117020600358956, 5220833.33513293042779 ], [ 629130.800114829209633, 5220833.60010308213532 ], [ 629130.800117070553824, 5220833.699942679144442 ], [ 629130.866814122302458, 5220833.836497431620955 ], [ 629130.800115386606194, 5220833.925091701559722 ], [ 629130.800117389764637, 5220834.099949195981026 ], [ 629130.829256370081566, 5220834.175760987214744 ], [ 629130.795068321283907, 5220834.340036354959011 ], [ 629130.750117070623673, 5220834.400057322345674 ], [ 629130.750117070740089, 5220834.499942678958178 ] ] ] } },
{ "type": "Feature", "properties": { "label": "vineyard", "area_m2": 0.20962433406702602 }, "geometry": { "type": "Polygon", "coordinates": [ [ [ 629111.725118194590323, 5220833.724951041862369 ], [ 629111.875048957881518, 5220833.87488180398941 ], [ 629111.94988248613663, 5220833.824937188997865 ], [ 629112.099881805363111, 5220833.449951042421162 ], [ 629112.075519247562625, 5220833.21152569167316 ], [ 629112.174881805549376, 5220833.074951042421162 ], [ 629112.149937188252807, 5220833.025117515586317 ], [ 629112.050114952493459, 5220833.000114953145385 ], [ 629112.047928402433172, 5220833.09854603651911 ], [ 629112.010776239912957, 5220833.157708779908717 ], [ 629111.927325847675093, 5220833.198310549370944 ], [ 629111.800114952493459, 5220833.200114953331649 ], [ 629111.750118516501971, 5220833.375042404979467 ], [ 629111.725118194590323, 5220833.724951041862369 ] ] ] } },
{ "type": "Feature", "properties": { "label": "vineyard", "area_m2": 0.91084307407729459 }, "geometry": { "type": "Polygon", "coordinates": [ [ [ 629125.025114280870184, 5220834.499885719269514 ], [ 629125.299949505017139, 5220834.574882595799863 ], [ 629125.39988292939961, 5220834.499942678026855 ], [ 629125.474735205527395, 5220834.34746066853404 ], [ 629125.544022903079167, 5220834.31476416811347 ], [ 629125.623046090593562, 5220834.347661060281098 ], [ 629125.650114280870184, 5220834.424885720014572 ], [ 629125.824942678329535, 5220834.424882930703461 ], [ 629125.999882929259911, 5220834.249942678958178 ], [ 629126.008710965048522, 5220834.150159514509141 ], [ 629126.074882929446176, 5220834.074942679144442 ], [ 629126.051752399653196, 5220833.892841088585556 ], [ 629126.099883437622339, 5220833.824932302348316 ], [ 629126.174882929422893, 5220833.500057321973145 ], [ 629126.07511428068392, 5220833.450114279985428 ], [ 629126.027728495071642, 5220833.534968852065504 ], [ 629125.935042629833333, 5220833.541670107282698 ], [ 629125.882379668066278, 5220833.487702442333102 ], [ 629125.849934207391925, 5220833.350107725709677 ], [ 629125.375057321973145, 5220833.175117069855332 ], [ 629125.35011707060039, 5220833.274942678399384 ], [ 629125.410878441762179, 5220833.362865002825856 ], [ 629125.375, 5220833.502447512932122 ], [ 629125.40602559549734, 5220833.699288154020905 ], [ 629125.348205484449863, 5220833.802607834339142 ], [ 629125.250099069206044, 5220833.875100302509964 ], [ 629125.100117404945195, 5220834.075050493702292 ], [ 629125.102210357435979, 5220834.264722133055329 ], [ 629125.050117070553824, 5220834.350057320669293 ], [ 629125.025114280870184, 5220834.499885719269514 ] ] ] } },
{ "type": "Feature", "properties": { "label": "vineyard", "area_m2": 0.37785042563045101 }, "geometry": { "type": "Polygon", "coordinates": [ [ [ 629114.425114952493459, 5220833.299885046668351 ], [ 629114.598044760990888, 5220833.33292821701616 ], [ 629114.652321139466949, 5220833.389010495506227 ], [ 629114.653515859041363, 5220833.457724365405738 ], [ 629114.606867047259584, 5220833.56072324514389 ], [ 629114.550116360187531, 5220833.600086298771203 ], [ 629114.525118516525254, 5220833.725042404606938 ], [ 629114.525114952470176, 5220834.049885046668351 ], [ 629114.724885047529824, 5220834.124885046854615 ], [ 629114.712560061831027, 5220833.985326953232288 ], [ 629114.774882849887945, 5220833.874929782934487 ], [ 629114.807612046715803, 5220833.661731655709445 ], [ 629114.85286032629665, 5220833.611807872541249 ], [ 629114.924904862651601, 5220833.599884072318673 ], [ 629115.024882486090064, 5220833.474937187507749 ], [ 629115.024881805409677, 5220833.150048958137631 ], [ 629114.949937188415788, 5220833.050117515027523 ], [ 629114.550048958393745, 5220833.025118195451796 ], [ 629114.475118194473907, 5220833.100048957392573 ], [ 629114.425114952493459, 5220833.299885046668351 ] ] ] } },
{ "type": "Feature", "properties": { "label": "vineyard", "area_m2": 0.087545944753720503 }, "geometry": { "type": "Polygon", "coordinates": [ [ [ 629128.175000000046566, 5220833.397054241970181 ], [ 629128.275820441544056, 5220833.450190397910774 ], [ 629128.47730570321437, 5220833.524952668696642 ], [ 629128.264649532502517, 5220833.434730618260801 ], [ 629128.229285420267843, 5220833.276307905092835 ], [ 629128.27033571456559, 5220833.189040964469314 ], [ 629128.300013777683489, 5220833.019715066067874 ], [ 629128.357227192027494, 5220832.914179258048534 ], [ 629128.486898551578633, 5220832.734404674731195 ], [ 629128.553525188239291, 5220832.591412060894072 ], [ 629128.651282819337212, 5220832.515450664795935 ], [ 629128.747221413534135, 5220832.632212421856821 ], [ 629128.655419979593717, 5220832.852361859753728 ], [ 629128.642879572696984, 5220832.918383982032537 ], [ 629128.766218281001784, 5220833.163531680591404 ], [ 629128.7829526955029, 5220833.319357268512249 ], [ 629128.672689626226202, 5220833.524953106418252 ], [ 629128.774840400903486, 5220833.474876373074949 ], [ 629128.829827804933302, 5220833.193152465857565 ], [ 629128.970531298546121, 5220832.986566194333136 ], [ 629129.049975912901573, 5220832.97303544357419 ], [ 629129.049840973573737, 5220832.900159027427435 ], [ 629128.975159026449546, 5220832.900159027427435 ], [ 629128.960348652210087, 5220832.98449885006994 ], [ 629128.780559375882149, 5220833.103656395338476 ], [ 629128.729625165578909, 5220833.084527893923223 ], [ 629128.654148806352168, 5220832.877579644322395 ], [ 629128.79982604959514, 5220832.574918581172824 ], [ 629128.799840973573737, 5220832.475159026682377 ], [ 629128.600083293393254, 5220832.500153694301844 ], [ 629128.550153686897829, 5220832.550083288922906 ], [ 629128.500891555682756, 5220832.697981023229659 ], [ 629128.300161130959168, 5220832.950086154043674 ], [ 629128.250698004383594, 5220833.221026886254549 ], [ 629128.175170681788586, 5220833.325086374767125 ], [ 629128.175000000046566, 5220833.397054241970181 ] ] ] } },
{ "type": "Feature", "properties": { "label": "vineyard", "area_m2": 0.37821821568821712 }, "geometry": { "type": "Polygon", "coordinates": [ [ [ 629117.350117513909936, 5220833.624937187880278 ], [ 629117.549904862651601, 5220833.699884072877467 ], [ 629117.624864499666728, 5220833.606943712569773 ], [ 629117.77488504757639, 5220833.599885046482086 ], [ 629117.785778112127446, 5220833.491317390464246 ], [ 629117.924882849911228, 5220833.299929782748222 ], [ 629117.879080047830939, 5220833.072826951742172 ], [ 629117.999882486066781, 5220832.899937189184129 ], [ 629117.999885047553107, 5220832.725114952772856 ], [ 629117.775048958370462, 5220832.700118195265532 ], [ 629117.700117514003068, 5220832.750062812119722 ], [ 629117.673189450521022, 5220832.831664082594216 ], [ 629117.55011676682625, 5220832.925078020431101 ], [ 629117.525000000023283, 5220833.002454861998558 ], [ 629117.545694033615291, 5220833.179028468206525 ], [ 629117.505557023338042, 5220833.233146961778402 ], [ 629117.425062811817043, 5220833.250117515213788 ], [ 629117.375117513933219, 5220833.300062811002135 ], [ 629117.350117513909936, 5220833.624937187880278 ] ] ] } },
{ "type": "Feature", "properties": { "label": "vineyard", "area_m2": 1.537634874361234 }, "geometry": { "type": "Polygon", "coordinates": [ [ [ 629101.400000000023283, 5220833.397054241038859 ], [ 629101.475820913910866, 5220833.450190586969256 ], [ 629101.725062040612102, 5220833.549821835011244 ], [ 629101.802569487248547, 5220833.55267817992717 ], [ 629102.249866955564357, 5220833.749844232574105 ], [ 629102.399825839791447, 5220833.59983881842345 ], [ 629102.624831207678653, 5220833.24991031549871 ], [ 629102.725537882419303, 5220832.948407929390669 ], [ 629102.950330632622354, 5220832.473604660481215 ], [ 629102.974837691173889, 5220832.300137628801167 ], [ 629102.749917330569588, 5220832.100149642676115 ], [ 629102.225138525711372, 5220831.900168138556182 ], [ 629101.975142009672709, 5220832.150149722583592 ], [ 629101.875352462870069, 5220832.499164743348956 ], [ 629101.875161469797604, 5220832.574865779839456 ], [ 629102.010188431013376, 5220832.926156600005925 ], [ 629101.936123942141421, 5220832.974127717316151 ], [ 629101.775086390436627, 5220832.975170705467463 ], [ 629101.400000000023283, 5220833.397054241038859 ] ] ] } },
{ "type": "Feature", "properties": { "label": "vineyard", "area_m2": 0.8017824211106187 }, "geometry": { "type": "Polygon", "coordinates": [ [ [ 629120.400000000023283, 5220832.497552487067878 ], [ 629120.425065792514943, 5220832.624892274849117 ], [ 629120.600040098885074, 5220832.699882086366415 ], [ 629120.693823935464025, 5220832.699378105811775 ], [ 629120.775065792608075, 5220832.774892274290323 ], [ 629120.874885719153099, 5220832.799885720014572 ], [ 629120.87543906387873, 5220832.57711944449693 ], [ 629120.924883437808603, 5220832.499932301230729 ], [ 629120.932612046715803, 5220832.361731656827033 ], [ 629120.986731656827033, 5220832.307612047530711 ], [ 629121.074885719339363, 5220832.299885720014572 ], [ 629121.041100354399532, 5220832.145095268264413 ], [ 629121.079305966501124, 5220831.970971532166004 ], [ 629121.127860326319933, 5220831.911807873286307 ], [ 629121.199885719339363, 5220831.899885719642043 ], [ 629121.199883104884066, 5220831.800060901790857 ], [ 629121.151565813226625, 5220831.719404659233987 ], [ 629121.183199026854709, 5220831.607044214382768 ], [ 629121.318320342455991, 5220831.426827182993293 ], [ 629121.42488571931608, 5220831.399885719642043 ], [ 629121.424884385894984, 5220831.300087057054043 ], [ 629121.368129628361203, 5220831.260721618309617 ], [ 629121.299942678073421, 5220831.125117070041597 ], [ 629121.124949504854158, 5220831.050117404200137 ], [ 629121.050064699375071, 5220831.075108930468559 ], [ 629120.968755016569048, 5220831.175601856783032 ], [ 629120.900114280870184, 5220831.200114279985428 ], [ 629120.880759703810327, 5220831.267993470653892 ], [ 629120.750117070623673, 5220831.425057320855558 ], [ 629120.670068321283907, 5220831.840036354959011 ], [ 629120.550117070437409, 5220832.025057322345674 ], [ 629120.545068318839185, 5220832.26503636315465 ], [ 629120.400000000023283, 5220832.497552487067878 ] ] ] } },
{ "type": "Feature", "properties": { "label": "vineyard", "area_m2": 0.76357479535131634 }, "geometry": { "type": "Polygon", "coordinates": [ [ [ 629125.375115925911814, 5220833.174904862418771 ], [ 629125.850048957858235, 5220833.37488180398941 ], [ 629125.931573947076686, 5220833.295676897279918 ], [ 629126.008018424618058, 5220833.291921396739781 ], [ 629126.068056281423196, 5220833.349864483810961 ], [ 629126.075117514003068, 5220833.44993718713522 ], [ 629126.174885047599673, 5220833.499885046854615 ], [ 629126.195755307911895, 5220833.275483625009656 ], [ 629126.263716005487368, 5220833.228787858970463 ], [ 629126.39988504757639, 5220833.224885046482086 ], [ 629126.351921471883543, 5220832.955490967258811 ], [ 629126.394442976685241, 5220832.891853038221598 ], [ 629126.474885047529824, 5220832.874885046854615 ], [ 629126.483721673255786, 5220832.775133715011179 ], [ 629126.549882486113347, 5220832.699937188997865 ], [ 629126.549885047599673, 5220832.500114953145385 ], [ 629126.424951041699387, 5220832.450118195265532 ], [ 629126.214010494411923, 5220832.477321138605475 ], [ 629126.162294552079402, 5220832.432060952298343 ], [ 629126.124937188229524, 5220832.325117515400052 ], [ 629125.800062811817043, 5220832.200117515400052 ], [ 629125.725117513909936, 5220832.275062812492251 ], [ 629125.675118194660172, 5220832.400048958137631 ], [ 629125.679323110962287, 5220832.643426035530865 ], [ 629125.525117513956502, 5220832.775062812492251 ], [ 629125.375115925911814, 5220833.174904862418771 ] ], [ [ 629125.969511749572121, 5220833.004826404154301 ], [ 629126.011807873495854, 5220832.577860326506197 ], [ 629126.080490967724472, 5220832.526921471580863 ], [ 629126.190612416598015, 5220832.538092870265245 ], [ 629126.239081687293947, 5220832.628772496245801 ], [ 629126.222795277833939, 5220832.879904475063086 ], [ 629126.164221887942404, 5220833.008682609535754 ], [ 629126.097355143050663, 5220833.065291826613247 ], [ 629126.020910646999255, 5220833.061536349356174 ], [ 629125.969511749572121, 5220833.004826404154301 ] ] ] } },
{ "type": "Feature", "properties": { "label": "vineyard", "area_m2": 0.66106942137504088 }, "geometry": { "type": "Polygon", "coordinates": [ [ [ 629108.825159026542678, 5220832.024840973317623 ], [ 629108.94151693279855, 5220832.006745503284037 ], [ 629109.184344919980504, 5220832.096276153810322 ], [ 629109.200159026542678, 5220832.42484097275883 ], [ 629109.390256334329024, 5220832.495943198911846 ], [ 629109.425123631139286, 5220832.549840393476188 ], [ 629109.474937267368659, 5220832.549829246476293 ], [ 629109.749840257689357, 5220832.374870428815484 ], [ 629110.049840400926769, 5220831.650123626925051 ], [ 629109.599937953520566, 5220831.450178183615208 ], [ 629109.550086385454051, 5220831.45017069671303 ], [ 629109.472982257488184, 5220831.550520122982562 ], [ 629109.392733305110596, 5220831.592392749153078 ], [ 629109.224913609563373, 5220831.475170705467463 ], [ 629109.125159026472829, 5220831.475159026682377 ], [ 629109.125159026472829, 5220831.599840972572565 ], [ 629109.206689113518223, 5220831.604319417849183 ], [ 629109.31886475533247, 5220831.688712434843183 ], [ 629109.234264096361585, 5220832.000207347795367 ], [ 629109.198782458552159, 5220832.022428249940276 ], [ 629108.95744584267959, 5220832.000322661362588 ], [ 629108.924840973573737, 5220831.925159026868641 ], [ 629108.851113660610281, 5220831.925065889954567 ], [ 629108.825159026542678, 5220832.024840973317623 ] ] ] } },
{ "type": "Feature", "properties": { "label": "vineyard", "area_m2": 0.46211430472615866 }, "geometry": { "type": "Polygon", "coordinates": [ [ [ 629118.0, 5220832.472054241225123 ], [ 629118.099919997388497, 5220832.474834854714572 ], [ 629118.199104009079747, 5220832.400480961427093 ], [ 629118.207633160287514, 5220832.316831824369729 ], [ 629118.390537378611043, 5220832.11324386484921 ], [ 629118.474913623882458, 5220832.099829317070544 ], [ 629118.574832947459072, 5220831.999881982803345 ], [ 629118.699847104027867, 5220831.799919229932129 ], [ 629118.849821835872717, 5220831.424937957897782 ], [ 629118.849821823765524, 5220831.325062043964863 ], [ 629118.774895104346797, 5220831.175153287127614 ], [ 629118.374928211560473, 5220831.000156396068633 ], [ 629118.35014879622031, 5220831.000157605856657 ], [ 629118.300433332915418, 5220831.173946318216622 ], [ 629118.225170764722861, 5220831.47506273817271 ], [ 629118.224999999976717, 5220831.597054241225123 ], [ 629118.39820466004312, 5220831.839369004592299 ], [ 629118.399126630276442, 5220832.092978295870125 ], [ 629118.203994252718985, 5220832.316799063235521 ], [ 629118.075081442366354, 5220832.325173996388912 ], [ 629118.000157436239533, 5220832.375118678435683 ], [ 629118.0, 5220832.472054241225123 ] ] ] } },
{ "type": "Feature", "properties": { "label": "vineyard", "area_m2": 1.0494526534927988 }, "geometry": { "type": "Polygon", "coordinates": [ [ [ 629123.199999999953434, 5220832.022063058800995 ], [ 629123.475822397624142, 5220832.225191321223974 ], [ 629123.775059485458769, 5220832.349843670614064 ], [ 629123.899840889265761, 5220832.324848921969533 ], [ 629123.92420044192113, 5220832.056138430722058 ], [ 629124.023579151369631, 5220831.881168289110065 ], [ 629124.174299841630273, 5220831.777953329496086 ], [ 629124.324850295786746, 5220831.774839013814926 ], [ 629124.499841622659005, 5220831.300158376805484 ], [ 629124.445550027419813, 5220831.294892993755639 ], [ 629124.223601570236497, 5220831.149668039754033 ], [ 629123.925286156591028, 5220831.074365071952343 ], [ 629123.79991706693545, 5220830.975154901854694 ], [ 629123.600075417431071, 5220830.90015790052712 ], [ 629123.550170008791611, 5220830.975064279511571 ], [ 629123.546443389379419, 5220831.178162100724876 ], [ 629123.375154639245011, 5220831.400099604390562 ], [ 629123.300177428987809, 5220831.575063583441079 ], [ 629123.323232904658653, 5220831.892557471059263 ], [ 629123.199999999953434, 5220832.022063058800995 ] ] ] } },
{ "type": "Feature", "properties": { "label": "vineyard", "area_m2": 1.3254850286382467 }, "geometry": { "type": "Polygon", "coordinates": [ [ [ 629122.450117070577107, 5220833.674942678771913 ], [ 629123.075050494982861, 5220833.949882595799863 ], [ 629123.174884836771525, 5220833.924903738312423 ], [ 629123.271358448662795, 5220833.663230214267969 ], [ 629123.349942678003572, 5220833.624882929958403 ], [ 629123.448891197796911, 5220833.481451635248959 ], [ 629123.524904670543037, 5220833.449884790927172 ], [ 629123.549882595078088, 5220833.399949505925179 ], [ 629123.549882929539308, 5220833.30005732178688 ], [ 629123.385339621920139, 5220833.194283367134631 ], [ 629123.392712413100526, 5220833.093177882954478 ], [ 629123.474999999976717, 5220833.050000000745058 ], [ 629123.774885719292797, 5220833.074885719455779 ], [ 629123.774884385871701, 5220833.025087056681514 ], [ 629123.70464005775284, 5220832.958407829515636 ], [ 629123.699885719339363, 5220832.800114280544221 ], [ 629123.586560671566986, 5220832.777301045134664 ], [ 629123.550000000046566, 5220832.686479999683797 ], [ 629123.617037532152608, 5220832.562792382203043 ], [ 629123.799884385894984, 5220832.374912942759693 ], [ 629123.774934208835475, 5220832.32510772626847 ], [ 629123.525159497396089, 5220832.241289027966559 ], [ 629123.374949503922835, 5220832.150117403827608 ], [ 629123.325084672891535, 5220832.150115730240941 ], [ 629123.22614749323111, 5220832.216325572691858 ], [ 629123.163876432110555, 5220832.190627728588879 ], [ 629123.124903738033026, 5220832.125115163624287 ], [ 629123.07509532966651, 5220832.125115209259093 ], [ 629122.850117404945195, 5220832.650050493888557 ], [ 629122.897798015037552, 5220832.795110207982361 ], [ 629122.891289030667394, 5220832.899840496480465 ], [ 629122.844795185257681, 5220832.976735755801201 ], [ 629122.725115163251758, 5220833.05009626224637 ], [ 629122.61804180033505, 5220833.320389438420534 ], [ 629122.55009819928091, 5220833.375103769823909 ], [ 629122.500117404968478, 5220833.475050495006144 ], [ 629122.450117070577107, 5220833.674942678771913 ] ] ] } },
{ "type": "Feature", "properties": { "label": "vineyard", "area_m2": 0.5818170281972006 }, "geometry": { "type": "Polygon", "coordinates": [ [ [ 629128.825000000069849, 5220832.247054241597652 ], [ 629128.852945764549077, 5220832.275000000372529 ], [ 629129.232639439869672, 5220832.250121708028018 ], [ 629129.300128182396293, 5220832.324843033216894 ], [ 629129.399840973550454, 5220832.324840973131359 ], [ 629129.385064100497402, 5220832.111599022522569 ], [ 629129.570442756637931, 5220831.860702245496213 ], [ 629129.674841671483591, 5220831.82491909712553 ], [ 629129.674822880537249, 5220831.725083300843835 ], [ 629129.62577987764962, 5220831.598034848459065 ], [ 629129.648494703928009, 5220831.343054031021893 ], [ 629129.749845457263291, 5220831.274871371686459 ], [ 629129.77497591287829, 5220831.198035444132984 ], [ 629129.774840528494678, 5220831.00004817545414 ], [ 629129.699895144090988, 5220830.875153242610395 ], [ 629129.474937959574163, 5220830.775178165175021 ], [ 629129.400133044458926, 5220830.775155767798424 ], [ 629129.200161809450947, 5220830.97514873277396 ], [ 629129.150170134264044, 5220831.075076611712575 ], [ 629129.20015454874374, 5220831.274871366098523 ], [ 629129.253467767615803, 5220831.305469778366387 ], [ 629129.39340104511939, 5220831.517439964227378 ], [ 629129.40017070423346, 5220831.599913609214127 ], [ 629129.562099022907205, 5220831.828705589286983 ], [ 629129.561264548217878, 5220831.868395186029375 ], [ 629129.382176609127782, 5220832.111623869277537 ], [ 629129.317736202385277, 5220832.124801208265126 ], [ 629129.074913615360856, 5220831.825170697644353 ], [ 629128.92514344106894, 5220831.825158626772463 ], [ 629128.850179786561057, 5220831.97506760712713 ], [ 629128.825000000069849, 5220832.247054241597652 ] ] ] } },
{ "type": "Feature", "properties": { "label": "vineyard", "area_m2": 0.20839991362417074 }, "geometry": { "type": "Polygon", "coordinates": [ [ [ 629114.950117514003068, 5220832.575062812305987 ], [ 629114.97511495242361, 5220832.749885046854615 ], [ 629115.099937188206241, 5220832.749882484786212 ], [ 629115.157948971260339, 5220832.639888186007738 ], [ 629115.274893627967685, 5220832.549928924068809 ], [ 629115.368335917824879, 5220832.426810548640788 ], [ 629115.449885047622956, 5220832.399885047227144 ], [ 629115.549884074134752, 5220832.125095137394965 ], [ 629115.250062811770476, 5220832.000117515213788 ], [ 629115.125117513933219, 5220832.200062812305987 ], [ 629115.124447292066179, 5220832.344521198421717 ], [ 629115.086485430365428, 5220832.459224153310061 ], [ 629114.950117514003068, 5220832.575062812305987 ] ] ] } },
{ "type": "Feature", "properties": { "label": "vineyard", "area_m2": 0.71432196221510402 }, "geometry": { "type": "Polygon", "coordinates": [ [ [ 629111.825114952516742, 5220832.849885046482086 ], [ 629111.957092546275817, 5220832.890702744945884 ], [ 629112.025099301943555, 5220832.999900698661804 ], [ 629112.150042403605767, 5220833.049881482496858 ], [ 629112.224913701997139, 5220833.049883638508618 ], [ 629112.2679074537009, 5220832.990702744573355 ], [ 629112.349904862581752, 5220832.974884072318673 ], [ 629112.385778112104163, 5220832.841317390091717 ], [ 629112.44988248613663, 5220832.774937189184129 ], [ 629112.608721673255786, 5220832.275133715011179 ], [ 629112.737555906525813, 5220832.016411785967648 ], [ 629112.87488180550281, 5220831.824951042421162 ], [ 629112.849928923533298, 5220831.75010637100786 ], [ 629112.499951042118482, 5220831.600118195638061 ], [ 629112.400115925935097, 5220831.650095137767494 ], [ 629112.262286476441659, 5220831.952093107625842 ], [ 629112.200116360210814, 5220832.000086299143732 ], [ 629112.08922188798897, 5220832.358682610094547 ], [ 629111.900106372078881, 5220832.575071075931191 ], [ 629111.825118194683455, 5220832.725048957392573 ], [ 629111.825114952516742, 5220832.849885046482086 ] ] ] } },
{ "type": "Feature", "properties": { "label": "vineyard", "area_m2": 0.67731021157625582 }, "geometry": { "type": "Polygon", "coordinates": [ [ [ 629125.825115925981663, 5220832.224904862232506 ], [ 629126.125042403582484, 5220832.349881482310593 ], [ 629126.285989505006, 5220832.32267886120826 ], [ 629126.337705447804183, 5220832.367939047515392 ], [ 629126.35011495242361, 5220832.44988504704088 ], [ 629126.475048957858235, 5220832.49988180398941 ], [ 629126.624951042118482, 5220832.49988180398941 ], [ 629126.69988248613663, 5220832.449937188997865 ], [ 629126.652071597636677, 5220832.201453964225948 ], [ 629126.749882486066781, 5220832.099937187507749 ], [ 629126.793132952763699, 5220831.964276754297316 ], [ 629126.849883639835753, 5220831.924913700670004 ], [ 629126.849883233197033, 5220831.850078020244837 ], [ 629126.774937188252807, 5220831.775117515586317 ], [ 629126.650104645523243, 5220831.775115460157394 ], [ 629126.583588208537549, 5220831.862444096244872 ], [ 629126.459271991741844, 5220831.879852618090808 ], [ 629126.404113803175278, 5220831.816909560002387 ], [ 629126.375, 5220831.636477712541819 ], [ 629126.474882486043498, 5220831.499937187880278 ], [ 629126.547698954702355, 5220831.236560671590269 ], [ 629126.605490967747755, 5220831.201921471394598 ], [ 629126.699885047622956, 5220831.19988504704088 ], [ 629126.699885047622956, 5220831.075114953331649 ], [ 629126.600062811747193, 5220831.075117515400052 ], [ 629126.530557023361325, 5220831.183146961964667 ], [ 629126.400095137418248, 5220831.200115927495062 ], [ 629126.350117513909936, 5220831.275062812492251 ], [ 629126.328645521309227, 5220831.411764731630683 ], [ 629126.125099301920272, 5220831.525099301710725 ], [ 629126.086193286813796, 5220831.659968266263604 ], [ 629126.000115925911814, 5220831.725095137022436 ], [ 629125.950117150205187, 5220831.825070217251778 ], [ 629125.920062218792737, 5220831.965056913904846 ], [ 629125.825117514003068, 5220832.150062812492251 ], [ 629125.825115925981663, 5220832.224904862232506 ] ] ] } },
{ "type": "Feature", "properties": { "label": "vineyard", "area_m2": 0.55429809201600266 }, "geometry": { "type": "Polygon", "coordinates": [ [ [ 629102.224999999976717, 5220831.897054241038859 ], [ 629102.750051865237765, 5220832.124841234646738 ], [ 629102.774840973550454, 5220832.124840972945094 ], [ 629102.785907970624976, 5220832.043004947714508 ], [ 629102.902687447844073, 5220831.959840080700815 ], [ 629103.000083110528067, 5220831.999839004129171 ], [ 629103.149913625326008, 5220831.999829317443073 ], [ 629103.349846293218434, 5220831.82491669524461 ], [ 629103.374833664158359, 5220831.650104757398367 ], [ 629103.30434351193253, 5220831.557757536880672 ], [ 629103.300872282241471, 5220831.48887605778873 ], [ 629103.3703232195694, 5220831.37950330413878 ], [ 629103.474874448613264, 5220831.324852744117379 ], [ 629103.499840395990759, 5220831.225123630836606 ], [ 629103.350142300012521, 5220831.200160614214838 ], [ 629103.193480509915389, 5220831.476931950077415 ], [ 629103.057726174476556, 5220831.533176393248141 ], [ 629102.950100586400367, 5220831.525163435377181 ], [ 629102.780794593156315, 5220831.61721729952842 ], [ 629102.649860462639481, 5220831.525160946883261 ], [ 629102.502115546376444, 5220831.545245751738548 ], [ 629102.404672443983145, 5220831.430484873242676 ], [ 629102.437220369814895, 5220831.355112447403371 ], [ 629102.563040538225323, 5220831.280498505569994 ], [ 629102.699886090238579, 5220831.274838361889124 ], [ 629102.806837492040358, 5220831.180318180471659 ], [ 629102.874840973527171, 5220831.17484097275883 ], [ 629102.874840973527171, 5220831.100159026682377 ], [ 629102.785735623561777, 5220831.16755932290107 ], [ 629102.650081441388465, 5220831.100173995830119 ], [ 629102.465795995201916, 5220831.274114393629134 ], [ 629102.35012362676207, 5220831.22515959944576 ], [ 629102.300170752336271, 5220831.325062734074891 ], [ 629102.32515174348373, 5220831.449840231798589 ], [ 629102.404480014345609, 5220831.461475833319128 ], [ 629102.495309735881165, 5220831.615666729398072 ], [ 629102.443469006568193, 5220831.756704135797918 ], [ 629102.319069529185072, 5220831.846548914909363 ], [ 629102.225159026449546, 5220831.850159026682377 ], [ 629102.224999999976717, 5220831.897054241038859 ] ] ] } },
{ "type": "Feature", "properties": { "label": "vineyard", "area_m2": 0.64356925663420306 }, "geometry": { "type": "Polygon", "coordinates": [ [ [ 629102.875114952446893, 5220830.400114953517914 ], [ 629102.900095137418248, 5220830.549884072504938 ], [ 629102.98676473100204, 5220830.571354478597641 ], [ 629103.087286476395093, 5220830.697906892746687 ], [ 629103.100117513909936, 5220830.849937187507749 ], [ 629103.150114952470176, 5220830.94988504704088 ], [ 629103.224904862581752, 5220830.949884072877467 ], [ 629103.315640491549857, 5220830.816921411082149 ], [ 629103.383018462918699, 5220830.816921411082149 ], [ 629103.436798118054867, 5220830.855332922190428 ], [ 629103.461833169916645, 5220831.102510863915086 ], [ 629103.425117513979785, 5220831.199937188997865 ], [ 629103.499885047553107, 5220831.224885046482086 ], [ 629103.489153763162903, 5220831.112691140733659 ], [ 629103.524883850594051, 5220831.049909411929548 ], [ 629103.557612046715803, 5220830.761731656268239 ], [ 629103.60286032629665, 5220830.711807873100042 ], [ 629103.67493718827609, 5220830.699882484972477 ], [ 629103.724881805363111, 5220830.624951042234898 ], [ 629103.749882486066781, 5220830.100062810815871 ], [ 629103.299951041699387, 5220829.900118195451796 ], [ 629103.203146493877284, 5220829.995957151986659 ], [ 629102.975095137371682, 5220830.000115927308798 ], [ 629102.950114952516742, 5220830.149885047227144 ], [ 629103.034155497793108, 5220830.195982852950692 ], [ 629103.045957151334733, 5220830.303146494552493 ], [ 629103.000088538159616, 5220830.361551363021135 ], [ 629102.875114952446893, 5220830.400114953517914 ] ] ] } },
{ "type": "Feature", "properties": { "label": "vineyard", "area_m2": 0.37860745839479237 }, "geometry": { "type": "Polygon", "coordinates": [ [ [ 629123.599999999976717, 5220830.897054241038859 ], [ 629123.799179962603375, 5220830.999593980610371 ], [ 629124.099577678367496, 5220831.048808216117322 ], [ 629124.150091332150623, 5220831.149839235469699 ], [ 629124.299848256632686, 5220831.199840231798589 ], [ 629124.325000000069849, 5220831.097054241225123 ], [ 629124.299913609633222, 5220831.000170705839992 ], [ 629124.200081442366354, 5220831.000173996202648 ], [ 629124.116925318026915, 5220831.047927376814187 ], [ 629123.867527852184139, 5220831.004991722293198 ], [ 629123.835524365887977, 5220830.974896901287138 ], [ 629123.848448825534433, 5220830.906504277139902 ], [ 629123.999192552291788, 5220830.725971817970276 ], [ 629124.085974353482015, 5220830.523060726933181 ], [ 629124.395904353819788, 5220830.377086478285491 ], [ 629124.512226340011694, 5220830.382297683507204 ], [ 629124.620761342579499, 5220830.523020296357572 ], [ 629124.625159026472829, 5220830.599840972572565 ], [ 629124.724840973503888, 5220830.599840972572565 ], [ 629124.749841671437025, 5220829.975080902688205 ], [ 629124.625075431307778, 5220829.950160708278418 ], [ 629124.440325234900229, 5220830.048564404249191 ], [ 629124.050159026519395, 5220829.975159026682377 ], [ 629124.050159026519395, 5220829.999840972945094 ], [ 629124.414118880988099, 5220830.125758941285312 ], [ 629124.395207569235936, 5220830.361567840911448 ], [ 629124.055370631744154, 5220830.473276499658823 ], [ 629123.876084132120013, 5220830.450067340396345 ], [ 629123.750128623913042, 5220830.500154539011419 ], [ 629123.599999999976717, 5220830.897054241038859 ] ] ] } },
{ "type": "Feature", "properties": { "label": "vineyard", "area_m2": 0.39624809703342617 }, "geometry": { "type": "Polygon", "coordinates": [ [ [ 629129.375073871808127, 5220830.699048832990229 ], [ 629129.400151477428153, 5220830.774850604124367 ], [ 629129.700057940091938, 5220830.899842918850482 ], [ 629129.874911906896159, 5220830.874833353795111 ], [ 629129.929929462610744, 5220830.723643814213574 ], [ 629130.074843848356977, 5220830.624848680570722 ], [ 629130.24984598683659, 5220830.374913456849754 ], [ 629130.274829318281263, 5220830.150086374953389 ], [ 629130.224913625279441, 5220830.100170682184398 ], [ 629130.146963263163343, 5220830.096640314906836 ], [ 629130.008678143145517, 5220830.015103162266314 ], [ 629129.999840973527171, 5220829.800159026868641 ], [ 629129.725084831938148, 5220829.850155047141016 ], [ 629129.675170681555755, 5220829.900086375884712 ], [ 629129.675170764909126, 5220829.974937261082232 ], [ 629129.800062735565007, 5220830.099829233251512 ], [ 629130.104097962961532, 5220830.144092053174973 ], [ 629130.117300736019388, 5220830.23308574501425 ], [ 629129.919618508196436, 5220830.426714517176151 ], [ 629129.702312903944403, 5220830.499083437025547 ], [ 629129.4993245548103, 5220830.525609631091356 ], [ 629129.400153289898299, 5220830.600104893557727 ], [ 629129.375073871808127, 5220830.699048832990229 ] ] ] } },
{ "type": "Feature", "properties": { "label": "vineyard", "area_m2": 0.37902230783680491 }, "geometry": { "type": "Polygon", "coordinates": [ [ [ 629112.425115458900109, 5220831.449895354919136 ], [ 629112.504323110566474, 5220831.506573964841664 ], [ 629112.500115925911814, 5220831.624904862605035 ], [ 629112.89988504757639, 5220831.774885047227144 ], [ 629112.933721673325635, 5220831.62513371463865 ], [ 629112.999882486066781, 5220831.524937189184129 ], [ 629112.999881483498029, 5220831.300042404793203 ], [ 629112.974882486043498, 5220831.225062812678516 ], [ 629112.86555481958203, 5220831.158437613397837 ], [ 629112.834098858293146, 5220831.054594065994024 ], [ 629112.86586060828995, 5220830.995171983726323 ], [ 629112.999893627711572, 5220830.899928925558925 ], [ 629113.049884074134752, 5220830.750095137394965 ], [ 629112.874951042118482, 5220830.675118195824325 ], [ 629112.802454879041761, 5220830.674999999813735 ], [ 629112.725099301664159, 5220830.750099302269518 ], [ 629112.565819354960695, 5220831.251313502900302 ], [ 629112.517051029484719, 5220831.33511181268841 ], [ 629112.425117513979785, 5220831.400062812492251 ], [ 629112.425115458900109, 5220831.449895354919136 ] ] ] } },
{ "type": "Feature", "properties": { "label": "vineyard", "area_m2": 0.59964814723790816 }, "geometry": { "type": "Polygon", "coordinates": [ [ [ 629115.275115925935097, 5220832.024904862977564 ], [ 629115.500048957881518, 5220832.12488180398941 ], [ 629115.599884074064903, 5220832.099904862232506 ], [ 629115.634180645109154, 5220831.873686497099698 ], [ 629115.70090488740243, 5220831.757844103500247 ], [ 629115.799882486113347, 5220831.699937188997865 ], [ 629115.826496974215843, 5220831.387030658312142 ], [ 629115.999882849864662, 5220831.099929782561958 ], [ 629115.999884074088186, 5220830.700095137581229 ], [ 629115.874937188229524, 5220830.625117515213788 ], [ 629115.750048957881518, 5220830.62511819601059 ], [ 629115.625106372288428, 5220830.725071074441075 ], [ 629115.603921220870689, 5220830.892755500040948 ], [ 629115.475118194473907, 5220831.050048957578838 ], [ 629115.450118194683455, 5220831.199951042421162 ], [ 629115.49506221874617, 5220831.284943086095154 ], [ 629115.497928402386606, 5220831.373546035960317 ], [ 629115.325117514003068, 5220831.55006281286478 ], [ 629115.32636080996599, 5220831.653570622205734 ], [ 629115.275118516525254, 5220831.800042404793203 ], [ 629115.275115925935097, 5220832.024904862977564 ] ] ] } },
{ "type": "Feature", "properties": { "label": "vineyard", "area_m2": 0.19294952328283035 }, "geometry": { "type": "Polygon", "coordinates": [ [ [ 629109.325158113264479, 5220830.800127554684877 ], [ 629109.325861477875151, 5220830.875681151635945 ], [ 629109.487052956246771, 5220830.906351210549474 ], [ 629109.575009531574324, 5220831.052322992123663 ], [ 629109.582258069887757, 5220830.965293903835118 ], [ 629109.429704927839339, 5220830.744008539244533 ], [ 629109.443146796198562, 5220830.691015286371112 ], [ 629109.602080347947776, 5220830.617487461306155 ], [ 629109.697025752509944, 5220830.718784421682358 ], [ 629109.783653960330412, 5220830.728140794672072 ], [ 629109.831369048100896, 5220830.692506921477616 ], [ 629109.986463104141876, 5220830.459095580503345 ], [ 629110.192478951066732, 5220830.410368051379919 ], [ 629110.326015947153792, 5220830.518256133422256 ], [ 629110.368998171528801, 5220830.725646715611219 ], [ 629110.367113830987364, 5220830.954930697567761 ], [ 629110.110576687031426, 5220831.536646255291998 ], [ 629109.92039363598451, 5220831.604421709664166 ], [ 629109.70429448375944, 5220831.509130434133112 ], [ 629109.575015210313722, 5220831.359109635464847 ], [ 629109.550171511713415, 5220831.425053409300745 ], [ 629109.650588702177629, 5220831.500113106332719 ], [ 629110.000057940604165, 5220831.649842913262546 ], [ 629110.049913615337573, 5220831.649829302914441 ], [ 629110.124619428999722, 5220831.525475877337158 ], [ 629110.374471414019354, 5220830.950977020896971 ], [ 629110.374927032971755, 5220830.725969584658742 ], [ 629110.349826626246795, 5220830.550066192634404 ], [ 629110.300311812781729, 5220830.450921195559204 ], [ 629110.199937267461792, 5220830.400170753709972 ], [ 629110.025086385314353, 5220830.400170696899295 ], [ 629109.925146126537584, 5220830.500133054330945 ], [ 629109.842338112648576, 5220830.644007570110261 ], [ 629109.644469661870971, 5220830.610633465461433 ], [ 629109.576827728073113, 5220830.453982844017446 ], [ 629109.577831532806158, 5220830.385600300505757 ], [ 629109.74431869678665, 5220830.278540128841996 ], [ 629109.849845977849327, 5220830.249913450330496 ], [ 629109.899840396014042, 5220829.9501236313954 ], [ 629109.825118694570847, 5220829.92516908608377 ], [ 629109.675170681788586, 5220830.075086374767125 ], [ 629109.730733562493697, 5220830.27583946287632 ], [ 629109.576732514309697, 5220830.372995559126139 ], [ 629109.475159026449546, 5220830.375159027054906 ], [ 629109.42638280428946, 5220830.621213588863611 ], [ 629109.325158113264479, 5220830.800127554684877 ] ] ] } },
{ "type": "Feature", "properties": { "label": "vineyard", "area_m2": 0.34341723453985945 }, "geometry": { "type": "Polygon", "coordinates": [ [ [ 629121.125115209026262, 5220831.074904670938849 ], [ 629121.324885719339363, 5220831.149885719642043 ], [ 629121.326877661049366, 5220831.036458960734308 ], [ 629121.364314308273606, 5220830.98046868853271 ], [ 629121.54990467056632, 5220830.974884791299701 ], [ 629121.599882929353043, 5220830.899942679330707 ], [ 629121.608710969332606, 5220830.750159503892064 ], [ 629121.724883408285677, 5220830.549932900816202 ], [ 629121.724882929353043, 5220830.400057322345674 ], [ 629121.699934207485057, 5220830.375107725150883 ], [ 629121.39995990251191, 5220830.250117913819849 ], [ 629121.325107725802809, 5220830.300065792165697 ], [ 629121.150117070646957, 5220830.525057322345674 ], [ 629121.150116562377661, 5220830.799932301044464 ], [ 629121.193051818059757, 5220830.849855429492891 ], [ 629121.199999999953434, 5220830.934019999578595 ], [ 629121.125115209026262, 5220831.074904670938849 ] ] ] } },
{ "type": "Feature", "properties": { "label": "vineyard", "area_m2": 0.44927457239854879 }, "geometry": { "type": "Polygon", "coordinates": [ [ [ 629118.325117514003068, 5220830.92506281286478 ], [ 629118.325117514003068, 5220830.974937187507749 ], [ 629118.375071076443419, 5220831.024893629364669 ], [ 629118.799885047599673, 5220831.19988504704088 ], [ 629118.818132952786982, 5220831.139276754111052 ], [ 629118.944802152807824, 5220831.000103496946394 ], [ 629119.099884074064903, 5220830.924904862418771 ], [ 629119.150000000023283, 5220830.622545138001442 ], [ 629119.149881805409677, 5220830.400048958137631 ], [ 629119.124900698079728, 5220830.350099300965667 ], [ 629118.750114952446893, 5220830.200114953331649 ], [ 629118.725116360117681, 5220830.399913701228797 ], [ 629118.791799439815804, 5220830.457043777219951 ], [ 629118.786485429503955, 5220830.559224155731499 ], [ 629118.724933440098539, 5220830.617070166394114 ], [ 629118.575062811840326, 5220830.650117515586317 ], [ 629118.500071076327004, 5220830.700106371194124 ], [ 629118.325117514003068, 5220830.92506281286478 ] ] ] } },
{ "type": "Feature", "properties": { "label": "vineyard", "area_m2": 0.28462416219850717 }, "geometry": { "type": "Polygon", "coordinates": [ [ [ 629116.000114952446893, 5220830.19988504704088 ], [ 629116.199884074158035, 5220830.174904862418771 ], [ 629116.211095164529979, 5220830.054218669421971 ], [ 629116.299885047599673, 5220829.999885046854615 ], [ 629116.315019080182537, 5220829.817313616164029 ], [ 629116.499885047553107, 5220829.749885046854615 ], [ 629116.527204722282477, 5220829.370095524005592 ], [ 629116.599884074064903, 5220829.200095137581229 ], [ 629116.372545121004805, 5220829.099999999627471 ], [ 629116.250062811770476, 5220829.100117514841259 ], [ 629116.150116766802967, 5220829.200078021734953 ], [ 629116.174447292112745, 5220829.394521198235452 ], [ 629116.125116766779684, 5220829.599921979010105 ], [ 629116.275597432744689, 5220829.731242985464633 ], [ 629116.298196387011558, 5220829.818906866945326 ], [ 629116.265549285220914, 5220829.87552013900131 ], [ 629116.200114952516742, 5220829.900114953517914 ], [ 629116.170710678212345, 5220829.995710678398609 ], [ 629116.075062811840326, 5220830.025117515586317 ], [ 629116.000117513933219, 5220830.100062810815871 ], [ 629116.000114952446893, 5220830.19988504704088 ] ] ] } },
{ "type": "Feature", "properties": { "label": "vineyard", "area_m2": 0.21832340050088234 }, "geometry": { "type": "Polygon", "coordinates": [ [ [ 629124.724999999976717, 5220829.972054241225123 ], [ 629124.845386311644688, 5220829.855128738097847 ], [ 629124.94984097359702, 5220829.849840972572565 ], [ 629124.973986996104941, 5220829.759640793316066 ], [ 629125.086818567127921, 5220829.731616701930761 ], [ 629125.149840973550454, 5220829.749840972945094 ], [ 629125.00321399141103, 5220829.624483616091311 ], [ 629125.026399682741612, 5220829.437639308162034 ], [ 629125.082908580661751, 5220829.347797214984894 ], [ 629125.299840973573737, 5220829.349840972572565 ], [ 629125.299840973573737, 5220829.275159027427435 ], [ 629125.15193714783527, 5220829.266284231096506 ], [ 629125.078310014097951, 5220829.17924324888736 ], [ 629125.07484097359702, 5220829.07515902724117 ], [ 629124.90017070423346, 5220829.125086390413344 ], [ 629124.895653984392993, 5220829.232758142054081 ], [ 629124.724669285467826, 5220829.476395584642887 ], [ 629124.700166031951085, 5220829.649950558319688 ], [ 629124.78429145552218, 5220829.863005555234849 ], [ 629124.724999999976717, 5220829.972054241225123 ] ] ] } },
{ "type": "Feature", "properties": { "label": "vineyard", "area_m2": 0.1014358703216256 }, "geometry": { "type": "Polygon", "coordinates": [ [ [ 629109.825000000069849, 5220829.922054241411388 ], [ 629109.900062737637199, 5220829.974829233251512 ], [ 629109.999840973527171, 5220829.974840972572565 ], [ 629109.997693236218765, 5220829.812649033032358 ], [ 629110.048170072608627, 5220829.759571652859449 ], [ 629110.124840973527171, 5220829.749840972945094 ], [ 629110.072388367145322, 5220829.672421009279788 ], [ 629110.199829318327829, 5220829.49991362541914 ], [ 629110.249842904624529, 5220829.374925050884485 ], [ 629110.224876368883997, 5220829.250159606337547 ], [ 629110.125150369131006, 5220829.250161645002663 ], [ 629110.045984929427505, 5220829.508023110218346 ], [ 629109.850159026449546, 5220829.525159027427435 ], [ 629109.850159026449546, 5220829.599840972572565 ], [ 629109.970281367655843, 5220829.602078896947205 ], [ 629110.033018297632225, 5220829.645741851069033 ], [ 629110.049807389033958, 5220829.712352143600583 ], [ 629109.952287327032536, 5220829.820276850834489 ], [ 629109.849318851716816, 5220829.825861475430429 ], [ 629109.825000000069849, 5220829.922054241411388 ] ] ] } },
{ "type": "Feature", "properties": { "label": "vineyard", "area_m2": 0.52338068943003302 }, "geometry": { "type": "Polygon", "coordinates": [ [ [ 629126.650117513956502, 5220830.000062812119722 ], [ 629126.650117513956502, 5220830.074937188997865 ], [ 629126.725062811630778, 5220830.149882485158741 ], [ 629126.833127611433156, 5220830.180292467586696 ], [ 629126.870560804498382, 5220830.23631520755589 ], [ 629126.800118516548537, 5220830.450042405165732 ], [ 629126.800114952493459, 5220830.649885047227144 ], [ 629126.924957596464083, 5220830.649881483055651 ], [ 629126.999913702020422, 5220830.624883638694882 ], [ 629127.059734228299931, 5220830.557084437459707 ], [ 629127.199904862442054, 5220830.549884072504938 ], [ 629127.274884074111469, 5220830.474904861301184 ], [ 629127.293132952763699, 5220830.31427675485611 ], [ 629127.379988637403585, 5220830.256700719706714 ], [ 629127.449885047622956, 5220830.249885046854615 ], [ 629127.397678860579617, 5220829.989010495133698 ], [ 629127.451955239055678, 5220829.932928216643631 ], [ 629127.549885047599673, 5220829.924885046668351 ], [ 629127.549882486113347, 5220829.850062810815871 ], [ 629127.450114952516742, 5220829.825114953331649 ], [ 629127.403844912070781, 5220829.918287661857903 ], [ 629127.299116989015602, 5220829.920108555816114 ], [ 629127.201751262880862, 5220829.807155205868185 ], [ 629127.249885047553107, 5220829.600114952772856 ], [ 629126.97511495242361, 5220829.500114953145385 ], [ 629126.972795277833939, 5220829.604904475621879 ], [ 629126.889605764183216, 5220829.825505225919187 ], [ 629126.650117513956502, 5220830.000062812119722 ] ] ] } },
{ "type": "Feature", "properties": { "label": "vineyard", "area_m2": 0.046207308569339363 }, "geometry": { "type": "Polygon", "coordinates": [ [ [ 629132.675114952493459, 5220829.600114952772856 ], [ 629132.675117513979785, 5220829.674937187694013 ], [ 629132.746074064285494, 5220829.758732908405364 ], [ 629132.750114952446893, 5220829.849885046482086 ], [ 629132.874928923556581, 5220829.824893629178405 ], [ 629132.924881805549376, 5220829.749951042234898 ], [ 629132.924882486113347, 5220829.650062812492251 ], [ 629132.849951042095199, 5220829.600118195638061 ], [ 629132.675114952493459, 5220829.600114952772856 ] ] ] } },
{ "type": "Feature", "properties": { "label": "vineyard", "area_m2": 0.46123922318413069 }, "geometry": { "type": "Polygon", "coordinates": [ [ [ 629112.825117070460692, 5220830.44994267821312 ], [ 629112.885784037061967, 5220830.557044671848416 ], [ 629112.850115227163769, 5220830.650094958953559 ], [ 629112.875065792584792, 5220830.699892274104059 ], [ 629113.049942678073421, 5220830.749882929958403 ], [ 629113.174904670100659, 5220830.674884791485965 ], [ 629113.213498124154285, 5220830.565806047990918 ], [ 629113.27488292939961, 5220830.499942678026855 ], [ 629113.362711169524118, 5220830.197907991707325 ], [ 629113.49989227426704, 5220830.09993420727551 ], [ 629113.549882595078088, 5220829.999949505552649 ], [ 629113.55220198596362, 5220829.895110202953219 ], [ 629113.599882085807621, 5220829.774959901347756 ], [ 629113.599882929353043, 5220829.57505732215941 ], [ 629113.57494267844595, 5220829.550117069855332 ], [ 629113.35004009923432, 5220829.525117913261056 ], [ 629113.250107726315036, 5220829.575065792538226 ], [ 629113.220068320981227, 5220829.715036355890334 ], [ 629113.125117914285511, 5220829.900040097534657 ], [ 629113.120052569895051, 5220829.996382088400424 ], [ 629112.91341532592196, 5220830.354046162217855 ], [ 629112.825117070460692, 5220830.44994267821312 ] ] ] } },
{ "type": "Feature", "properties": { "label": "vineyard", "area_m2": 0.79865272960704614 }, "geometry": { "type": "Polygon", "coordinates": [ [ [ 629121.375, 5220830.247054241597652 ], [ 629121.700062044314109, 5220830.399821835570037 ], [ 629121.984172843163833, 5220830.400774290785193 ], [ 629122.100075991707854, 5220830.474842732772231 ], [ 629122.14987637323793, 5220830.474840399809182 ], [ 629122.224810015992261, 5220830.250075272284448 ], [ 629122.149496875121258, 5220829.999278977513313 ], [ 629121.90076992358081, 5220829.528490097261965 ], [ 629121.875536975916475, 5220829.445771293714643 ], [ 629121.894786329008639, 5220829.251064837910235 ], [ 629121.940841502859257, 5220829.215537225827575 ], [ 629122.249913613428362, 5220829.299829297699034 ], [ 629122.324826406897046, 5220829.19991117157042 ], [ 629122.299873508629389, 5220829.025146366097033 ], [ 629121.948915819404647, 5220828.850067337974906 ], [ 629121.900120617356151, 5220828.850167027674615 ], [ 629121.775857779546641, 5220828.99917464889586 ], [ 629121.526361868018284, 5220829.77130167838186 ], [ 629121.400155858835205, 5220830.000060080550611 ], [ 629121.375, 5220830.247054241597652 ] ] ] } },
{ "type": "Feature", "properties": { "label": "vineyard", "area_m2": 0.89393881051981872 }, "geometry": { "type": "Polygon", "coordinates": [ [ [ 629126.97511707060039, 5220829.499942678026855 ], [ 629127.175050496123731, 5220829.599882596172392 ], [ 629127.324942678329535, 5220829.599882930517197 ], [ 629127.418039662064984, 5220829.408209080807865 ], [ 629127.496774210594594, 5220829.366032041609287 ], [ 629127.569560840493068, 5220829.394137885421515 ], [ 629127.600114280707203, 5220829.474885719828308 ], [ 629127.749885719153099, 5220829.499885719269514 ], [ 629127.749884998309426, 5220829.275099563412368 ], [ 629127.58909507014323, 5220829.125040543265641 ], [ 629127.601313021034002, 5220828.912016407586634 ], [ 629127.671508360188454, 5220828.848458063788712 ], [ 629127.974932900862768, 5220828.849883409217 ], [ 629128.049885170767084, 5220828.799896917305887 ], [ 629128.08755117317196, 5220828.691419680602849 ], [ 629128.199882929446176, 5220828.574942679144442 ], [ 629128.199882085900754, 5220828.450040098279715 ], [ 629128.149934207787737, 5220828.300107725895941 ], [ 629127.600114280707203, 5220828.075114279985428 ], [ 629127.433013359666802, 5220828.326098860241473 ], [ 629127.325115163228475, 5220828.400096262805164 ], [ 629127.366131976363249, 5220828.67125160805881 ], [ 629127.125117070740089, 5220829.000057321041822 ], [ 629127.095068318536505, 5220829.240036363713443 ], [ 629126.97511707060039, 5220829.499942678026855 ] ] ] } },
{ "type": "Feature", "properties": { "label": "vineyard", "area_m2": 0.8365046313672182 }, "geometry": { "type": "Polygon", "coordinates": [ [ [ 629110.150000000023283, 5220829.122063056565821 ], [ 629110.224841622635722, 5220829.124841623008251 ], [ 629110.249320789705962, 5220829.044977286830544 ], [ 629110.545049884472974, 5220828.961711350828409 ], [ 629110.599836040055379, 5220829.058044927194715 ], [ 629110.575157897430472, 5220829.299924586899579 ], [ 629110.900121695362031, 5220829.524828703142703 ], [ 629110.974848940968513, 5220829.524840902537107 ], [ 629111.098545423592441, 5220829.228661864064634 ], [ 629111.225235666963272, 5220829.049247465096414 ], [ 629111.424838842009194, 5220828.624938901513815 ], [ 629111.350990012404509, 5220828.446023737080395 ], [ 629111.374841622659005, 5220828.125158376991749 ], [ 629111.300129581708461, 5220828.125158305279911 ], [ 629111.126585173071362, 5220828.248772030696273 ], [ 629111.054310475825332, 5220828.260949529707432 ], [ 629110.926742521114647, 5220827.978832945227623 ], [ 629110.924841622821987, 5220827.850158377550542 ], [ 629110.825141644105315, 5220827.8501599682495 ], [ 629110.65017005847767, 5220828.150064297020435 ], [ 629110.650066233589314, 5220828.298904755152762 ], [ 629110.754476280882955, 5220828.311564524658024 ], [ 629110.885293856495991, 5220828.541616543196142 ], [ 629110.53648669004906, 5220828.9486327720806 ], [ 629110.150158377364278, 5220829.050158376805484 ], [ 629110.150000000023283, 5220829.122063056565821 ] ] ] } },
{ "type": "Feature", "properties": { "label": "vineyard", "area_m2": 0.31575089327070105 }, "geometry": { "type": "Polygon", "coordinates": [ [ [ 629125.025114952470176, 5220828.80011495295912 ], [ 629125.046881846967153, 5220828.932593232020736 ], [ 629125.025114952470176, 5220829.07488504704088 ], [ 629125.09992978349328, 5220829.074882849119604 ], [ 629125.249864498968236, 5220828.956943713128567 ], [ 629125.349885047529824, 5220828.94988504704088 ], [ 629125.358721673255786, 5220828.87513371463865 ], [ 629125.409939520410262, 5220828.822592357173562 ], [ 629125.52488504757639, 5220828.82488504704088 ], [ 629125.52488504757639, 5220828.80011495295912 ], [ 629125.442774522583932, 5220828.797962185926735 ], [ 629125.391001859097742, 5220828.757558405399323 ], [ 629125.33915376313962, 5220828.537691140547395 ], [ 629125.395203915191814, 5220828.440825395286083 ], [ 629125.454723394243047, 5220828.409079761244357 ], [ 629125.560776240192354, 5220828.442291219718754 ], [ 629125.60011495242361, 5220828.524885047227144 ], [ 629125.649893627967685, 5220828.499928924255073 ], [ 629125.724881805363111, 5220828.324951042421162 ], [ 629125.724885047529824, 5220828.17511495295912 ], [ 629125.64635447866749, 5220828.136764731258154 ], [ 629125.624885047553107, 5220828.05011495295912 ], [ 629125.425114952493459, 5220828.000114953145385 ], [ 629125.400597432744689, 5220828.068757014349103 ], [ 629125.275117513956502, 5220828.175062811002135 ], [ 629125.266278326744214, 5220828.274866284802556 ], [ 629125.200117514003068, 5220828.350062812678516 ], [ 629125.21679943986237, 5220828.617956222966313 ], [ 629125.150116360164247, 5220828.675086298957467 ], [ 629125.120710678165779, 5220828.770710677839816 ], [ 629125.025114952470176, 5220828.80011495295912 ] ] ] } },
{ "type": "Feature", "properties": { "label": "vineyard", "area_m2": 0.5293885233671588 }, "geometry": { "type": "Polygon", "coordinates": [ [ [ 629103.650000000023283, 5220828.647054241038859 ], [ 629103.925051864236593, 5220828.774841235019267 ], [ 629104.127658787416294, 5220828.754064148291945 ], [ 629104.289189492235892, 5220828.870451405644417 ], [ 629104.300159604055807, 5220828.9248763686046 ], [ 629104.424880724400282, 5220828.949838621541858 ], [ 629104.499835622962564, 5220828.849904799833894 ], [ 629104.511641973629594, 5220828.538169303908944 ], [ 629104.562902728794143, 5220828.506491016596556 ], [ 629104.750125763705, 5220828.574832724407315 ], [ 629104.849840973503888, 5220828.574840973131359 ], [ 629104.849839928327128, 5220828.500148415565491 ], [ 629104.686017442843877, 5220828.404518395662308 ], [ 629104.674830042873509, 5220828.325101599097252 ], [ 629104.624903887975961, 5220828.275157582014799 ], [ 629104.366096146055497, 5220828.299352266825736 ], [ 629104.203055827063508, 5220828.180243950337172 ], [ 629104.202643552445807, 5220828.129938935860991 ], [ 629104.313699034275487, 5220828.034526170231402 ], [ 629104.399840973550454, 5220828.024840973317623 ], [ 629104.399840973550454, 5220827.900159027427435 ], [ 629104.325086389551871, 5220827.900170707143843 ], [ 629104.293084500357509, 5220828.005508803762496 ], [ 629104.175869390717708, 5220828.143392941914499 ], [ 629103.950075909029692, 5220828.150177530013025 ], [ 629103.825157429091632, 5220828.200145252980292 ], [ 629103.796995426528156, 5220828.493998625315726 ], [ 629103.650160071672872, 5220828.600148415192962 ], [ 629103.650000000023283, 5220828.647054241038859 ] ] ] } },
{ "type": "Feature", "properties": { "label": "vineyard", "area_m2": 0.75455595739849513 }, "geometry": { "type": "Polygon", "coordinates": [ [ [ 629118.725117513909936, 5220829.750062812119722 ], [ 629118.725117513909936, 5220829.874937187880278 ], [ 629118.815920239198022, 5220829.979723398573697 ], [ 629118.775114952470176, 5220830.224885046482086 ], [ 629119.075048958417028, 5220830.349881804548204 ], [ 629119.149913702043705, 5220830.349883638322353 ], [ 629119.218682811013423, 5220830.279005923308432 ], [ 629119.324937188415788, 5220830.274882485158741 ], [ 629119.424881805549376, 5220830.124951042234898 ], [ 629119.499881483498029, 5220829.849957594648004 ], [ 629119.49988180550281, 5220829.600048957392573 ], [ 629119.404937781277113, 5220829.340056913904846 ], [ 629119.401966279838234, 5220829.238985847681761 ], [ 629119.541317391674966, 5220829.110778111033142 ], [ 629119.64988504757639, 5220829.099885046482086 ], [ 629119.665844502276741, 5220828.995982852764428 ], [ 629119.749885047553107, 5220828.94988504704088 ], [ 629119.752204722259194, 5220828.845095523633063 ], [ 629119.799885047599673, 5220828.725114952772856 ], [ 629119.722545120981522, 5220828.700000000186265 ], [ 629119.575114952400327, 5220828.725114952772856 ], [ 629119.536764731048606, 5220828.803645521402359 ], [ 629119.450062811840326, 5220828.825117515400052 ], [ 629119.32511819456704, 5220829.025048958137631 ], [ 629119.303645521285944, 5220829.186764731071889 ], [ 629119.17388328211382, 5220829.289004947058856 ], [ 629119.05007107637357, 5220829.325106371194124 ], [ 629118.955736509757116, 5220829.593027079477906 ], [ 629118.725117513909936, 5220829.750062812119722 ] ] ] } },
{ "type": "Feature", "properties": { "label": "vineyard", "area_m2": 0.831469151841701 }, "geometry": { "type": "Polygon", "coordinates": [ [ [ 629103.200115925981663, 5220829.675095138140023 ], [ 629103.200117514003068, 5220829.749937187880278 ], [ 629103.30007107637357, 5220829.924893628805876 ], [ 629103.77488504757639, 5220830.099885046482086 ], [ 629103.741031681303866, 5220829.928271907381713 ], [ 629103.769119978649542, 5220829.855455735698342 ], [ 629103.874937188229524, 5220829.824882484972477 ], [ 629104.00973422836978, 5220829.707084437832236 ], [ 629104.14988504757639, 5220829.69988504704088 ], [ 629104.15761204669252, 5220829.48673165589571 ], [ 629104.202860326273367, 5220829.436807872727513 ], [ 629104.274904862628318, 5220829.424884072504938 ], [ 629104.299881805549376, 5220829.374951042234898 ], [ 629104.304640929331072, 5220829.266592522151768 ], [ 629104.374883639859036, 5220829.199913701042533 ], [ 629104.377204722259194, 5220829.045095523819327 ], [ 629104.424885047599673, 5220828.950114953331649 ], [ 629104.275114952470176, 5220828.900114953517914 ], [ 629104.245710678165779, 5220829.020710677839816 ], [ 629104.129988636239432, 5220829.043299280107021 ], [ 629104.013514570542611, 5220828.959224155172706 ], [ 629103.974884074064903, 5220828.775095137767494 ], [ 629103.650114952470176, 5220828.650114953517914 ], [ 629103.667850608122535, 5220828.887131719850004 ], [ 629103.575114952516742, 5220828.950114953331649 ], [ 629103.573078528163023, 5220829.044509032741189 ], [ 629103.53843932854943, 5220829.102301045320928 ], [ 629103.375117513933219, 5220829.150062812492251 ], [ 629103.375117150135338, 5220829.224929782561958 ], [ 629103.423248737119138, 5220829.292844793759286 ], [ 629103.421074064215645, 5220829.441267091780901 ], [ 629103.349095112644136, 5220829.567155895754695 ], [ 629103.200115925981663, 5220829.675095138140023 ] ], [ [ 629103.991853038780391, 5220829.405557024292648 ], [ 629103.977893294882961, 5220829.152452306821942 ], [ 629104.058759389561601, 5220829.103983033448458 ], [ 629104.191833409480751, 5220829.140395483002067 ], [ 629104.246881846920587, 5220829.232593231834471 ], [ 629104.183146961266175, 5220829.405557024292648 ], [ 629104.109801714075729, 5220829.449518472887576 ], [ 629103.991853038780391, 5220829.405557024292648 ] ] ] } },
{ "type": "Feature", "properties": { "label": "vineyard", "area_m2": 0.54977704484556478 }, "geometry": { "type": "Polygon", "coordinates": [ [ [ 629129.825116591644473, 5220829.200067099183798 ], [ 629129.825117404921912, 5220829.274949505925179 ], [ 629129.925057321670465, 5220829.424882930703461 ], [ 629130.124949503922835, 5220829.424882596358657 ], [ 629130.274942678050138, 5220829.374882929958403 ], [ 629130.349882595008239, 5220829.274949504993856 ], [ 629130.312633551424369, 5220828.919675883837044 ], [ 629130.428797138854861, 5220828.833850559778512 ], [ 629130.549942677957006, 5220828.849882930517197 ], [ 629130.674892274197191, 5220828.774934208020568 ], [ 629130.699882595101371, 5220828.72494950518012 ], [ 629130.686197772156447, 5220828.569250877015293 ], [ 629130.749884613323957, 5220828.49990829732269 ], [ 629130.774885719292797, 5220828.375114280730486 ], [ 629130.679987823823467, 5220828.369308856315911 ], [ 629130.59993420727551, 5220828.275107725523412 ], [ 629130.32511428068392, 5220828.175114280544221 ], [ 629130.250117070623673, 5220828.32505732215941 ], [ 629130.240559213911183, 5220828.496014907024801 ], [ 629130.150117070646957, 5220828.57505732215941 ], [ 629130.11581325752195, 5220828.751327499747276 ], [ 629129.97511707060039, 5220828.900057321414351 ], [ 629129.966289030620828, 5220829.024840496480465 ], [ 629129.825116591644473, 5220829.200067099183798 ] ] ] } },
{ "type": "Feature", "properties": { "label": "vineyard", "area_m2": 0.055409741727866994 }, "geometry": { "type": "Polygon", "coordinates": [ [ [ 629119.675000000046566, 5220828.697054241783917 ], [ 629119.727945773280226, 5220828.724999999627471 ], [ 629119.849845968885347, 5220828.69991344679147 ], [ 629119.899953105836175, 5220828.547689642757177 ], [ 629119.84358899993822, 5220828.603355186060071 ], [ 629119.710353746428154, 5220828.543463102541864 ], [ 629119.716884422115982, 5220828.368264728225768 ], [ 629119.89996740501374, 5220828.327413093298674 ], [ 629119.99551998579409, 5220828.186475832946599 ], [ 629120.049876368953846, 5220828.174840393476188 ], [ 629120.099833981017582, 5220828.02495055925101 ], [ 629120.073969210032374, 5220827.974626528099179 ], [ 629120.000159026472829, 5220827.95015902724117 ], [ 629120.066878056735732, 5220828.075736430473626 ], [ 629119.999849310726859, 5220828.172392915934324 ], [ 629119.873554193414748, 5220828.272043239325285 ], [ 629119.775119269266725, 5220828.275161373429 ], [ 629119.700165134738199, 5220828.375079998746514 ], [ 629119.675000000046566, 5220828.697054241783917 ] ] ] } },
{ "type": "Feature", "properties": { "label": "vineyard", "area_m2": 0.3691976584742247 }, "geometry": { "type": "Polygon", "coordinates": [ [ [ 629116.300114952493459, 5220829.099885046482086 ], [ 629116.55004240362905, 5220829.199881482869387 ], [ 629116.624885047553107, 5220829.19988504704088 ], [ 629116.687555906595662, 5220829.041411786340177 ], [ 629116.799884074134752, 5220828.924904861487448 ], [ 629116.80220472230576, 5220828.670095523819327 ], [ 629116.924882849911228, 5220828.399929783307016 ], [ 629116.899928923579864, 5220828.350106370635331 ], [ 629116.674951042165048, 5220828.25011819601059 ], [ 629116.600095137371682, 5220828.250115927308798 ], [ 629116.556867047096603, 5220828.360723246820271 ], [ 629116.500116360140964, 5220828.400086299516261 ], [ 629116.461485430365428, 5220828.534224153496325 ], [ 629116.350117513909936, 5220828.650062812492251 ], [ 629116.300118516548537, 5220828.800042404793203 ], [ 629116.336851622909307, 5220828.992663307115436 ], [ 629116.300114952493459, 5220829.099885046482086 ] ] ] } },
{ "type": "Feature", "properties": { "label": "vineyard", "area_m2": 0.70594820308961226 }, "geometry": { "type": "Polygon", "coordinates": [ [ [ 629130.35011707060039, 5220828.174942678771913 ], [ 629130.550050495192409, 5220828.274882595986128 ], [ 629130.677447513095103, 5220828.300000000745058 ], [ 629130.824885719339363, 5220828.274885719642043 ], [ 629130.85179451550357, 5220828.197392165660858 ], [ 629131.024892274173908, 5220828.024934208020568 ], [ 629131.087551171774976, 5220827.866419682279229 ], [ 629131.14988292939961, 5220827.799942678771913 ], [ 629131.208710968843661, 5220827.575159505940974 ], [ 629131.288498118403368, 5220827.390806058421731 ], [ 629131.399892273824662, 5220827.249934207648039 ], [ 629131.424884791020304, 5220827.150095328688622 ], [ 629131.072552486904897, 5220827.0 ], [ 629131.025095329852775, 5220827.000115209259093 ], [ 629130.941273597534746, 5220827.09607152454555 ], [ 629130.700073558138683, 5220827.050116275437176 ], [ 629130.60009906894993, 5220827.125100302509964 ], [ 629130.550117070553824, 5220827.249942678958178 ], [ 629130.650057321996428, 5220827.324882930144668 ], [ 629130.810132933082059, 5220827.382979402318597 ], [ 629130.867076906492002, 5220827.450081361457705 ], [ 629130.876659688772634, 5220827.527375970035791 ], [ 629130.836185312713496, 5220827.659982865676284 ], [ 629130.752890311530791, 5220827.74686246085912 ], [ 629130.500095329596661, 5220827.725115208886564 ], [ 629130.400117405108176, 5220827.875050494447351 ], [ 629130.350117914145812, 5220828.050040097907186 ], [ 629130.35011707060039, 5220828.174942678771913 ] ] ] } },
{ "type": "Feature", "properties": { "label": "vineyard", "area_m2": 0.30484862149841219 }, "geometry": { "type": "Polygon", "coordinates": [ [ [ 629121.900115925935097, 5220828.849904862232506 ], [ 629122.000048957881518, 5220828.899881804361939 ], [ 629122.124937188229524, 5220828.899882485158741 ], [ 629122.192907453747466, 5220828.815702744759619 ], [ 629122.27488504757639, 5220828.799885046668351 ], [ 629122.317313618957996, 5220828.6900190776214 ], [ 629122.474885047529824, 5220828.674885046668351 ], [ 629122.450000000069849, 5220828.390978140756488 ], [ 629122.476921471883543, 5220828.205490967258811 ], [ 629122.536731656757183, 5220828.132612046785653 ], [ 629122.64988504757639, 5220828.124885046854615 ], [ 629122.624928923556581, 5220828.00010637100786 ], [ 629122.350095137371682, 5220827.900115927681327 ], [ 629122.275118516525254, 5220828.100042404606938 ], [ 629122.266278326744214, 5220828.274866284802556 ], [ 629122.196996580227278, 5220828.372666032984853 ], [ 629122.100106372265145, 5220828.42507107462734 ], [ 629121.900115925935097, 5220828.849904862232506 ] ] ] } },
{ "type": "Feature", "properties": { "label": "vineyard", "area_m2": 0.15239056681757931 }, "geometry": { "type": "Polygon", "coordinates": [ [ [ 629100.799999999930151, 5220827.747063060291111 ], [ 629101.092069183010608, 5220827.79862954840064 ], [ 629101.15012823313009, 5220827.874872892163694 ], [ 629101.326086162938736, 5220827.974933322519064 ], [ 629101.5499437302351, 5220827.974841617979109 ], [ 629101.873976024333388, 5220827.850370738655329 ], [ 629101.94984642858617, 5220827.774918946437538 ], [ 629101.974952590535395, 5220827.697702758945525 ], [ 629101.831066297832876, 5220827.866097810678184 ], [ 629101.574928754242137, 5220827.957155364565551 ], [ 629101.289911461179145, 5220827.951338781043887 ], [ 629101.098956186324358, 5220827.756812595762312 ], [ 629101.169175632763654, 5220827.419184425845742 ], [ 629101.613652797183022, 5220827.039903862401843 ], [ 629101.69489826716017, 5220827.048093049786985 ], [ 629101.899668247438967, 5220827.146819598972797 ], [ 629101.974952590535395, 5220827.327297239564359 ], [ 629101.943891958217137, 5220827.168754499405622 ], [ 629102.160240992903709, 5220827.059227653779089 ], [ 629102.324924580869265, 5220827.099842097610235 ], [ 629102.349999999976717, 5220827.072063057683408 ], [ 629102.325334124150686, 5220826.950975549407303 ], [ 629102.200075419154018, 5220826.9501579022035 ], [ 629102.15649897151161, 5220827.053159697912633 ], [ 629101.923803910845891, 5220827.117735547944903 ], [ 629101.824922223458998, 5220827.02516349311918 ], [ 629101.597572235157713, 5220827.025052276439965 ], [ 629101.172506649047136, 5220827.384212827309966 ], [ 629101.137130268965848, 5220827.357949951663613 ], [ 629101.112703583668917, 5220827.237550539895892 ], [ 629101.277291554026306, 5220827.025047911331058 ], [ 629101.200095575652085, 5220827.050153796561062 ], [ 629101.100157897453755, 5220827.150075413286686 ], [ 629101.095029775402509, 5220827.547259386628866 ], [ 629100.903986221062951, 5220827.67083322443068 ], [ 629100.825075418688357, 5220827.675157902762294 ], [ 629100.799999999930151, 5220827.747063060291111 ] ] ] } },
{ "type": "Feature", "properties": { "label": "vineyard", "area_m2": 0.33362876580564194 }, "geometry": { "type": "Polygon", "coordinates": [ [ [ 629116.625, 5220828.247054241597652 ], [ 629116.92568114947062, 5220828.374138523824513 ], [ 629117.024449265096337, 5220828.226895472034812 ], [ 629117.099841744289733, 5220828.174864119850099 ], [ 629117.149938748916611, 5220827.998791933059692 ], [ 629117.128634312772192, 5220827.796367328613997 ], [ 629117.204975081956945, 5220827.574311721138656 ], [ 629117.399840973550454, 5220827.499840972945094 ], [ 629117.399840973550454, 5220827.475159026682377 ], [ 629117.173924172879197, 5220827.425067747943103 ], [ 629117.024312660214491, 5220827.450864627957344 ], [ 629116.800149637274444, 5220827.725117452442646 ], [ 629116.625, 5220828.247054241597652 ] ] ] } },
{ "type": "Feature", "properties": { "label": "vineyard", "area_m2": 0.362492958460642 }, "geometry": { "type": "Polygon", "coordinates": [ [ [ 629113.775117914192379, 5220828.274959901347756 ], [ 629113.825100302696228, 5220828.399900931864977 ], [ 629113.924942677957006, 5220828.424882930703461 ], [ 629114.274882929516025, 5220828.07494267821312 ], [ 629114.374882085714489, 5220827.87495990190655 ], [ 629114.424882085877471, 5220827.599959902465343 ], [ 629114.399899697629735, 5220827.450099069625139 ], [ 629114.325040098861791, 5220827.425117913633585 ], [ 629114.000114280846901, 5220827.550114280544221 ], [ 629114.021879442501813, 5220827.667408866807818 ], [ 629113.995068318559788, 5220827.765036364085972 ], [ 629113.825116275227629, 5220828.000073558650911 ], [ 629113.775117914192379, 5220828.274959901347756 ] ] ] } },
{ "type": "Feature", "properties": { "label": "vineyard", "area_m2": 0.69019469591797922 }, "geometry": { "type": "Polygon", "coordinates": [ [ [ 629110.900116562377661, 5220827.674932301044464 ], [ 629110.95011428068392, 5220827.774885719642043 ], [ 629111.024885719176382, 5220827.774885719642043 ], [ 629111.050000000046566, 5220827.377447512000799 ], [ 629110.999378104112111, 5220827.318823929876089 ], [ 629111.002197688445449, 5220827.23765873350203 ], [ 629111.118320342502557, 5220827.051827182993293 ], [ 629111.249882929259911, 5220826.999942678958178 ], [ 629111.251921471906826, 5220826.880490968003869 ], [ 629111.294442976708524, 5220826.816853038966656 ], [ 629111.557589463191107, 5220826.763154551386833 ], [ 629111.657583452179097, 5220826.791016031987965 ], [ 629111.700622923090123, 5220826.852016340009868 ], [ 629111.687448826851323, 5220826.933580319397151 ], [ 629111.60011707060039, 5220827.025057321414351 ], [ 629111.591800970491022, 5220827.367955791763961 ], [ 629111.475107725826092, 5220827.475065791979432 ], [ 629111.400116591714323, 5220827.600067099556327 ], [ 629111.425117070553824, 5220827.749942678958178 ], [ 629111.550040100351907, 5220827.799882086925209 ], [ 629111.62494267791044, 5220827.799882930703461 ], [ 629111.790806052275002, 5220827.613498121500015 ], [ 629111.899904670543037, 5220827.599884791299701 ], [ 629112.049882595078088, 5220827.274949505925179 ], [ 629112.083710968843661, 5220827.125159505754709 ], [ 629112.14988259493839, 5220827.024949505925179 ], [ 629112.174884791020304, 5220826.900095328688622 ], [ 629111.949949504807591, 5220826.800117404200137 ], [ 629111.839053543866612, 5220826.798056756146252 ], [ 629111.724949503899552, 5220826.700117403641343 ], [ 629111.544323052745312, 5220826.66636243276298 ], [ 629111.42494950373657, 5220826.575117403641343 ], [ 629111.315576057764702, 5220826.583051139488816 ], [ 629111.249896596418694, 5220826.500114813446999 ], [ 629111.20011428068392, 5220826.500114280730486 ], [ 629111.194478793768212, 5220826.616066136397421 ], [ 629111.100095329456963, 5220826.675115209072828 ], [ 629111.000117405084893, 5220826.875050494447351 ], [ 629110.995068318559788, 5220827.065036363899708 ], [ 629110.900117405108176, 5220827.200050494633615 ], [ 629110.900116895209067, 5220827.27493909932673 ], [ 629110.948444497073069, 5220827.365414917469025 ], [ 629110.900116562377661, 5220827.674932301044464 ] ] ] } },
{ "type": "Feature", "properties": { "label": "vineyard", "area_m2": 0.85113160592392023 }, "geometry": { "type": "Polygon", "coordinates": [ [ [ 629125.050158377038315, 5220827.299841622821987 ], [ 629125.149862165329978, 5220827.299844182096422 ], [ 629125.388282576692291, 5220827.000737882219255 ], [ 629125.704998959903605, 5220826.976765358820558 ], [ 629125.824619912542403, 5220827.025558169931173 ], [ 629125.901793168042786, 5220827.101895310916007 ], [ 629125.905901849269867, 5220827.146509655751288 ], [ 629125.775160018354654, 5220827.30014169216156 ], [ 629125.760308073600754, 5220827.371023697778583 ], [ 629125.59811200981494, 5220827.500844583846629 ], [ 629125.400158377480693, 5220827.525158376432955 ], [ 629125.400155742536299, 5220827.649862231686711 ], [ 629125.549231150769629, 5220827.763579811900854 ], [ 629125.549128350685351, 5220827.911122756078839 ], [ 629125.500158903072588, 5220828.024876170791686 ], [ 629125.724882339243777, 5220828.049844166263938 ], [ 629125.79984851332847, 5220827.974876710213721 ], [ 629125.900548350880854, 5220827.650326319038868 ], [ 629126.074829941848293, 5220827.424935702234507 ], [ 629126.026818471378647, 5220827.339112149551511 ], [ 629126.053052082308568, 5220827.099200290627778 ], [ 629126.103380385204218, 5220827.000143193639815 ], [ 629126.274872278328985, 5220826.899848024360836 ], [ 629126.299829941941425, 5220826.849935702048242 ], [ 629126.2508716492448, 5220826.711122755892575 ], [ 629126.224844141746871, 5220826.475098519586027 ], [ 629126.024929277482443, 5220826.375186459161341 ], [ 629125.750091654481366, 5220826.350157108157873 ], [ 629125.699822957743891, 5220826.400953176431358 ], [ 629125.662822210346349, 5220826.604153968393803 ], [ 629125.300131248310208, 5220826.800149189308286 ], [ 629125.125156736234203, 5220827.050079048611224 ], [ 629125.050158377038315, 5220827.299841622821987 ] ] ] } },
{ "type": "Feature", "properties": { "label": "vineyard", "area_m2": 0.61282240744780481 }, "geometry": { "type": "Polygon", "coordinates": [ [ [ 629127.575118194683455, 5220828.024951042607427 ], [ 629127.675058539025486, 5220828.124890488572419 ], [ 629128.17493718827609, 5220828.324882484972477 ], [ 629128.243132952949964, 5220828.189276753924787 ], [ 629128.299883639905602, 5220828.149913701228797 ], [ 629128.303925935761072, 5220828.03373290784657 ], [ 629128.413514570565894, 5220827.815775844268501 ], [ 629128.524884074111469, 5220827.724904862232506 ], [ 629128.499904862605035, 5220827.600115926936269 ], [ 629128.409601070685312, 5220827.542755509726703 ], [ 629128.409601070685312, 5220827.457244490273297 ], [ 629128.724882486043498, 5220827.274937187321484 ], [ 629128.699893628014252, 5220827.150071076117456 ], [ 629128.574957596487366, 5220827.100118516944349 ], [ 629128.325062811840326, 5220827.100117514841259 ], [ 629128.225135501124896, 5220827.193056287243962 ], [ 629128.075095137697645, 5220827.200115927495062 ], [ 629128.000115925911814, 5220827.275095138698816 ], [ 629128.000114952446893, 5220827.69988504704088 ], [ 629128.114859648281708, 5220827.739961449056864 ], [ 629128.12031176162418, 5220827.850941653363407 ], [ 629128.009480002801865, 5220827.923437222838402 ], [ 629127.824951042188331, 5220827.850118195638061 ], [ 629127.625062811770476, 5220827.850117514841259 ], [ 629127.57511851657182, 5220827.950042405165732 ], [ 629127.575118194683455, 5220828.024951042607427 ] ] ] } },
{ "type": "Feature", "properties": { "label": "vineyard", "area_m2": 0.49611273924006849 }, "geometry": { "type": "Polygon", "coordinates": [ [ [ 629104.175159026519395, 5220827.350159026682377 ], [ 629104.175172364106402, 5220827.424886253662407 ], [ 629104.325118678039871, 5220827.649842562153935 ], [ 629104.546111995354295, 5220827.701491286046803 ], [ 629104.675086376140825, 5220827.924829317256808 ], [ 629104.799231556826271, 5220827.900588118471205 ], [ 629104.829745924798772, 5220827.641051491722465 ], [ 629105.0, 5220827.497054241597652 ], [ 629104.999833961133845, 5220827.400134022347629 ], [ 629104.881669072783552, 5220827.244097677059472 ], [ 629104.924839321873151, 5220827.050075414590538 ], [ 629104.825629178551026, 5220826.874792813323438 ], [ 629104.799838486360386, 5220826.675154218450189 ], [ 629104.500159026472829, 5220826.625159027054906 ], [ 629104.47517624264583, 5220826.89739472232759 ], [ 629104.400159026496112, 5220826.925159026868641 ], [ 629104.400159026496112, 5220827.024840973317623 ], [ 629104.657455777865835, 5220826.977872928604484 ], [ 629104.693527109804563, 5220826.995976046659052 ], [ 629104.699278813786805, 5220827.150136121548712 ], [ 629104.647610270185396, 5220827.275867174379528 ], [ 629104.547109167906456, 5220827.349293816834688 ], [ 629104.302945770672522, 5220827.325000000186265 ], [ 629104.175159026519395, 5220827.350159026682377 ] ] ] } },
{ "type": "Feature", "properties": { "label": "vineyard", "area_m2": 0.47640296834338058 }, "geometry": { "type": "Polygon", "coordinates": [ [ [ 629122.325114952516742, 5220827.899885047227144 ], [ 629122.625048957881518, 5220828.024881804361939 ], [ 629122.699884074158035, 5220827.999904862605035 ], [ 629122.757929837913252, 5220827.725066551938653 ], [ 629122.899882486090064, 5220827.599937187507749 ], [ 629122.877204722259194, 5220827.420095523819327 ], [ 629122.99988180550281, 5220827.249951042234898 ], [ 629123.002204722259194, 5220827.045095523819327 ], [ 629123.099881805363111, 5220826.874951042234898 ], [ 629123.07492892362643, 5220826.775106371380389 ], [ 629122.875095137394965, 5220826.700115927495062 ], [ 629122.675106372334994, 5220826.975071074441075 ], [ 629122.62511819449719, 5220827.075048957951367 ], [ 629122.616278326720931, 5220827.274866284802556 ], [ 629122.505736508523114, 5220827.468027081340551 ], [ 629122.37511819449719, 5220827.600048957392573 ], [ 629122.32511851657182, 5220827.750042404979467 ], [ 629122.325114952516742, 5220827.899885047227144 ] ] ] } },
{ "type": "Feature", "properties": { "label": "vineyard", "area_m2": 0.48201739854290543 }, "geometry": { "type": "Polygon", "coordinates": [ [ [ 629119.875115001690574, 5220827.749900436028838 ], [ 629119.984594759414904, 5220827.85815339628607 ], [ 629120.02506579272449, 5220827.974892274476588 ], [ 629120.077447513001971, 5220828.0 ], [ 629120.14988292939961, 5220827.974942678585649 ], [ 629120.204931678716093, 5220827.534963645040989 ], [ 629120.274474445730448, 5220827.359456955455244 ], [ 629120.399885719292797, 5220827.324885719455779 ], [ 629120.42720198596362, 5220827.070110202766955 ], [ 629120.524882085854188, 5220826.799959902651608 ], [ 629120.499891069019213, 5220826.625064698979259 ], [ 629120.37494267791044, 5220826.525117069482803 ], [ 629120.250057321973145, 5220826.500117070041597 ], [ 629120.184193947701715, 5220826.56150187831372 ], [ 629120.075117070577107, 5220826.600057321600616 ], [ 629120.000117070740089, 5220826.999942678958178 ], [ 629120.067076905397698, 5220827.075081358663738 ], [ 629120.120910634519532, 5220827.227220271714032 ], [ 629120.092027225415222, 5220827.285125626251101 ], [ 629120.000095330062322, 5220827.325115208514035 ], [ 629119.975117404945195, 5220827.375050494447351 ], [ 629119.950898354873061, 5220827.601557137444615 ], [ 629119.875115288770758, 5220827.675093702040613 ], [ 629119.875115001690574, 5220827.749900436028838 ] ] ] } },
{ "type": "Feature", "properties": { "label": "vineyard", "area_m2": 0.19533389718145486 }, "geometry": { "type": "Polygon", "coordinates": [ [ [ 629111.224999999976717, 5220826.497063060291111 ], [ 629111.249840273871087, 5220826.49984170589596 ], [ 629111.329012933536433, 5220826.339298476465046 ], [ 629111.374683367554098, 5220826.32882578112185 ], [ 629111.474231411120854, 5220826.433764928951859 ], [ 629111.425158903002739, 5220826.599876171909273 ], [ 629111.651396852335893, 5220826.700331434607506 ], [ 629111.808190637268126, 5220826.727924410253763 ], [ 629111.999305334175006, 5220826.84950986225158 ], [ 629112.174924581660889, 5220826.899842099286616 ], [ 629112.249835776747204, 5220826.799907851032913 ], [ 629112.348552034818567, 5220826.553863055072725 ], [ 629112.424845357425511, 5220826.474900394678116 ], [ 629112.474952087155543, 5220826.347708446905017 ], [ 629112.313019078923389, 5220826.591742037795484 ], [ 629112.206926270737313, 5220826.829885978251696 ], [ 629112.040382726932876, 5220826.854365306906402 ], [ 629111.91101588238962, 5220826.732309415005147 ], [ 629111.82894134928938, 5220826.698470556177199 ], [ 629111.76232949597761, 5220826.55652435682714 ], [ 629112.005161337438039, 5220826.073218709789217 ], [ 629112.441524325520732, 5220826.092411944642663 ], [ 629112.474995830794796, 5220826.115869680419564 ], [ 629112.574829997494817, 5220825.899935721419752 ], [ 629112.574842096422799, 5220825.775075418874621 ], [ 629112.549914159346372, 5220825.750160316936672 ], [ 629112.199935722979717, 5220825.600170002318919 ], [ 629112.125149700441398, 5220825.600160984322429 ], [ 629112.014209019951522, 5220825.770593125373125 ], [ 629111.751129768555984, 5220825.704088096506894 ], [ 629111.724841622635722, 5220825.625158376991749 ], [ 629111.650126619730145, 5220825.625156346708536 ], [ 629111.575158377178013, 5220825.774841622449458 ], [ 629111.735295672086067, 5220825.706479007378221 ], [ 629111.999991678167135, 5220825.827379295602441 ], [ 629112.101745019783266, 5220825.68878060951829 ], [ 629112.248022029991262, 5220825.627476334571838 ], [ 629112.505595063907094, 5220825.74586474429816 ], [ 629112.56237062998116, 5220825.914926105178893 ], [ 629112.4619706699159, 5220826.080758942291141 ], [ 629112.000047431094572, 5220825.997776966542006 ], [ 629111.974896812578663, 5220826.124967445619404 ], [ 629111.877987684565596, 5220826.319283449091017 ], [ 629111.774435250321403, 5220826.524623091332614 ], [ 629111.698854315676726, 5220826.597487254068255 ], [ 629111.607938958215527, 5220826.597234790213406 ], [ 629111.550782739883289, 5220826.49849256593734 ], [ 629111.599841622519307, 5220826.200158376246691 ], [ 629111.325158377178013, 5220826.250158376991749 ], [ 629111.321496007614769, 5220826.331997378729284 ], [ 629111.224999999976717, 5220826.497063060291111 ] ] ] } },
{ "type": "Feature", "properties": { "label": "vineyard", "area_m2": 0.60288945447504505 }, "geometry": { "type": "Polygon", "coordinates": [ [ [ 629117.151101150084287, 5220827.051284329034388 ], [ 629117.200096262153238, 5220827.199884836561978 ], [ 629117.347983654588461, 5220827.199377075769007 ], [ 629117.408983966219239, 5220827.242416545748711 ], [ 629117.400114280870184, 5220827.474885719828308 ], [ 629117.474885719129816, 5220827.474885719828308 ], [ 629117.504289321834221, 5220827.379289322532713 ], [ 629117.599885719129816, 5220827.349885719828308 ], [ 629117.610785002238117, 5220827.16630606725812 ], [ 629117.79989227373153, 5220826.924934208393097 ], [ 629117.899882085854188, 5220826.699959902092814 ], [ 629117.924882929539308, 5220826.30005732178688 ], [ 629117.874942678026855, 5220826.250117070041597 ], [ 629117.770110198995098, 5220826.247798013500869 ], [ 629117.64995990076568, 5220826.200117913074791 ], [ 629117.425057321670465, 5220826.200117069296539 ], [ 629117.400107726338319, 5220826.22506579104811 ], [ 629117.300117914099246, 5220826.450040098279715 ], [ 629117.343994270078838, 5220826.586833342909813 ], [ 629117.275117405108176, 5220826.700050494633615 ], [ 629117.260933754849248, 5220826.804668782278895 ], [ 629117.200115614105016, 5220826.850087056867778 ], [ 629117.151101150084287, 5220827.051284329034388 ] ] ] } },
{ "type": "Feature", "properties": { "label": "vineyard", "area_m2": 0.41744649978332116 }, "geometry": { "type": "Polygon", "coordinates": [ [ [ 629120.226114677614532, 5220826.426300762221217 ], [ 629120.250115925911814, 5220826.499904862605035 ], [ 629120.300048957928084, 5220826.524881804361939 ], [ 629120.399937188252807, 5220826.549882484599948 ], [ 629120.50522292999085, 5220826.511549987830222 ], [ 629120.600062811747193, 5220826.599882484413683 ], [ 629120.69995104172267, 5220826.599881804548204 ], [ 629120.799884074134752, 5220826.549904862418771 ], [ 629120.808200560160913, 5220826.457043777219951 ], [ 629120.874883639859036, 5220826.399913701228797 ], [ 629120.924881483544596, 5220826.224957594648004 ], [ 629120.924882486113347, 5220826.125062812119722 ], [ 629120.87148414098192, 5220826.057724365033209 ], [ 629120.872678860556334, 5220825.989010495133698 ], [ 629120.926955239032395, 5220825.932928216643631 ], [ 629121.074893627781421, 5220825.899928925558925 ], [ 629121.12488180550281, 5220825.799951042048633 ], [ 629121.124884074088186, 5220825.600095137022436 ], [ 629120.900114952470176, 5220825.525114953517914 ], [ 629120.850118194473907, 5220825.675048957578838 ], [ 629120.827301045297645, 5220825.963439328595996 ], [ 629120.75, 5220826.0 ], [ 629120.475095137371682, 5220825.975115926936269 ], [ 629120.417051029508002, 5220826.08511181268841 ], [ 629120.350115925888531, 5220826.125095137394965 ], [ 629120.291799439815804, 5220826.342956223525107 ], [ 629120.226114677614532, 5220826.426300762221217 ] ] ] } },
{ "type": "Feature", "properties": { "label": "vineyard", "area_m2": 0.50507431779579248 }, "geometry": { "type": "Polygon", "coordinates": [ [ [ 629104.600116360117681, 5220826.449913701042533 ], [ 629104.71422188798897, 5220826.591317390091717 ], [ 629104.72511495242361, 5220826.674885046668351 ], [ 629104.802454879041761, 5220826.700000000186265 ], [ 629105.00314649392385, 5220826.679042847827077 ], [ 629105.075114952400327, 5220826.774885047227144 ], [ 629105.174882486113347, 5220826.749937187880278 ], [ 629105.182221515453421, 5220826.659391547553241 ], [ 629105.225373369175941, 5220826.609886077232659 ], [ 629105.374921979499049, 5220826.599883232265711 ], [ 629105.424883233266883, 5220826.549921978265047 ], [ 629105.424885047599673, 5220826.400114953517914 ], [ 629105.182593232253566, 5220826.421881847083569 ], [ 629105.070971532608382, 5220826.395694034174085 ], [ 629105.011807874194346, 5220826.347139675170183 ], [ 629105.004305965732783, 5220826.270971534773707 ], [ 629105.052860323572531, 5220826.21180787589401 ], [ 629105.124904862605035, 5220826.199884072877467 ], [ 629105.199883233290166, 5220826.099921979010105 ], [ 629105.199117561453022, 5220825.873376814648509 ], [ 629105.274884074111469, 5220825.799904861487448 ], [ 629105.297698954702355, 5220825.686560671776533 ], [ 629105.397117671906017, 5220825.651787078008056 ], [ 629105.475086297956295, 5220825.724883638322353 ], [ 629105.54993718827609, 5220825.724882484413683 ], [ 629105.619442976778373, 5220825.616853037849069 ], [ 629105.749885047553107, 5220825.599885046482086 ], [ 629105.749885047553107, 5220825.400114953517914 ], [ 629105.650114952470176, 5220825.400114953517914 ], [ 629105.633998140925542, 5220825.482558405958116 ], [ 629105.5730429594405, 5220825.525605788454413 ], [ 629105.300062811817043, 5220825.550117515027523 ], [ 629105.164673047023825, 5220825.632939510047436 ], [ 629105.000114952446893, 5220825.600114952772856 ], [ 629105.0, 5220825.724999999627471 ], [ 629105.08960576413665, 5220825.774494773708284 ], [ 629105.112401229562238, 5220825.905255511403084 ], [ 629105.05714228854049, 5220825.963956608437002 ], [ 629104.980697780731134, 5220825.967712078243494 ], [ 629104.920755308121443, 5220825.924516376107931 ], [ 629104.900000000023283, 5220825.825000000186265 ], [ 629104.875095137394965, 5220825.825115927495062 ], [ 629104.850118194473907, 5220825.875048957765102 ], [ 629104.84238795330748, 5220826.213268344290555 ], [ 629104.77902846771758, 5220826.270694034174085 ], [ 629104.650114952470176, 5220826.275114953517914 ], [ 629104.600116360117681, 5220826.449913701042533 ] ] ] } },
{ "type": "Feature", "properties": { "label": "vineyard", "area_m2": 0.54934889105895002 }, "geometry": { "type": "Polygon", "coordinates": [ [ [ 629131.025115925935097, 5220826.999904862605035 ], [ 629131.375042403582484, 5220827.149881483055651 ], [ 629131.44988248613663, 5220827.124937187880278 ], [ 629131.524881483521312, 5220826.824957595206797 ], [ 629131.527576448046602, 5220826.692143990658224 ], [ 629131.60694371315185, 5220826.449864498339593 ], [ 629131.799882486113347, 5220826.174937187694013 ], [ 629131.799882486113347, 5220826.125062812119722 ], [ 629131.587555905920453, 5220825.8335882127285 ], [ 629131.499885047553107, 5220825.625114953145385 ], [ 629131.450106372241862, 5220825.650071075186133 ], [ 629131.400118194520473, 5220825.750048957765102 ], [ 629131.368056286941282, 5220826.1501355022192 ], [ 629131.250106372055598, 5220826.275071076117456 ], [ 629131.200118194683455, 5220826.375048957765102 ], [ 629131.193056286894716, 5220826.5251355022192 ], [ 629131.050118194543757, 5220826.725048957392573 ], [ 629131.025115925935097, 5220826.999904862605035 ] ] ] } },
{ "type": "Feature", "properties": { "label": "vineyard", "area_m2": 0.49888629775169552 }, "geometry": { "type": "Polygon", "coordinates": [ [ [ 629111.775000000023283, 5220825.372054241597652 ], [ 629112.151238136109896, 5220825.49227786809206 ], [ 629112.200104894116521, 5220825.624846712686121 ], [ 629112.575878523522988, 5220825.774417869746685 ], [ 629112.624847639235668, 5220825.749863595701754 ], [ 629112.725128780002706, 5220825.599478981457651 ], [ 629112.874844353413209, 5220825.299912999384105 ], [ 629112.874840542906895, 5220825.100048175081611 ], [ 629112.824840925633907, 5220824.900148647837341 ], [ 629112.551113418070599, 5220824.80006590206176 ], [ 629112.345091337221675, 5220824.948268658481538 ], [ 629112.106880614184774, 5220824.947078982368112 ], [ 629112.075759634608403, 5220824.91567016672343 ], [ 629112.07484097359702, 5220824.750159027054906 ], [ 629112.050145249464549, 5220824.750157427974045 ], [ 629112.000159026472829, 5220824.949840973131359 ], [ 629112.31426911696326, 5220824.952311441302299 ], [ 629112.348297890392132, 5220824.980538641102612 ], [ 629112.326208021258935, 5220825.161857565864921 ], [ 629112.275157190160826, 5220825.200124976225197 ], [ 629112.223190341377631, 5220825.403894103132188 ], [ 629112.174255783087574, 5220825.444846791215241 ], [ 629111.799848285852931, 5220825.350159746594727 ], [ 629111.775000000023283, 5220825.372054241597652 ] ] ] } },
{ "type": "Feature", "properties": { "label": "vineyard", "area_m2": 0.37500390879905415 }, "geometry": { "type": "Polygon", "coordinates": [ [ [ 629125.750114952446893, 5220826.124885046854615 ], [ 629125.955557023291476, 5220826.141853038221598 ], [ 629125.998078528093174, 5220826.205490967258811 ], [ 629126.000117513933219, 5220826.374937187880278 ], [ 629126.224885047529824, 5220826.474885046482086 ], [ 629126.229937781230547, 5220826.33494308590889 ], [ 629126.349999999976717, 5220826.097545137628913 ], [ 629126.349882486043498, 5220825.875062812119722 ], [ 629126.225552707910538, 5220825.669521197676659 ], [ 629126.27488504757639, 5220825.30011495295912 ], [ 629126.200114952516742, 5220825.30011495295912 ], [ 629126.189221887965687, 5220825.383682609535754 ], [ 629126.102525846567005, 5220825.498276671394706 ], [ 629126.000086297979578, 5220825.525116361677647 ], [ 629125.964820047025569, 5220825.578834642656147 ], [ 629125.900114952470176, 5220825.600114952772856 ], [ 629125.913986618048511, 5220825.755030906759202 ], [ 629125.825117514003068, 5220825.850062812678516 ], [ 629125.821074064238928, 5220825.96626709215343 ], [ 629125.750117513933219, 5220826.050062811002135 ], [ 629125.750114952446893, 5220826.124885046854615 ] ] ] } },
{ "type": "Feature", "properties": { "label": "vineyard", "area_m2": 0.70785636231760207 }, "geometry": { "type": "Polygon", "coordinates": [ [ [ 629122.875117070623673, 5220826.275057322345674 ], [ 629122.949560936191119, 5220826.477119445800781 ], [ 629122.900115209049545, 5220826.724904671311378 ], [ 629123.07505049626343, 5220826.799882596358657 ], [ 629123.224900436354801, 5220826.799884999170899 ], [ 629123.299901801161468, 5220826.724896229803562 ], [ 629123.349882085691206, 5220826.599959901534021 ], [ 629123.399882085854188, 5220826.374959900975227 ], [ 629123.400336687569506, 5220826.14787045866251 ], [ 629123.474902347195894, 5220826.099894052371383 ], [ 629123.53145790763665, 5220826.010780533775687 ], [ 629123.724900931119919, 5220825.899899697862566 ], [ 629123.749882594915107, 5220825.849949506111443 ], [ 629123.749882594915107, 5220825.650050493888557 ], [ 629123.724903738009743, 5220825.600115163251758 ], [ 629123.624474445707165, 5220825.565543044358492 ], [ 629123.599174223490991, 5220825.492032896727324 ], [ 629123.62495165807195, 5220825.419897667132318 ], [ 629123.724882929353043, 5220825.349942677654326 ], [ 629123.724885719129816, 5220825.200114279985428 ], [ 629123.525057322112843, 5220825.150117069482803 ], [ 629123.400117070763372, 5220825.300057320855558 ], [ 629123.367020599311218, 5220825.435132931917906 ], [ 629123.200115163228475, 5220825.525096262805164 ], [ 629123.221879442222416, 5220825.692408870905638 ], [ 629123.191800970467739, 5220825.817955791950226 ], [ 629123.050117070437409, 5220825.95005732215941 ], [ 629123.041289035463706, 5220826.099840484559536 ], [ 629122.875117070623673, 5220826.275057322345674 ] ] ] } },
{ "type": "Feature", "properties": { "label": "vineyard", "area_m2": 0.26381381966829515 }, "geometry": { "type": "Polygon", "coordinates": [ [ [ 629102.675159026519395, 5220824.125159027054906 ], [ 629102.700086390483193, 5220824.249829294160008 ], [ 629102.824951821472496, 5220824.249840527772903 ], [ 629103.052796221105382, 5220824.178363149054348 ], [ 629103.284886304871179, 5220824.295639875344932 ], [ 629103.300159026519395, 5220824.374840972945094 ], [ 629103.502675981028005, 5220824.424448290839791 ], [ 629103.43878770340234, 5220824.597019106149673 ], [ 629103.350123911863193, 5220824.600153765641153 ], [ 629103.176011009607464, 5220824.672546467743814 ], [ 629102.950100086862221, 5220824.625168951228261 ], [ 629102.800158638507128, 5220824.7001434545964 ], [ 629102.800159026519395, 5220824.899840973317623 ], [ 629102.868556194473058, 5220824.71076484490186 ], [ 629102.925274220760912, 5220824.677826280705631 ], [ 629103.078508998383768, 5220824.679952170699835 ], [ 629103.150850811507553, 5220824.83628779090941 ], [ 629103.122631362522952, 5220824.899952697567642 ], [ 629103.187490270589478, 5220824.826722839847207 ], [ 629103.357227894361131, 5220824.831734829582274 ], [ 629103.374128371477127, 5220824.911125079728663 ], [ 629103.325024087331258, 5220825.001964554190636 ], [ 629103.325159026542678, 5220825.04984097275883 ], [ 629103.349856558954343, 5220825.049841373227537 ], [ 629103.674829247756861, 5220824.374937266111374 ], [ 629103.649848256609403, 5220824.175159768201411 ], [ 629103.575086374767125, 5220824.175170682370663 ], [ 629103.363253031857312, 5220824.299999999813735 ], [ 629103.29476419929415, 5220824.297186201438308 ], [ 629103.071825691731647, 5220824.183677216991782 ], [ 629103.050815529190004, 5220824.09994772542268 ], [ 629103.125, 5220823.922054241411388 ], [ 629103.07391524198465, 5220823.875067310407758 ], [ 629103.050159026519395, 5220823.875159027054906 ], [ 629102.979115222464316, 5220824.092902661301196 ], [ 629102.675159026519395, 5220824.125159027054906 ] ] ] } },
{ "type": "Feature", "properties": { "label": "vineyard", "area_m2": 0.22395329732536884 }, "geometry": { "type": "Polygon", "coordinates": [ [ [ 629105.375, 5220824.922063056379557 ], [ 629105.474841622519307, 5220824.924841623753309 ], [ 629105.50744004547596, 5220824.863272910006344 ], [ 629105.643007854698226, 5220824.863264207728207 ], [ 629105.800074513419531, 5220825.02483528200537 ], [ 629105.899190866388381, 5220825.00063531473279 ], [ 629106.018643324729055, 5220824.695362522266805 ], [ 629106.099933766410686, 5220824.673904755152762 ], [ 629106.099829994956963, 5220824.575064277276397 ], [ 629105.95704773243051, 5220824.308842584490776 ], [ 629106.023317709448747, 5220824.161477669142187 ], [ 629106.249842035816982, 5220824.049857230857015 ], [ 629106.249843229772523, 5220824.025144583545625 ], [ 629106.050142776686698, 5220823.975157972425222 ], [ 629105.995276850531809, 5220824.152287327684462 ], [ 629105.911715728696436, 5220824.238284271210432 ], [ 629105.825132903293706, 5220824.250170771032572 ], [ 629105.675155817298219, 5220824.350137836299837 ], [ 629105.719895499176346, 5220824.391858409158885 ], [ 629105.675158377038315, 5220824.549841622821987 ], [ 629105.823744447552599, 5220824.553036078810692 ], [ 629105.938048573560081, 5220824.658882384188473 ], [ 629105.933983021299355, 5220824.838630204088986 ], [ 629105.870665551978163, 5220824.847226687707007 ], [ 629105.773041314794682, 5220824.775023941881955 ], [ 629105.700131412711926, 5220824.775160059332848 ], [ 629105.655708790989593, 5220824.828597957268357 ], [ 629105.506358238169923, 5220824.825022370554507 ], [ 629105.425123825087212, 5220824.750158898532391 ], [ 629105.375, 5220824.922063056379557 ] ] ] } },
{ "type": "Feature", "properties": { "label": "vineyard", "area_m2": 0.47338830617592947 }, "geometry": { "type": "Polygon", "coordinates": [ [ [ 629114.800114952493459, 5220825.82488504704088 ], [ 629114.97492978326045, 5220825.824882849119604 ], [ 629115.199884074158035, 5220825.6999048627913 ], [ 629115.21926349028945, 5220825.606972919777036 ], [ 629115.374882486066781, 5220825.474937187507749 ], [ 629115.377204722259194, 5220825.370095524005592 ], [ 629115.436786193400621, 5220825.233508069068193 ], [ 629115.624893627944402, 5220825.174928924068809 ], [ 629115.700000000069849, 5220825.022545138373971 ], [ 629115.69988248613663, 5220824.700062812305987 ], [ 629115.624937188229524, 5220824.625117515213788 ], [ 629115.400071076466702, 5220824.675106370821595 ], [ 629115.331664082128555, 5220824.773189451545477 ], [ 629115.250095137394965, 5220824.800115927122533 ], [ 629115.200117514003068, 5220824.875062812119722 ], [ 629115.175597432767972, 5220825.043757014907897 ], [ 629114.950117514003068, 5220825.150062812492251 ], [ 629114.950114952516742, 5220825.19988504704088 ], [ 629115.021996580297127, 5220825.227333967573941 ], [ 629115.06627832679078, 5220825.300133715383708 ], [ 629115.079340255120769, 5220825.411798014305532 ], [ 629114.978557878173888, 5220825.565846665762365 ], [ 629114.900114952470176, 5220825.600114952772856 ], [ 629114.875597432954237, 5220825.668757013976574 ], [ 629114.800117513979785, 5220825.725062810815871 ], [ 629114.800114952493459, 5220825.82488504704088 ] ] ] } },
{ "type": "Feature", "properties": { "label": "vineyard", "area_m2": 0.52971254563098402 }, "geometry": { "type": "Polygon", "coordinates": [ [ [ 629120.800114280660637, 5220825.125114280730486 ], [ 629120.800117070553824, 5220825.399942679330707 ], [ 629120.875601861742325, 5220825.456244989298284 ], [ 629120.900115209049545, 5220825.524904671125114 ], [ 629121.099885719129816, 5220825.599885719828308 ], [ 629121.130342152668163, 5220825.46458469890058 ], [ 629121.299882929422893, 5220825.299942678771913 ], [ 629121.499882594915107, 5220824.799949506297708 ], [ 629121.478928474709392, 5220824.58372640516609 ], [ 629121.574882929562591, 5220824.474942677654326 ], [ 629121.574885719339363, 5220824.425114280544221 ], [ 629121.274949504993856, 5220824.300117404200137 ], [ 629121.20009532943368, 5220824.300115209072828 ], [ 629121.075117070577107, 5220824.475057321600616 ], [ 629121.106025595450774, 5220824.699288154020905 ], [ 629121.000117404968478, 5220824.850050495006144 ], [ 629120.966289030620828, 5220824.999840496107936 ], [ 629120.867993479478173, 5220825.105759697966278 ], [ 629120.800114280660637, 5220825.125114280730486 ] ] ] } },
{ "type": "Feature", "properties": { "label": "vineyard", "area_m2": 0.6372377417368803 }, "geometry": { "type": "Polygon", "coordinates": [ [ [ 629118.025117070646957, 5220825.024942679330707 ], [ 629118.125057321973145, 5220825.124882929958403 ], [ 629118.27506709843874, 5220825.199883408844471 ], [ 629118.374942678026855, 5220825.199882930144668 ], [ 629118.474892274243757, 5220825.09993420727551 ], [ 629118.532923091901466, 5220824.925081363879144 ], [ 629118.649884998449124, 5220824.799900435842574 ], [ 629118.699882595101371, 5220824.649949504993856 ], [ 629118.700019982061349, 5220824.372471667826176 ], [ 629118.752072837320156, 5220824.32972926273942 ], [ 629118.849949504830875, 5220824.324882595799863 ], [ 629118.949882929446176, 5220824.249942678958178 ], [ 629118.999882929259911, 5220824.124942678958178 ], [ 629118.974903737776913, 5220823.950115161947906 ], [ 629118.624959899694659, 5220823.775117913261056 ], [ 629118.500114280846901, 5220823.800114280544221 ], [ 629118.500117404968478, 5220823.949949504807591 ], [ 629118.55352294864133, 5220824.042301488108933 ], [ 629118.55231305945199, 5220824.11100562568754 ], [ 629118.498037597863004, 5220824.167074030265212 ], [ 629118.400114280870184, 5220824.175114280544221 ], [ 629118.384594759438187, 5220824.316846603527665 ], [ 629118.316846606205218, 5220824.384594758041203 ], [ 629118.250114280846901, 5220824.400114280171692 ], [ 629118.141800970421173, 5220824.742955791763961 ], [ 629118.075115614105016, 5220824.800087057054043 ], [ 629118.025117070646957, 5220825.024942679330707 ] ] ] } },
{ "type": "Feature", "properties": { "label": "vineyard", "area_m2": 0.46244809057089031 }, "geometry": { "type": "Polygon", "coordinates": [ [ [ 629103.050000000046566, 5220823.872054241597652 ], [ 629103.125062735518441, 5220823.924829233437777 ], [ 629103.42427592119202, 5220823.951822765171528 ], [ 629103.650133439572528, 5220824.149839796125889 ], [ 629103.724858950125054, 5220824.149837252683938 ], [ 629103.850254985736683, 5220823.974184118211269 ], [ 629103.874854159890674, 5220823.875045791268349 ], [ 629103.849840444745496, 5220823.750118490308523 ], [ 629103.748523393995129, 5220823.646740363910794 ], [ 629103.63214494951535, 5220823.369937145151198 ], [ 629103.774359294213355, 5220823.152373167686164 ], [ 629104.094298230949789, 5220822.88263847772032 ], [ 629104.174840973573737, 5220822.874840972945094 ], [ 629104.174843228189275, 5220822.800155068747699 ], [ 629103.800144153065048, 5220822.775162541307509 ], [ 629103.700158124906011, 5220822.950127560645342 ], [ 629103.693855619989336, 5220823.155253164470196 ], [ 629103.305993541958742, 5220823.642583538778126 ], [ 629103.20014367881231, 5220823.675161435268819 ], [ 629103.050000000046566, 5220823.872054241597652 ] ] ] } },
{ "type": "Feature", "properties": { "label": "vineyard", "area_m2": 0.81930175410805939 }, "geometry": { "type": "Polygon", "coordinates": [ [ [ 629112.350157903623767, 5220824.100075418129563 ], [ 629112.548414913937449, 5220824.648921336047351 ], [ 629112.550158902886324, 5220824.799876168370247 ], [ 629112.775059478241019, 5220824.899843676015735 ], [ 629112.874883005977608, 5220824.899842398241162 ], [ 629113.100191227742471, 5220824.549177904613316 ], [ 629113.29844116861932, 5220823.95615718793124 ], [ 629113.399829997448251, 5220823.774935723282397 ], [ 629113.399829947738908, 5220823.650064294226468 ], [ 629113.100771727971733, 5220823.375834287144244 ], [ 629113.000137016410008, 5220823.350158020853996 ], [ 629112.825164693640545, 5220823.57513296790421 ], [ 629112.825157904182561, 5220823.749924581497908 ], [ 629112.868677200865932, 5220823.812760235741735 ], [ 629112.774270971189253, 5220824.068482330068946 ], [ 629112.674166552256793, 5220824.099779021926224 ], [ 629112.377936943667009, 5220824.074999999254942 ], [ 629112.350157903623767, 5220824.100075418129563 ] ] ] } },
{ "type": "Feature", "properties": { "label": "vineyard", "area_m2": 0.44402941304764237 }, "geometry": { "type": "Polygon", "coordinates": [ [ [ 629123.525115001597442, 5220825.100099563598633 ], [ 629123.525114280753769, 5220825.149885719642043 ], [ 629123.650050495169125, 5220825.199882595799863 ], [ 629123.749904670403339, 5220825.199884790927172 ], [ 629123.833253731252626, 5220825.09300653077662 ], [ 629124.099882929353043, 5220824.92494267784059 ], [ 629124.124884385848418, 5220824.675087057985365 ], [ 629124.058199029532261, 5220824.617955791763961 ], [ 629124.050939652137458, 5220824.506870773620903 ], [ 629124.116238230257295, 5220824.427474432624876 ], [ 629124.249885719153099, 5220824.424885720014572 ], [ 629124.27488343778532, 5220824.250067698769271 ], [ 629124.226752399932593, 5220824.182158913463354 ], [ 629124.224885719129816, 5220824.000114280730486 ], [ 629124.100114280823618, 5220823.975114280357957 ], [ 629124.089215000509284, 5220824.058693926781416 ], [ 629123.976108799804933, 5220824.24354836717248 ], [ 629123.825099068810232, 5220824.300100302323699 ], [ 629123.768755020108074, 5220824.400601854547858 ], [ 629123.67505732155405, 5220824.425117069855332 ], [ 629123.625107726198621, 5220824.47506579104811 ], [ 629123.525117070646957, 5220824.67494267784059 ], [ 629123.697554008802399, 5220824.818342722021043 ], [ 629123.722491673310287, 5220824.900188203901052 ], [ 629123.692020600312389, 5220824.96013293042779 ], [ 629123.525115001597442, 5220825.100099563598633 ] ] ] } },
{ "type": "Feature", "properties": { "label": "vineyard", "area_m2": 0.20737997682107129 }, "geometry": { "type": "Polygon", "coordinates": [ [ [ 629124.075117150205187, 5220823.825070217251778 ], [ 629124.100115925888531, 5220823.974904862232506 ], [ 629124.224885047529824, 5220823.999885046854615 ], [ 629124.254289321834221, 5220823.804289322346449 ], [ 629124.474885047529824, 5220823.749885046854615 ], [ 629124.474882138776593, 5220823.575055743567646 ], [ 629124.442381266620941, 5220823.483306991867721 ], [ 629124.476438620593399, 5220823.423615116626024 ], [ 629124.549904862651601, 5220823.399884073063731 ], [ 629124.599881805363111, 5220823.299951042048633 ], [ 629124.624885047553107, 5220823.025114953517914 ], [ 629124.525062811793759, 5220823.025117515586317 ], [ 629124.3501167667564, 5220823.200078021734953 ], [ 629124.392387953354046, 5220823.413268343545496 ], [ 629124.347139673773199, 5220823.463192126713693 ], [ 629124.275114952470176, 5220823.475114952772856 ], [ 629124.232178798061796, 5220823.557040142826736 ], [ 629124.125117513933219, 5220823.600062810815871 ], [ 629124.123248737188987, 5220823.757155206054449 ], [ 629124.075117150205187, 5220823.825070217251778 ] ] ] } },
{ "type": "Feature", "properties": { "label": "vineyard", "area_m2": 0.17616305908537386 }, "geometry": { "type": "Polygon", "coordinates": [ [ [ 629112.900159026496112, 5220822.874840972945094 ], [ 629113.0286820018664, 5220822.876562214456499 ], [ 629113.207557884161361, 5220822.965742994099855 ], [ 629113.180148966610432, 5220823.2622583610937 ], [ 629113.077568529173732, 5220823.322323077358305 ], [ 629113.000159026472829, 5220823.32515902724117 ], [ 629113.000976134557277, 5220823.35033521335572 ], [ 629113.124951821868308, 5220823.39984049461782 ], [ 629113.34019027557224, 5220823.280479014851153 ], [ 629113.4649889676366, 5220823.368591783568263 ], [ 629113.475159026449546, 5220823.42484097275883 ], [ 629113.549840973573737, 5220823.42484097275883 ], [ 629113.527265329146758, 5220823.299856523983181 ], [ 629113.609640441602096, 5220823.194129368290305 ], [ 629113.713510089204647, 5220823.263798362575471 ], [ 629113.725074341869913, 5220823.324840571731329 ], [ 629113.774849630892277, 5220823.324838355183601 ], [ 629113.799840093939565, 5220823.200144929811358 ], [ 629113.727310422458686, 5220823.045011943206191 ], [ 629113.824953105882742, 5220822.722689642570913 ], [ 629113.754664285457693, 5220822.835959034971893 ], [ 629113.71079053892754, 5220823.078077349811792 ], [ 629113.60257648024708, 5220823.172150473110378 ], [ 629113.413203672855161, 5220823.268539349548519 ], [ 629113.364000631729141, 5220823.254880362190306 ], [ 629113.219289654167369, 5220822.98269594181329 ], [ 629113.287906982586719, 5220822.882722210139036 ], [ 629113.337577211554162, 5220822.783672423101962 ], [ 629113.410910141770728, 5220822.685105053707957 ], [ 629113.456256980891339, 5220822.574769060127437 ], [ 629113.45331753033679, 5220822.514935198239982 ], [ 629113.401649969862774, 5220822.441966963931918 ], [ 629113.409497889573686, 5220822.286149078048766 ], [ 629113.560869802022353, 5220822.224734934046865 ], [ 629113.824842575821094, 5220822.325145248323679 ], [ 629113.525977020501159, 5220822.200528587214649 ], [ 629113.475086375023238, 5220822.200170682743192 ], [ 629113.275150369154289, 5220822.325161645188928 ], [ 629113.250406452454627, 5220822.399179309606552 ], [ 629113.250159026472829, 5220822.449840973131359 ], [ 629113.358969613327645, 5220822.464624268002808 ], [ 629113.4232661932474, 5220822.620212692767382 ], [ 629113.273369578528218, 5220822.901475613005459 ], [ 629113.212019717902876, 5220822.943224715068936 ], [ 629113.043420972186141, 5220822.878825099207461 ], [ 629112.973924292484298, 5220822.70006775483489 ], [ 629112.92575390310958, 5220822.748778071254492 ], [ 629112.900159026496112, 5220822.874840972945094 ] ] ] } },
{ "type": "Feature", "properties": { "label": "vineyard", "area_m2": 0.093074620378219577 }, "geometry": { "type": "Polygon", "coordinates": [ [ [ 629140.25, 5220823.447054241783917 ], [ 629140.399838356184773, 5220823.424849629402161 ], [ 629140.416837160359137, 5220823.348375080153346 ], [ 629140.609377291752025, 5220823.281226976774633 ], [ 629140.725086375023238, 5220823.374829317443073 ], [ 629140.799840973573737, 5220823.374840972945094 ], [ 629140.770094338455237, 5220823.192267790436745 ], [ 629140.968206164659932, 5220823.054708895273507 ], [ 629141.074841671506874, 5220823.024919097311795 ], [ 629141.049876368837431, 5220822.850159605965018 ], [ 629140.975123631185852, 5220822.850159605965018 ], [ 629140.934559868765064, 5220823.012053737416863 ], [ 629140.732835358008742, 5220823.168747744522989 ], [ 629140.666724305949174, 5220823.174192539416254 ], [ 629140.505719036795199, 5220822.886117244139314 ], [ 629140.52497591287829, 5220822.751964556053281 ], [ 629140.50012363109272, 5220822.750159606337547 ], [ 629140.475159399677068, 5220822.874844761565328 ], [ 629140.622235158691183, 5220823.192718381993473 ], [ 629140.622128116316162, 5220823.258900749497116 ], [ 629140.411955893156119, 5220823.3457274986431 ], [ 629140.275123631116003, 5220823.325159606523812 ], [ 629140.25, 5220823.447054241783917 ] ] ] } },
{ "type": "Feature", "properties": { "label": "vineyard", "area_m2": 0.5346055974604863 }, "geometry": { "type": "Polygon", "coordinates": [ [ [ 629115.675115208956413, 5220824.124904670752585 ], [ 629115.756054072175175, 5220824.193715086206794 ], [ 629115.750114829395898, 5220824.349896918050945 ], [ 629115.849942678003572, 5220824.399882930330932 ], [ 629115.933153393794782, 5220824.315405242145061 ], [ 629115.999885719153099, 5220824.299885720014572 ], [ 629116.018129628384486, 5220824.239278381690383 ], [ 629116.14988292939961, 5220824.099942678585649 ], [ 629116.249882594915107, 5220823.849949506111443 ], [ 629116.249378107488155, 5220823.481176060624421 ], [ 629116.374882929259911, 5220823.374942678958178 ], [ 629116.374882929376327, 5220823.175057320855558 ], [ 629116.349942677887157, 5220823.150117069482803 ], [ 629116.12505732208956, 5220823.150117069482803 ], [ 629116.0548897953704, 5220823.197798013687134 ], [ 629115.850057322066277, 5220823.200117069296539 ], [ 629115.800117070553824, 5220823.250057321041822 ], [ 629115.825117070460692, 5220823.44994267821312 ], [ 629115.878271244000643, 5220823.560639978386462 ], [ 629115.700117070460692, 5220823.80005732178688 ], [ 629115.721879442106001, 5220823.967408874072134 ], [ 629115.675115208956413, 5220824.124904670752585 ] ] ] } },
{ "type": "Feature", "properties": { "label": "vineyard", "area_m2": 0.29524254904902841 }, "geometry": { "type": "Polygon", "coordinates": [ [ [ 629106.050114952493459, 5220823.974885046482086 ], [ 629106.324913702090271, 5220824.049883638508618 ], [ 629106.360179953277111, 5220823.996165356598794 ], [ 629106.424885047599673, 5220823.974885046482086 ], [ 629106.471354478737339, 5220823.813235268928111 ], [ 629106.549885047599673, 5220823.774885047227144 ], [ 629106.53261204669252, 5220823.536731655709445 ], [ 629106.674882486113347, 5220823.449937188997865 ], [ 629106.674885047599673, 5220823.375114953145385 ], [ 629106.602575291879475, 5220823.343954054638743 ], [ 629106.575000000069849, 5220823.275000000372529 ], [ 629106.57555270800367, 5220823.105478801764548 ], [ 629106.649881805526093, 5220822.949951042421162 ], [ 629106.64988504757639, 5220822.80011495295912 ], [ 629106.550104645546526, 5220822.800115459598601 ], [ 629106.517957283882424, 5220822.862137066200376 ], [ 629106.450115925981663, 5220822.900095137767494 ], [ 629106.474999999976717, 5220823.184021859429777 ], [ 629106.444244933547452, 5220823.510240456089377 ], [ 629106.302437268430367, 5220823.560943655669689 ], [ 629106.241116745281033, 5220823.517961240373552 ], [ 629106.224885047529824, 5220823.450114953331649 ], [ 629106.125114952446893, 5220823.450114953331649 ], [ 629106.125117513933219, 5220823.599937187507749 ], [ 629106.182939510908909, 5220823.714673046953976 ], [ 629106.131867047282867, 5220823.860723245888948 ], [ 629106.050117513979785, 5220823.925062811002135 ], [ 629106.050114952493459, 5220823.974885046482086 ] ] ] } },
{ "type": "Feature", "properties": { "label": "vineyard", "area_m2": 0.91974142621016974 }, "geometry": { "type": "Polygon", "coordinates": [ [ [ 629121.225115163251758, 5220823.950096262618899 ], [ 629121.24687944247853, 5220824.207591133192182 ], [ 629121.225115208886564, 5220824.29990467056632 ], [ 629121.599926441558637, 5220824.449883724562824 ], [ 629121.674882929422893, 5220824.374942678026855 ], [ 629121.704931681160815, 5220824.10996363684535 ], [ 629121.874882595031522, 5220823.824949504807591 ], [ 629121.887711165472865, 5220823.722907999530435 ], [ 629121.949884386034682, 5220823.674912941642106 ], [ 629121.965405243914574, 5220823.583153390325606 ], [ 629122.27488292939961, 5220823.274942678399384 ], [ 629122.274882595054805, 5220823.150050493888557 ], [ 629122.1771976883756, 5220822.962341266684234 ], [ 629122.174883724772371, 5220822.825073558837175 ], [ 629122.099942678003572, 5220822.750117070041597 ], [ 629121.82509532943368, 5220822.650115208700299 ], [ 629121.742076908121817, 5220822.89991863630712 ], [ 629121.600117404945195, 5220823.075050493702292 ], [ 629121.597965128603391, 5220823.237200047820807 ], [ 629121.525117070646957, 5220823.32505732215941 ], [ 629121.512288834550418, 5220823.402092000469565 ], [ 629121.300115001620725, 5220823.60009956266731 ], [ 629121.347798014990985, 5220823.829889792017639 ], [ 629121.301098863361403, 5220823.908013356849551 ], [ 629121.225115163251758, 5220823.950096262618899 ] ] ] } },
{ "type": "Feature", "properties": { "label": "vineyard", "area_m2": 0.49475497498992144 }, "geometry": { "type": "Polygon", "coordinates": [ [ [ 629115.975117404945195, 5220822.799949506297708 ], [ 629116.000096262083389, 5220822.849884837865829 ], [ 629116.139643759350292, 5220822.837558008730412 ], [ 629116.350040098885074, 5220822.89988208655268 ], [ 629116.529904738068581, 5220822.866100354120135 ], [ 629116.600055364076979, 5220822.899882834404707 ], [ 629116.724885719246231, 5220822.899885719642043 ], [ 629116.749882085830905, 5220822.675040097907186 ], [ 629116.671821267460473, 5220822.379923288710415 ], [ 629116.702201985986903, 5220822.095110203139484 ], [ 629116.761560671497136, 5220821.94769895542413 ], [ 629116.899904670077376, 5220821.924884791485965 ], [ 629116.92488571931608, 5220821.800114280544221 ], [ 629116.600057322066277, 5220821.775117069482803 ], [ 629116.450117070577107, 5220821.900057321414351 ], [ 629116.448247599997558, 5220822.057158913463354 ], [ 629116.400116562377661, 5220822.125067698769271 ], [ 629116.396071525290608, 5220822.241273595020175 ], [ 629116.350116562331095, 5220822.300067698583007 ], [ 629116.315140785765834, 5220822.474585057236254 ], [ 629116.265627716900781, 5220822.517771986313164 ], [ 629116.125099068856798, 5220822.550100302323699 ], [ 629116.000117070623673, 5220822.70005732215941 ], [ 629115.975117404945195, 5220822.799949506297708 ] ] ] } },
{ "type": "Feature", "properties": { "label": "vineyard", "area_m2": 0.3451264828032794 }, "geometry": { "type": "Polygon", "coordinates": [ [ [ 629143.175065486459062, 5220822.598878144286573 ], [ 629143.25014345429372, 5220822.749841360375285 ], [ 629143.324919071048498, 5220822.749817985109985 ], [ 629143.599840232287534, 5220822.674848255701363 ], [ 629143.601436334080063, 5220822.596430854871869 ], [ 629143.68405508773867, 5220822.407759526744485 ], [ 629144.011662681819871, 5220822.447268091142178 ], [ 629144.042338725877926, 5220822.486498896963894 ], [ 629144.000177158275619, 5220822.69991668779403 ], [ 629144.050145254353993, 5220822.824842569418252 ], [ 629144.074876373284496, 5220822.824840400367975 ], [ 629144.374663657741621, 5220822.100496411323547 ], [ 629144.399840973550454, 5220821.95015902724117 ], [ 629144.225153263891116, 5220822.025151077657938 ], [ 629144.036873254808597, 5220822.445275255478919 ], [ 629143.702038578107022, 5220822.400596949271858 ], [ 629143.67572659207508, 5220822.370344582013786 ], [ 629143.674838356208056, 5220822.225150369107723 ], [ 629143.499950561556034, 5220822.175166013650596 ], [ 629143.350159026449546, 5220822.175159026868641 ], [ 629143.346704706316814, 5220822.300781992264092 ], [ 629143.175170681555755, 5220822.525086375884712 ], [ 629143.175065486459062, 5220822.598878144286573 ] ] ] } },
{ "type": "Feature", "properties": { "label": "vineyard", "area_m2": 0.35713763682158001 }, "geometry": { "type": "Polygon", "coordinates": [ [ [ 629124.625117513933219, 5220822.374937187880278 ], [ 629124.725062811747193, 5220822.474882484413683 ], [ 629124.80004240362905, 5220822.499881482683122 ], [ 629124.949937188299373, 5220822.474882484413683 ], [ 629125.005292298854329, 5220822.314654882065952 ], [ 629125.149893627967685, 5220822.174928924068809 ], [ 629125.224881805363111, 5220822.049951042048633 ], [ 629125.324884074158035, 5220821.700095137581229 ], [ 629124.950095137464814, 5220821.550115927122533 ], [ 629124.916278326767497, 5220821.699866284616292 ], [ 629124.800117513979785, 5220821.900062812492251 ], [ 629124.791799439815804, 5220822.042956222780049 ], [ 629124.725101200165227, 5220822.100091722793877 ], [ 629124.62511819449719, 5220822.300048957578838 ], [ 629124.625117513933219, 5220822.374937187880278 ] ] ] } },
{ "type": "Feature", "properties": { "label": "vineyard", "area_m2": 0.43872526745037205 }, "geometry": { "type": "Polygon", "coordinates": [ [ [ 629118.900114952470176, 5220822.799885046668351 ], [ 629118.970239941729233, 5220822.817640375345945 ], [ 629119.010054107289761, 5220822.873892379924655 ], [ 629118.974999999976717, 5220823.052454861812294 ], [ 629119.000095137394965, 5220823.149884073063731 ], [ 629119.199937188415788, 5220823.124882484786212 ], [ 629119.324884074158035, 5220823.049904862418771 ], [ 629119.368008014629595, 5220822.93325212970376 ], [ 629119.549881805549376, 5220822.749951042234898 ], [ 629119.550438778358512, 5220822.327120195142925 ], [ 629119.624885047553107, 5220822.125114953145385 ], [ 629119.487691113143228, 5220822.135846232064068 ], [ 629119.399937188252807, 5220822.075117515400052 ], [ 629119.175114952493459, 5220822.075114953331649 ], [ 629119.125, 5220822.247545138001442 ], [ 629119.226400991203263, 5220822.371589943766594 ], [ 629119.191799439839087, 5220822.542956222780049 ], [ 629119.108588208560832, 5220822.612444096244872 ], [ 629118.950071076513268, 5220822.675106370821595 ], [ 629118.900117513956502, 5220822.725062810815871 ], [ 629118.900114952470176, 5220822.799885046668351 ] ] ] } },
{ "type": "Feature", "properties": { "label": "vineyard", "area_m2": 0.24459281483612549 }, "geometry": { "type": "Polygon", "coordinates": [ [ [ 629138.175114952493459, 5220822.17511495295912 ], [ 629138.253645521355793, 5220822.238235268741846 ], [ 629138.275115925935097, 5220822.349904861301184 ], [ 629138.400062811793759, 5220822.474882484413683 ], [ 629138.647879804950207, 5220822.450438777916133 ], [ 629138.769792378530838, 5220822.52326840441674 ], [ 629138.832939511281438, 5220822.63532695826143 ], [ 629138.800114952493459, 5220822.799885046668351 ], [ 629138.924893627758138, 5220822.774928925558925 ], [ 629139.12488180550281, 5220822.424951042048633 ], [ 629139.124885047553107, 5220822.400114953517914 ], [ 629138.972674152348191, 5220822.398310549557209 ], [ 629138.843335917918012, 5220822.348189451731741 ], [ 629138.790997387375683, 5220822.271555282175541 ], [ 629138.799882486113347, 5220822.100062810815871 ], [ 629138.774937188252807, 5220822.075117515400052 ], [ 629138.700114952516742, 5220822.075114953331649 ], [ 629138.68879368819762, 5220822.174293419346213 ], [ 629138.613650042563677, 5220822.227360888384283 ], [ 629138.472674151300453, 5220822.223310548812151 ], [ 629138.349957596394233, 5220822.175118517130613 ], [ 629138.175114952493459, 5220822.17511495295912 ] ] ] } },
{ "type": "Feature", "properties": { "label": "vineyard", "area_m2": 0.48405646480284692 }, "geometry": { "type": "Polygon", "coordinates": [ [ [ 629106.725162747316062, 5220822.050141049548984 ], [ 629106.725168782519177, 5220822.174902861937881 ], [ 629106.798396543599665, 5220822.375078436918557 ], [ 629106.750162540003657, 5220822.674855845980346 ], [ 629106.925127559457906, 5220822.774841874837875 ], [ 629107.074844141723588, 5220822.749844142235816 ], [ 629107.15016626031138, 5220822.45005202665925 ], [ 629107.32483164628502, 5220821.999894021078944 ], [ 629107.324842666042969, 5220821.925136616453528 ], [ 629107.209905569558032, 5220821.804593664593995 ], [ 629107.449829318211414, 5220821.32491362746805 ], [ 629107.424903368577361, 5220821.225164438597858 ], [ 629107.324916004319675, 5220821.175169717520475 ], [ 629107.225159026449546, 5220821.175159026868641 ], [ 629107.218854229431599, 5220821.605253674089909 ], [ 629107.048081154003739, 5220821.826166941784322 ], [ 629106.725162747316062, 5220822.050141049548984 ] ] ] } },
{ "type": "Feature", "properties": { "label": "vineyard", "area_m2": 0.22825570541632725 }, "geometry": { "type": "Polygon", "coordinates": [ [ [ 629135.850157243548892, 5220821.599863453768194 ], [ 629135.968087838380598, 5220821.6967236045748 ], [ 629135.975159026449546, 5220821.774840973317623 ], [ 629136.07484097359702, 5220821.774840973317623 ], [ 629136.086475834832527, 5220821.670519969426095 ], [ 629136.221653107902966, 5220821.578154404647648 ], [ 629136.289461052510887, 5220821.575000000186265 ], [ 629136.436191595275886, 5220821.654342340305448 ], [ 629136.4501593997702, 5220821.724844761192799 ], [ 629136.658339218585752, 5220821.781808166764677 ], [ 629136.691954063251615, 5220822.021831162273884 ], [ 629136.661512733553536, 5220822.049238295294344 ], [ 629136.550159026519395, 5220822.050159026868641 ], [ 629136.550024087191559, 5220822.148035444319248 ], [ 629136.67484963091556, 5220822.149838355369866 ], [ 629136.700000000069849, 5220822.072054241783917 ], [ 629136.676681791315787, 5220821.785763097926974 ], [ 629136.724829235114157, 5220821.699937261641026 ], [ 629136.724975912831724, 5220821.576964557170868 ], [ 629136.64988128351979, 5220821.500169117935002 ], [ 629136.57513849879615, 5220821.500168099068105 ], [ 629136.439590282156132, 5220821.609090743586421 ], [ 629136.309395318035968, 5220821.492792052216828 ], [ 629136.32484097359702, 5220821.32515902724117 ], [ 629135.950148599222302, 5220821.325163359753788 ], [ 629135.850157243548892, 5220821.599863453768194 ] ] ] } },
{ "type": "Feature", "properties": { "label": "vineyard", "area_m2": 0.4043437265244022 }, "geometry": { "type": "Polygon", "coordinates": [ [ [ 629121.85011495242361, 5220822.674885046668351 ], [ 629122.149913702043705, 5220822.774883639067411 ], [ 629122.399882486090064, 5220822.574937188997865 ], [ 629122.401751262950711, 5220822.26784479431808 ], [ 629122.524881805526093, 5220822.074951042421162 ], [ 629122.550000000046566, 5220821.972545137628913 ], [ 629122.52492892369628, 5220821.900106371380389 ], [ 629122.200062811840326, 5220821.775117515586317 ], [ 629122.000117513933219, 5220821.975062810815871 ], [ 629122.062401229282841, 5220822.069744487293065 ], [ 629122.069005427067168, 5220822.136798015795648 ], [ 629122.000117513933219, 5220822.225062810815871 ], [ 629121.99506221874617, 5220822.315056913532317 ], [ 629121.85011495242361, 5220822.674885046668351 ] ] ] } },
{ "type": "Feature", "properties": { "label": "vineyard", "area_m2": 0.48725905088268201 }, "geometry": { "type": "Polygon", "coordinates": [ [ [ 629140.875, 5220821.872054241597652 ], [ 629140.902945764479227, 5220821.900000000372529 ], [ 629141.184527702745982, 5220821.878526015207171 ], [ 629141.226026230957359, 5220821.925194622948766 ], [ 629141.37303543172311, 5220821.949975912459195 ], [ 629141.599901487235911, 5220821.849847041070461 ], [ 629141.699204882490449, 5220821.725957773625851 ], [ 629141.749633790692315, 5220821.60070061776787 ], [ 629141.801045911153778, 5220821.202551851049066 ], [ 629141.949842573376372, 5220821.025145251303911 ], [ 629141.599406330729835, 5220820.925705257803202 ], [ 629141.375153997680172, 5220821.125086531043053 ], [ 629141.323801589314826, 5220821.299311243928969 ], [ 629141.200169089948758, 5220821.42511869687587 ], [ 629141.22320967935957, 5220821.590040527284145 ], [ 629141.194761538063176, 5220821.78931328188628 ], [ 629140.99449052347336, 5220821.822052631527185 ], [ 629140.900123631116003, 5220821.750159606337547 ], [ 629140.875, 5220821.872054241597652 ] ] ] } },
{ "type": "Feature", "properties": { "label": "vineyard", "area_m2": 0.1240436180657527 }, "geometry": { "type": "Polygon", "coordinates": [ [ [ 629113.400157983996905, 5220821.62514279037714 ], [ 629113.40109524759464, 5220821.649933766573668 ], [ 629113.550741343176924, 5220821.637217172421515 ], [ 629113.619921998702921, 5220821.768883774057031 ], [ 629113.600173817016184, 5220821.874918491579592 ], [ 629113.649344842880964, 5220822.045542187057436 ], [ 629113.60069710330572, 5220822.144861374981701 ], [ 629113.525158750358969, 5220822.17515458445996 ], [ 629113.525158903212287, 5220822.224876171909273 ], [ 629113.75006427615881, 5220822.324829997494817 ], [ 629113.82484162284527, 5220822.324841623194516 ], [ 629113.836692002252676, 5220822.238288356922567 ], [ 629114.124133903882466, 5220822.00069264229387 ], [ 629114.17424823762849, 5220821.901218404993415 ], [ 629114.199841789901257, 5220821.824950432404876 ], [ 629114.133134074974805, 5220821.970836780034006 ], [ 629113.95247227139771, 5220822.131145084276795 ], [ 629113.870295187924057, 5220822.155776772648096 ], [ 629113.661600481136702, 5220821.991900977678597 ], [ 629113.641431792639196, 5220821.727109860628843 ], [ 629113.742907416191883, 5220821.595602673478425 ], [ 629113.932613055338152, 5220821.488133495673537 ], [ 629114.091471912804991, 5220821.491856171749532 ], [ 629114.199952087248676, 5220821.627291551791131 ], [ 629114.174845378962345, 5220821.550079355947673 ], [ 629114.074935718206689, 5220821.475170006975532 ], [ 629113.950045870849863, 5220821.475158902816474 ], [ 629113.791358408518136, 5220821.549290617927909 ], [ 629113.550107495044358, 5220821.550167912617326 ], [ 629113.400157983996905, 5220821.62514279037714 ] ] ] } },
{ "type": "Feature", "properties": { "label": "vineyard", "area_m2": 0.67352479583364289 }, "geometry": { "type": "Polygon", "coordinates": [ [ [ 629104.400000000023283, 5220821.547054241411388 ], [ 629104.698898879811168, 5220821.500107649713755 ], [ 629104.999915140913799, 5220821.399844910018146 ], [ 629105.182333389879204, 5220821.22668466065079 ], [ 629105.374881321797147, 5220821.224842561408877 ], [ 629105.599830312770791, 5220820.874920596368611 ], [ 629105.582824270240963, 5220820.699106533080339 ], [ 629105.799839622108266, 5220820.499854694120586 ], [ 629105.799840973573737, 5220820.45015902724117 ], [ 629105.581352310138755, 5220820.690920419059694 ], [ 629105.482483421568759, 5220820.699797163717449 ], [ 629105.447019449668005, 5220820.666384914889932 ], [ 629105.399833935895003, 5220820.30014044046402 ], [ 629105.249868436367251, 5220820.175155729055405 ], [ 629105.175133125623688, 5220820.1751644089818 ], [ 629104.948579836520366, 5220820.347228839062154 ], [ 629104.850156294531189, 5220820.3501629345119 ], [ 629104.825156760402024, 5220820.574875096790493 ], [ 629104.924882656428963, 5220820.799987978301942 ], [ 629104.971992447390221, 5220821.121307963505387 ], [ 629104.727279249811545, 5220821.37021913472563 ], [ 629104.400156762916595, 5220821.450147684663534 ], [ 629104.400000000023283, 5220821.547054241411388 ] ] ] } },
{ "type": "Feature", "properties": { "label": "vineyard", "area_m2": 0.28827469986135201 }, "geometry": { "type": "Polygon", "coordinates": [ [ [ 629119.275114952470176, 5220821.874885046854615 ], [ 629119.467406767769717, 5220821.85311815328896 ], [ 629119.552378579159267, 5220821.886518110521138 ], [ 629119.599480752483942, 5220821.96152569167316 ], [ 629119.575114952516742, 5220822.124885046854615 ], [ 629119.649904862628318, 5220822.124884072691202 ], [ 629119.793877857853658, 5220821.877388115972281 ], [ 629119.92488180543296, 5220821.724951041862369 ], [ 629119.950000000069849, 5220821.622545138001442 ], [ 629119.924893627758138, 5220821.42507107462734 ], [ 629119.824957596487366, 5220821.375118517316878 ], [ 629119.602454878971912, 5220821.375 ], [ 629119.525071076466702, 5220821.425106370821595 ], [ 629119.425106372102164, 5220821.525071076117456 ], [ 629119.275114952470176, 5220821.874885046854615 ] ] ] } },
{ "type": "Feature", "properties": { "label": "vineyard", "area_m2": 0.044212670185730205 }, "geometry": { "type": "Polygon", "coordinates": [ [ [ 629116.875114952446893, 5220821.200114953331649 ], [ 629116.875114952446893, 5220821.32488504704088 ], [ 629117.002301045344211, 5220821.361560671590269 ], [ 629117.050062811817043, 5220821.524882485158741 ], [ 629117.124951042118482, 5220821.524881804361939 ], [ 629117.19988248613663, 5220821.474937187507749 ], [ 629117.199884074158035, 5220821.375095137394965 ], [ 629117.027860326226801, 5220821.338192126713693 ], [ 629116.982612046645954, 5220821.288268343545496 ], [ 629116.974885047529824, 5220821.200114953331649 ], [ 629116.875114952446893, 5220821.200114953331649 ] ] ] } },
{ "type": "Feature", "properties": { "label": "vineyard", "area_m2": 0.19954733184103332 }, "geometry": { "type": "Polygon", "coordinates": [ [ [ 629113.674999999930151, 5220820.997063057497144 ], [ 629113.700075418222696, 5220821.024842097423971 ], [ 629113.774881127290428, 5220821.024843268096447 ], [ 629113.825163780828007, 5220820.949100289493799 ], [ 629113.882001470774412, 5220820.707244255580008 ], [ 629114.045313715352677, 5220820.636695427820086 ], [ 629114.125077849603258, 5220820.699836512096226 ], [ 629114.224935718229972, 5220820.699829989112914 ], [ 629114.313151794834994, 5220820.657232843339443 ], [ 629114.528734211577103, 5220820.743941922672093 ], [ 629114.550159743637778, 5220820.824861582368612 ], [ 629114.629616529215127, 5220820.919006176292896 ], [ 629114.33432038652245, 5220821.263951705768704 ], [ 629114.25015837745741, 5220821.275158376432955 ], [ 629114.25015837745741, 5220821.349841623567045 ], [ 629114.324841622961685, 5220821.349841622635722 ], [ 629114.332271486055106, 5220821.269383473321795 ], [ 629114.64311266085133, 5220820.911036266945302 ], [ 629114.774841622565873, 5220820.89984162338078 ], [ 629114.774823373416439, 5220820.825080800801516 ], [ 629114.724855411564931, 5220820.700156771577895 ], [ 629114.536927783861756, 5220820.742959799245 ], [ 629114.330192830995657, 5220820.660236193798482 ], [ 629114.317764494684525, 5220820.614614952355623 ], [ 629114.424842098145746, 5220820.425075416453183 ], [ 629114.075064280303195, 5220820.275170010514557 ], [ 629114.000023943488486, 5220820.326958666555583 ], [ 629114.059363064356148, 5220820.619418815709651 ], [ 629113.849406279856339, 5220820.700768034905195 ], [ 629113.750151218147948, 5220820.800112984143198 ], [ 629113.674999999930151, 5220820.997063057497144 ] ] ] } },
{ "type": "Feature", "properties": { "label": "vineyard", "area_m2": 0.18279103069860742 }, "geometry": { "type": "Polygon", "coordinates": [ [ [ 629144.200169116142206, 5220821.52488128375262 ], [ 629144.394837028929032, 5220821.713752983137965 ], [ 629144.400159026496112, 5220821.92484097275883 ], [ 629144.424843705492094, 5220821.924837064929307 ], [ 629144.574750207131729, 5220821.075876530259848 ], [ 629144.599943847279064, 5220820.848688152618706 ], [ 629144.574446201790124, 5220820.69868616014719 ], [ 629144.599840973503888, 5220820.625159027054906 ], [ 629144.57514345436357, 5220820.625158639624715 ], [ 629144.500168950879015, 5220820.775100086815655 ], [ 629144.520103830494918, 5220821.050511913374066 ], [ 629144.358868680428714, 5220821.216096103191376 ], [ 629144.25015330768656, 5220821.250104905106127 ], [ 629144.200169116142206, 5220821.52488128375262 ] ] ] } },
{ "type": "Feature", "properties": { "label": "vineyard", "area_m2": 0.13047839443022943 }, "geometry": { "type": "Polygon", "coordinates": [ [ [ 629133.775114952470176, 5220820.55011495295912 ], [ 629133.800062811817043, 5220820.624882484786212 ], [ 629134.042140730656683, 5220820.713200804777443 ], [ 629134.050114952493459, 5220820.899885047227144 ], [ 629134.124895354383625, 5220820.899884540587664 ], [ 629134.200031458982266, 5220820.814072691835463 ], [ 629134.309174609836191, 5220820.8452039193362 ], [ 629134.341869929688983, 5220820.914502800442278 ], [ 629134.325117150205187, 5220821.049929782748222 ], [ 629134.368056286941282, 5220821.0998644977808 ], [ 629134.375117513933219, 5220821.174937187694013 ], [ 629134.474885047529824, 5220821.19988504704088 ], [ 629134.474882486043498, 5220821.125062812119722 ], [ 629134.400438778335229, 5220821.022879805415869 ], [ 629134.449883233290166, 5220820.800078021362424 ], [ 629134.399921979522333, 5220820.75011676736176 ], [ 629134.254289321834221, 5220820.72071067802608 ], [ 629134.224885047529824, 5220820.575114953331649 ], [ 629134.037250393768772, 5220820.624552228488028 ], [ 629133.949913702090271, 5220820.550116361118853 ], [ 629133.775114952470176, 5220820.55011495295912 ] ] ] } },
{ "type": "Feature", "properties": { "label": "vineyard", "area_m2": 0.29908230891183818 }, "geometry": { "type": "Polygon", "coordinates": [ [ [ 629117.025000000023283, 5220820.847054241225123 ], [ 629117.100081442738883, 5220820.899826004169881 ], [ 629117.174868864589371, 5220820.89983375929296 ], [ 629117.445942541002296, 5220820.729310559108853 ], [ 629117.574845434748568, 5220820.699871354736388 ], [ 629117.649842233862728, 5220820.474927724339068 ], [ 629117.651777505525388, 5220820.157767217606306 ], [ 629117.849839962553233, 5220819.99985596165061 ], [ 629117.899840396014042, 5220819.725123630836606 ], [ 629117.82507277384866, 5220819.700159349478781 ], [ 629117.60015670384746, 5220819.800150198861957 ], [ 629117.350170087418519, 5220820.325076593086123 ], [ 629117.430382726248354, 5220820.634394283406436 ], [ 629117.183877154369839, 5220820.793566436506808 ], [ 629117.025159026496112, 5220820.775159027427435 ], [ 629117.025000000023283, 5220820.847054241225123 ] ] ] } },
{ "type": "Feature", "properties": { "label": "vineyard", "area_m2": 0.63491227136002293 }, "geometry": { "type": "Polygon", "coordinates": [ [ [ 629122.175115386606194, 5220821.599908298812807 ], [ 629122.238985375035554, 5220821.669970965944231 ], [ 629122.225115208886564, 5220821.79990467056632 ], [ 629122.525050496100448, 5220821.924882596358657 ], [ 629122.67488571931608, 5220821.924885720014572 ], [ 629122.67720198596362, 5220821.720110203139484 ], [ 629122.774882085737772, 5220821.524959902279079 ], [ 629122.779305966454558, 5220821.39597153197974 ], [ 629122.827860326273367, 5220821.336807873100042 ], [ 629122.92490467056632, 5220821.324884790927172 ], [ 629122.949882595101371, 5220821.274949504993856 ], [ 629122.927579404320568, 5220821.067131884396076 ], [ 629122.986770228832029, 5220820.95852857735008 ], [ 629123.074904670007527, 5220820.924884791485965 ], [ 629123.099882594891824, 5220820.874949505552649 ], [ 629123.124885719153099, 5220820.625114280730486 ], [ 629123.050468989065848, 5220820.60423166397959 ], [ 629122.999903737916611, 5220820.525115162134171 ], [ 629122.819512820569798, 5220820.649447979405522 ], [ 629122.744323055725545, 5220820.641362434253097 ], [ 629122.674942677957006, 5220820.575117069296539 ], [ 629122.600095329922624, 5220820.575115208514035 ], [ 629122.560933756059967, 5220820.704668781720102 ], [ 629122.475114280707203, 5220820.799885720014572 ], [ 629122.574370358255692, 5220820.799634959548712 ], [ 629122.630417462787591, 5220820.837004827335477 ], [ 629122.642034201649949, 5220821.027631453238428 ], [ 629122.556384434690699, 5220821.088315987028182 ], [ 629122.400114280870184, 5220821.050114280544221 ], [ 629122.393051818013191, 5220821.325144570320845 ], [ 629122.200107725686394, 5220821.52506579272449 ], [ 629122.175115386606194, 5220821.599908298812807 ] ] ] } },
{ "type": "Feature", "properties": { "label": "vineyard", "area_m2": 0.54888227286047897 }, "geometry": { "type": "Polygon", "coordinates": [ [ [ 629124.950117070577107, 5220821.549942678771913 ], [ 629125.075050495215692, 5220821.624882595613599 ], [ 629125.32494267844595, 5220821.699882930144668 ], [ 629125.549882595078088, 5220821.349949506111443 ], [ 629125.604931678972207, 5220821.034963644109666 ], [ 629125.724882594891824, 5220820.799949505366385 ], [ 629125.688149958965369, 5220820.677296672016382 ], [ 629125.704931681160815, 5220820.584963637404144 ], [ 629125.760659159743227, 5220820.513265494257212 ], [ 629125.849999999976717, 5220820.497552487067878 ], [ 629125.849885719129816, 5220820.400114280171692 ], [ 629125.730296939145774, 5220820.38677617162466 ], [ 629125.599896917934529, 5220820.225114828906953 ], [ 629125.55005732155405, 5220820.225117069669068 ], [ 629125.450117070577107, 5220820.325057321228087 ], [ 629125.444570418447256, 5220820.417260129004717 ], [ 629125.400117070646957, 5220820.475057320669293 ], [ 629125.393051819643006, 5220820.75014456640929 ], [ 629125.28199346573092, 5220820.966746272519231 ], [ 629125.050107726245187, 5220821.200065792538226 ], [ 629125.022420595516451, 5220821.432868115603924 ], [ 629124.950117070577107, 5220821.549942678771913 ] ] ] } },
{ "type": "Feature", "properties": { "label": "vineyard", "area_m2": 0.64235652567896562 }, "geometry": { "type": "Polygon", "coordinates": [ [ [ 629138.550114952493459, 5220821.274885047227144 ], [ 629138.770011363783851, 5220821.331700719892979 ], [ 629138.875070216367021, 5220821.399882849305868 ], [ 629139.086283994489349, 5220821.353787858970463 ], [ 629139.175062811817043, 5220821.424882484599948 ], [ 629139.257092546322383, 5220821.440702744759619 ], [ 629139.300086298026145, 5220821.499883638694882 ], [ 629139.474885047529824, 5220821.499885046854615 ], [ 629139.479640929377638, 5220821.391592522151768 ], [ 629139.57488248613663, 5220821.299937187694013 ], [ 629139.599884074064903, 5220821.150095137767494 ], [ 629139.384458002401516, 5220820.973080809228122 ], [ 629139.358673566370271, 5220820.901018149219453 ], [ 629139.412713523604907, 5220820.722906892187893 ], [ 629139.474898799788207, 5220820.674908276647329 ], [ 629139.524881805526093, 5220820.574951042421162 ], [ 629139.549882486113347, 5220820.450062812305987 ], [ 629139.224951042095199, 5220820.300118195824325 ], [ 629139.100062811747193, 5220820.275117515586317 ], [ 629139.000118194613606, 5220820.400048958137631 ], [ 629138.931403633207083, 5220820.633081396110356 ], [ 629138.800095137441531, 5220820.675115927122533 ], [ 629138.775114952470176, 5220820.82488504704088 ], [ 629138.901313498965465, 5220820.834180642850697 ], [ 629139.141491930116899, 5220820.986786192283034 ], [ 629139.174330246867612, 5220821.074549983255565 ], [ 629139.241799439885654, 5220821.132043777033687 ], [ 629139.237705447827466, 5220821.232060952112079 ], [ 629139.176474099745974, 5220821.280453815124929 ], [ 629139.107985490001738, 5220821.274767553433776 ], [ 629139.040395483840257, 5220821.216833410784602 ], [ 629139.025669753202237, 5220821.150450017303228 ], [ 629138.821565925492905, 5220821.089596624486148 ], [ 629138.650095137418248, 5220820.975115926936269 ], [ 629138.550114952493459, 5220821.274885047227144 ] ] ] } },
{ "type": "Feature", "properties": { "label": "vineyard", "area_m2": 0.11749661476197752 }, "geometry": { "type": "Polygon", "coordinates": [ [ [ 629107.550114952493459, 5220820.474885046482086 ], [ 629107.65402846771758, 5220820.479305965825915 ], [ 629107.708146961173043, 5220820.519442975521088 ], [ 629107.72511495242361, 5220820.849885046482086 ], [ 629107.799904862651601, 5220820.849884072318673 ], [ 629107.924881805549376, 5220820.574951042421162 ], [ 629107.949885047622956, 5220820.275114953517914 ], [ 629107.825095137464814, 5220820.275115927681327 ], [ 629107.734395153238438, 5220820.378480498678982 ], [ 629107.600048957858235, 5220820.37511819601059 ], [ 629107.55011592595838, 5220820.400095137767494 ], [ 629107.550114952493459, 5220820.474885046482086 ] ] ] } },
{ "type": "Feature", "properties": { "label": "vineyard", "area_m2": 0.74459008266543247 }, "geometry": { "type": "Polygon", "coordinates": [ [ [ 629114.125, 5220820.297063056379557 ], [ 629114.400059481384233, 5220820.424843677319586 ], [ 629114.674924585153349, 5220820.474842103198171 ], [ 629114.881501763593405, 5220820.244526412338018 ], [ 629115.022910880041309, 5220820.129709268920124 ], [ 629115.099848940852098, 5220820.124840903095901 ], [ 629115.199843090609647, 5220819.899875500239432 ], [ 629115.199840578483418, 5220819.825147757306695 ], [ 629115.027064700378105, 5220819.700719394721091 ], [ 629115.004570890567265, 5220819.614086800254881 ], [ 629115.239982932806015, 5220819.482419318519533 ], [ 629115.399841622565873, 5220819.52484162338078 ], [ 629115.399841101374477, 5220819.475123822689056 ], [ 629115.250158377340995, 5220819.425158376805484 ], [ 629115.232690540957265, 5220819.481939466670156 ], [ 629114.978700431762263, 5220819.619632283225656 ], [ 629114.749950425699353, 5220819.52515821531415 ], [ 629114.588830141816288, 5220819.544288418255746 ], [ 629114.424456381238997, 5220819.461512302048504 ], [ 629114.410845813690685, 5220819.417125880718231 ], [ 629114.45641478500329, 5220819.297181883826852 ], [ 629114.619335178285837, 5220819.20339666120708 ], [ 629114.69984162284527, 5220819.199841623194516 ], [ 629114.699842017493211, 5220819.175142789259553 ], [ 629114.549899148987606, 5220819.100168242119253 ], [ 629114.475123824668117, 5220819.100158898159862 ], [ 629114.425170002621599, 5220819.200064276345074 ], [ 629114.422049136366695, 5220819.300699443556368 ], [ 629114.250170002575032, 5220819.600064278580248 ], [ 629114.344070780090988, 5220819.835249950177968 ], [ 629114.225170733290724, 5220820.025132887065411 ], [ 629114.220290309400298, 5220820.177288897335529 ], [ 629114.125, 5220820.297063056379557 ] ] ] } },
{ "type": "Feature", "properties": { "label": "vineyard", "area_m2": 0.28595601445588181 }, "geometry": { "type": "Polygon", "coordinates": [ [ [ 629141.72511803463567, 5220820.79996236320585 ], [ 629141.746879442245699, 5220820.867408870719373 ], [ 629141.725117070483975, 5220820.94994267821312 ], [ 629141.75005732208956, 5220820.974882930517197 ], [ 629141.877447513048537, 5220821.025000000372529 ], [ 629141.94994267844595, 5220821.024882930330932 ], [ 629141.999882929376327, 5220820.974942677654326 ], [ 629142.019240296212956, 5220820.907006529159844 ], [ 629142.14988292939961, 5220820.774942678399384 ], [ 629142.299882085877471, 5220820.249959900975227 ], [ 629142.274942677933723, 5220820.150117069482803 ], [ 629142.225073558627628, 5220820.150116274133325 ], [ 629142.100064700236544, 5220820.250108931213617 ], [ 629141.983693929389119, 5220820.389214999042451 ], [ 629141.775114280870184, 5220820.400114280171692 ], [ 629141.774447979871184, 5220820.644512820988894 ], [ 629141.72511803463567, 5220820.79996236320585 ] ] ] } },
{ "type": "Feature", "properties": { "label": "vineyard", "area_m2": 0.16257101431587753 }, "geometry": { "type": "Polygon", "coordinates": [ [ [ 629133.900000000023283, 5220820.097054240293801 ], [ 629133.950096111861058, 5220820.149842418730259 ], [ 629134.025699489866383, 5220820.149233493022621 ], [ 629134.149842659011483, 5220820.049863377586007 ], [ 629134.159442259580828, 5220819.898773196153343 ], [ 629134.349908966687508, 5220819.799833472818136 ], [ 629134.399353133630939, 5220819.705154193565249 ], [ 629134.849913609563373, 5220819.699829294346273 ], [ 629134.874832474044524, 5220819.600128733552992 ], [ 629134.774856540258043, 5220819.400158645585179 ], [ 629134.700159026542678, 5220819.400159027427435 ], [ 629134.678970430744812, 5220819.536304958164692 ], [ 629134.380413224804215, 5220819.696915253996849 ], [ 629134.250131480279379, 5220819.7001569326967 ], [ 629134.073519009514712, 5220819.846833056770265 ], [ 629133.975147083983757, 5220819.850158975459635 ], [ 629133.900000000023283, 5220820.097054240293801 ] ] ] } },
{ "type": "Feature", "properties": { "label": "vineyard", "area_m2": 0.35143788465426973 }, "geometry": { "type": "Polygon", "coordinates": [ [ [ 629117.449999999953434, 5220819.372063057497144 ], [ 629117.812184066395275, 5220819.483801365830004 ], [ 629117.850158377084881, 5220819.724841622635722 ], [ 629117.899841622915119, 5220819.724841622635722 ], [ 629117.84982351155486, 5220819.67238530702889 ], [ 629117.829899249365553, 5220819.474460313096642 ], [ 629117.929894653148949, 5220819.37219575792551 ], [ 629118.07484162284527, 5220819.324841623194516 ], [ 629118.054620919167064, 5220819.135892450809479 ], [ 629118.132239815662615, 5220819.03674101177603 ], [ 629118.174876170931384, 5220819.024841097183526 ], [ 629118.199841101537459, 5220818.925123824737966 ], [ 629117.725075420108624, 5220818.725157901644707 ], [ 629117.648727902211249, 5220818.902131704613566 ], [ 629117.500152751454152, 5220819.100097268819809 ], [ 629117.450158199993894, 5220819.250049564056098 ], [ 629117.449999999953434, 5220819.372063057497144 ] ] ] } },
{ "type": "Feature", "properties": { "label": "vineyard", "area_m2": 0.40649894425576205 }, "geometry": { "type": "Polygon", "coordinates": [ [ [ 629120.100117513909936, 5220820.199937188997865 ], [ 629120.321074064238928, 5220820.433732908219099 ], [ 629120.295957151334733, 5220820.678146494552493 ], [ 629120.200114952516742, 5220820.750114953145385 ], [ 629120.200000000069849, 5220820.872545138001442 ], [ 629120.324885047622956, 5220820.874885046854615 ], [ 629120.361095164436847, 5220820.654218669049442 ], [ 629120.474881805363111, 5220820.549951042048633 ], [ 629120.432287910953164, 5220820.35569781344384 ], [ 629120.674884541309439, 5220820.124895353801548 ], [ 629120.67720472230576, 5220819.995095524005592 ], [ 629120.74988180550281, 5220819.824951042421162 ], [ 629120.749884074088186, 5220819.725095137022436 ], [ 629120.599951041629538, 5220819.650118195451796 ], [ 629120.527454879018478, 5220819.650000000372529 ], [ 629120.456317189033143, 5220819.720994076691568 ], [ 629120.200071076513268, 5220819.75010637100786 ], [ 629120.100118194473907, 5220819.875048957765102 ], [ 629120.100117513909936, 5220820.199937188997865 ] ] ] } },
{ "type": "Feature", "properties": { "label": "vineyard", "area_m2": 0.070898655033771157 }, "geometry": { "type": "Polygon", "coordinates": [ [ [ 629105.825000000069849, 5220819.497054241597652 ], [ 629105.954005590407178, 5220819.53373206872493 ], [ 629106.100086390040815, 5220819.699829294346273 ], [ 629106.17484963091556, 5220819.699838355183601 ], [ 629106.199840396060608, 5220819.600123630836606 ], [ 629106.070994409965351, 5220819.566267931833863 ], [ 629105.931755198398605, 5220819.404284652322531 ], [ 629105.948405025294051, 5220819.230792888440192 ], [ 629106.049840973573737, 5220819.199840973131359 ], [ 629106.056741216219962, 5220819.121800594963133 ], [ 629106.221800611470826, 5220818.956741214729846 ], [ 629106.349840973503888, 5220818.949840973131359 ], [ 629106.349840973503888, 5220818.875159027054906 ], [ 629106.225159026449546, 5220818.875159027054906 ], [ 629106.218256182270125, 5220818.95565446652472 ], [ 629106.064605136052705, 5220819.105818193405867 ], [ 629105.900159026496112, 5220819.07515902724117 ], [ 629105.900160757359117, 5220819.174868477508426 ], [ 629105.94651533535216, 5220819.220341587439179 ], [ 629105.927294108318165, 5220819.365446320734918 ], [ 629105.898983640945517, 5220819.398365676403046 ], [ 629105.825159026542678, 5220819.400159027427435 ], [ 629105.825000000069849, 5220819.497054241597652 ] ] ] } },
{ "type": "Feature", "properties": { "label": "vineyard", "area_m2": 0.75705780781892107 }, "geometry": { "type": "Polygon", "coordinates": [ [ [ 629136.850049481028691, 5220819.69759576767683 ], [ 629137.100878308760002, 5220819.774418123066425 ], [ 629137.199830053024925, 5220819.699898407794535 ], [ 629137.201452865381725, 5220819.562583850696683 ], [ 629137.293460000073537, 5220819.365925448015332 ], [ 629137.48181517701596, 5220819.381878810934722 ], [ 629137.54838271276094, 5220819.521168038249016 ], [ 629137.548046994372271, 5220819.640164108946919 ], [ 629137.499476688564755, 5220819.724529805593193 ], [ 629137.375170704210177, 5220819.825086390599608 ], [ 629137.370290388469584, 5220819.902288906276226 ], [ 629137.27516798209399, 5220820.000138422474265 ], [ 629137.275159026496112, 5220820.149840973317623 ], [ 629137.399850291316397, 5220820.124857998453081 ], [ 629137.524858018849045, 5220819.999850300140679 ], [ 629137.649841234902851, 5220819.699948135763407 ], [ 629137.649829314788803, 5220819.550086376257241 ], [ 629137.587207097909413, 5220819.399733110330999 ], [ 629137.718137186602689, 5220819.304706427268684 ], [ 629137.824845978640951, 5220819.274913450703025 ], [ 629137.942943422473036, 5220818.925510747358203 ], [ 629137.974842285038903, 5220818.899827657267451 ], [ 629137.974840973503888, 5220818.82515902724117 ], [ 629137.950159026542678, 5220818.82515902724117 ], [ 629137.943748816847801, 5220818.90777955763042 ], [ 629137.784392319852486, 5220819.11261879093945 ], [ 629137.700159026542678, 5220819.125159027054906 ], [ 629137.687565363594331, 5220819.187667744234204 ], [ 629137.568040967104025, 5220819.257705161347985 ], [ 629137.482851219363511, 5220819.140120538882911 ], [ 629137.523580620996654, 5220818.977465693838894 ], [ 629137.624830923741683, 5220818.849881310947239 ], [ 629137.624842574354261, 5220818.675145248882473 ], [ 629137.325116794905625, 5220818.575158301740885 ], [ 629137.223200904787518, 5220818.701100911945105 ], [ 629137.075142947025597, 5220818.800142844207585 ], [ 629136.850752872880548, 5220819.098779561929405 ], [ 629136.800159450503998, 5220819.349951826035976 ], [ 629136.910515866009519, 5220819.65891822706908 ], [ 629136.850049481028691, 5220819.69759576767683 ] ] ] } },
{ "type": "Feature", "properties": { "label": "vineyard", "area_m2": 0.35149055721120698 }, "geometry": { "type": "Polygon", "coordinates": [ [ [ 629109.450065690791234, 5220819.998882303014398 ], [ 629109.525147088919766, 5220820.19984102062881 ], [ 629109.599840973503888, 5220820.199840973131359 ], [ 629109.609079581918195, 5220820.016192810609937 ], [ 629109.701261205133051, 5220819.928044818341732 ], [ 629109.82484097359702, 5220819.92484097275883 ], [ 629109.802991289179772, 5220819.636520125903189 ], [ 629109.899839622667059, 5220819.549860932864249 ], [ 629109.925000000046566, 5220819.422054241411388 ], [ 629109.90055999555625, 5220819.198816563002765 ], [ 629109.93876466981601, 5220819.017855414189398 ], [ 629110.103828329592943, 5220818.949684400111437 ], [ 629110.222897859406658, 5220819.195893225260079 ], [ 629110.225159026449546, 5220819.274840973317623 ], [ 629110.299840973573737, 5220819.274840973317623 ], [ 629110.299840973573737, 5220819.20015902724117 ], [ 629110.220528705278412, 5220819.183354803360999 ], [ 629110.108310980489478, 5220818.938562906347215 ], [ 629110.224831891711801, 5220818.799861492589116 ], [ 629110.199913609889336, 5220818.700170706026256 ], [ 629110.075133116799407, 5220818.72514620795846 ], [ 629109.873606255743653, 5220818.968796883709729 ], [ 629109.725086390040815, 5220818.975170705467463 ], [ 629109.700170704280026, 5220819.000086390413344 ], [ 629109.700173614779487, 5220819.124911160208285 ], [ 629109.747351935482584, 5220819.208577203564346 ], [ 629109.704187748720869, 5220819.406530251726508 ], [ 629109.500666700652801, 5220819.623952403664589 ], [ 629109.450065690791234, 5220819.998882303014398 ] ] ] } },
{ "type": "Feature", "properties": { "label": "vineyard", "area_m2": 0.039384317566053151 }, "geometry": { "type": "Polygon", "coordinates": [ [ [ 629144.325000000069849, 5220819.597054241225123 ], [ 629144.424842456588522, 5220819.574866574257612 ], [ 629144.545062063261867, 5220819.124481209553778 ], [ 629144.674840396037325, 5220819.074876368977129 ], [ 629144.674840973573737, 5220818.95015902724117 ], [ 629144.575150369200855, 5220818.950161645188928 ], [ 629144.479937936761416, 5220819.325518789701164 ], [ 629144.425123626831919, 5220819.35015959944576 ], [ 629144.325000000069849, 5220819.597054241225123 ] ] ] } },
{ "type": "Feature", "properties": { "label": "vineyard", "area_m2": 0.13168517223577228 }, "geometry": { "type": "Polygon", "coordinates": [ [ [ 629122.950060902512632, 5220818.973784835077822 ], [ 629123.000162732205354, 5220819.14991058781743 ], [ 629123.050086374743842, 5220819.199829317629337 ], [ 629123.130357791320421, 5220819.202997723594308 ], [ 629123.532105958205648, 5220819.415751752443612 ], [ 629123.550159026519395, 5220819.499840972945094 ], [ 629123.624903887975961, 5220819.49984241835773 ], [ 629123.674830042873509, 5220819.449898401275277 ], [ 629123.675898473826237, 5220819.329898660071194 ], [ 629123.74983875779435, 5220819.199891340918839 ], [ 629123.799927312065847, 5220818.974024733528495 ], [ 629123.799836525809951, 5220818.900100604631007 ], [ 629123.724857694003731, 5220818.77516062092036 ], [ 629123.650159026496112, 5220818.775159027427435 ], [ 629123.650169067666866, 5220818.89988131634891 ], [ 629123.719067271100357, 5220818.990553102456033 ], [ 629123.671446467633359, 5220819.203152959235013 ], [ 629123.590504313004203, 5220819.317427930422127 ], [ 629123.14032084250357, 5220819.198346408084035 ], [ 629123.124840403092094, 5220819.075123623944819 ], [ 629123.002800503163598, 5220818.954327899031341 ], [ 629122.999840973527171, 5220818.850159026682377 ], [ 629122.975150369107723, 5220818.850161644630134 ], [ 629122.950060902512632, 5220818.973784835077822 ] ] ] } },
{ "type": "Feature", "properties": { "label": "vineyard", "area_m2": 0.43381452406819493 }, "geometry": { "type": "Polygon", "coordinates": [ [ [ 629120.350117070483975, 5220819.44994267821312 ], [ 629120.49741964309942, 5220819.556040626019239 ], [ 629120.525114280753769, 5220819.649885719642043 ], [ 629120.70005049626343, 5220819.724882596172392 ], [ 629120.74994267791044, 5220819.724882930517197 ], [ 629120.79989227373153, 5220819.674934208393097 ], [ 629120.862551169586368, 5220819.516419686377048 ], [ 629121.024898909847252, 5220819.324907755479217 ], [ 629121.074882085900754, 5220819.199959902092814 ], [ 629121.074882085900754, 5220818.875040099024773 ], [ 629120.999942678026855, 5220818.625117070041597 ], [ 629120.897779727703892, 5220818.645910634659231 ], [ 629120.800095329410397, 5220818.600115208886564 ], [ 629120.625117070623673, 5220818.800057320855558 ], [ 629120.654291874961928, 5220819.168482664041221 ], [ 629120.606654887786135, 5220819.21607868000865 ], [ 629120.400095329619944, 5220819.300115209072828 ], [ 629120.350117070483975, 5220819.44994267821312 ] ], [ [ 629120.674797217478044, 5220819.248307368718088 ], [ 629120.699917552876286, 5220819.169935319572687 ], [ 629120.768943983246572, 5220819.13666354585439 ], [ 629120.839964499464259, 5220819.160456229001284 ], [ 629120.874539895681664, 5220819.226898290216923 ], [ 629120.85865326365456, 5220819.304791710339487 ], [ 629120.787081973277964, 5220819.349267446435988 ], [ 629120.706931828637607, 5220819.323257927782834 ], [ 629120.674797217478044, 5220819.248307368718088 ] ] ] } },
{ "type": "Feature", "properties": { "label": "vineyard", "area_m2": 0.90605353395413635 }, "geometry": { "type": "Polygon", "coordinates": [ [ [ 629114.5, 5220819.09706305898726 ], [ 629114.551958670257591, 5220819.124976056627929 ], [ 629115.010249224957079, 5220819.111564858816564 ], [ 629115.24180202500429, 5220819.318533978424966 ], [ 629115.250158898648806, 5220819.424876173958182 ], [ 629115.399924582219683, 5220819.474842097610235 ], [ 629115.424842096283101, 5220819.449924582615495 ], [ 629115.452047715545632, 5220819.17578886821866 ], [ 629115.674420493771322, 5220818.775840575806797 ], [ 629115.677716670208611, 5220818.694832067005336 ], [ 629115.824841101421043, 5220818.350123822689056 ], [ 629115.276958671514876, 5220818.125023943372071 ], [ 629115.200170002528466, 5220818.250064277090132 ], [ 629115.192667752620764, 5220818.414090971462429 ], [ 629114.999742738786153, 5220818.535080448724329 ], [ 629114.959268369828351, 5220818.535689254291356 ], [ 629114.775123829371296, 5220818.40015890263021 ], [ 629114.500492069986649, 5220819.02421355061233 ], [ 629114.5, 5220819.09706305898726 ] ] ] } },
{ "type": "Feature", "properties": { "label": "vineyard", "area_m2": 0.75312050205113734 }, "geometry": { "type": "Polygon", "coordinates": [ [ [ 629107.500114952446893, 5220819.624885046854615 ], [ 629107.608489620848559, 5220819.627013747580349 ], [ 629107.667140730656683, 5220819.663200804963708 ], [ 629107.675114952493459, 5220819.849885046482086 ], [ 629107.836480827187188, 5220819.864864479750395 ], [ 629107.900114952470176, 5220819.974885046482086 ], [ 629108.099904862581752, 5220819.974884072318673 ], [ 629108.124884074088186, 5220819.800095138140023 ], [ 629108.067042763810605, 5220819.762206413783133 ], [ 629108.025552707957104, 5220819.669521197676659 ], [ 629108.074881805572659, 5220819.524951042607427 ], [ 629108.064945892780088, 5220819.373892379924655 ], [ 629108.104760058340617, 5220819.317640375345945 ], [ 629108.174885047599673, 5220819.299885046668351 ], [ 629108.220982852624729, 5220819.21584450174123 ], [ 629108.349885047529824, 5220819.19988504704088 ], [ 629108.349881805363111, 5220819.100048957392573 ], [ 629108.23194371315185, 5220818.875135501846671 ], [ 629108.226835390087217, 5220818.792406546883285 ], [ 629108.302437268430367, 5220818.714056343771517 ], [ 629108.474885047529824, 5220818.724885046482086 ], [ 629108.499884074088186, 5220818.525095137767494 ], [ 629108.074957596487366, 5220818.350118516944349 ], [ 629108.025086298002861, 5220818.350116360932589 ], [ 629107.965265771723352, 5220818.417915562167764 ], [ 629107.825114952516742, 5220818.450114953331649 ], [ 629107.800117150181904, 5220818.549929782748222 ], [ 629107.891278326744214, 5220818.675133715383708 ], [ 629107.895694033592008, 5220818.779028467833996 ], [ 629107.847139673773199, 5220818.838192126713693 ], [ 629107.775114952470176, 5220818.850114952772856 ], [ 629107.756867047282867, 5220819.06072324514389 ], [ 629107.600117513909936, 5220819.175062811002135 ], [ 629107.500118516501971, 5220819.500042404979467 ], [ 629107.500114952446893, 5220819.624885046854615 ] ], [ [ 629107.774880272801965, 5220819.174982239492238 ], [ 629107.829218669561669, 5220819.086095164529979 ], [ 629107.97461344441399, 5220819.070656964555383 ], [ 629108.046778570394963, 5220819.096591548994184 ], [ 629108.079357969807461, 5220819.166010500863194 ], [ 629108.053435629582964, 5220819.265327944420278 ], [ 629107.979132490814663, 5220819.303211463615298 ], [ 629107.817441596067511, 5220819.283998141996562 ], [ 629107.774880272801965, 5220819.174982239492238 ] ] ] } },
{ "type": "Feature", "properties": { "label": "vineyard", "area_m2": 0.80614365821226064 }, "geometry": { "type": "Polygon", "coordinates": [ [ [ 629139.150117150158621, 5220820.250070217065513 ], [ 629139.17507107637357, 5220820.299893628805876 ], [ 629139.525048957904801, 5220820.449881804175675 ], [ 629139.625483625335619, 5220820.345755307003856 ], [ 629139.699885047622956, 5220820.32488504704088 ], [ 629139.705425166874193, 5220820.182753023691475 ], [ 629139.949882849934511, 5220819.749929782934487 ], [ 629139.988514570519328, 5220819.515775844454765 ], [ 629140.083166590542533, 5220819.390395483002067 ], [ 629140.199885047622956, 5220819.374885046854615 ], [ 629140.224999999976717, 5220819.197545138187706 ], [ 629140.224882486043498, 5220819.05006281286478 ], [ 629140.19992892362643, 5220819.025106371380389 ], [ 629139.824957596487366, 5220818.875118517316878 ], [ 629139.750071076327004, 5220818.900106371380389 ], [ 629139.675106372334994, 5220818.975071074441075 ], [ 629139.600117513909936, 5220819.100062810815871 ], [ 629139.5967908896273, 5220819.386325468309224 ], [ 629139.475115925888531, 5220819.475095137022436 ], [ 629139.300118516548537, 5220819.850042404606938 ], [ 629139.307382424827665, 5220820.023488403297961 ], [ 629139.200115925981663, 5220820.100095137022436 ], [ 629139.196074064238928, 5220820.191267091780901 ], [ 629139.150117150158621, 5220820.250070217065513 ] ] ] } },
{ "type": "Feature", "properties": { "label": "vineyard", "area_m2": 0.71718883738840411 }, "geometry": { "type": "Polygon", "coordinates": [ [ [ 629137.375, 5220818.597054241225123 ], [ 629137.99987636890728, 5220818.824840393848717 ], [ 629138.049839560990222, 5220818.650136278010905 ], [ 629137.777580172056332, 5220818.377060731872916 ], [ 629137.801158363930881, 5220818.197976767085493 ], [ 629138.149829898495227, 5220817.449923402629793 ], [ 629138.149840396014042, 5220817.375123631209135 ], [ 629137.774049576255493, 5220817.22507390845567 ], [ 629137.550135237397626, 5220817.325133299455047 ], [ 629137.425183404935524, 5220817.675053121522069 ], [ 629137.42516812379472, 5220817.774861481972039 ], [ 629137.523420798592269, 5220817.893568098545074 ], [ 629137.500279372092336, 5220818.146247348748147 ], [ 629137.375158432871103, 5220818.50005841627717 ], [ 629137.375, 5220818.597054241225123 ] ] ] } },
{ "type": "Feature", "properties": { "label": "vineyard", "area_m2": 0.38516894800295354 }, "geometry": { "type": "Polygon", "coordinates": [ [ [ 629108.028134648688138, 5220818.350661013275385 ], [ 629108.200048958417028, 5220818.424881804734468 ], [ 629108.336014152155258, 5220818.426966278813779 ], [ 629108.400099301943555, 5220818.499900698661804 ], [ 629108.52488504757639, 5220818.524885047227144 ], [ 629108.52488504757639, 5220818.450114953331649 ], [ 629108.454760058317333, 5220818.432359624654055 ], [ 629108.414945892756805, 5220818.376107620075345 ], [ 629108.425459905061871, 5220818.201898072846234 ], [ 629108.475710184895433, 5220818.124469011090696 ], [ 629108.599937188206241, 5220818.124882484786212 ], [ 629108.624882486066781, 5220818.099937187507749 ], [ 629108.75, 5220817.497545138001442 ], [ 629108.649908277206123, 5220817.400101199746132 ], [ 629108.500114952446893, 5220817.350114952772856 ], [ 629108.467155899270438, 5220817.42409510910511 ], [ 629108.400114952470176, 5220817.450114952400327 ], [ 629108.398248737095855, 5220817.657155205495656 ], [ 629108.350117150112055, 5220817.725070216692984 ], [ 629108.338192126480862, 5220817.847139674238861 ], [ 629108.27902846771758, 5220817.895694034174085 ], [ 629108.175114952493459, 5220817.900114953517914 ], [ 629108.159604516229592, 5220817.966833410784602 ], [ 629108.100117513909936, 5220818.025062812492251 ], [ 629108.10011495242361, 5220818.099885046482086 ], [ 629108.192850608029403, 5220818.162868279963732 ], [ 629108.192387953284197, 5220818.238268343731761 ], [ 629108.138268343172967, 5220818.292387953028083 ], [ 629108.025114952470176, 5220818.30011495295912 ], [ 629108.028134648688138, 5220818.350661013275385 ] ] ] } },
{ "type": "Feature", "properties": { "label": "vineyard", "area_m2": 0.80212154414783754 }, "geometry": { "type": "Polygon", "coordinates": [ [ [ 629142.175807538907975, 5220819.850161008536816 ], [ 629142.231867047259584, 5220819.889276754111052 ], [ 629142.250114952446893, 5220819.94988504704088 ], [ 629142.316833409480751, 5220819.965395483188331 ], [ 629142.400062811793759, 5220820.049882484599948 ], [ 629142.474885047529824, 5220820.049885046668351 ], [ 629142.46406315814238, 5220819.795251756906509 ], [ 629142.52553800737951, 5220819.749658908694983 ], [ 629142.64988504757639, 5220819.749885046854615 ], [ 629142.710394235909916, 5220819.549494774080813 ], [ 629142.799885047599673, 5220819.499885046854615 ], [ 629142.80220472230576, 5220819.370095524005592 ], [ 629142.849882486043498, 5220819.299937187694013 ], [ 629142.863514570519328, 5220819.140775844454765 ], [ 629142.941317390999757, 5220819.060778111219406 ], [ 629143.024904862628318, 5220819.049884072504938 ], [ 629143.074881805572659, 5220818.949951042421162 ], [ 629143.074885047622956, 5220818.625114953145385 ], [ 629142.499957596417516, 5220818.400118517689407 ], [ 629142.450062811840326, 5220818.400117515586317 ], [ 629142.375106372288428, 5220818.475071074441075 ], [ 629142.350118194473907, 5220818.624951042234898 ], [ 629142.395560803706758, 5220818.763684795238078 ], [ 629142.275000000023283, 5220818.902454862371087 ], [ 629142.275117513956502, 5220819.024937189184129 ], [ 629142.382939510513097, 5220819.160326949320734 ], [ 629142.364342617336661, 5220819.234569923952222 ], [ 629142.30011592595838, 5220819.275095137767494 ], [ 629142.349447292042896, 5220819.494521197862923 ], [ 629142.260772861074656, 5220819.726410275325179 ], [ 629142.175114952493459, 5220819.775114953517914 ], [ 629142.175807538907975, 5220819.850161008536816 ] ] ] } },
{ "type": "Feature", "properties": { "label": "vineyard", "area_m2": 0.094593094115506884 }, "geometry": { "type": "Polygon", "coordinates": [ [ [ 629105.875, 5220818.272054241970181 ], [ 629105.94984097359702, 5220818.274840973317623 ], [ 629105.95913465321064, 5220818.218544146977365 ], [ 629106.074839622131549, 5220818.124854694120586 ], [ 629106.089411019464023, 5220817.979179319925606 ], [ 629106.304958072723821, 5220817.93229410611093 ], [ 629106.375049992348067, 5220818.102325306273997 ], [ 629106.496601977501996, 5220818.027425849810243 ], [ 629106.594645499601029, 5220818.053776510059834 ], [ 629106.607191590825096, 5220818.193342144601047 ], [ 629106.545353255351074, 5220818.340604792349041 ], [ 629106.375046894187108, 5220818.322689643129706 ], [ 629106.400123631116003, 5220818.374840393662453 ], [ 629106.524913625326008, 5220818.374829317443073 ], [ 629106.699845978640951, 5220818.149913450703025 ], [ 629106.724975912831724, 5220818.073035444132984 ], [ 629106.707399799721316, 5220817.857233098708093 ], [ 629106.774840973550454, 5220817.824840973131359 ], [ 629106.774840973550454, 5220817.750159027054906 ], [ 629106.700159026542678, 5220817.750159027054906 ], [ 629106.700090307625942, 5220817.824383389204741 ], [ 629106.718361481674947, 5220818.009957225993276 ], [ 629106.697229161509313, 5220818.045270547270775 ], [ 629106.566496683633886, 5220818.021494576707482 ], [ 629106.411017442820594, 5220817.929518396034837 ], [ 629106.399840973550454, 5220817.850159026682377 ], [ 629106.325159026542678, 5220817.850159026682377 ], [ 629106.300649329670705, 5220817.926890118047595 ], [ 629106.049318902310915, 5220817.975861182436347 ], [ 629106.00017068174202, 5220818.025086374953389 ], [ 629105.990692751132883, 5220818.106450487859547 ], [ 629105.875157243572176, 5220818.200136546045542 ], [ 629105.875, 5220818.272054241970181 ] ] ] } },
{ "type": "Feature", "properties": { "label": "vineyard", "area_m2": 0.1294674141463889 }, "geometry": { "type": "Polygon", "coordinates": [ [ [ 629121.425159026519395, 5220817.550159026868641 ], [ 629121.425159026519395, 5220817.624840972945094 ], [ 629121.52865241758991, 5220817.626528575085104 ], [ 629121.72009529103525, 5220817.710658092051744 ], [ 629121.772901998716407, 5220817.901941141113639 ], [ 629121.725159026449546, 5220818.17484097275883 ], [ 629121.774876368930563, 5220818.174840393476188 ], [ 629121.849545627483167, 5220817.901689425110817 ], [ 629121.974840973503888, 5220817.650159027427435 ], [ 629121.716881139320321, 5220817.696737859398127 ], [ 629121.540159160969779, 5220817.626501985825598 ], [ 629121.527763944584876, 5220817.542778010480106 ], [ 629121.65719458158128, 5220817.231951300986111 ], [ 629121.764170044683851, 5220817.201038355007768 ], [ 629122.124913610517979, 5220817.224829292856157 ], [ 629122.149840973550454, 5220817.150159027427435 ], [ 629121.775477271643467, 5220817.189331891946495 ], [ 629121.750199579750188, 5220817.156052198261023 ], [ 629121.749840232310817, 5220816.950151744298637 ], [ 629121.575159026542678, 5220816.925159026868641 ], [ 629121.57535620033741, 5220817.075908174738288 ], [ 629121.641735801706091, 5220817.245602074079216 ], [ 629121.52887218259275, 5220817.531695764511824 ], [ 629121.425159026519395, 5220817.550159026868641 ] ] ] } },
{ "type": "Feature", "properties": { "label": "vineyard", "area_m2": 0.26123984423869007 }, "geometry": { "type": "Polygon", "coordinates": [ [ [ 629134.600115925888531, 5220818.849904862232506 ], [ 629134.750062811770476, 5220818.949882484972477 ], [ 629134.89988504757639, 5220818.94988504704088 ], [ 629134.909886079491116, 5220818.725373364984989 ], [ 629134.959391549462453, 5220818.682221514172852 ], [ 629135.049904862651601, 5220818.674884072504938 ], [ 629135.099881805363111, 5220818.574951042421162 ], [ 629135.111095164553262, 5220818.4542186697945 ], [ 629135.199885047622956, 5220818.399885047227144 ], [ 629135.19988248613663, 5220818.325062812305987 ], [ 629135.078925935784355, 5220818.166267091408372 ], [ 629135.049885047599673, 5220817.950114953331649 ], [ 629134.975095137371682, 5220817.950115927495062 ], [ 629134.950118194683455, 5220818.000048957765102 ], [ 629134.90686704707332, 5220818.360723246820271 ], [ 629134.77261188137345, 5220818.481122144497931 ], [ 629134.67511592595838, 5220818.525095137767494 ], [ 629134.678480494883843, 5220818.68439516518265 ], [ 629134.600117513909936, 5220818.775062812492251 ], [ 629134.600115925888531, 5220818.849904862232506 ] ] ] } },
{ "type": "Feature", "properties": { "label": "vineyard", "area_m2": 0.61828709334004905 }, "geometry": { "type": "Polygon", "coordinates": [ [ [ 629139.82511428068392, 5220818.899885719642043 ], [ 629140.202447513001971, 5220819.050000000745058 ], [ 629140.249904669937678, 5220819.049884791485965 ], [ 629140.349892273661681, 5220818.924934208393097 ], [ 629140.424883408355527, 5220818.799932900816202 ], [ 629140.42555202008225, 5220818.605487179011106 ], [ 629140.499882085830905, 5220818.399959901347756 ], [ 629140.504931681440212, 5220818.209963636472821 ], [ 629140.649882085854188, 5220817.924959902651608 ], [ 629140.624934207415208, 5220817.850107725709677 ], [ 629140.399949504761025, 5220817.750117404386401 ], [ 629140.300114280660637, 5220817.750114280730486 ], [ 629140.267020600149408, 5220817.835132931359112 ], [ 629140.125107726315036, 5220817.950065792538226 ], [ 629140.100117404945195, 5220818.000050494447351 ], [ 629140.112366448622197, 5220818.15532411634922 ], [ 629140.000117070740089, 5220818.250057321041822 ], [ 629139.900117405108176, 5220818.450050494633615 ], [ 629139.82511428068392, 5220818.899885719642043 ] ] ] } },
{ "type": "Feature", "properties": { "label": "vineyard", "area_m2": 0.59209918371479364 }, "geometry": { "type": "Polygon", "coordinates": [ [ [ 629142.47511707060039, 5220818.399942678399384 ], [ 629143.024885719292797, 5220818.624885719269514 ], [ 629143.055594108183868, 5220818.464488180354238 ], [ 629143.118615548242815, 5220818.43668401427567 ], [ 629143.19994267844595, 5220818.449882930144668 ], [ 629143.299892273847945, 5220818.374934207648039 ], [ 629143.424882929422893, 5220818.000057321973145 ], [ 629143.309859215398319, 5220817.924585059285164 ], [ 629143.299884791020304, 5220817.800095329061151 ], [ 629142.8000735581154, 5220817.625116275623441 ], [ 629142.625117405084893, 5220817.825050493702292 ], [ 629142.680446998216212, 5220818.051492149941623 ], [ 629142.525107726338319, 5220818.175065791234374 ], [ 629142.475117914145812, 5220818.300040097907186 ], [ 629142.47511707060039, 5220818.399942678399384 ] ] ] } },
{ "type": "Feature", "properties": { "label": "vineyard", "area_m2": 0.81979197783281543 }, "geometry": { "type": "Polygon", "coordinates": [ [ [ 629117.72511707060039, 5220818.724942678585649 ], [ 629118.025050494936295, 5220818.874882595613599 ], [ 629118.197552486904897, 5220818.925000000745058 ], [ 629118.257979400688782, 5220818.814867068082094 ], [ 629118.399884836748242, 5220818.69990373775363 ], [ 629118.375, 5220818.534020000137389 ], [ 629118.399884385871701, 5220818.400087056681514 ], [ 629118.330685732071288, 5220818.336949373595417 ], [ 629118.329931681160815, 5220818.209963637404144 ], [ 629118.392818423104472, 5220818.122265908867121 ], [ 629118.549942678073421, 5220818.124882929958403 ], [ 629118.624892273684964, 5220818.049934207461774 ], [ 629118.724882594891824, 5220817.84994950518012 ], [ 629118.824884791160002, 5220817.450095331296325 ], [ 629118.575057321926579, 5220817.350117069669068 ], [ 629118.474840492359363, 5220817.416289032436907 ], [ 629118.400087057612836, 5220817.425115614198148 ], [ 629118.352092007407919, 5220817.487288831733167 ], [ 629118.225110765080899, 5220817.525063036940992 ], [ 629118.17511659162119, 5220817.600067099556327 ], [ 629118.16707690700423, 5220817.774918638169765 ], [ 629117.900117404991761, 5220818.175050494261086 ], [ 629117.866289030644111, 5220818.3248404962942 ], [ 629117.750117914169095, 5220818.550040097907186 ], [ 629117.760934516205452, 5220818.636753554455936 ], [ 629117.72511707060039, 5220818.724942678585649 ] ] ] } },
{ "type": "Feature", "properties": { "label": "vineyard", "area_m2": 0.28039387350943845 }, "geometry": { "type": "Polygon", "coordinates": [ [ [ 629110.150117513956502, 5220817.850062810815871 ], [ 629110.125118516501971, 5220818.074957595206797 ], [ 629110.200062811840326, 5220818.249882484786212 ], [ 629110.324951042188331, 5220818.24988180398941 ], [ 629110.499893627944402, 5220818.124928924255073 ], [ 629110.578925935784355, 5220817.708732908591628 ], [ 629110.649881805409677, 5220817.599951041862369 ], [ 629110.649882486090064, 5220817.400062812492251 ], [ 629110.624937188229524, 5220817.375117515213788 ], [ 629110.472545120981522, 5220817.325000000186265 ], [ 629110.400117513956502, 5220817.375062812119722 ], [ 629110.387286476441659, 5220817.552093107253313 ], [ 629110.325116360210814, 5220817.600086298771203 ], [ 629110.280320753343403, 5220817.759569930844009 ], [ 629110.150117513956502, 5220817.850062810815871 ] ] ] } },
{ "type": "Feature", "properties": { "label": "vineyard", "area_m2": 0.151040985622998 }, "geometry": { "type": "Polygon", "coordinates": [ [ [ 629108.125, 5220816.972054241225123 ], [ 629108.174866478424519, 5220816.974828688427806 ], [ 629108.319750470807776, 5220816.881876710802317 ], [ 629108.483128700754605, 5220816.908992015756667 ], [ 629108.500159599119797, 5220817.349876373074949 ], [ 629108.649840973550454, 5220817.399840973317623 ], [ 629108.624850075226277, 5220817.275118354707956 ], [ 629108.503941114526242, 5220817.196853443048894 ], [ 629108.500218205270357, 5220816.912676958367229 ], [ 629108.550379552994855, 5220816.850599160417914 ], [ 629108.749842563760467, 5220816.749881321564317 ], [ 629108.749840973527171, 5220816.57515902724117 ], [ 629108.400077108526602, 5220816.650164604187012 ], [ 629108.276122173527256, 5220816.724475764669478 ], [ 629108.125168115249835, 5220816.875138511881232 ], [ 629108.125, 5220816.972054241225123 ] ] ] } },
{ "type": "Feature", "properties": { "label": "vineyard", "area_m2": 0.23326059264419202 }, "geometry": { "type": "Polygon", "coordinates": [ [ [ 629118.575000000069849, 5220817.347054241225123 ], [ 629118.650820913957432, 5220817.400190587155521 ], [ 629118.82484097359702, 5220817.449840973131359 ], [ 629118.87790661805775, 5220816.869806032627821 ], [ 629119.021963263163343, 5220816.778359685093164 ], [ 629119.099883200949989, 5220816.774841694161296 ], [ 629119.199829858844168, 5220816.649917261675 ], [ 629119.199842563830316, 5220816.525118678808212 ], [ 629119.075086390483193, 5220816.475170705467463 ], [ 629118.989680147846229, 5220816.619230974465609 ], [ 629118.782131367130205, 5220816.603029183112085 ], [ 629118.750766742043197, 5220816.571605083532631 ], [ 629118.749840973527171, 5220816.425159026868641 ], [ 629118.676964593119919, 5220816.425024086609483 ], [ 629118.575769248534925, 5220816.549248308874667 ], [ 629118.575159026542678, 5220816.624840972945094 ], [ 629118.701186256948858, 5220816.634523855522275 ], [ 629118.791336441528983, 5220816.817782658152282 ], [ 629118.675170704256743, 5220816.950086390599608 ], [ 629118.741713501745835, 5220817.158553246408701 ], [ 629118.677092546480708, 5220817.24604316521436 ], [ 629118.600128629826941, 5220817.275154541246593 ], [ 629118.575000000069849, 5220817.347054241225123 ] ] ] } },
{ "type": "Feature", "properties": { "label": "vineyard", "area_m2": 1.0114949602569459 }, "geometry": { "type": "Polygon", "coordinates": [ [ [ 629115.125114280846901, 5220817.674885720014572 ], [ 629115.22738679824397, 5220817.71152005251497 ], [ 629115.270359942223877, 5220817.766592170111835 ], [ 629115.275115209049545, 5220818.124904670752585 ], [ 629115.824885719339363, 5220818.349885719828308 ], [ 629115.827071206877008, 5220818.076452741399407 ], [ 629115.899884385871701, 5220817.999912942759693 ], [ 629115.899883512873203, 5220817.900069233961403 ], [ 629115.844607397564687, 5220817.824807042255998 ], [ 629115.854166932869703, 5220817.759155229665339 ], [ 629115.936195463757031, 5220817.679466135799885 ], [ 629116.099904670380056, 5220817.699884790927172 ], [ 629116.137711169547401, 5220817.572907991707325 ], [ 629116.199884385918267, 5220817.524912943132222 ], [ 629116.199882929562591, 5220817.45005732215941 ], [ 629116.077445997507311, 5220817.381657284684479 ], [ 629116.054415081162006, 5220817.290179152972996 ], [ 629116.117037532152608, 5220817.162792381830513 ], [ 629116.174884998472407, 5220817.124900436960161 ], [ 629116.1615999705391, 5220816.995103091932833 ], [ 629116.18695442948956, 5220816.919630908407271 ], [ 629116.248442864860408, 5220816.874101644381881 ], [ 629116.374885719153099, 5220816.874885719269514 ], [ 629116.374884998309426, 5220816.775099563412368 ], [ 629116.29990043642465, 5220816.700115000829101 ], [ 629116.146332947886549, 5220816.689690724015236 ], [ 629116.024949503713287, 5220816.575117403641343 ], [ 629115.850114829256199, 5220816.700103081762791 ], [ 629115.77814913680777, 5220816.795956376008689 ], [ 629115.700159508967772, 5220816.79128903336823 ], [ 629115.599900436354801, 5220816.700115000829101 ], [ 629115.550057321670465, 5220816.700117069296539 ], [ 629115.525000000023283, 5220816.727447513490915 ], [ 629115.543989228433929, 5220816.88685343042016 ], [ 629115.47511707060039, 5220816.999942678026855 ], [ 629115.684152521658689, 5220817.14597821701318 ], [ 629115.694478793768212, 5220817.366066136397421 ], [ 629115.622310540173203, 5220817.423176368698478 ], [ 629115.20009532943368, 5220817.475115208886564 ], [ 629115.125117070623673, 5220817.600057320669293 ], [ 629115.125114280846901, 5220817.674885720014572 ] ] ] } },
{ "type": "Feature", "properties": { "label": "vineyard", "area_m2": 0.54623901529485863 }, "geometry": { "type": "Polygon", "coordinates": [ [ [ 629140.32511428068392, 5220817.749885719269514 ], [ 629140.67490467033349, 5220817.874884790740907 ], [ 629140.818129628198221, 5220817.639278382062912 ], [ 629140.874884385732003, 5220817.599912942387164 ], [ 629140.902201985009015, 5220817.170110207982361 ], [ 629141.024882595054805, 5220816.949949505738914 ], [ 629141.029931681463495, 5220816.859963635914028 ], [ 629141.074882929562591, 5220816.79994267784059 ], [ 629141.074885719339363, 5220816.675114280544221 ], [ 629140.675114280660637, 5220816.525114280171692 ], [ 629140.550117404898629, 5220816.725050495006144 ], [ 629140.568989228224382, 5220817.036853430792689 ], [ 629140.475117914262228, 5220817.225040097720921 ], [ 629140.393051818013191, 5220817.650144570507109 ], [ 629140.32511428068392, 5220817.749885719269514 ] ] ] } },
{ "type": "Feature", "properties": { "label": "vineyard", "area_m2": 0.19395699476314282 }, "geometry": { "type": "Polygon", "coordinates": [ [ [ 629115.950159026542678, 5220815.54984097275883 ], [ 629116.054081064765342, 5220815.552066094242036 ], [ 629116.580063942703418, 5220815.793500379659235 ], [ 629116.620442107319832, 5220815.93429063167423 ], [ 629116.474880378460512, 5220816.174970736727118 ], [ 629116.325157317216508, 5220816.300136603415012 ], [ 629116.313639341504313, 5220816.490069760940969 ], [ 629116.000159026472829, 5220816.525159027427435 ], [ 629116.000170696410351, 5220816.574913616292179 ], [ 629116.099874339997768, 5220816.624844008125365 ], [ 629116.321735756704584, 5220816.50965946353972 ], [ 629116.450086390483193, 5220816.624829294160008 ], [ 629116.57484097359702, 5220816.624840972945094 ], [ 629116.576721967896447, 5220816.273290826939046 ], [ 629116.698484379099682, 5220816.054136709310114 ], [ 629116.799841371248476, 5220815.99985655490309 ], [ 629116.799830895266496, 5220815.900118708610535 ], [ 629116.675878419657238, 5220815.800582000985742 ], [ 629116.591918379883282, 5220815.796351727098227 ], [ 629116.069936057319865, 5220815.556499619968235 ], [ 629116.049840973573737, 5220815.475159026682377 ], [ 629115.975086390040815, 5220815.475170705467463 ], [ 629115.950159026542678, 5220815.54984097275883 ] ] ] } },
{ "type": "Feature", "properties": { "label": "vineyard", "area_m2": 0.96894945420153067 }, "geometry": { "type": "Polygon", "coordinates": [ [ [ 629142.800116275320761, 5220817.600073557347059 ], [ 629142.850050495006144, 5220817.649882595986128 ], [ 629143.300050495192409, 5220817.824882595799863 ], [ 629143.425159508944489, 5220817.70871096663177 ], [ 629143.574885719339363, 5220817.699885719455779 ], [ 629143.625, 5220817.572552487254143 ], [ 629143.583850560477003, 5220817.403797135688365 ], [ 629143.623264242778532, 5220817.330204815603793 ], [ 629143.774883724749088, 5220817.199926441535354 ], [ 629143.924882595078088, 5220816.824949505738914 ], [ 629143.933710968820378, 5220816.72515950538218 ], [ 629143.999882594915107, 5220816.624949505552649 ], [ 629143.999882929376327, 5220816.425057320855558 ], [ 629143.974942677887157, 5220816.400117069482803 ], [ 629143.600114280707203, 5220816.275114280171692 ], [ 629143.589214997948147, 5220816.358693932183087 ], [ 629143.485132933128625, 5220816.492020597681403 ], [ 629143.300064700422809, 5220816.55010893009603 ], [ 629143.125107726315036, 5220816.700065792538226 ], [ 629143.099999999976717, 5220816.752447512000799 ], [ 629143.136850040988065, 5220816.872703325934708 ], [ 629143.120068318559788, 5220817.165036363527179 ], [ 629143.000117070623673, 5220817.300057320855558 ], [ 629142.931993465754203, 5220817.466746272519231 ], [ 629142.800116275320761, 5220817.600073557347059 ] ] ] } },
{ "type": "Feature", "properties": { "label": "vineyard", "area_m2": 0.58534043095498567 }, "geometry": { "type": "Polygon", "coordinates": [ [ [ 629110.275158377364278, 5220817.074841623194516 ], [ 629110.427980988402851, 5220817.071015726774931 ], [ 629110.502695071045309, 5220817.177876099012792 ], [ 629110.475160987465642, 5220817.349850296974182 ], [ 629110.625948530156165, 5220817.399926581420004 ], [ 629110.674864044645801, 5220817.399843313731253 ], [ 629110.86544196610339, 5220817.139441861771047 ], [ 629110.92485722003039, 5220817.124842025339603 ], [ 629110.974999999976717, 5220817.022063058800995 ], [ 629110.974829988321289, 5220816.950064280070364 ], [ 629110.925710757146589, 5220816.866356765851378 ], [ 629110.926676199655049, 5220816.712526359595358 ], [ 629111.199842096422799, 5220816.474924581125379 ], [ 629111.121138833463192, 5220816.493578428402543 ], [ 629111.030507797840983, 5220816.366903528571129 ], [ 629111.097941920044832, 5220816.277144443243742 ], [ 629111.199966097134165, 5220816.252409809269011 ], [ 629111.249841622659005, 5220816.000158376991749 ], [ 629111.094272155896761, 5220815.996543139219284 ], [ 629110.961052675847895, 5220815.918028580024838 ], [ 629110.94984162284527, 5220815.850158377550542 ], [ 629110.875064279651269, 5220815.850170010700822 ], [ 629110.800157901830971, 5220815.900075418874621 ], [ 629110.80015837715473, 5220815.999841623008251 ], [ 629110.951750420848839, 5220816.001536509022117 ], [ 629111.093509856727906, 5220816.074911032803357 ], [ 629111.119879723875783, 5220816.25056279078126 ], [ 629110.952288779546507, 5220816.395289299078286 ], [ 629110.827662046533078, 5220816.422903893515468 ], [ 629110.712178984773345, 5220816.343392175622284 ], [ 629110.67492202995345, 5220816.275163473561406 ], [ 629110.600123829208314, 5220816.27515890263021 ], [ 629110.523691091104411, 5220816.526918191462755 ], [ 629110.451580957276747, 5220816.646195744164288 ], [ 629110.400158849544823, 5220816.675124754197896 ], [ 629110.39828258601483, 5220816.820053211413324 ], [ 629110.300150589901023, 5220816.925137862563133 ], [ 629110.275158377364278, 5220817.074841623194516 ] ] ] } },
{ "type": "Feature", "properties": { "label": "vineyard", "area_m2": 0.80781904898328805 }, "geometry": { "type": "Polygon", "coordinates": [ [ [ 629134.900117513956502, 5220817.574937188997865 ], [ 629134.925062811817043, 5220817.599882484413683 ], [ 629135.148883282206953, 5220817.61099505238235 ], [ 629135.234604516299441, 5220817.708166589960456 ], [ 629135.250116766779684, 5220817.799921978265047 ], [ 629135.300078020547517, 5220817.849883232265711 ], [ 629135.399888170300983, 5220817.824932972900569 ], [ 629135.474882486043498, 5220817.724937187507749 ], [ 629135.474999999976717, 5220817.602454861626029 ], [ 629135.400232446030714, 5220817.492014510557055 ], [ 629135.397678859299049, 5220817.414010494947433 ], [ 629135.442939046071842, 5220817.36229455191642 ], [ 629135.574884074158035, 5220817.3249048627913 ], [ 629135.554937781300396, 5220817.08494308590889 ], [ 629135.699881805572659, 5220816.899951042607427 ], [ 629135.708721672766842, 5220816.800133717246354 ], [ 629135.824881805572659, 5220816.624951042234898 ], [ 629135.863514570519328, 5220816.46577584464103 ], [ 629135.924883233266883, 5220816.399921978823841 ], [ 629135.949884074158035, 5220816.250095137394965 ], [ 629135.524951041676104, 5220816.075118195265532 ], [ 629135.475117513909936, 5220816.100062810815871 ], [ 629134.900117513956502, 5220817.574937188997865 ] ] ] } },
{ "type": "Feature", "properties": { "label": "vineyard", "area_m2": 0.71499706638464677 }, "geometry": { "type": "Polygon", "coordinates": [ [ [ 629137.725116591667756, 5220817.200067099183798 ], [ 629137.775050494936295, 5220817.249882595613599 ], [ 629138.025050496100448, 5220817.349882596172392 ], [ 629138.17488571931608, 5220817.374885719269514 ], [ 629138.208710964536294, 5220817.150159515440464 ], [ 629138.399884998449124, 5220816.924900435842574 ], [ 629138.410785002051853, 5220816.841306068003178 ], [ 629138.474882929353043, 5220816.774942679330707 ], [ 629138.502201986033469, 5220816.345110202208161 ], [ 629138.599885719246231, 5220816.100114280357957 ], [ 629138.349949505063705, 5220816.000117404386401 ], [ 629138.100095329689793, 5220816.000115209259093 ], [ 629138.000117914285511, 5220816.200040097348392 ], [ 629137.96805181808304, 5220816.525144570507109 ], [ 629137.909193947678432, 5220816.586501878686249 ], [ 629137.850114280823618, 5220816.600114280357957 ], [ 629137.775117405108176, 5220816.750050494447351 ], [ 629137.799447980127297, 5220817.069512818008661 ], [ 629137.725116591667756, 5220817.200067099183798 ] ] ] } },
{ "type": "Feature", "properties": { "label": "vineyard", "area_m2": 0.67088281317013443 }, "geometry": { "type": "Polygon", "coordinates": [ [ [ 629140.701114677940495, 5220816.301300762221217 ], [ 629140.725761325913481, 5220816.417406763881445 ], [ 629140.700115925981663, 5220816.549904862418771 ], [ 629141.099885047529824, 5220816.69988504704088 ], [ 629141.13659065507818, 5220816.5709532443434 ], [ 629141.199900698382407, 5220816.524900698103011 ], [ 629141.274881805526093, 5220816.399951042607427 ], [ 629141.424881483544596, 5220816.024957595393062 ], [ 629141.474999999976717, 5220815.822545138187706 ], [ 629141.474882486043498, 5220815.600062811747193 ], [ 629141.432287920964882, 5220815.548075779341161 ], [ 629141.432287910953164, 5220815.48069781344384 ], [ 629141.514888188336045, 5220815.357948969118297 ], [ 629141.599885047529824, 5220815.32488504704088 ], [ 629141.60694371315185, 5220815.249864498153329 ], [ 629141.649882849887945, 5220815.199929783120751 ], [ 629141.649882486090064, 5220815.125062812119722 ], [ 629141.599900698056445, 5220815.050099301151931 ], [ 629141.474937188206241, 5220814.950117515400052 ], [ 629141.375095137394965, 5220814.925115927122533 ], [ 629141.300117513979785, 5220815.075062812305987 ], [ 629141.291278326767497, 5220815.174866285175085 ], [ 629141.200117514003068, 5220815.325062812305987 ], [ 629141.200114952516742, 5220815.474885046482086 ], [ 629141.328834988409653, 5220815.503403021022677 ], [ 629141.358280697953887, 5220815.562847497873008 ], [ 629141.344045614590868, 5220815.627639920450747 ], [ 629141.289662747527473, 5220815.67019 ], [ 629141.200070216553286, 5220815.675117150880396 ], [ 629141.100117513909936, 5220815.750062812119722 ], [ 629141.06627832679078, 5220815.87486628536135 ], [ 629141.00355787796434, 5220815.965846666134894 ], [ 629140.875095137627795, 5220816.000115927308798 ], [ 629140.725106372032315, 5220816.150071076117456 ], [ 629140.701114677940495, 5220816.301300762221217 ] ] ] } },
{ "type": "Feature", "properties": { "label": "vineyard", "area_m2": 0.24251333890232171 }, "geometry": { "type": "Polygon", "coordinates": [ [ [ 629110.85011495242361, 5220815.599885046482086 ], [ 629110.995093232137151, 5220815.566098595038056 ], [ 629111.075055743334815, 5220815.599882137030363 ], [ 629111.23179158102721, 5220815.591665817424655 ], [ 629111.28871252713725, 5220815.640324841253459 ], [ 629111.325095137464814, 5220815.774884073063731 ], [ 629111.424885047599673, 5220815.774885047227144 ], [ 629111.376562776975334, 5220815.540519969537854 ], [ 629111.424882486113347, 5220815.449937188066542 ], [ 629111.424882849911228, 5220815.375070217065513 ], [ 629111.282287914771587, 5220815.148075762204826 ], [ 629111.299884074134752, 5220815.025095137767494 ], [ 629111.150114952470176, 5220814.975114952772856 ], [ 629111.133146961219609, 5220815.155557024292648 ], [ 629111.025114952470176, 5220815.200114953331649 ], [ 629110.980557023314759, 5220815.308146961964667 ], [ 629110.900114952470176, 5220815.325114953331649 ], [ 629110.850118194473907, 5220815.450048957951367 ], [ 629110.85011495242361, 5220815.599885046482086 ] ] ] } },
{ "type": "Feature", "properties": { "label": "vineyard", "area_m2": 0.34821059878464922 }, "geometry": { "type": "Polygon", "coordinates": [ [ [ 629108.425000000046566, 5220816.272054241970181 ], [ 629108.671961358282715, 5220816.219784007407725 ], [ 629108.80792476143688, 5220816.367186142131686 ], [ 629108.725167982047424, 5220816.475138422101736 ], [ 629108.725159026449546, 5220816.574840973131359 ], [ 629108.849896535277367, 5220816.574836051091552 ], [ 629108.974837247282267, 5220816.474910567514598 ], [ 629109.024816585471854, 5220816.299946875311434 ], [ 629109.02497591287829, 5220816.176964555867016 ], [ 629108.974073091405444, 5220816.039755471982062 ], [ 629108.950235415017232, 5220815.729356463998556 ], [ 629109.0705273183994, 5220815.466640879400074 ], [ 629109.149840973550454, 5220815.449840973131359 ], [ 629109.149840973550454, 5220815.375159027054906 ], [ 629109.075159026542678, 5220815.375159027054906 ], [ 629109.07289785949979, 5220815.45410677511245 ], [ 629108.93679674831219, 5220815.722163322381675 ], [ 629108.827471726224758, 5220815.720338824205101 ], [ 629108.724851584993303, 5220815.575160072185099 ], [ 629108.675148599199019, 5220815.575163359753788 ], [ 629108.425157077726908, 5220816.200057938694954 ], [ 629108.425000000046566, 5220816.272054241970181 ] ] ] } },
{ "type": "Feature", "properties": { "label": "vineyard", "area_m2": 0.25311405255119601 }, "geometry": { "type": "Polygon", "coordinates": [ [ [ 629135.5, 5220816.072054240852594 ], [ 629135.824503581272438, 5220816.224663653410971 ], [ 629135.949876368977129, 5220816.249840393662453 ], [ 629136.074841222143732, 5220815.999948128126562 ], [ 629136.074833664111793, 5220815.925104755908251 ], [ 629136.005079711321741, 5220815.80151679739356 ], [ 629136.14680061256513, 5220815.65674121491611 ], [ 629136.224840973503888, 5220815.649840973317623 ], [ 629136.224840973503888, 5220815.550159026868641 ], [ 629136.150159026496112, 5220815.550159026868641 ], [ 629136.143257631221786, 5220815.655654355883598 ], [ 629135.988816256751306, 5220815.791295847855508 ], [ 629135.839932639733888, 5220815.730377013795078 ], [ 629135.849840973503888, 5220815.525159027427435 ], [ 629135.72508638468571, 5220815.525170697830617 ], [ 629135.5, 5220816.072054240852594 ] ] ] } },
{ "type": "Feature", "properties": { "label": "vineyard", "area_m2": 0.3516574508226768 }, "geometry": { "type": "Polygon", "coordinates": [ [ [ 629143.625165112316608, 5220816.125079986639321 ], [ 629143.650151874287985, 5220816.299852817319334 ], [ 629143.999855864560232, 5220816.424837476573884 ], [ 629144.099483659490943, 5220816.252045784145594 ], [ 629144.17484374390915, 5220816.199872144497931 ], [ 629144.224471162538975, 5220816.07597731705755 ], [ 629144.224593979422934, 5220815.8241799576208 ], [ 629143.974876368883997, 5220815.300159606151283 ], [ 629143.925170704256743, 5220815.325086390599608 ], [ 629143.925165464403108, 5220815.399869218468666 ], [ 629144.034777187742293, 5220815.607179660350084 ], [ 629143.877124076476321, 5220815.745085726492107 ], [ 629143.800159026519395, 5220815.750159027054906 ], [ 629143.79736161720939, 5220815.852539022453129 ], [ 629143.625165112316608, 5220816.125079986639321 ] ] ] } },
{ "type": "Feature", "properties": { "label": "vineyard", "area_m2": 0.19198985024788276 }, "geometry": { "type": "Polygon", "coordinates": [ [ [ 629116.425117513979785, 5220814.450062812305987 ], [ 629116.425117513979785, 5220814.699937188997865 ], [ 629116.531160659505986, 5220814.844029793515801 ], [ 629116.525117513956502, 5220814.999937187880278 ], [ 629116.659980919910595, 5220815.067313616164029 ], [ 629116.700114952516742, 5220815.299885046668351 ], [ 629116.788904835586436, 5220815.354218669235706 ], [ 629116.800117513979785, 5220815.474937187507749 ], [ 629116.89988504757639, 5220815.499885046854615 ], [ 629116.899881805409677, 5220815.400048958137631 ], [ 629116.804640929331072, 5220815.283407477661967 ], [ 629116.799884074134752, 5220815.150095137767494 ], [ 629116.722203036071733, 5220815.066998215392232 ], [ 629116.700000000069849, 5220814.765978140756488 ], [ 629116.724881805363111, 5220814.575048957951367 ], [ 629116.624937188229524, 5220814.400117515586317 ], [ 629116.475062811747193, 5220814.400117515586317 ], [ 629116.425117513979785, 5220814.450062812305987 ] ] ] } },
{ "type": "Feature", "properties": { "label": "vineyard", "area_m2": 0.31855762272853216 }, "geometry": { "type": "Polygon", "coordinates": [ [ [ 629138.275114952470176, 5220815.999885046854615 ], [ 629138.525048958370462, 5220816.099881804548204 ], [ 629138.599885047529824, 5220816.099885046482086 ], [ 629138.699881805572659, 5220815.899951042607427 ], [ 629138.711095164529979, 5220815.754218669608235 ], [ 629138.799885047599673, 5220815.69988504704088 ], [ 629138.799883233266883, 5220815.500078021548688 ], [ 629138.649937188252807, 5220815.275117515586317 ], [ 629138.500071076443419, 5220815.300106370821595 ], [ 629138.300117513979785, 5220815.500062812119722 ], [ 629138.275114952470176, 5220815.999885046854615 ] ] ] } },
{ "type": "Feature", "properties": { "label": "vineyard", "area_m2": 0.33417248032827818 }, "geometry": { "type": "Polygon", "coordinates": [ [ [ 629141.400000000023283, 5220814.947054241783917 ], [ 629141.449860463268124, 5220814.949839053675532 ], [ 629141.663089375477284, 5220814.813451421447098 ], [ 629141.775136621436104, 5220814.924842657521367 ], [ 629141.849876368883997, 5220814.924840393476188 ], [ 629141.999433464021422, 5220814.37688806001097 ], [ 629142.199829295859672, 5220814.099913609214127 ], [ 629142.199838356231339, 5220814.050150369293988 ], [ 629141.750150382053107, 5220813.950161655433476 ], [ 629141.625165006145835, 5220814.40006984770298 ], [ 629141.645459818304516, 5220814.698199254460633 ], [ 629141.400000000023283, 5220814.947054241783917 ] ] ] } },
{ "type": "Feature", "properties": { "label": "vineyard", "area_m2": 0.67455738693294298 }, "geometry": { "type": "Polygon", "coordinates": [ [ [ 629135.900117513956502, 5220815.050062811002135 ], [ 629135.900117513956502, 5220815.099937187507749 ], [ 629135.950062811840326, 5220815.149882485158741 ], [ 629136.100597432930954, 5220815.206242986023426 ], [ 629136.150095137418248, 5220815.349884072318673 ], [ 629136.224913701997139, 5220815.349883638322353 ], [ 629136.276116717606783, 5220815.285995053127408 ], [ 629136.399904862628318, 5220815.249884072691202 ], [ 629136.463514569681138, 5220814.965775846503675 ], [ 629136.550904887379147, 5220814.832844103686512 ], [ 629136.624885047553107, 5220814.799885046668351 ], [ 629136.651810549548827, 5220814.71833591721952 ], [ 629136.774882486090064, 5220814.624937187880278 ], [ 629136.799883639905602, 5220814.275086299516261 ], [ 629136.737713523674756, 5220814.227093107998371 ], [ 629136.727204722235911, 5220814.145095523446798 ], [ 629136.782948970561847, 5220814.03988818731159 ], [ 629136.899882486090064, 5220813.949937188997865 ], [ 629136.89988504757639, 5220813.900114953517914 ], [ 629136.375062811770476, 5220814.000117515213788 ], [ 629136.275115925818682, 5220814.100095137953758 ], [ 629136.166799439815804, 5220814.492956222966313 ], [ 629136.100101200165227, 5220814.550091722980142 ], [ 629136.050118516548537, 5220814.675042404793203 ], [ 629136.174767553224228, 5220814.857985489070415 ], [ 629136.177321139490232, 5220814.935989504680037 ], [ 629136.123044761014171, 5220814.992071783170104 ], [ 629135.900117513956502, 5220815.050062811002135 ] ] ] } },
{ "type": "Feature", "properties": { "label": "vineyard", "area_m2": 0.80921402930547126 }, "geometry": { "type": "Polygon", "coordinates": [ [ [ 629111.150000000023283, 5220814.972054241225123 ], [ 629111.298886582022533, 5220815.024934098124504 ], [ 629111.49905471119564, 5220814.95479816198349 ], [ 629111.675086384755559, 5220815.124829302541912 ], [ 629111.77495182142593, 5220815.124840527772903 ], [ 629111.849915148573928, 5220815.099844926968217 ], [ 629112.074141309247352, 5220814.875628969632089 ], [ 629111.99982931825798, 5220814.425086373463273 ], [ 629111.900689450092614, 5220814.316350918263197 ], [ 629111.900436068419367, 5220814.046395719982684 ], [ 629111.944778946461156, 5220813.948798277415335 ], [ 629112.16018368396908, 5220813.926624599844217 ], [ 629112.274913609609939, 5220813.949829294346273 ], [ 629112.300000000046566, 5220813.852945759892464 ], [ 629112.274876368930563, 5220813.800159606151283 ], [ 629111.941670642700046, 5220813.846826904453337 ], [ 629111.727945770602673, 5220813.825000000186265 ], [ 629111.575124034658074, 5220813.850155057385564 ], [ 629111.450649989536032, 5220814.272884992882609 ], [ 629111.200157875427976, 5220814.575132038444281 ], [ 629111.150000000023283, 5220814.972054241225123 ] ] ] } },
{ "type": "Feature", "properties": { "label": "vineyard", "area_m2": 0.73436737493281246 }, "geometry": { "type": "Polygon", "coordinates": [ [ [ 629138.576101145124994, 5220814.976284323260188 ], [ 629138.700096262153238, 5220815.199884836561978 ], [ 629138.899942678050138, 5220815.199882930144668 ], [ 629138.999882929376327, 5220815.074942679144442 ], [ 629139.029931681463495, 5220814.934963636100292 ], [ 629139.093320346437395, 5220814.826827179640532 ], [ 629139.199912942014635, 5220814.799884386360645 ], [ 629139.266592171508819, 5220814.729640057310462 ], [ 629139.374885719153099, 5220814.724885719828308 ], [ 629139.374882594915107, 5220814.525050493888557 ], [ 629139.296477054129355, 5220814.357698520645499 ], [ 629139.297686938545667, 5220814.288994380272925 ], [ 629139.361369036138058, 5220814.229484604671597 ], [ 629139.549935299204662, 5220814.19989106990397 ], [ 629139.599882085691206, 5220814.074959902092814 ], [ 629139.599884790950455, 5220813.950095330365002 ], [ 629139.432963908067904, 5220813.857311775907874 ], [ 629139.42488571931608, 5220813.725114280357957 ], [ 629139.100057321949862, 5220813.725117069669068 ], [ 629139.000117070623673, 5220813.850057320669293 ], [ 629138.895068318583071, 5220814.440036363899708 ], [ 629138.780207740375772, 5220814.59988437499851 ], [ 629138.650117070763372, 5220814.675057320855558 ], [ 629138.637288830475882, 5220814.75209200847894 ], [ 629138.575115614105016, 5220814.800087057054043 ], [ 629138.576101145124994, 5220814.976284323260188 ] ] ] } }
]
}
